Asset 1,Asset 2,Asset 3,Asset 4,Asset 5,weights_tuple,distance_l1,annualized_return,annualized_volatility,sharpe_zero_rf,required_annual_return,full_history_terminal_wealth,full_history_max_drawdown_pct_peak,full_history_max_drawdown_pct_initial,monthly_var_99_empirical,meets_return_goal_average,rolling_windows,rolling_mean_terminal_wealth,rolling_median_terminal_wealth,rolling_worst_terminal_wealth,rolling_best_terminal_wealth,rolling_target_hit_rate,rolling_drawdown_safe_rate,rolling_worst_drawdown_pct_initial,rolling_best_drawdown_pct_initial,meets_target_goal_99pct,meets_drawdown_goal_99pct,meets_all_goals_99pct
0.3,0.14,0.04,0.23,0.29,"(0.3, 0.14, 0.04, 0.23, 0.29)",0.08000000000000002,0.05490803873116268,0.04816174501995705,1.140075774007153,0.0601580065221875,27485236.407769583,-0.11406858333468739,-0.14853115524584656,0.03544613007955897,0.0,61.0,23021433.00479185,23266777.456460472,20363083.12040798,24558828.076707765,0.6885245901639344,1.0,-0.14968197954264512,-0.06721777789381622,0.0,1.0,0.0
0.3,0.14,0.04,0.24,0.28,"(0.3, 0.14, 0.04, 0.24, 0.28)",0.07999999999999999,0.05479748302949794,0.04792106449687614,1.1434946949701015,0.0601580065221875,27456602.368226405,-0.1132330740930465,-0.14753783318640995,0.035180277751077134,0.0,61.0,23004092.521550786,23235722.32578077,20391418.6758306,24537309.97956492,0.6885245901639344,1.0,-0.14867864916915777,-0.06628516012715134,0.0,1.0,0.0
0.3,0.11,0.06,0.23,0.3,"(0.3, 0.11, 0.06, 0.23, 0.3)",0.03999999999999998,0.05479212755794727,0.04812943307415547,1.1384328478070007,0.0601580065221875,27424876.135581788,-0.11252012783116283,-0.1491415858569257,0.035222278036144104,0.0,61.0,23013678.099162433,23351805.596562903,20619516.827378917,24678170.63285261,0.6885245901639344,1.0,-0.14990915610264988,-0.07342892616028111,0.0,1.0,0.0
0.29,0.14,0.04,0.25,0.28,"(0.29, 0.14, 0.04, 0.25, 0.28)",0.07999999999999999,0.0547597818876584,0.04807829377849642,1.1389709905252576,0.0601580065221875,27446009.449076522,-0.11375635117684679,-0.14842094303684805,0.03535970565223864,0.0,61.0,22995105.539962396,23219026.171912786,20401612.89845535,24531783.35086657,0.6885245901639344,1.0,-0.1495573251315194,-0.0662449843681196,0.0,1.0,0.0
0.3,0.12,0.05,0.23,0.3,"(0.3, 0.12, 0.05, 0.23, 0.3)",0.03999999999999998,0.054717846919805524,0.04767872640910135,1.1476365045975827,0.0601580065221875,27419447.213290118,-0.11122221276749822,-0.14609383414566207,0.03489719234536297,0.0,61.0,23021880.970999192,23256910.85437446,20576707.159107905,24579060.594842136,0.6885245901639344,1.0,-0.14697190067673516,-0.07104940564732833,0.0,1.0,0.0
0.3,0.14,0.04,0.25,0.27,"(0.3, 0.14, 0.04, 0.25, 0.27)",0.07999999999999999,0.054686258870426,0.04769257888174187,1.1466408433485134,0.0601580065221875,27427829.453346208,-0.11239816845253747,-0.1465436684627235,0.034914425422595305,0.0,61.0,22986715.81007981,23218836.01051398,20419713.33594285,24515697.799850136,0.6885245901639344,1.0,-0.14767450830371265,-0.0653563426559257,0.0,1.0,0.0
0.29,0.12,0.05,0.24,0.3,"(0.29, 0.12, 0.05, 0.24, 0.3)",0.04000000000000001,0.054680589689576564,0.04782802684112996,1.143275048147161,0.0601580065221875,27408986.42498304,-0.11174627719813068,-0.14698182171513968,0.03504405201404048,0.0,61.0,23013029.06863008,23253228.287705805,20587042.992822215,24585452.310374703,0.6885245901639344,1.0,-0.14785417351746186,-0.07100326089884941,0.0,1.0,0.0
0.29,0.14,0.04,0.26,0.27,"(0.29, 0.14, 0.04, 0.26, 0.27)",0.1,0.054648242378675604,0.04785693452794182,1.1419085429880302,0.0601580065221875,27417168.64070338,-0.11292230604855336,-0.14742678895650205,0.035093853323756814,0.0,61.0,22977720.645125933,23220011.753817197,20429885.54909911,24510126.34781335,0.6885245901639344,1.0,-0.14855324728471164,-0.06531718070168338,0.0,1.0,0.0
0.28,0.12,0.05,0.25,0.3,"(0.28, 0.12, 0.05, 0.25, 0.3)",0.03999999999999995,0.054643024308953514,0.04798307094520602,1.1387979808827322,0.0601580065221875,27398453.083593473,-0.11227035757122461,-0.14787178358755715,0.035223479915202,0.0,61.0,23004156.79995836,23256318.47123355,20597349.878070224,24591800.63125626,0.6885245901639344,1.0,-0.14873831007979996,-0.07095713275401067,0.0,1.0,0.0
0.3,0.13,0.04,0.23,0.3,"(0.3, 0.13, 0.04, 0.23, 0.3)",0.05999999999999999,0.05463821749809106,0.04733322353750524,1.1543312163135813,0.0601580065221875,27412787.283503853,-0.11043002765933785,-0.14382430617739034,0.03474490160943081,0.0,61.0,23030066.424460307,23279462.985212203,20463294.868420534,24548118.18480135,0.6885245901639344,1.0,-0.14482641036625082,-0.068642790036966,0.0,1.0,0.0
0.28,0.14,0.04,0.27,0.27,"(0.28, 0.14, 0.04, 0.27, 0.27)",0.11999999999999997,0.05460991773401336,0.04802693026549964,1.1370686702673278,0.0601580065221875,27406435.41664239,-0.11344645848869572,-0.1483118631638276,0.035273281224918324,0.0,61.0,22968705.266515974,23233292.50870606,20440028.94553444,24504507.85093424,0.6885245901639344,1.0,-0.14943383252154932,-0.06527803406932225,0.0,1.0,0.0
0.3,0.12,0.05,0.24,0.29,"(0.3, 0.12, 0.05, 0.24, 0.29)",0.04000000000000001,0.054607808582992856,0.04742569478410557,1.1514392953352015,0.0601580065221875,27391009.515333313,-0.11038421865442627,-0.14508667337990055,0.034716465070000126,0.0,61.0,23004778.090080246,23255323.557800326,20605400.167898513,24582205.49925372,0.6885245901639344,1.0,-0.14595633884516213,-0.07011416083793053,0.0,1.0,0.0
0.27,0.12,0.05,0.26,0.3,"(0.27, 0.12, 0.05, 0.26, 0.3)",0.05999999999999997,0.05460515082931239,0.04814380322995285,1.1342093305029874,0.0601580065221875,27387847.27748324,-0.11279445358943574,-0.1487637202080809,0.03540290781636351,0.0,61.0,22995264.186340664,23259369.14074294,20607627.768119767,24598105.524047606,0.6885245901639344,1.0,-0.14962431047253621,-0.07091102102242265,0.0,1.0,0.0
0.29,0.13,0.04,0.24,0.3,"(0.29, 0.13, 0.04, 0.24, 0.3)",0.06000000000000002,0.05460120116303546,0.04747865530265107,1.1500157452855808,0.0601580065221875,27402381.13108931,-0.11095443581991848,-0.14470396838845478,0.03492432951059232,0.0,61.0,23021143.871702023,23267676.976811185,20473597.246722795,24542689.297950182,0.6885245901639344,1.0,-0.14570124760526604,-0.0685996825788524,0.0,1.0,0.0
0.3,0.14,0.04,0.26,0.26,"(0.3, 0.14, 0.04, 0.26, 0.26)",0.1,0.054574366716480194,0.04747646424281805,1.149503603245599,0.0601580065221875,27398918.233777262,-0.11156386670524887,-0.1455486676240195,0.03464857309411347,0.0,61.0,22969302.996947937,23227733.567283172,20447966.880157284,24493991.869153276,0.6885245901639344,1.0,-0.14666956349323296,-0.0644313215117053,0.0,1.0,0.0
0.29,0.12,0.05,0.25,0.29,"(0.29, 0.12, 0.05, 0.25, 0.29)",0.04000000000000001,0.05457023596226773,0.04758220168466295,1.1468623567256497,0.0601580065221875,27380480.663845714,-0.11090914686511999,-0.14597467575166,0.03483965746462464,0.0,61.0,22995917.77270346,23265242.195019722,20615713.923735444,24588551.526524924,0.6885245901639344,1.0,-0.14683867926446534,-0.0700690289148887,0.0,1.0,0.0
0.28,0.13,0.04,0.25,0.3,"(0.28, 0.13, 0.04, 0.25, 0.3)",0.05999999999999996,0.05456387662928153,0.04762989727617927,1.145580396969911,0.0601580065221875,27391902.417199917,-0.11147885972381177,-0.14558559036705374,0.03510375741175384,0.0,61.0,23012201.00979112,23263414.17584878,20483870.858375646,24537213.24367498,0.6885245901639344,1.0,-0.14657793648753875,-0.06855659166881876,0.0,1.0,0.0
0.3,0.13,0.04,0.24,0.29,"(0.3, 0.13, 0.04, 0.24, 0.29)",0.06000000000000002,0.05452819095989647,0.04707780775865874,1.1582567998797146,0.0601580065221875,27384354.6564544,-0.10959215159350644,-0.142825101031363,0.03447904928094898,0.0,61.0,23012793.528785355,23260196.91929723,20491815.876709238,24526666.879136458,0.6885245901639344,1.0,-0.14381798892308545,-0.06770845803479975,0.0,1.0,0.0
0.27,0.13,0.04,0.26,0.3,"(0.27, 0.13, 0.04, 0.26, 0.3)",0.07999999999999999,0.05452624394816041,0.04778689429148688,1.1410292457083602,0.0601580065221875,27381351.22973761,-0.11200329907435347,-0.14646917256294853,0.03528318531291535,0.0,61.0,23003237.860346228,23230447.895646926,20494115.656808734,24531690.055607297,0.6885245901639344,1.0,-0.14745647712795623,-0.06851351710709205,0.0,1.0,0.0
0.29,0.13,0.04,0.25,0.29,"(0.29, 0.13, 0.04, 0.25, 0.29)",0.06000000000000002,0.054490859240988954,0.047230486278892356,1.1537221725650812,0.0601580065221875,27373880.431048788,-0.11011742283983328,-0.14370477648580593,0.03465847718211049,0.0,61.0,23003862.692483827,23232544.439246267,20502096.337278176,24521193.031377114,0.6885245901639344,1.0,-0.14469289211468916,-0.06766636568538534,0.0,1.0,0.0
0.26,0.13,0.04,0.27,0.3,"(0.26, 0.13, 0.04, 0.27, 0.3)",0.1,0.054488303171144725,0.04794958981896517,1.136366408489971,0.0601580065221875,27370727.65717127,-0.11252775357494471,-0.14735471541612596,0.03546261321407686,0.0,61.0,22994254.4450294,23224731.491069213,20504331.595565308,24526119.767630048,0.6885245901639344,1.0,-0.14833686963181675,-0.06847045869426843,0.0,1.0,0.0
0.28,0.13,0.04,0.26,0.29,"(0.28, 0.13, 0.04, 0.26, 0.29)",0.07999999999999999,0.054453219406952025,0.04738895895897025,1.1490697538660444,0.0601580065221875,27363333.786199663,-0.11064270926958797,-0.14458641233268174,0.034837905083272,0.0,61.0,22994911.568996284,23219247.245303195,20512347.960137986,24515672.083480395,0.6885245901639344,1.0,-0.14556964747050447,-0.06762428958421553,0.0,1.0,0.0
0.25,0.13,0.04,0.28,0.3,"(0.25, 0.13, 0.04, 0.28, 0.3)",0.12000000000000002,0.05445005434984518,0.048117926055506514,1.1315960352703944,0.0601580065221875,27360031.78853569,-0.11305222292905404,-0.14824221935678233,0.035642041115238374,0.0,61.0,22985250.785545878,23238016.103332654,20514518.628302455,24520502.413876887,0.6885245901639344,1.0,-0.14921911409481076,-0.06842741623131972,0.0,1.0,0.0
0.3,0.13,0.04,0.25,0.28,"(0.3, 0.13, 0.04, 0.25, 0.28)",0.05999999999999996,0.054417496335221305,0.04683465421033895,1.1619066533688298,0.0601580065221875,27355783.321293842,-0.10875488126901567,-0.14182505316446806,0.03421319695246715,0.0,61.0,22995484.33783482,23213682.042665508,20520295.991335444,24505121.505854223,0.6885245901639344,1.0,-0.1428087576607913,-0.06677791942599602,0.0,1.0,0.0
0.27,0.13,0.04,0.27,0.29,"(0.27, 0.13, 0.04, 0.27, 0.29)",0.1,0.05441527150925518,0.04755316787117564,1.1443038170804811,0.0601580065221875,27352714.810331784,-0.11116801058619996,-0.1454700090161475,0.03501733298443351,0.0,61.0,22985940.179941706,23232562.882053122,20522570.69880473,24510104.069312584,0.6885245901639344,1.0,-0.146448255099505,-0.06758222952964198,0.0,1.0,0.0
0.29,0.13,0.04,0.26,0.28,"(0.29, 0.13, 0.04, 0.26, 0.28)",0.07999999999999999,0.05437984938169582,0.04699461541138863,1.1571506417417656,0.0601580065221875,27345241.25580727,-0.10928101527641465,-0.1427047433551525,0.034392624853628664,0.0,61.0,22986545.251462482,23227028.641798202,20530554.42663405,24499602.81685101,0.6885245901639344,1.0,-0.14368372844514954,-0.0667368399108729,0.0,1.0,0.0
0.26,0.13,0.04,0.28,0.29,"(0.26, 0.13, 0.04, 0.28, 0.29)",0.12000000000000002,0.05437701559950803,0.04772305380262638,1.1394286674193397,0.0601580065221875,27342023.592435136,-0.11169332649316488,-0.14635556697057,0.03519676088559502,0.0,61.0,22976948.54698244,23223439.23799458,20532764.50690842,24507803.588842694,0.6885245901639344,1.0,-0.14732871510105827,-0.06754018532039245,0.0,1.0,0.0
0.28,0.13,0.04,0.27,0.28,"(0.28, 0.13, 0.04, 0.27, 0.28)",0.09999999999999995,0.05434189439676018,0.047160350577805786,1.1522792712727228,0.0601580065221875,27334626.91356341,-0.1098071639074133,-0.1435863945607394,0.03457205275479017,0.0,61.0,22977585.899852898,23218121.90842114,20540783.9532548,24498253.004582442,0.6885245901639344,1.0,-0.14456055191203,-0.06669577633928632,0.0,1.0,0.0
0.25,0.13,0.04,0.29,0.29,"(0.25, 0.13, 0.04, 0.29, 0.29)",0.13999999999999999,0.05433845172946028,0.04789855634784258,1.1344486321226623,0.0601580065221875,27331260.22206398,-0.11221865669404552,-0.14724308662050983,0.03537618878675653,0.0,61.0,22967936.691824246,23203290.39411858,20542929.33819342,24513977.003941342,0.6885245901639344,1.0,-0.14821102756491283,-0.0674981567555726,0.0,1.0,0.0
0.3,0.13,0.04,0.26,0.27,"(0.3, 0.13, 0.04, 0.26, 0.27)",0.07999999999999999,0.05430613408482876,0.046603954825463194,1.1652687907756123,0.0601580065221875,27327073.84483617,-0.10791821697829707,-0.14082416915546234,0.03402992482849331,0.0,61.0,22978138.977635443,23212704.114817988,20548734.99052939,24488606.024986126,0.6885245901639344,1.0,-0.14179872315052688,-0.06585117028119271,0.0,1.0,0.0
0.27,0.13,0.04,0.28,0.28,"(0.27, 0.13, 0.04, 0.28, 0.28)",0.11999999999999997,0.05430363143202288,0.04733179905595904,1.147297007828104,0.0601580065221875,27323940.38350739,-0.11033332686553665,-0.1444700072197676,0.03475148065595168,0.0,61.0,22968606.30462555,23198022.492403295,20550984.52480071,24504467.482235692,0.6885245901639344,1.0,-0.14543922816447727,-0.06665472850772759,0.0,1.0,0.0
0.29,0.13,0.04,0.27,0.27,"(0.29, 0.13, 0.04, 0.27, 0.27)",0.1,0.054268172045971896,0.04677122876212483,1.1602896370753053,0.0601580065221875,27316464.173044372,-0.1084452134218784,-0.1417038755784815,0.034153117223117826,0.0,61.0,22969191.67455041,23192654.19447651,20558971.293116093,24494861.509442464,0.6885245901639344,1.0,-0.14267376317054034,-0.06581110131311996,0.0,1.0,0.0
0.3,0.12,0.04,0.24,0.3,"(0.3, 0.12, 0.04, 0.24, 0.3)",0.04,0.054255173840992876,0.046297980506298436,1.1718691236135437,0.0601580065221875,27311354.984096214,-0.10594015476870955,-0.13809392667704842,0.03420538333004323,0.0,61.0,23021111.764739547,23272136.089182436,20592330.458932422,24515478.784238964,0.6885245901639344,1.0,-0.13894610016234799,-0.06912505877192919,0.0,1.0,0.0
0.29,0.12,0.04,0.25,0.3,"(0.29, 0.12, 0.04, 0.25, 0.3)",0.04,0.05421821123278958,0.046445740282428115,1.1673451839307218,0.0601580065221875,27300999.189941492,-0.10646742603949721,-0.1389701275592612,0.03432857572466775,0.0,61.0,23012237.208481602,23265002.034355152,20602697.52967269,24510057.753974296,0.6885245901639344,1.0,-0.13981719643887547,-0.06908106309936236,0.0,1.0,0.0
0.28,0.12,0.04,0.26,0.3,"(0.28, 0.12, 0.04, 0.26, 0.3)",0.05999999999999996,0.054180940631874286,0.046599424117674024,1.1626954980184998,0.0601580065221875,27290571.11506315,-0.10699471227300295,-0.1398482960711873,0.034451768119292264,0.0,61.0,23003342.31418583,23246702.661839377,20613035.671549343,24504589.637362972,0.6885245901639344,1.0,-0.14069015123717674,-0.06903708427226626,0.0,1.0,0.0
0.3,0.13,0.03,0.24,0.3,"(0.3, 0.13, 0.03, 0.24, 0.3)",0.06000000000000001,0.05417170107635472,0.0460227903838479,1.1770625080431183,0.0601580065221875,27303843.117572844,-0.10514658925197351,-0.13589574398374743,0.0338802976392621,0.0,61.0,23029159.954740502,23293710.51134764,20478353.895709395,24572966.303909563,0.6885245901639344,1.0,-0.1368648853860241,-0.06670638711794218,0.0,1.0,0.0
0.28,0.14,0.03,0.28,0.27,"(0.28, 0.14, 0.03, 0.28, 0.27)",0.13999999999999996,0.054145440700877456,0.046692616010615466,1.1596146313277373,0.0601580065221875,27298022.498975623,-0.10818338389709226,-0.14034984790320984,0.03418647792286017,0.0,61.0,22967743.37727039,23215928.921555817,20455101.799017802,24529527.00437354,0.6885245901639344,1.0,-0.14143464767039568,-0.06334628576841309,0.0,1.0,0.0
0.3,0.12,0.04,0.25,0.29,"(0.3, 0.12, 0.04, 0.25, 0.29)",0.04,0.05414500860504656,0.046039972245493,1.1760434675402522,0.0601580065221875,27282985.297127068,-0.10510051630369255,-0.1370879625796775,0.034024656054680386,0.0,61.0,23003870.383404512,23241262.303469244,20620996.60748632,24494000.60349109,0.6885245901639344,1.0,-0.13793175355242399,-0.06819282836156752,0.0,1.0,0.0
0.29,0.13,0.03,0.25,0.3,"(0.29, 0.13, 0.03, 0.25, 0.3)",0.06000000000000001,0.05413497990995797,0.04616633498027957,1.172607267461935,0.0601580065221875,27293542.097501066,-0.10567420329850985,-0.13676369756856208,0.03400349003388662,0.0,61.0,23020214.82517483,23275093.37959519,20488687.192296788,24567553.59948989,0.6885245901639344,1.0,-0.13772861017424964,-0.06666543890181784,0.0,1.0,0.0
0.3,0.14,0.03,0.27,0.26,"(0.3, 0.14, 0.03, 0.27, 0.26)",0.12000000000000001,0.05410917348092559,0.04614087454775474,1.1726950130718445,0.0601580065221875,27290363.590523418,-0.10629275818727724,-0.13761129001542016,0.03356176979205532,0.0,61.0,22968248.183867704,23218675.63395692,20462950.86325754,24518890.95682342,0.6885245901639344,1.0,-0.13869385307655194,-0.0624983049607041,0.0,1.0,0.0
0.27,0.14,0.03,0.29,0.27,"(0.27, 0.14, 0.03, 0.29, 0.27)",0.15999999999999992,0.05410710429569443,0.046867265510422335,1.1544753829015713,0.0601580065221875,27287323.70309592,-0.10871074785507329,-0.14122516973426918,0.034365905824021686,0.0,61.0,22958685.34001885,23188183.35549188,20465247.238923546,24523877.495558426,0.6885245901639344,1.0,-0.14230596606289245,-0.06330932140273539,0.0,1.0,0.0
0.28,0.13,0.03,0.26,0.3,"(0.28, 0.13, 0.03, 0.26, 0.3)",0.07999999999999997,0.05409795070285228,0.04631586642395978,1.1680219950471817,0.0601580065221875,27283168.790948473,-0.10620183210850975,-0.13763360424073764,0.034126682428511135,0.0,61.0,23011249.414552145,23260761.358764406,20498991.742480114,24562093.68566663,0.6885245901639344,1.0,-0.13859418139046328,-0.06662450748121428,0.0,1.0,0.0
0.29,0.14,0.03,0.28,0.26,"(0.29, 0.14, 0.03, 0.28, 0.26)",0.14,0.05407113808530761,0.046311328957765185,1.1675574703247922,0.0601580065221875,27279741.604413785,-0.10682095612222609,-0.13848273331431837,0.03374119769321683,0.0,61.0,22959222.4445197,23185719.393735815,20473131.864282127,24513290.87877033,0.6885245901639344,1.0,-0.13956155834101078,-0.06246232014470982,0.0,1.0,0.0
0.26,0.14,0.03,0.3,0.27,"(0.26, 0.14, 0.03, 0.3, 0.27)",0.17999999999999994,0.05406845999849064,0.04704759833646112,1.1492289066876442,0.0601580065221875,27276552.94647094,-0.1092381250887049,-0.14210243955674354,0.034545333725183196,0.0,61.0,22949607.161333688,23168367.40852879,20475363.789880555,24518180.968326773,0.6885245901639344,1.0,-0.14317912578171907,-0.06327237216018244,0.0,1.0,0.0
0.3,0.13,0.03,0.25,0.29,"(0.3, 0.13, 0.03, 0.25, 0.29)",0.06000000000000001,0.05406154880177927,0.045762688287166495,1.1813455639348895,0.0601580065221875,27275479.586348597,-0.10430706978763837,-0.13489775088354283,0.033699570363899256,0.0,61.0,23011748.728070974,23252865.688679706,20506847.641895175,24551427.143497996,0.6885245901639344,1.0,-0.13585769380016066,-0.0657751050108458,0.0,1.0,0.0
0.27,0.13,0.03,0.27,0.3,"(0.27, 0.13, 0.03, 0.27, 0.3)",0.09999999999999999,0.05406061350625557,0.04647132692303613,1.1633111659537612,0.0601580065221875,27272723.284918673,-0.10672947538558009,-0.13850546447291245,0.034249874823135656,0.0,61.0,23002263.744610652,23246392.17146889,20509267.49958291,24556586.595993392,0.6885245901639344,1.0,-0.1394615991722482,-0.06658359265033238,0.0,1.0,0.0
0.28,0.14,0.03,0.29,0.26,"(0.28, 0.14, 0.03, 0.29, 0.26)",0.15999999999999992,0.05403279477807743,0.046487566315434894,1.1623063769663793,0.0601580065221875,27269047.622634444,-0.10734916736553302,-0.13935612435225458,0.03392062559437835,0.0,61.0,22950176.542188235,23169725.50018378,20483283.998117168,24507643.781687185,0.6885245901639344,1.0,-0.14043110524499208,-0.06242635055629971,0.0,1.0,0.0
0.29,0.13,0.03,0.26,0.29,"(0.29, 0.13, 0.03, 0.26, 0.29)",0.08000000000000003,0.05402451252303231,0.045913691661061656,1.1766536422696163,0.0601580065221875,27265110.77509317,-0.1048355481504345,-0.13576572167338308,0.03382276275852377,0.0,61.0,23002795.413443137,23238545.780273393,20517159.058614016,24545969.47165439,0.6885245901639344,1.0,-0.1367214890556801,-0.06573517088275424,0.0,1.0,0.0
0.26,0.13,0.03,0.28,0.3,"(0.26, 0.13, 0.03, 0.28, 0.3)",0.12000000000000001,0.05402296837152565,0.046632657180008905,1.1584793069584058,0.0601580065221875,27262205.666980375,-0.10725713283339322,-0.13937927872801675,0.03437580991201871,0.0,61.0,22993257.837131605,23231985.898478173,20519514.417042073,24551032.364275362,0.6885245901639344,1.0,-0.14033086364765093,-0.06654269420375364,0.0,1.0,0.0
0.3,0.14,0.03,0.28,0.25,"(0.3, 0.14, 0.03, 0.28, 0.25)",0.14,0.05399649092479297,0.04593399907491214,1.1755234034104454,0.0601580065221875,27261386.478955083,-0.10545742552785331,-0.13661671964121114,0.03334338458698649,0.0,61.0,22950661.798146255,23170996.912717674,20491135.983535398,24497003.869461946,0.6885245901639344,1.0,-0.13768938940305303,-0.06158014817891601,0.0,1.0,0.0
0.28,0.13,0.03,0.27,0.29,"(0.28, 0.13, 0.03, 0.27, 0.29)",0.09999999999999999,0.0539871682869133,0.046070666056837475,1.1718339001287548,0.0601580065221875,27254669.81850434,-0.10536404071664107,-0.13663564619236213,0.03394595515314829,0.0,61.0,22993821.83992829,23224188.745116606,20527441.657866642,24540464.657754723,0.6885245901639344,1.0,-0.13758713127759367,-0.06569525324363862,0.0,1.0,0.0
0.25,0.13,0.03,0.29,0.3,"(0.25, 0.13, 0.03, 0.29, 0.3)",0.13999999999999996,0.053985015350160204,0.04679979649147726,1.153530985118524,0.0601580065221875,27251616.025266483,-0.10778480415568537,-0.14025504745925238,0.03455523781318022,0.0,61.0,22984231.71393929,23233528.115892284,20529732.4484082,24545431.0245688,0.6885245901639344,1.0,-0.14120197493516942,-0.06650181193643684,0.0,1.0,0.0
0.3,0.13,0.03,0.26,0.28,"(0.3, 0.13, 0.03, 0.26, 0.28)",0.07999999999999997,0.05395072956852798,0.04551515091210982,1.1853356187417095,0.0601580065221875,27246978.23398938,-0.10346815802915432,-0.13389893073039916,0.033518843088536414,0.0,61.0,22994301.55068405,23216292.926480293,20535300.52380382,24529794.11891421,0.6885245901639344,1.0,-0.13484970750864617,-0.06484762307812625,0.0,1.0,0.0
0.27,0.13,0.03,0.28,0.29,"(0.27, 0.13, 0.03, 0.28, 0.29)",0.12000000000000001,0.05394951614477872,0.046233550655223825,1.166891042980777,0.0601580065221875,27244156.804106824,-0.10589254718995778,-0.13750752490755294,0.03406914754777281,0.0,61.0,22984828.029264584,23225620.879766043,20537695.393062804,24534912.735587556,0.6885245901639344,1.0,-0.1384546205976055,-0.06565535188583864,0.0,1.0,0.0
0.29,0.13,0.03,0.27,0.28,"(0.29, 0.13, 0.03, 0.27, 0.28)",0.09999999999999999,0.05391337832579213,0.04567365320525284,1.180404336905366,0.0601580065221875,27236541.86303461,-0.10399750038283584,-0.13476692023266543,0.03364203548316093,0.0,61.0,22985340.084603284,23229210.926890355,20545589.95316886,24524291.59931578,0.6885245901639344,1.0,-0.13571357488479838,-0.0648087007440281,0.0,1.0,0.0
0.26,0.13,0.03,0.29,0.29,"(0.26, 0.13, 0.03, 0.29, 0.29)",0.13999999999999996,0.05391155614812404,0.04640228321702042,1.1618298154852262,0.0601580065221875,27233571.819988865,-0.10642106727415035,-0.13838135827630613,0.03419233994239733,0.0,61.0,22975814.003233157,23242609.301273823,20547920.217725817,24529313.739192173,0.6885245901639344,1.0,-0.13932395713786988,-0.06561546660207895,0.0,1.0,0.0
0.28,0.13,0.03,0.28,0.28,"(0.28, 0.13, 0.03, 0.28, 0.28)",0.11999999999999995,0.05387571920917367,0.0458381061778319,1.1753478426913915,0.0601580065221875,27226033.48854605,-0.10452685637993142,-0.1356368641034369,0.03376522787778545,0.0,61.0,22976358.381787118,23237588.198761955,20555850.494096298,24518742.005303506,0.6885245901639344,1.0,-0.136579289763123,-0.06476979458751757,0.0,1.0,0.0
0.25,0.13,0.03,0.3,0.29,"(0.25, 0.13, 0.03, 0.3, 0.29)",0.15999999999999998,0.05387328834858507,0.04657680018647609,1.1566549898854486,0.0601580065221875,27222914.954800904,-0.10694960067304915,-0.1392571467462273,0.034315532337021844,0.0,61.0,22966779.783658177,23209574.841075975,20558116.085493274,24523667.70285853,0.6885245901639344,1.0,-0.14019514101097547,-0.0655755971854681,0.0,1.0,0.0
0.3,0.13,0.03,0.27,0.27,"(0.3, 0.13, 0.03, 0.27, 0.27)",0.09999999999999999,0.053839243834087114,0.04528038432441692,1.1890191445450018,0.0601580065221875,27218339.62422654,-0.10262985426851379,-0.13289929009063253,0.03333811581317357,0.0,61.0,22976818.548843887,23229550.976348784,20563712.320007313,24508067.560500156,0.6885245901639344,1.0,-0.13384093307025544,-0.06392393730969376,0.0,1.0,0.0
0.27,0.13,0.03,0.29,0.28,"(0.27, 0.13, 0.03, 0.29, 0.28)",0.1399999999999999,0.05383775227016607,0.046008446019416865,1.1701710648398127,0.0601580065221875,27215453.19856706,-0.10505622572423423,-0.13650876280420748,0.033888420272409965,0.0,61.0,22967356.463973626,23213241.470116913,20566082.10008247,24513145.370899733,0.6885245901639344,1.0,-0.13744685226942888,-0.06473090439909158,0.0,1.0,0.0
0.29,0.13,0.03,0.28,0.27,"(0.29, 0.13, 0.03, 0.28, 0.27)",0.12000000000000001,0.05380157777578076,0.045446419342027,1.1838463525778202,0.0601580065221875,27207835.92591847,-0.10316006028749058,-0.13376729981593208,0.033461308207798086,0.0,61.0,22967848.9648044,23216805.209354136,20573979.65462847,24502520.31318475,0.6885245901639344,1.0,-0.13470487422309424,-0.06388602446283441,0.0,1.0,0.0
0.26,0.13,0.03,0.3,0.28,"(0.26, 0.13, 0.03, 0.3, 0.28)",0.15999999999999992,0.053799477560403375,0.04618460759352533,1.1648789578098653,0.0601580065221875,27204801.081702888,-0.10558560811960416,-0.13738261678673244,0.03401161266703448,0.0,61.0,22958334.352943946,23180249.16977936,20576284.72473787,24507501.73037724,0.6885245901639344,1.0,-0.13831626251996268,-0.06469202996963304,0.0,1.0,0.0
0.28,0.13,0.03,0.29,0.27,"(0.28, 0.13, 0.03, 0.29, 0.27)",0.1399999999999999,0.05376360392723201,0.04561838010879767,1.1785513601975424,0.0601580065221875,27197260.366524428,-0.10369027938994269,-0.13463726454667518,0.03358450060242261,0.0,61.0,22958859.16616283,23183852.428131443,20584218.02993206,24496926.059390675,0.6885245901639344,1.0,-0.13557066341123378,-0.06384812747737455,0.0,1.0,0.0
0.3,0.13,0.03,0.28,0.26,"(0.3, 0.13, 0.03, 0.28, 0.26)",0.12000000000000001,0.053727092055400494,0.045058588141581535,1.1923829456569097,0.0601580065221875,27189564.32222542,-0.1017921587971552,-0.1318988355403288,0.03315738853781072,0.0,61.0,22959299.848505806,23187352.922809258,20592082.809241485,24486247.799126543,0.6885245901639344,1.0,-0.1328313770530257,-0.06300404364484631,0.0,1.0,0.0
0.3,0.13,0.05,0.25,0.27,"(0.3, 0.13, 0.05, 0.25, 0.27)",0.05999999999999997,0.05476736006981908,0.04800650546833459,1.1408320504799916,0.0601580065221875,27434848.38752778,-0.11318631966485182,-0.14883426130036098,0.03503414792604347,0.0,61.0,22978919.44472764,23258325.127614226,20533160.651585966,24578063.02489686,0.6721311475409836,1.0,-0.1498401276671158,-0.06777520001913628,0.0,1.0,0.0
0.29,0.14,0.04,0.27,0.26,"(0.29, 0.14, 0.04, 0.27, 0.26)",0.12000000000000002,0.05453603502473192,0.04764796901131268,1.1445615869122117,0.0601580065221875,27388189.763226394,-0.11208886448952804,-0.14643180023426913,0.03482800099527498,0.0,61.0,22960299.682199206,23203848.65681364,20458116.97703566,24488375.7143428,0.6721311475409836,1.0,-0.1475483671139818,-0.06439317105479435,0.0,1.0,0.0
0.28,0.12,0.05,0.26,0.29,"(0.28, 0.12, 0.05, 0.26, 0.29)",0.05999999999999997,0.05453235527478739,0.047744434805112757,1.1421719724483521,0.0601580065221875,27369879.401647404,-0.11143409045730812,-0.14686465305594582,0.03496284985924916,0.0,61.0,22987037.11064787,23268289.007604726,20625998.659684446,24594854.132004257,0.6721311475409836,1.0,-0.1477228839292404,-0.07002391330597985,0.0,1.0,0.0
0.3,0.12,0.05,0.25,0.28,"(0.3, 0.12, 0.05, 0.25, 0.28)",0.03999999999999995,0.05449710186111267,0.047184860053277065,1.154970085734688,0.0601580065221875,27362432.961300697,-0.10954683075363869,-0.1440786606087194,0.03453573779463729,0.0,61.0,22987638.629128397,23274116.066491492,20634052.034593616,24585244.446838398,0.6721311475409836,1.0,-0.14493995919898586,-0.06918269171336625,0.0,1.0,0.0
0.27,0.12,0.05,0.27,0.29,"(0.27, 0.12, 0.05, 0.27, 0.29)",0.07999999999999999,0.05449416657206507,0.04791233597784917,1.1373723584936208,0.0601580065221875,27359205.8176224,-0.11195904913374277,-0.14775660573227165,0.03513705548788167,0.0,61.0,22978136.125271276,23266656.733231172,20633998.12744909,24601113.282482795,0.6721311475409836,1.0,-0.14860895294231466,-0.06997881381893199,0.0,1.0,0.0
0.3,0.15,0.03,0.26,0.26,"(0.3, 0.15, 0.03, 0.26, 0.26)",0.11999999999999998,0.05448792237342892,0.047268139415057114,1.1527410016073527,0.0601580065221875,27390675.944452282,-0.11077814092830807,-0.14329268447016116,0.03452885059066531,0.0,61.0,22976914.218788687,23193141.832441565,20334268.40973588,24551029.517236803,0.6721311475409836,1.0,-0.1445340499261506,-0.06247962155590165,0.0,1.0,0.0
0.27,0.15,0.03,0.28,0.27,"(0.27, 0.15, 0.03, 0.28, 0.27)",0.15999999999999998,0.054485552874505405,0.047983142780298,1.135514468570352,0.0601580065221875,27387546.74126053,-0.11318579678399221,-0.14691003003843914,0.03533298662263167,0.0,61.0,22967239.03108212,23206615.408295583,20336516.91085285,24555965.183256846,0.6721311475409836,1.0,-0.14815129919103823,-0.06354595326575223,0.0,1.0,0.0
0.3,0.14,0.04,0.27,0.25,"(0.3, 0.14, 0.04, 0.27, 0.25)",0.12000000000000002,0.05446180702963388,0.047272890247360526,1.1520727153481958,0.0601580065221875,27369869.28160506,-0.11073016914271738,-0.14455283722932574,0.03438272076563163,0.0,61.0,22951854.208415892,23175196.77869918,20476179.08805227,24483916.399361152,0.6721311475409836,1.0,-0.14566382129392855,-0.0635100926750176,0.0,1.0,0.0
0.29,0.12,0.05,0.26,0.28,"(0.29, 0.12, 0.05, 0.26, 0.28)",0.05999999999999997,0.05445921399942755,0.04734860717629442,1.1501756281163247,0.0601580065221875,27351836.280019876,-0.11007262241926707,-0.14496667928721382,0.034658930189261805,0.0,61.0,22978769.929751325,23264308.798782494,20644343.604428284,24591544.754849408,0.6721311475409836,1.0,-0.14582236884830643,-0.06913857036836714,0.0,1.0,0.0
0.29,0.15,0.03,0.27,0.26,"(0.29, 0.15, 0.03, 0.27, 0.26)",0.14,0.05444983237384671,0.04743543777640631,1.1478724541450158,0.0601580065221875,27380002.848759547,-0.11130347748738312,-0.14416750920439408,0.03470827849182681,0.0,61.0,22967840.44446208,23201058.267469503,20344385.513353314,24545421.339213643,0.6721311475409836,1.0,-0.14540542051846203,-0.06249259666104987,0.0,1.0,0.0
0.26,0.15,0.03,0.29,0.27,"(0.26, 0.15, 0.03, 0.29, 0.27)",0.17999999999999994,0.05444685362126389,0.0481601784813383,1.1305367907297443,0.0601580065221875,27376724.33017319,-0.11371031690423039,-0.1477906631865228,0.03551241452379318,0.0,61.0,22958112.87314821,23179770.309956275,20346569.928339403,24550260.417827673,0.6721311475409836,1.0,-0.14902810965818683,-0.06355910609608019,0.0,1.0,0.0
0.27,0.14,0.03,0.26,0.3,"(0.27, 0.14, 0.03, 0.26, 0.3)",0.09999999999999999,0.05444198599000494,0.04753633575603234,1.1452709832203731,0.0601580065221875,27373627.033991363,-0.11121444466558372,-0.14420136616226886,0.03516346280946718,0.0,61.0,23011195.426470246,23260263.310459744,20380519.741878886,24589100.442462593,0.6721311475409836,1.0,-0.14531165292057271,-0.06608889050866622,0.0,1.0,0.0
0.28,0.15,0.03,0.28,0.26,"(0.28, 0.15, 0.03, 0.28, 0.26)",0.15999999999999998,0.054411434257618296,0.04760840531473693,1.1428955432954928,0.0601580065221875,27369257.480850805,-0.11182882813551887,-0.14504427378282117,0.03488770639298833,0.0,61.0,22958746.537003208,23183468.444241405,20354473.91222025,24539766.06215893,0.6721311475409836,1.0,-0.1462786258218483,-0.06250575636350943,0.0,1.0,0.0
0.25,0.15,0.03,0.3,0.27,"(0.25, 0.15, 0.03, 0.3, 0.27)",0.19999999999999996,0.054407846323,0.04834272787016859,1.125460823582818,0.0601580065221875,27365829.772701424,-0.1142348507852392,-0.14867323681584269,0.03569184242495469,0.0,61.0,22948966.62588528,23150863.76978727,20356594.17383213,24544508.58894437,0.6721311475409836,1.0,-0.1499067545778203,-0.06357244352371907,0.0,1.0,0.0
0.29,0.14,0.03,0.25,0.29,"(0.29, 0.14, 0.03, 0.25, 0.29)",0.08000000000000003,0.05440613070039135,0.04698644725476179,1.1579111398952946,0.0601580065221875,27366052.398073766,-0.10932800458001635,-0.14146149087662663,0.03453875467866233,0.0,61.0,23011791.57009728,23267723.244269785,20388395.461050343,24578526.01039919,0.6721311475409836,1.0,-0.14257002677422617,-0.06523656246057111,0.0,1.0,0.0
0.26,0.14,0.03,0.27,0.3,"(0.26, 0.14, 0.03, 0.27, 0.3)",0.12000000000000001,0.05440428662231844,0.047694953341691326,1.1406717652612173,0.0601580065221875,27363058.53262214,-0.11173924073429431,-0.1450785909154912,0.03534289071062869,0.0,61.0,23002141.4019383,23258391.124050464,20390702.522268474,24583538.154461894,0.6721311475409836,1.0,-0.1461846101468102,-0.06604889888863431,0.0,1.0,0.0
0.3,0.15,0.03,0.27,0.25,"(0.3, 0.15, 0.03, 0.27, 0.25)",0.14,0.05437537566892314,0.04706313693592127,1.1553708318031974,0.0601580065221875,27361634.11832344,-0.10994456362965055,-0.14230477906654712,0.03426299826218347,0.0,61.0,22959296.002522796,23187063.740643848,20362310.05065005,24529168.724193793,0.6721311475409836,1.0,-0.14353543654823117,-0.061451813953081975,0.0,1.0,0.0
0.27,0.15,0.03,0.29,0.26,"(0.27, 0.15, 0.03, 0.29, 0.26)",0.17999999999999994,0.05437272807665505,0.04778698047041836,1.1378146838617158,0.0601580065221875,27358439.930684816,-0.11235419257752166,-0.1459229786190821,0.035067134294149836,0.0,61.0,22949632.518434174,23150472.712947566,20364533.56054183,24534063.72068888,0.6721311475409836,1.0,-0.14715366591703477,-0.06251910066328012,0.0,1.0,0.0
0.28,0.14,0.03,0.26,0.29,"(0.28, 0.14, 0.03, 0.26, 0.29)",0.09999999999999999,0.05436873237841322,0.04714074969782986,1.1533276990059431,0.0601580065221875,27355560.82844926,-0.10985363227992018,-0.1423348360556631,0.03471818257982384,0.0,61.0,23002769.854254168,23265887.71675011,20398613.721743036,24573013.19930081,0.6721311475409836,1.0,-0.1434393693381132,-0.06519755554492772,0.0,1.0,0.0
0.25,0.14,0.03,0.28,0.3,"(0.25, 0.14, 0.03, 0.28, 0.3)",0.14,0.05436627916239867,0.047859269506720474,1.135961324164475,0.0601580065221875,27352417.72894311,-0.11226405145847618,-0.14595776227504428,0.0355223186117902,0.0,61.0,22993067.191067927,23251959.00586723,20400856.5788295,24577928.677692637,0.6721311475409836,1.0,-0.14705940729034403,-0.06600892313963465,0.0,1.0,0.0
0.29,0.15,0.03,0.28,0.25,"(0.29, 0.15, 0.03, 0.28, 0.25)",0.16000000000000003,0.054336970625838754,0.04723762063663041,1.1502901690120937,0.0601580065221875,27350893.593665358,-0.11047075935736583,-0.1431796158579234,0.03444242616334498,0.0,61.0,22950214.245256357,23154107.433189917,20372405.092672054,24523515.856011987,0.6721311475409836,1.0,-0.14440687179244102,-0.061465165124984254,0.0,1.0,0.0
0.3,0.11,0.05,0.24,0.3,"(0.3, 0.11, 0.05, 0.24, 0.3)",0.020000000000000004,0.05433329805921572,0.04668257959572021,1.1638880826585023,0.0601580065221875,27317641.983238958,-0.10673603276819066,-0.14031851619094052,0.03453046902082436,0.0,61.0,23013046.98728477,23277669.392156858,20705159.559693284,24588767.786583435,0.6721311475409836,1.0,-0.1410500873267688,-0.07151665907035727,0.0,1.0,0.0
0.3,0.14,0.03,0.25,0.28,"(0.3, 0.14, 0.03, 0.25, 0.28)",0.07999999999999997,0.05433253890717493,0.046593058777674966,1.1661080069121441,0.0601580065221875,27347906.69083988,-0.10796524164698895,-0.13959798253174063,0.03409347444901899,0.0,61.0,23003313.939514767,23273299.16291601,20406456.923683107,24562385.153128233,0.6721311475409836,1.0,-0.14070042706996616,-0.06434601957822383,0.0,1.0,0.0
0.27,0.14,0.03,0.27,0.29,"(0.27, 0.14, 0.03, 0.27, 0.29)",0.12000000000000001,0.05433102594484329,0.047300846554975066,1.1486269253489458,0.0601580065221875,27344996.922146533,-0.11037927466835196,-0.14321012757629592,0.03489761048098535,0.0,61.0,22993727.930491064,23256146.482949417,20408803.280471865,24567453.199075684,0.6721311475409836,1.0,-0.1443105521182509,-0.06515856460553035,0.0,1.0,0.0
0.29,0.11,0.05,0.25,0.3,"(0.29, 0.11, 0.05, 0.25, 0.3)",0.020000000000000004,0.05429609466592278,0.04683414961069884,1.1593270106802436,0.0601580065221875,27307231.865371283,-0.10726295969369282,-0.1412030149687452,0.03465366141544887,0.0,61.0,23004242.873210024,23279788.782581657,20668205.50056329,24595164.010525037,0.6721311475409836,1.0,-0.14192859146315645,-0.0714696454605814,0.0,1.0,0.0
0.29,0.14,0.03,0.26,0.28,"(0.29, 0.14, 0.03, 0.26, 0.28)",0.09999999999999999,0.054295133520325445,0.046748814191343774,1.1614226897412723,0.0601580065221875,27337419.698570855,-0.10849171642680555,-0.14046939500321198,0.0342729023501805,0.0,61.0,22994304.335254192,23260230.87428054,20416681.97507031,24556874.61470535,0.6721311475409836,1.0,-0.1415679955007018,-0.06430801155616653,0.0,1.0,0.0
0.26,0.14,0.03,0.28,0.29,"(0.26, 0.14, 0.03, 0.28, 0.29)",0.14,0.05429301145124743,0.047466679195579564,1.1438131415838246,0.0601580065221875,27334360.767692186,-0.11090493144949165,-0.14408736587750354,0.03507703838214686,0.0,61.0,22984665.820731856,23220591.00994982,20418964.09102824,24561846.04382635,0.6721311475409836,1.0,-0.1451835752201277,-0.06511958943166274,0.0,1.0,0.0
0.26,0.13,0.04,0.29,0.28,"(0.26, 0.13, 0.04, 0.29, 0.28)",0.13999999999999993,0.054265060539231635,0.04750889899188087,1.1422083376107153,0.0601580065221875,27313181.755148124,-0.11085950385437382,-0.1453555817609688,0.03493090855711319,0.0,61.0,22959606.4874433,23204273.313040387,20561156.094989326,24510638.6334469,0.6721311475409836,1.0,-0.14631975729591545,-0.06661369621307092,0.0,1.0,0.0
0.28,0.11,0.05,0.26,0.3,"(0.28, 0.11, 0.05, 0.26, 0.3)",0.039999999999999966,0.05425858332840039,0.04699156996844017,1.1546450430330544,0.0601580065221875,27296749.47606606,-0.10778990178022185,-0.14208949595923018,0.034776853810073394,0.0,61.0,22995418.364009038,23281866.954439882,20631288.306090895,24601516.843830768,0.6721311475409836,1.0,-0.14280896623335426,-0.0714226487513046,0.0,1.0,0.0
0.28,0.14,0.03,0.27,0.28,"(0.28, 0.14, 0.03, 0.27, 0.28)",0.11999999999999995,0.05425742005410772,0.04691040264833178,1.1566180844972391,0.0601580065221875,27326860.424002398,-0.10901820563229436,-0.1413427539854006,0.034452330251342006,0.0,61.0,22985274.523483824,23224713.51196667,20426878.300208233,24551316.920993578,0.6721311475409836,1.0,-0.14243740454807527,-0.06427001940634909,0.0,1.0,0.0
0.25,0.14,0.03,0.29,0.29,"(0.25, 0.14, 0.03, 0.29, 0.29)",0.15999999999999998,0.05425468894933161,0.04763818771941005,1.1388906998077444,0.0601580065221875,27323652.454177488,-0.11143060232758117,-0.14496655138853667,0.03525646628330837,0.0,61.0,22975583.546943173,23232254.0326328,20429096.107316956,24556191.767906457,0.6721311475409836,1.0,-0.14605843873968286,-0.06508062981299642,0.0,1.0,0.0
0.28,0.13,0.04,0.28,0.27,"(0.28, 0.13, 0.04, 0.28, 0.27)",0.11999999999999997,0.05422990205957601,0.046944252265417194,1.1551979090638533,0.0601580065221875,27305782.367832538,-0.10897222392928996,-0.14258554363642797,0.03430620042630834,0.0,61.0,22960224.128159378,23201335.07238303,20569178.61614811,24501073.706733488,0.6721311475409836,1.0,-0.14355065638872547,-0.06577104797904049,0.0,1.0,0.0
0.3,0.11,0.05,0.25,0.29,"(0.3, 0.11, 0.05, 0.25, 0.29)",0.020000000000000004,0.05422312043605415,0.04642724333800511,1.167916002276779,0.0601580065221875,27289267.39546875,-0.10589627783903999,-0.1393045550600427,0.034349741745461515,0.0,61.0,22995975.254434273,23285339.385579806,20668494.68105261,24591860.286826473,0.6721311475409836,1.0,-0.14002857144862454,-0.0705835222615848,0.0,1.0,0.0
0.3,0.14,0.03,0.26,0.27,"(0.3, 0.14, 0.03, 0.26, 0.27)",0.09999999999999999,0.05422118962795186,0.04636062182262287,1.1695526827790135,0.0601580065221875,27319203.850811128,-0.10712869699068817,-0.138605046494438,0.03382762212053715,0.0,61.0,22985798.939822305,23228733.06185307,20434724.436612897,24540684.82872519,0.6721311475409836,1.0,-0.1396975344801096,-0.06342026072709635,0.0,1.0,0.0
0.27,0.14,0.03,0.28,0.28,"(0.27, 0.14, 0.03, 0.28, 0.28)",0.13999999999999996,0.05421939856008673,0.04707776408513216,1.1516986758767926,0.0601580065221875,27316228.95561637,-0.10954470896766233,-0.14221805992141925,0.03463175815250352,0.0,61.0,22976224.526084367,23223525.622280646,20437045.852861416,24545712.106078643,0.6721311475409836,1.0,-0.14330865432122517,-0.06423204291581383,0.0,1.0,0.0
0.3,0.13,0.04,0.27,0.26,"(0.3, 0.13, 0.04, 0.27, 0.26)",0.1,0.05419410466892738,0.046385895426051774,1.1683315406797186,0.0601580065221875,27298226.79533882,-0.10708215901322937,-0.13982245559296447,0.03384919755313047,0.0,61.0,22960757.57390726,23198296.274626136,20577132.65268541,24491412.40553063,0.6721311475409836,1.0,-0.14078789197279576,-0.0649282066200239,0.0,1.0,0.0
0.29,0.14,0.03,0.27,0.27,"(0.29, 0.14, 0.03, 0.27, 0.27)",0.12000000000000001,0.05418346916219763,0.04652371384251327,1.1646419575533733,0.0601580065221875,27308649.244547583,-0.10765603351039654,-0.13947647363577473,0.03400705002169866,0.0,61.0,22976781.25116503,23215565.83864554,20444927.516198035,24535129.460202303,0.6721311475409836,1.0,-0.14056517051054826,-0.0633832654716033,0.0,1.0,0.0
0.26,0.14,0.03,0.29,0.28,"(0.26, 0.14, 0.03, 0.29, 0.28)",0.15999999999999992,0.05418106908996689,0.047250837158478165,1.1466689766415121,0.0601580065221875,27305525.382458683,-0.11007122613718034,-0.14309531324465863,0.03481118605366503,0.0,61.0,22967154.364979338,23221309.887241907,20447184.586907875,24540060.204297055,0.6721311475409836,1.0,-0.1441817449197438,-0.06419408187200025,0.0,1.0,0.0
0.29,0.13,0.04,0.28,0.26,"(0.29, 0.13, 0.04, 0.28, 0.26)",0.12000000000000002,0.05415582769407923,0.046560506020711406,1.1631279881277323,0.0601580065221875,27287549.751876414,-0.1076100175678888,-0.14070217974761398,0.033972389947754984,0.0,61.0,22951802.08735394,23185531.009997163,20587346.71521549,24497622.31242597,0.6721311475409836,1.0,-0.14166300287407035,-0.06488914589904166,0.0,1.0,0.0
0.27,0.12,0.04,0.27,0.3,"(0.27, 0.12, 0.04, 0.27, 0.3)",0.07999999999999999,0.05414336208950843,0.0467589735998329,1.1579245206037183,0.0601580065221875,27280070.846926387,-0.10752201317214949,-0.14072843268109114,0.034574960513916786,0.0,61.0,22994427.103328317,23239154.87503344,20623344.837722886,24508508.899129387,0.6721311475409836,1.0,-0.14156496468891616,-0.06899312209425452,0.0,1.0,0.0
0.25,0.14,0.03,0.3,0.28,"(0.25, 0.14, 0.03, 0.3, 0.28)",0.17999999999999994,0.05414243169559185,0.04742955934218239,1.1415335172097887,0.0601580065221875,27294749.79413815,-0.11059775684518514,-0.14397451437877035,0.03499061395482654,0.0,61.0,22958064.06213506,23193513.227111656,20457294.456339546,24534361.250235975,0.6721311475409836,1.0,-0.1450566764336574,-0.06415613606274315,0.0,1.0,0.0
0.29,0.12,0.04,0.26,0.29,"(0.29, 0.12, 0.04, 0.26, 0.29)",0.06000000000000002,0.054107730878169225,0.046195162383845294,1.1712856517004258,0.0601580065221875,27272561.719675634,-0.10562865258786514,-0.1379641822556334,0.0341478484493049,0.0,61.0,22994987.510855995,23233595.477665447,20631341.637941178,24498870.5788446,0.6721311475409836,1.0,-0.13880292195595698,-0.06814984452120255,0.0,1.0,0.0
0.26,0.12,0.04,0.28,0.3,"(0.26, 0.12, 0.04, 0.28, 0.3)",0.1,0.054105475657093116,0.04692432889680785,1.1530367493603895,0.0601580065221875,27269498.4735611,-0.10804932843992576,-0.14161053784744462,0.0346981529085413,0.0,61.0,22985491.59742863,23252474.095278006,20633624.98146768,24514775.792587265,0.6721311475409836,1.0,-0.14244163691615128,-0.06894917636930363,0.0,1.0,0.0
0.28,0.12,0.04,0.27,0.29,"(0.28, 0.12, 0.04, 0.27, 0.29)",0.07999999999999999,0.054070145241985834,0.046356259094849556,1.166404414371593,0.0601580065221875,27262066.002992094,-0.10615680327361599,-0.13884237020791468,0.034271040843929415,0.0,61.0,22986084.322096825,23246945.685610496,20641657.66810722,24505178.466248058,0.6721311475409836,1.0,-0.1396759494227109,-0.06810687723010758,0.0,1.0,0.0
0.25,0.12,0.04,0.29,0.3,"(0.25, 0.12, 0.04, 0.29, 0.3)",0.11999999999999997,0.0540672813861689,0.04709542885479057,1.1480367139850165,0.0601580065221875,27258854.083560694,-0.10857665777938674,-0.1424946120189068,0.034821345303165815,0.0,61.0,22976535.8180499,23242329.565280903,20643876.05617281,24520999.38318467,0.6721311475409836,1.0,-0.14332016803131542,-0.06890524690175802,0.0,1.0,0.0
0.3,0.12,0.04,0.26,0.28,"(0.3, 0.12, 0.04, 0.26, 0.28)",0.05999999999999996,0.054034176113278765,0.04579447574217815,1.1799278239910407,0.0601580065221875,27254477.638129175,-0.10426148601790652,-0.13608116227101805,0.03384392877931754,0.0,61.0,22986592.766297895,23241336.315925293,20649621.642670605,24495484.803554337,0.6721311475409836,1.0,-0.13691660434931538,-0.06726438048826593,0.0,1.0,0.0
0.27,0.12,0.04,0.28,0.29,"(0.27, 0.12, 0.04, 0.28, 0.29)",0.1,0.054032251747896165,0.04652320102016548,1.161404429683931,0.0601580065221875,27251498.235062163,-0.10668496806396388,-0.13972252689917386,0.03439423323855394,0.0,61.0,22977160.83860371,23237003.35411,20651944.651231647,24511443.090203956,0.6721311475409836,1.0,-0.1405508360784265,-0.06806392629002096,0.0,1.0,0.0
0.29,0.12,0.04,0.27,0.28,"(0.29, 0.12, 0.04, 0.27, 0.28)",0.07999999999999999,0.05399658341638869,0.045957134197944796,1.1749336497749552,0.0601580065221875,27243986.50934727,-0.10479048698963456,-0.13695740225985212,0.033967121173942065,0.0,61.0,22977701.610603504,23231576.6500246,20659944.524765532,24501790.40480956,0.6721311475409836,1.0,-0.1377878465445944,-0.0672224062130418,0.0,1.0,0.0
0.27,0.14,0.03,0.3,0.26,"(0.27, 0.14, 0.03, 0.3, 0.26)",0.17999999999999994,0.05399414361107602,0.04666952110665471,1.1569465966381403,0.0601580065221875,27258281.734701842,-0.10787739162159049,-0.1402314635611555,0.03410005349553986,0.0,61.0,22941110.4987535,23164296.595360886,20493407.21870136,24501949.70012638,0.6721311475409836,1.0,-0.14130249388582466,-0.062390395978867384,0.0,1.0,0.0
0.26,0.12,0.04,0.29,0.29,"(0.26, 0.12, 0.04, 0.29, 0.29)",0.11999999999999997,0.05399405044743899,0.04669592546841262,1.1562904023384903,0.0601580065221875,27240858.50443453,-0.10721314666199055,-0.14060465278224957,0.03451742563317845,0.0,61.0,22968217.081896868,23227784.234248664,20662202.540676154,24517664.41771998,0.6721311475409836,1.0,-0.14142758203921818,-0.06802099150305468,0.0,1.0,0.0
0.28,0.12,0.04,0.28,0.28,"(0.28, 0.12, 0.04, 0.28, 0.28)",0.09999999999999995,0.053958682893750165,0.04612567728684088,1.1698187661982353,0.0601580065221875,27233423.383476485,-0.10531950180186078,-0.13783561116919169,0.03409031356856658,0.0,61.0,22968790.160508316,23224800.807576742,20670238.33523772,24508052.749112725,0.6721311475409836,1.0,-0.13866094834189013,-0.06718044818602917,0.0,1.0,0.0
0.29,0.14,0.03,0.29,0.25,"(0.29, 0.14, 0.03, 0.29, 0.25)",0.15999999999999998,0.05395814074840799,0.046111835234564476,1.1701581703250468,0.0601580065221875,27250697.34800022,-0.1059864845531765,-0.1374881805885196,0.033475345364734996,0.0,61.0,22941628.041698266,23158674.219427265,20501294.79933815,24491359.202813573,0.6721311475409836,1.0,-0.13855716553850947,-0.061545171462784,0.0,1.0,0.0
0.3,0.1,0.05,0.25,0.3,"(0.3, 0.1, 0.05, 0.25, 0.3)",0.0,0.05394542024064286,0.04573683728066724,1.1794742148348187,0.0601580065221875,27215358.99219587,-0.10346189478316536,-0.1362111089452735,0.03416374569628575,0.0,61.0,23003928.836243384,23292717.05159849,20628356.1876708,24597910.43416182,0.6721311475409836,1.0,-0.13682029586176803,-0.0719776321556177,0.0,1.0,0.0
0.3,0.12,0.04,0.27,0.27,"(0.3, 0.12, 0.04, 0.27, 0.27)",0.07999999999999999,0.053922676824134985,0.04556169324517169,1.1835090617456219,0.0601580065221875,27225832.57152936,-0.10342306420357017,-0.13507353236932557,0.0336632015039547,0.0,61.0,22969279.038596466,23221716.77810606,20678205.34169473,24498344.764781144,0.6721311475409836,1.0,-0.1359006591578279,-0.06633971121066333,0.0,1.0,0.0
0.28,0.14,0.03,0.3,0.25,"(0.28, 0.14, 0.03, 0.3, 0.25)",0.17999999999999994,0.05391948274451552,0.04629542280485332,1.1646828018354969,0.0601580065221875,27239936.365657683,-0.10651555632828624,-0.13836158988534783,0.033654773265896505,0.0,61.0,22932574.144502252,23171847.300020445,20511424.677619934,24485667.585702237,0.6721311475409836,1.0,-0.13942678382092735,-0.061510209644776666,0.0,1.0,0.0
0.29,0.1,0.05,0.26,0.3,"(0.29, 0.1, 0.05, 0.26, 0.3)",0.020000000000000018,0.05390827075277982,0.04589060632645271,1.1747125407167585,0.0601580065221875,27204999.62284259,-0.1037232071162052,-0.13674380805574957,0.03428693809091026,0.0,61.0,22995172.5441041,23291149.526564714,20591547.854661975,24604311.027859528,0.6721311475409836,1.0,-0.13734502575486401,-0.07192975863398943,0.0,1.0,0.0
0.3,0.11,0.04,0.25,0.3,"(0.3, 0.11, 0.04, 0.25, 0.3)",0.019999999999999997,0.05386880012146067,0.045311860571845934,1.1888454687497758,0.0601580065221875,27209442.65323187,-0.10204276326655948,-0.13312538249640085,0.033838660005504624,0.0,61.0,23011873.45665771,23265970.32770758,20721812.492947575,24498781.132614303,0.6721311475409836,1.0,-0.13383582350396406,-0.0696010093597809,0.0,1.0,0.0
0.29,0.11,0.04,0.26,0.3,"(0.29, 0.11, 0.04, 0.26, 0.3)",0.040000000000000015,0.05383189130760324,0.04546189209027975,1.1841102257843132,0.0601580065221875,27199137.29520392,-0.10228510020501047,-0.13362318486117883,0.03396185240012914,0.0,61.0,23003046.93094069,23254908.686420593,20732244.490446676,24505182.164772857,0.6721311475409836,1.0,-0.1343263540739864,-0.06955613447566289,0.0,1.0,0.0
0.28,0.11,0.04,0.27,0.3,"(0.28, 0.11, 0.04, 0.27, 0.3)",0.05999999999999998,0.053794674707144496,0.04561796030807376,1.179243314340461,0.0601580065221875,27188759.938312523,-0.10252760856010157,-0.13412214620143464,0.034085044794753654,0.0,61.0,22994200.03864894,23253096.644177455,20716293.424949463,24511539.998246398,0.6721311475409836,1.0,-0.13481798270706624,-0.06951127673070319,0.0,1.0,0.0
0.3,0.12,0.03,0.25,0.3,"(0.3, 0.12, 0.03, 0.25, 0.3)",0.039999999999999994,0.053786835965208724,0.04499806225861013,1.1953144927905626,0.0601580065221875,27202306.122047544,-0.10118093158511843,-0.1308818194832212,0.03351357431472349,0.0,61.0,23019800.617862873,23286806.946658757,20607355.16352372,24539923.815019228,0.6721311475409836,1.0,-0.13170509147421147,-0.06719745535025559,0.0,1.0,0.0
0.3,0.11,0.04,0.26,0.29,"(0.3, 0.11, 0.04, 0.26, 0.29)",0.040000000000000015,0.05375849724063664,0.045051424687583046,1.1932696382730248,0.0601580065221875,27181136.868854504,-0.10113042385867776,-0.1320205379498992,0.033657932730141775,0.0,61.0,22994663.870720565,23247462.29091635,20750624.141983192,24501799.897267096,0.6721311475409836,1.0,-0.1327229693660765,-0.06867089206958459,0.0,1.0,0.0
0.27,0.11,0.04,0.28,0.3,"(0.27, 0.11, 0.04, 0.28, 0.3)",0.07999999999999999,0.05375715037127571,0.04578000348628933,1.1742495910332436,0.0601580065221875,27178310.669585638,-0.10302552737208215,-0.13495661383900895,0.034208237189378175,0.0,61.0,22985332.801115826,23266450.19237687,20679283.99481662,24517854.59958954,0.6721311475409836,1.0,-0.1356512785859913,-0.06946643593188002,0.0,1.0,0.0
0.29,0.12,0.03,0.26,0.3,"(0.29, 0.12, 0.03, 0.26, 0.3)",0.06000000000000001,0.053750168481048854,0.04514392528735395,1.1906401168908933,0.0601580065221875,27192055.224826247,-0.1014233465594534,-0.13137412371155227,0.033636766709348,0.0,61.0,23010903.72705604,23272518.480890162,20617753.317490898,24534519.04470466,0.6721311475409836,1.0,-0.1321906791804348,-0.06715560846029077,0.0,1.0,0.0
0.27,0.13,0.03,0.3,0.27,"(0.27, 0.13, 0.03, 0.3, 0.27)",0.15999999999999992,0.0537253223400731,0.04579619987275195,1.1731393104526748,0.0601580065221875,27186613.034604177,-0.10422051127975729,-0.13550918473876122,0.03370769299704712,0.0,61.0,22949849.174657363,23171226.896110795,20594427.399501644,24491284.83337346,0.6721311475409836,1.0,-0.13643830075457547,-0.06381024614197905,0.0,1.0,0.0
0.29,0.11,0.04,0.27,0.29,"(0.29, 0.11, 0.04, 0.27, 0.29)",0.06000000000000003,0.05372127357273726,0.04520906968971709,1.1882853140186669,0.0601580065221875,27170764.017826393,-0.10137335705569639,-0.1325176416608925,0.03378112512476629,0.0,61.0,22985828.99591094,23260846.789282016,20716509.297388125,24508155.445399083,0.6721311475409836,1.0,-0.13321286448539296,-0.06862702573721463,0.0,1.0,0.0
0.26,0.11,0.04,0.29,0.3,"(0.26, 0.11, 0.04, 0.29, 0.3)",0.09999999999999995,0.05371931835132826,0.04594795840987116,1.1691339552485438,0.0601580065221875,27167789.576613527,-0.10355571345204362,-0.13583525080177705,0.03433142958400269,0.0,61.0,22976445.239718407,23255418.55625491,20642311.594805937,24524125.935572,0.6721311475409836,1.0,-0.13652420718860128,-0.06942161188652801,0.0,1.0,0.0
0.28,0.12,0.03,0.27,0.3,"(0.28, 0.12, 0.03, 0.27, 0.3)",0.07999999999999997,0.05371319316211465,0.045295895177880685,1.185829156288413,0.0601580065221875,27181732.322083358,-0.10169877423135643,-0.1319101750932307,0.033759959103972524,0.0,61.0,23001986.526594356,23258192.783517405,20628122.563123405,24529067.146731924,0.6721311475409836,1.0,-0.13272569241429016,-0.06711377866005525,0.0,1.0,0.0
0.29,0.13,0.03,0.29,0.26,"(0.29, 0.13, 0.03, 0.29, 0.26)",0.13999999999999996,0.05368911132999843,0.04523218305189383,1.1869670599007385,0.0601580065221875,27178993.529764924,-0.10232322815562289,-0.13276686700244827,0.033280580932435244,0.0,61.0,22950322.17988722,23165579.49904394,20602327.941824954,24480655.94449807,0.6721311475409836,1.0,-0.13369539364128477,-0.0629671379658735,0.0,1.0,0.0
0.28,0.11,0.04,0.28,0.29,"(0.28, 0.11, 0.04, 0.28, 0.29)",0.07999999999999999,0.053683742201480866,0.04537273238778267,1.1831719047172937,0.0601580065221875,27160319.30888428,-0.10165568846750894,-0.1330672530890757,0.033904317519390804,0.0,61.0,22976973.776214384,23249983.063366096,20679498.454053,24514467.767868012,0.6721311475409836,1.0,-0.13376008411865578,-0.06858317625141414,0.0,1.0,0.0
0.3,0.12,0.03,0.26,0.29,"(0.3, 0.12, 0.03, 0.26, 0.29)",0.06000000000000001,0.0536765466295408,0.044735244763797845,1.1998715311149641,0.0601580065221875,27174006.318972778,-0.10026856691172692,-0.1297855291985,0.033332847039360645,0.0,61.0,23002421.553443186,23250236.664657027,20635993.993532635,24518358.476169057,0.6721311475409836,1.0,-0.13059988346246568,-0.06626827975685232,0.0,1.0,0.0
0.27,0.12,0.03,0.28,0.3,"(0.27, 0.12, 0.03, 0.28, 0.3)",0.09999999999999999,0.053675910059553855,0.045453910677474514,1.1808865125031782,0.0601580065221875,27171337.50038813,-0.10222928972136436,-0.1327785865652311,0.03388315149859704,0.0,61.0,22993049.03807276,23254093.830173243,20638462.853475064,24523568.154592108,0.6721311475409836,1.0,-0.1335893872701565,-0.06707196574717801,0.0,1.0,0.0
0.3,0.11,0.04,0.27,0.28,"(0.3, 0.11, 0.04, 0.27, 0.28)",0.05999999999999998,0.053647527931312444,0.044803749207075645,1.1973892560500303,0.0601580065221875,27152693.848156527,-0.10021855405265379,-0.13091455874500507,0.03347720545477893,0.0,61.0,22977418.108185526,23244587.79740952,20716672.89650505,24504713.345300186,0.6721311475409836,1.0,-0.13160901644311307,-0.06774454642349047,0.0,1.0,0.0
0.29,0.12,0.03,0.27,0.29,"(0.29, 0.12, 0.03, 0.27, 0.29)",0.08000000000000003,0.053639564296961595,0.044888759163962635,1.194944242077073,0.0601580065221875,27163687.919705067,-0.10051157750587558,-0.1302771389794747,0.03345603943398516,0.0,61.0,22993516.444612846,23244570.353917014,20646370.145381857,24512908.84163106,0.6721311475409836,1.0,-0.1310848391242075,-0.06622744365663516,0.0,1.0,0.0
0.26,0.12,0.03,0.29,0.3,"(0.26, 0.12, 0.03, 0.29, 0.3)",0.11999999999999995,0.05363831922465434,0.04561790896217214,1.175817139473293,0.0601580065221875,27160870.846872713,-0.10275981859747263,-0.13364895991733214,0.03400634389322156,0.0,61.0,22984091.283129457,23247228.15433712,20648774.14171356,24518022.102027226,0.6721311475409836,1.0,-0.13445493569533692,-0.0670301695196581,0.0,1.0,0.0
0.28,0.12,0.03,0.28,0.29,"(0.28, 0.12, 0.03, 0.28, 0.29)",0.09999999999999999,0.053602274212784184,0.045048363130956184,1.1898828389604672,0.0601580065221875,27153297.65552423,-0.10085922384502888,-0.13090548398677426,0.03357923182860968,0.0,61.0,22984591.048157703,23239243.63229461,20656717.31746872,24507412.1467352,0.6721311475409836,1.0,-0.13171274137646807,-0.06618662434329257,0.0,1.0,0.0
0.25,0.12,0.03,0.3,0.3,"(0.25, 0.12, 0.03, 0.3, 0.3)",0.13999999999999996,0.05360042070884319,0.045787825746383015,1.170626030721219,0.0601580065221875,27150332.44923107,-0.10329036056300556,-0.13452129562117285,0.034129536287846075,0.0,61.0,22975113.28344587,23240203.88415278,20659056.38112071,24512429.02302979,0.6721311475409836,1.0,-0.13532233782503464,-0.0669883897758683,0.0,1.0,0.0
0.3,0.12,0.03,0.27,0.28,"(0.3, 0.12, 0.03, 0.27, 0.28)",0.07999999999999997,0.05356559116004389,0.04448525103733883,1.2041202401012292,0.0601580065221875,27145569.427200258,-0.09935667141311766,-0.12868811598161214,0.0331521197639978,0.0,61.0,22985006.59743967,23233314.45409252,20664591.740013406,24496699.619272348,0.6721311475409836,1.0,-0.12949358681478682,-0.06534289334330211,0.0,1.0,0.0
0.27,0.12,0.03,0.29,0.29,"(0.27, 0.12, 0.03, 0.29, 0.29)",0.11999999999999995,0.05356467642829421,0.045213992176887714,1.1846924779111887,0.0601580065221875,27142835.613518156,-0.1013906044578502,-0.13177391949964748,0.0337024242232342,0.0,61.0,22975645.385672837,23243834.872295324,20667035.462933514,24501868.425206676,0.6721311475409836,1.0,-0.13257651394586367,-0.06614582161259361,0.0,1.0,0.0
0.3,0.09,0.05,0.26,0.3,"(0.3, 0.09, 0.05, 0.26, 0.3)",0.020000000000000018,0.053554219059756214,0.0448446885614827,1.194215430581765,0.0601580065221875,27112606.819809135,-0.10124539006121047,-0.13358264490138388,0.033797022371747136,0.0,61.0,22994526.83795176,23306290.99864348,20551417.54095774,24606488.365808334,0.6721311475409836,1.0,-0.13407171814300367,-0.07243232910709456,0.0,1.0,0.0
0.29,0.12,0.03,0.28,0.28,"(0.29, 0.12, 0.03, 0.28, 0.28)",0.09999999999999999,0.053528294126841125,0.04464645928784595,1.1989370485514192,0.0601580065221875,27135183.756429467,-0.09960027754009326,-0.1291790331374736,0.03327531215862232,0.0,61.0,22976093.303867307,23247362.86569535,20674945.781722147,24491205.240015157,0.6721311475409836,1.0,-0.12997791243889742,-0.06530306574635353,0.0,1.0,0.0
0.26,0.12,0.03,0.3,0.29,"(0.26, 0.12, 0.03, 0.3, 0.29)",0.13999999999999996,0.05352677099491676,0.04538558033847039,1.179378353118592,0.0601580065221875,27132301.881336294,-0.10192199789565015,-0.13264431754488892,0.03382561661785871,0.0,61.0,22966679.478796657,23210844.097237345,20677324.535030752,24496277.71102106,0.6721311475409836,1.0,-0.13344214063161716,-0.06610503526068458,0.0,1.0,0.0
0.28,0.12,0.03,0.29,0.28,"(0.28, 0.12, 0.03, 0.29, 0.28)",0.1199999999999999,0.05349068942536794,0.044813734951713556,1.1936226579418951,0.0601580065221875,27124726.3620028,-0.10002028295340648,-0.12989997537138417,0.03339850455324684,0.0,61.0,22967159.74468222,23214411.719670974,20685270.77233179,24485663.8679938,0.6721311475409836,1.0,-0.13069900616928687,-0.06526325462860118,0.0,1.0,0.0
0.3,0.1,0.04,0.26,0.3,"(0.3, 0.1, 0.04, 0.26, 0.3)",0.02000000000000001,0.05347910192306227,0.04437813852578639,1.205077628300873,0.0601580065221875,27107058.84610098,-0.09860459254992915,-0.1287467568898023,0.03347193668096601,0.0,61.0,23002351.820037965,23253137.865280934,20712865.716775056,24507551.213907674,0.6721311475409836,1.0,-0.12933137908307876,-0.07007064557305827,0.0,1.0,0.0
0.3,0.12,0.03,0.28,0.27,"(0.3, 0.12, 0.03, 0.28, 0.27)",0.09999999999999999,0.05345397001191032,0.04424829843467668,1.2080457758352874,0.0601580065221875,27116996.008079592,-0.09844524548858535,-0.12758958666154205,0.032971392488634954,0.0,61.0,22967555.875265114,23217876.473757338,20693148.180518493,24474947.57402745,0.6721311475409836,1.0,-0.12838620835481626,-0.06442129208823086,0.0,1.0,0.0
0.27,0.12,0.03,0.3,0.28,"(0.27, 0.12, 0.03, 0.3, 0.28)",0.1399999999999999,0.05345277710704832,0.04498701034741582,1.1881824707677824,0.0601580065221875,27114197.331524756,-0.10055252836262552,-0.13076843645387723,0.033521696947871354,0.0,61.0,22958205.941479765,23198499.297167823,20695566.665069778,24480075.53716692,0.6721311475409836,1.0,-0.1315628581247574,-0.06522345978397193,0.0,1.0,0.0
0.29,0.1,0.04,0.27,0.3,"(0.29, 0.1, 0.04, 0.27, 0.3)",0.04000000000000003,0.05344224696912758,0.04453036307379922,1.200130501531256,0.0601580065221875,27096803.998148218,-0.09884842239390212,-0.12924083145940077,0.03359512907559052,0.0,61.0,22993573.357366357,23252637.05018781,20675929.41540307,24513956.53587292,0.6721311475409836,1.0,-0.12981810513475145,-0.07002490047841044,0.0,1.0,0.0
0.29,0.12,0.03,0.29,0.27,"(0.29, 0.12, 0.03, 0.29, 0.27)",0.11999999999999995,0.053416358425938615,0.0444172362189875,1.2026042809728932,0.0601580065221875,27106543.297206264,-0.09868944706130212,-0.12807981302308807,0.03309458488325947,0.0,61.0,22958634.430118408,23199742.074076664,20703480.00415956,24469408.56992233,0.6721311475409836,1.0,-0.12886990595616069,-0.06438247069544677,0.0,1.0,0.0
0.28,0.1,0.04,0.28,0.3,"(0.28, 0.1, 0.04, 0.28, 0.3)",0.05999999999999999,0.05340508443482861,0.044688735026288146,1.195045785104749,0.0601580065221875,27086477.434279025,-0.09909242361216397,-0.12973606891082184,0.033718321470215036,0.0,61.0,22984774.499931872,23247876.191103555,20639029.905274116,24520318.664536733,0.6721311475409836,1.0,-0.13030593276839414,-0.06997917281290392,0.0,1.0,0.0
0.3,0.11,0.03,0.26,0.3,"(0.3, 0.11, 0.03, 0.26, 0.3)",0.04000000000000001,0.05339864526272464,0.044024388017944886,1.2129332778222537,0.0601580065221875,27100295.38502424,-0.09773979765477181,-0.12653710114595024,0.03314685099018488,0.0,61.0,23010158.471524563,23283688.928976364,20736802.15263458,24506379.02165379,0.6721311475409836,1.0,-0.12723230553906079,-0.06768217071601873,0.0,1.0,0.0
0.28,0.12,0.03,0.3,0.27,"(0.28, 0.12, 0.03, 0.3, 0.27)",0.1399999999999999,0.05337843925517549,0.04459221432713761,1.1970349546577872,0.0601580065221875,27096019.004579462,-0.09918195184783729,-0.12889365585914522,0.03321777727788399,0.0,61.0,22949692.741353296,23185277.989586573,20713782.705456804,24463822.640939,0.6721311475409836,1.0,-0.1296844933904575,-0.06434366546939851,0.0,1.0,0.0
0.3,0.1,0.04,0.27,0.29,"(0.3, 0.1, 0.04, 0.27, 0.29)",0.04000000000000003,0.05336866244386784,0.04411547856939596,1.2097491441675317,0.0601580065221875,27078817.91717316,-0.09769132063730068,-0.12763702221818704,0.033291209405603164,0.0,61.0,22985174.30970636,23251200.984611798,20676081.194532674,24510518.05162911,0.6721311475409836,1.0,-0.1282145435359623,-0.06914265284430236,0.0,1.0,0.0
0.27,0.1,0.04,0.29,0.3,"(0.27, 0.1, 0.04, 0.29, 0.3)",0.07999999999999996,0.053367614371286454,0.04485318926576038,1.189828755656083,0.0601580065221875,27076079.241083615,-0.09933659606546674,-0.1302324701704801,0.03384151386483956,0.0,61.0,22975955.2689251,23243623.73401747,20602167.229128227,24526637.566445738,0.6721311475409836,1.0,-0.13079486271244328,-0.06993346238685792,0.0,1.0,0.0
0.29,0.11,0.03,0.27,0.3,"(0.29, 0.11, 0.03, 0.27, 0.3)",0.060000000000000026,0.053362031525389986,0.044172505659059814,1.2080372333246936,0.0601580065221875,27090094.68440492,-0.09798370524778455,-0.1270257035831751,0.03327004338480939,0.0,61.0,23001309.85237721,23269407.103519265,20747265.39853906,24500982.305029392,0.6721311475409836,1.0,-0.1277141134810907,-0.06763943420763666,0.0,1.0,0.0
0.3,0.12,0.03,0.29,0.26,"(0.3, 0.12, 0.03, 0.29, 0.26)",0.11999999999999995,0.05334168363979819,0.04402459752915827,1.211633646496576,0.0601580065221875,27088286.624385845,-0.09753428953700671,-0.12648994808070402,0.03279066521327211,0.0,61.0,22950069.512025967,23179556.026002664,20721663.092764527,24453102.67065864,0.6721311475409836,1.0,-0.12727775491906723,-0.06350347192003993,0.0,1.0,0.0
0.29,0.1,0.04,0.28,0.29,"(0.29, 0.1, 0.04, 0.28, 0.29)",0.060000000000000046,0.05333149289998507,0.04427549771329762,1.2045374000158915,0.0601580065221875,27068495.867101766,-0.09793574777153313,-0.12813040110615226,0.03341440180022768,0.0,61.0,22976387.465087004,23240495.27267176,20639180.39881532,24516877.891860757,0.6721311475409836,1.0,-0.1287006380848804,-0.06909791301706682,0.0,1.0,0.0
0.28,0.11,0.03,0.28,0.3,"(0.28, 0.11, 0.03, 0.28, 0.3)",0.07999999999999999,0.053325110159342826,0.04432684873008333,1.2029979952793857,0.0601580065221875,27079822.260317937,-0.098227784102075,-0.12751545954606952,0.033393235779433914,0.0,61.0,22992440.895325817,23264406.991098046,20757699.573708933,24495538.543265063,0.6721311475409836,1.0,-0.12819701516825996,-0.06759671507949216,0.0,1.0,0.0
0.3,0.11,0.03,0.27,0.29,"(0.3, 0.11, 0.03, 0.27, 0.29)",0.060000000000000026,0.05328821990778154,0.04375903757963725,1.2177648973838169,0.0601580065221875,27072060.26157085,-0.09682649860970283,-0.1254359441385232,0.03296612371482203,0.0,61.0,22992811.85097967,23267545.672416106,20765586.426959086,24484788.249971777,0.6721311475409836,1.0,-0.12612312861529532,-0.06675511305290419,0.0,1.0,0.0
0.27,0.11,0.03,0.29,0.3,"(0.27, 0.11, 0.03, 0.29, 0.3)",0.09999999999999995,0.05328788121566119,0.044487352436109594,1.1978209153307213,0.0601580065221875,27069478.198897913,-0.09847203407890337,-0.12800636995941359,0.03351642817405843,0.0,61.0,22983551.62182198,23259526.414349105,20763777.122695755,24490047.76978873,0.6721311475409836,1.0,-0.12868101132896687,-0.06755401313262123,0.0,1.0,0.0
0.29,0.11,0.03,0.28,0.29,"(0.29, 0.11, 0.03, 0.28, 0.29)",0.08000000000000004,0.053251291585424854,0.04391499832203232,1.2125991943556214,0.0601580065221875,27061792.34863958,-0.09707100285450598,-0.12592385506291087,0.03308931610944654,0.0,61.0,22983954.980793532,23250555.0681276,20776027.54811801,24479346.772810176,0.6721311475409836,1.0,-0.126604308421559,-0.06671338403225607,0.0,1.0,0.0
0.26,0.11,0.03,0.3,0.3,"(0.26, 0.11, 0.03, 0.3, 0.3)",0.11999999999999997,0.05325034474556212,0.04465395034601619,1.1925113978255868,0.0601580065221875,27059062.586839724,-0.09871645503943371,-0.12849843574369016,0.03363962056868295,0.0,61.0,22974642.05336068,23231343.592174698,20726676.606659282,24484510.01827856,0.6721311475409836,1.0,-0.12916610268724296,-0.06751132816841868,0.0,1.0,0.0
0.28,0.11,0.03,0.29,0.29,"(0.28, 0.11, 0.03, 0.29, 0.29)",0.09999999999999995,0.05321405571737081,0.0440771656489731,1.2072930492210672,0.0601580065221875,27051452.852307845,-0.0973156781886545,-0.1264129201783184,0.033212508504071064,0.0,61.0,22975077.794593442,23222411.757387664,20763919.65937585,24473858.31776016,0.6721311475409836,1.0,-0.12708658266413936,-0.06667167209266146,0.0,1.0,0.0
0.3,0.11,0.03,0.28,0.28,"(0.3, 0.11, 0.03, 0.28, 0.28)",0.07999999999999999,0.05317712924056117,0.043506768647747725,1.2222725542112645,0.0601580065221875,27043688.78147691,-0.09591367047389743,-0.12433366847161659,0.03278539643945919,0.0,61.0,22975429.397648834,23213419.583104786,20794329.397905555,24463104.306661174,0.6721311475409836,1.0,-0.12501286822078936,-0.06583183353945364,0.0,1.0,0.0
0.27,0.11,0.03,0.3,0.29,"(0.27, 0.11, 0.03, 0.3, 0.29)",0.11999999999999997,0.05317651235483556,0.04424547131588547,1.2018520940863742,0.0601580065221875,27041041.859226618,-0.09756052447333952,-0.12690314040889675,0.033335700898695586,0.0,61.0,22966180.313831475,23208545.479492415,20726817.884886015,24468322.918483067,0.6721311475409836,1.0,-0.12756995207049532,-0.0666299770332966,0.0,1.0,0.0
0.29,0.11,0.03,0.29,0.28,"(0.29, 0.11, 0.03, 0.29, 0.28)",0.09999999999999995,0.05313988648041623,0.04367061732766706,1.2168338744034657,0.0601580065221875,27033353.885833617,-0.09615877128316674,-0.12482088972456443,0.03290858883408371,0.0,61.0,22966564.30937861,23209755.442492638,20764009.898290828,24457618.188299652,0.6721311475409836,1.0,-0.12549342191539167,-0.06579110972764902,0.0,1.0,0.0
0.28,0.11,0.03,0.3,0.28,"(0.28, 0.11, 0.03, 0.3, 0.28)",0.11999999999999991,0.05310233625774141,0.043840648531760354,1.211257999964837,0.0601580065221875,27022947.547502734,-0.09640404300983574,-0.1253092658366211,0.03303178122870822,0.0,61.0,22957678.92696713,23192334.353215955,20726906.96542846,24452085.1595937,0.6721311475409836,1.0,-0.12597507074001535,-0.06575040269290738,0.0,1.0,0.0
0.3,0.11,0.03,0.29,0.27,"(0.3, 0.11, 0.03, 0.29, 0.27)",0.09999999999999995,0.05306537371397879,0.04326781003439146,1.2264400179209378,0.0601580065221875,27015181.503705837,-0.09500131364635733,-0.12323028100038175,0.032604669164096343,0.0,61.0,22958011.236095004,23185572.609842107,20764047.862849142,24441327.520772137,0.6721311475409836,1.0,-0.12390153119949623,-0.06491232814332967,0.0,1.0,0.0
0.29,0.11,0.03,0.3,0.27,"(0.29, 0.11, 0.03, 0.3, 0.27)",0.11999999999999997,0.05302781666333889,0.04343958421377868,1.2207256957703316,0.0601580065221875,27004779.855803218,-0.09524701093267252,-0.1237168144318505,0.032727861558720865,0.0,61.0,22949137.962582886,23185434.832034092,20726943.871637415,24435796.880913857,0.6721311475409836,1.0,-0.12438146081454886,-0.06487260724893999,0.0,1.0,0.0
0.3,0.1,0.03,0.27,0.3,"(0.3, 0.1, 0.03, 0.27, 0.3)",0.04000000000000002,0.053007134543603174,0.04310522746361572,1.2297147622836573,0.0601580065221875,26997819.442645777,-0.09429165934354833,-0.12217471427475703,0.032780127665646266,0.0,61.0,23000233.852156285,23259549.88747189,20796987.98684915,24472334.602064177,0.6721311475409836,1.0,-0.12274864511460583,-0.06816053704537452,0.0,1.0,0.0
0.29,0.1,0.03,0.28,0.3,"(0.29, 0.1, 0.03, 0.28, 0.3)",0.06000000000000004,0.0529705746157878,0.04325551159170138,1.2245971129827133,0.0601580065221875,26987669.008507427,-0.09453706381194427,-0.12265959552572689,0.03290332006027078,0.0,61.0,22991433.536027864,23253156.5264213,20759924.668853547,24466946.057758555,0.6721311475409836,1.0,-0.1232266604381659,-0.06811691997189365,0.0,1.0,0.0
0.29,0.12,0.02,0.3,0.27,"(0.29, 0.12, 0.02, 0.3, 0.27)",0.13999999999999996,0.052942303089232645,0.043190971849799815,1.2257724432166957,0.0601580065221875,26996878.589400485,-0.09438448354579942,-0.12155470549619778,0.03240277586793973,0.0,61.0,22956351.043206178,23224830.75765641,20717853.837605152,24492872.047027655,0.6721311475409836,1.0,-0.12232411208617294,-0.06246325383551895,0.0,1.0,0.0
0.28,0.1,0.03,0.29,0.3,"(0.28, 0.1, 0.03, 0.29, 0.3)",0.07999999999999995,0.05293370726544966,0.04341213744708375,1.2193296708776897,0.0601580065221875,26977447.134028144,-0.09478263949877375,-0.12314563417789672,0.033026512454895296,0.0,61.0,22982612.854095373,23231882.62192809,20722898.21903208,24461510.551599067,0.6721311475409836,1.0,-0.12370577299840707,-0.06807332056546066,0.0,1.0,0.0
0.3,0.1,0.03,0.28,0.29,"(0.3, 0.1, 0.03, 0.28, 0.29)",0.06000000000000004,0.052896574204908564,0.04283756968743645,1.2348173482031652,0.0601580065221875,26969649.940640934,-0.09337742877746613,-0.12106868075656539,0.03259940039028342,0.0,61.0,22982919.956230015,23235713.94701195,20760004.4376636,24450719.142142873,0.6721311475409836,1.0,-0.12163549598160635,-0.06723560864238544,0.0,1.0,0.0
0.27,0.1,0.03,0.3,0.3,"(0.27, 0.1, 0.03, 0.3, 0.3)",0.09999999999999996,0.05289653254359661,0.04357503664581461,1.2139182572248584,0.0601580065221875,26967153.904907253,-0.09502838626501675,-0.12363283117183815,0.03314970484951981,0.0,61.0,22973771.827666897,23218112.293586895,20685908.68035895,24456028.11694982,0.6721311475409836,1.0,-0.12418598353799763,-0.06802973863049244,0.0,1.0,0.0
0.3,0.12,0.02,0.3,0.26,"(0.3, 0.12, 0.02, 0.3, 0.26)",0.13999999999999996,0.052867213895799514,0.042796381194499876,1.2353197261125883,0.0601580065221875,26978590.659704827,-0.09322680052182564,-0.11997768266740648,0.03209885619795237,0.0,61.0,22947672.01932004,23210368.149678465,20735978.201301042,24476464.00898127,0.6721311475409836,1.0,-0.1207443259513343,-0.061585223984434376,0.0,1.0,0.0
0.29,0.1,0.03,0.29,0.29,"(0.29, 0.1, 0.03, 0.29, 0.29)",0.08,0.052859699954940664,0.04299588604713978,1.2294129698126561,0.0601580065221875,26959432.58450501,-0.09362343092976244,-0.12155287343968162,0.03272259278490793,0.0,61.0,22974111.355995215,23219289.4690508,20722976.848698605,24445285.94146786,0.6721311475409836,1.0,-0.12211288708337956,-0.0671929957509732,0.0,1.0,0.0
0.28,0.1,0.03,0.3,0.29,"(0.28, 0.1, 0.03, 0.3, 0.29)",0.09999999999999996,0.05282251836530527,0.04316052367066694,1.2238618504345185,0.0601580065221875,26949143.927551825,-0.09386960412816847,-0.12203822420604486,0.032845785179532454,0.0,61.0,22965282.411706556,23214734.97777186,20685986.178550895,24439805.84614013,0.6721311475409836,1.0,-0.12259137612872571,-0.06715040023107247,0.0,1.0,0.0
0.3,0.1,0.03,0.29,0.28,"(0.3, 0.1, 0.03, 0.29, 0.28)",0.07999999999999995,0.052785349372221235,0.042583248320118776,1.239580150753375,0.0601580065221875,26941344.813638844,-0.0924636708564639,-0.11996153286993545,0.032418673114920575,0.0,61.0,22965570.285978258,23207655.573290236,20723003.333917256,24429010.857290037,0.6721311475409836,1.0,-0.12052126855317317,-0.06631444732373994,0.0,1.0,0.0
0.3,0.11,0.02,0.29,0.28,"(0.3, 0.11, 0.02, 0.29, 0.28)",0.09999999999999994,0.052701090661373406,0.042301092827813205,1.245856481199988,0.0601580065221875,26933756.72577892,-0.09159812133967604,-0.11783010957724621,0.03209358742413945,0.0,61.0,22972901.87038621,23199795.127766006,20808661.79017471,24486237.26269607,0.6721311475409836,1.0,-0.11849267835729735,-0.06391620444910498,0.0,1.0,0.0
0.29,0.11,0.02,0.3,0.28,"(0.29, 0.11, 0.02, 0.3, 0.28)",0.11999999999999995,0.052664144001112856,0.04246305389320728,1.2402344902832676,0.0601580065221875,26923526.932255253,-0.0918447963161072,-0.1183082206924686,0.03221677981876397,0.0,61.0,22964015.203447532,23217369.793861493,20819111.846424963,24480767.775880337,0.6721311475409836,1.0,-0.11896459366058414,-0.06387761618446683,0.0,1.0,0.0
0.3,0.11,0.02,0.3,0.27,"(0.3, 0.11, 0.02, 0.3, 0.27)",0.11999999999999995,0.05258921763931701,0.04205814300553206,1.2503932385317098,0.0601580065221875,26905323.69675513,-0.09068480927923439,-0.11673045245717549,0.0319128601487766,0.0,61.0,22955348.187162064,23193256.67854981,20837335.462922275,24464375.380157985,0.6721311475409836,1.0,-0.11738505739349624,-0.06299981085333559,0.0,1.0,0.0
0.29,0.1,0.02,0.29,0.3,"(0.29, 0.1, 0.02, 0.29, 0.3)",0.07999999999999999,0.05249326517577346,0.042073814798943,1.247646913564211,0.0601580065221875,26877611.887446254,-0.09021502311403207,-0.11615576205897725,0.03221151104495104,0.0,61.0,22988754.090934627,23206246.9092736,20843527.080036025,24489866.306580655,0.6721311475409836,1.0,-0.1167111862666106,-0.06620600950784919,0.0,1.0,0.0
0.28,0.1,0.02,0.3,0.3,"(0.28, 0.1, 0.02, 0.3, 0.3)",0.09999999999999995,0.052456693494037365,0.04222824739791719,1.2422181058033839,0.0601580065221875,26867494.582138576,-0.09046217600198325,-0.11663267759792155,0.032334703439575556,0.0,61.0,22979911.902897302,23189688.28905356,20806374.65085874,24484447.477559675,0.6721311475409836,1.0,-0.11718165349053343,-0.06616453772376167,0.0,1.0,0.0
0.3,0.1,0.02,0.29,0.29,"(0.3, 0.1, 0.02, 0.29, 0.29)",0.07999999999999999,0.05241885114289446,0.041653569656700785,1.2584479931712618,0.0601580065221875,26859561.773439042,-0.08905285386135375,-0.11457767726375866,0.03190759137496368,0.0,61.0,22980126.487081766,23190816.49702721,20843534.518889125,24473537.86564119,0.6721311475409836,1.0,-0.11513235778283576,-0.06532567447097144,0.0,1.0,0.0
0.28,0.15,0.03,0.27,0.27,"(0.28, 0.15, 0.03, 0.27, 0.27)",0.13999999999999996,0.05452394403067129,0.0478116820148537,1.14038958122687,0.0601580065221875,27398296.915394817,-0.11266129071968334,-0.14603133697181733,0.035153558721470156,0.0,61.0,22976345.077579115,23201102.94954637,20326435.167027127,24561622.850347668,0.6557377049180327,1.0,-0.14727632310885438,-0.0635329850327356,0.0,1.0,0.0
0.28,0.14,0.04,0.28,0.26,"(0.28, 0.14, 0.04, 0.28, 0.26)",0.13999999999999999,0.0544973952642569,0.04782508746569485,1.1395148059760083,0.0601580065221875,27377389.025788777,-0.11261387655947463,-0.14731688715401914,0.035007428896436495,0.0,61.0,22951276.17584632,23182107.91688496,20468238.18677235,24493530.775566477,0.6557377049180327,1.0,-0.14842901748312887,-0.0643550356017196,0.0,1.0,0.0
0.27,0.14,0.04,0.29,0.26,"(0.27, 0.14, 0.04, 0.29, 0.26)",0.15999999999999995,0.054458447487009565,0.048007757473085846,1.1343676595921006,0.0601580065221875,27366516.111888453,-0.11313890261921289,-0.1482039287921335,0.035186856797598004,0.0,61.0,22942232.49965121,23198663.502587065,20478330.463412754,24499649.31133837,0.6557377049180327,1.0,-0.14931151467513046,-0.06431691494188416,0.0,1.0,0.0
0.29,0.14,0.04,0.28,0.25,"(0.29, 0.14, 0.04, 0.28, 0.25)",0.14000000000000004,0.05442316028785377,0.04745156096616128,1.146920336860237,0.0601580065221875,27359073.389587346,-0.1112560267910937,-0.14543598343235503,0.03456214866679315,0.0,61.0,22942842.777328543,23191782.793710973,20486306.961941227,24490075.993020996,0.6557377049180327,1.0,-0.14654269117822538,-0.06347295139529122,0.0,1.0,0.0
0.3,0.1,0.06,0.24,0.3,"(0.3, 0.1, 0.06, 0.24, 0.3)",0.020000000000000004,0.05440607800024044,0.04717391176236172,1.1533085972244725,0.0601580065221875,27322702.67492707,-0.10924574881610605,-0.1451171528153316,0.03485555471160549,0.0,61.0,23004963.9141576,23351020.410664454,20543465.96066866,24687689.042511202,0.6557377049180327,1.0,-0.1457463620771354,-0.07388130409065116,0.0,1.0,0.0
0.26,0.15,0.03,0.3,0.26,"(0.26, 0.15, 0.03, 0.3, 0.26)",0.19999999999999996,0.05433371388300845,0.047971100619466044,1.1326342981791113,0.0601580065221875,27347550.28878352,-0.11287957051826136,-0.14680362411708323,0.035246562195311346,0.0,61.0,22940498.410819866,23156897.758031983,20374564.41263687,24528314.349670324,0.6557377049180327,1.0,-0.14803054087518797,-0.06253262956036151,0.0,1.0,0.0
0.28,0.15,0.03,0.29,0.25,"(0.28, 0.15, 0.03, 0.29, 0.25)",0.17999999999999994,0.054298257550374984,0.047417744514749546,1.1451041821165748,0.0601580065221875,27340080.94162072,-0.11099696861682118,-0.1440563930825173,0.03462185406450649,0.0,61.0,22941112.377231278,23158288.737655867,20382471.359974235,24517815.957414046,0.6557377049180327,1.0,-0.1452801422348788,-0.06147870089419745,0.0,1.0,0.0
0.27,0.15,0.03,0.3,0.25,"(0.27, 0.15, 0.03, 0.3, 0.25)",0.19999999999999996,0.05425923649458175,0.04760344454571359,1.1398174441447533,0.0601580065221875,27329196.252664138,-0.11152319111291742,-0.14493511114836588,0.034801281965668,0.0,61.0,22931990.42046932,23158382.08077733,20392508.806849126,24512069.063249018,0.6557377049180327,1.0,-0.14615524795035584,-0.06149242126072157,0.0,1.0,0.0
0.25,0.13,0.04,0.3,0.28,"(0.25, 0.13, 0.04, 0.3, 0.28)",0.15999999999999995,0.05422618177027316,0.047691587426533746,1.1370177571422968,0.0601580065221875,27302351.118556593,-0.11138569457758385,-0.1462431186032529,0.03511033645827471,0.0,61.0,22950586.470012285,23177707.777862158,20571298.617652632,24516766.425679196,0.6557377049180327,1.0,-0.14720213939013663,-0.06657267925257733,0.0,1.0,0.0
0.27,0.11,0.05,0.27,0.3,"(0.27, 0.11, 0.05, 0.27, 0.3)",0.059999999999999984,0.05422076409795329,0.04715478207706203,1.1498465629497296,0.0601580065221875,27286194.90324542,-0.10831685873002261,-0.14297795962616863,0.03490004620469791,0.0,61.0,22986573.480896372,23283903.895873483,20594408.01896504,24607826.253052473,0.6557377049180327,1.0,-0.14369121176301067,-0.07137566875546322,0.0,1.0,0.0
0.27,0.13,0.04,0.29,0.27,"(0.27, 0.13, 0.04, 0.29, 0.27)",0.13999999999999993,0.05419132417738726,0.04712296200255413,1.149998257207389,0.0601580065221875,27295028.518663812,-0.10949924820415025,-0.14346917376220475,0.034485628327469854,0.0,61.0,22951236.3600824,23179778.760506403,20579356.913316015,24507242.58411967,0.6557377049180327,1.0,-0.1444294029021824,-0.06573101007360571,0.0,1.0,0.0
0.29,0.11,0.05,0.26,0.29,"(0.29, 0.11, 0.05, 0.26, 0.29)",0.04000000000000002,0.05418560191815036,0.04658619374767381,1.1631257580655217,0.0601580065221875,27278789.505272966,-0.10642407047216529,-0.1401890742401226,0.03447293414008603,0.0,61.0,22987162.692763537,23284392.26501573,20631575.918500986,24598210.823659636,0.6557377049180327,1.0,-0.14090714938445287,-0.0705375182187313,0.0,1.0,0.0
0.26,0.11,0.05,0.28,0.3,"(0.26, 0.11, 0.05, 0.28, 0.3)",0.08,0.05418263702602655,0.04732372601208121,1.1449359886031447,0.0601580065221875,27275568.23539606,-0.10884383024540678,-0.1438684064234547,0.03502323859932243,0.0,61.0,22977708.245130718,23285899.59523258,20557564.681623098,24614092.2049584,0.6557377049180327,1.0,-0.1445753281680929,-0.07132870528634223,0.0,1.0,0.0
0.26,0.13,0.04,0.3,0.27,"(0.26, 0.13, 0.04, 0.3, 0.27)",0.15999999999999995,0.054152438451291696,0.04730729353201374,1.1446953399404622,0.0601580065221875,27284202.715563156,-0.11002628595014463,-0.14435476637889383,0.034665056228631363,0.0,61.0,22942228.391982816,23182669.757649392,20589506.138425153,24513368.109077755,0.6557377049180327,1.0,-0.14531000279837805,-0.06569098739185164,0.0,1.0,0.0
0.28,0.11,0.05,0.27,0.29,"(0.28, 0.11, 0.05, 0.27, 0.29)",0.059999999999999984,0.05414777553949213,0.04675097558468896,1.158217018196849,0.0601580065221875,27268239.4854684,-0.1069518777040972,-0.14107557628432849,0.03459612653471055,0.0,61.0,22978329.75745158,23289449.348838948,20594694.071607973,24604517.94278177,0.6557377049180327,1.0,-0.14178759849856234,-0.07049153079042915,0.0,1.0,0.0
0.28,0.13,0.04,0.29,0.26,"(0.28, 0.13, 0.04, 0.29, 0.26)",0.13999999999999993,0.05411724285571462,0.04674083753665217,1.1578150009245811,0.0601580065221875,27276800.71897826,-0.1081378896266666,-0.1415838661547508,0.0340955823423795,0.0,61.0,22942826.379408523,23188457.54507495,20597531.727406718,24503788.906042174,0.6557377049180327,1.0,-0.14253996748648645,-0.06485010049772034,0.0,1.0,0.0
0.3,0.11,0.05,0.26,0.28,"(0.3, 0.11, 0.05, 0.26, 0.28)",0.039999999999999966,0.05411227526097995,0.046184342898356025,1.171658442344237,0.0601580065221875,27260754.690974776,-0.10505713156113528,-0.138289748490602,0.03416901447009867,0.0,61.0,22978867.00109215,23292910.427540015,20631811.38363729,24594846.899456553,0.6557377049180327,1.0,-0.13900624504018844,-0.06965415038299913,0.0,1.0,0.0
0.3,0.13,0.04,0.28,0.25,"(0.3, 0.13, 0.04, 0.28, 0.25)",0.12000000000000002,0.05408140854717125,0.046180655065843436,1.1710836165070218,0.0601580065221875,27269242.742487848,-0.10624670766513855,-0.13881991907538868,0.03366847027776762,0.0,61.0,22943340.25206448,23194163.9599342,20605488.75636445,24494113.349684,0.6557377049180327,1.0,-0.13977627071737994,-0.0640090244114759,0.0,1.0,0.0
0.25,0.12,0.04,0.3,0.29,"(0.25, 0.12, 0.04, 0.3, 0.29)",0.13999999999999999,0.053955541392293194,0.04687436851665615,1.1510670564686296,0.0601580065221875,27230146.90021998,-0.10774133877084835,-0.1414887483001583,0.03464061802780297,0.0,61.0,22959253.073540203,23201238.376551412,20645296.313606124,24523842.416020047,0.6557377049180327,1.0,-0.14230618741156886,-0.06797807267168889,0.0,1.0,0.0
0.27,0.12,0.04,0.29,0.28,"(0.27, 0.12, 0.04, 0.29, 0.28)",0.11999999999999991,0.053920474596900636,0.04630004074454563,1.1645880593151041,0.0601580065221875,27222788.34902066,-0.10584853015769657,-0.13871578945605623,0.0342135059631911,0.0,61.0,22959858.437489834,23198300.669515982,20680503.0274219,24514271.803485315,0.6557377049180327,1.0,-0.13953590986100087,-0.06713850620711595,0.0,1.0,0.0
0.29,0.12,0.04,0.28,0.27,"(0.29, 0.12, 0.04, 0.28, 0.27)",0.1,0.05388476930594854,0.04573185168388638,1.1782765692152115,0.0601580065221875,27215274.124244533,-0.10395292953681046,-0.13594979419340275,0.033786393898579216,0.0,61.0,22960379.63278786,23195262.46766349,20688505.967450947,24504604.819273856,0.6557377049180327,1.0,-0.1367719768123192,-0.066298744220774,0.0,1.0,0.0
0.28,0.1,0.05,0.27,0.3,"(0.28, 0.1, 0.05, 0.27, 0.3)",0.03999999999999998,0.05387081352697476,0.0460503307249319,1.169824682666368,0.0601580065221875,27194568.264797453,-0.10398473023873833,-0.1372778272336229,0.03441013048553478,0.0,61.0,22986395.82836333,23294228.424436074,20554776.23437905,24610668.235813048,0.6557377049180327,1.0,-0.1378710097846457,-0.07188190230601116,0.0,1.0,0.0
0.28,0.12,0.04,0.29,0.27,"(0.28, 0.12, 0.04, 0.29, 0.27)",0.11999999999999991,0.053846554045722694,0.04590786829947298,1.1729264729623887,0.0601580065221875,27204643.822661784,-0.10448280814952615,-0.13682802557971102,0.03390958629320373,0.0,61.0,22951459.954371307,23196035.498276863,20682740.008218307,24510821.590433415,0.6557377049180327,1.0,-0.13764515460495216,-0.06625779317322684,0.0,1.0,0.0
0.3,0.1,0.05,0.26,0.29,"(0.3, 0.1, 0.05, 0.26, 0.29)",0.020000000000000018,0.053835104388733956,0.04547938085757331,1.183725533936534,0.0601580065221875,27187048.47852271,-0.10240689226603461,-0.1348879577554783,0.033983018420922904,0.0,61.0,22986888.531097963,23299996.595892176,20591771.319614828,24600950.566404685,0.6557377049180327,1.0,-0.13548910595842348,-0.07104661490133467,0.0,1.0,0.0
0.27,0.1,0.05,0.28,0.3,"(0.27, 0.1, 0.05, 0.28, 0.3)",0.06,0.05383304861446225,0.046215948730245385,1.1648153958426037,0.0601580065221875,27184065.005542874,-0.10443627337087957,-0.1380640945937644,0.0345333228801593,0.0,61.0,22977598.71009357,23297267.78212216,20518041.36932883,24616982.02456601,0.6557377049180327,1.0,-0.1386539102584881,-0.0718340629879199,0.0,1.0,0.0
0.3,0.12,0.04,0.28,0.26,"(0.3, 0.12, 0.04, 0.28, 0.26)",0.1,0.0538105111955125,0.04534182057399445,1.1867743843169638,0.0601580065221875,27197050.663189437,-0.10258525115234929,-0.13406507950271873,0.03348247422859185,0.0,61.0,22951929.325172834,23201717.95641267,20706747.48193272,24501099.350927897,0.6557377049180327,1.0,-0.13488392459210194,-0.06541881653678439,0.0,1.0,0.0
0.29,0.1,0.05,0.27,0.29,"(0.29, 0.1, 0.05, 0.27, 0.29)",0.040000000000000036,0.05379764004159493,0.04564070266376634,1.1787206791692166,0.0601580065221875,27176621.628283434,-0.1026688962855522,-0.1354197313844214,0.03410621081554742,0.0,61.0,22978123.75872055,23303071.64705749,20554998.267612714,24607305.47497033,0.6557377049180327,1.0,-0.1360129877850792,-0.0709997476840042,0.0,1.0,0.0
0.25,0.11,0.04,0.3,0.3,"(0.25, 0.11, 0.04, 0.3, 0.3)",0.11999999999999997,0.05368117869877187,0.0461217604950283,1.1639013368658908,0.0601580065221875,27157196.747547947,-0.10408591281779533,-0.13671586469304706,0.034454621978627205,0.0,61.0,22967537.375877593,23235299.535220794,20605376.26733653,24530353.973179318,0.6557377049180327,1.0,-0.13739900160541757,-0.06937680440234206,0.0,1.0,0.0
0.28,0.13,0.03,0.3,0.26,"(0.28, 0.13, 0.03, 0.3, 0.26)",0.15999999999999992,0.053650822898146044,0.04541167414071306,1.1814323940558342,0.0601580065221875,27168351.019310698,-0.10285431003768442,-0.13363685410450213,0.03340377332705976,0.0,61.0,22941324.318781905,23178787.296223033,20612544.044303223,24475017.15161782,0.6557377049180327,1.0,-0.1345612587953065,-0.06293024782734964,0.0,1.0,0.0
0.27,0.11,0.04,0.29,0.29,"(0.27, 0.11, 0.04, 0.29, 0.29)",0.09999999999999995,0.053645903178197285,0.045542347905569235,1.1779345081072794,0.0601580065221875,27149802.829574414,-0.10218672678201535,-0.1339439392794615,0.034027509914015326,0.0,61.0,22968098.23296523,23229913.60487149,20642524.64891225,24520736.831457313,0.6557377049180327,1.0,-0.13463122646204506,-0.0685393434172906,0.0,1.0,0.0
0.3,0.13,0.03,0.29,0.25,"(0.3, 0.13, 0.03, 0.29, 0.25)",0.13999999999999996,0.05361427468887103,0.04484995479138688,1.1954142415137348,0.0601580065221875,27160652.894570224,-0.10095507190596442,-0.13089757366527865,0.03297666126244787,0.0,61.0,22941745.575317144,23173090.1807571,20620411.770408247,24464335.166187674,0.6557377049180327,1.0,-0.13182104603419081,-0.0620879379726253,0.0,1.0,0.0
0.29,0.11,0.04,0.28,0.28,"(0.29, 0.11, 0.04, 0.28, 0.28)",0.07999999999999999,0.053609989557464655,0.044969047696411746,1.1921530987133269,0.0601580065221875,27142253.735148344,-0.10046208342107243,-0.13141096563734755,0.03360039784940345,0.0,61.0,22968574.91710128,23224427.30887957,20679660.74006285,24511023.378613137,0.6557377049180327,1.0,-0.13209827813122318,-0.06770168638318032,0.0,1.0,0.0
0.26,0.11,0.04,0.3,0.29,"(0.26, 0.11, 0.04, 0.3, 0.29)",0.11999999999999997,0.05360775655435446,0.045717849987345065,1.1725782504906368,0.0601580065221875,27139214.668003663,-0.1027177781174643,-0.13482260258830028,0.03415070230863985,0.0,61.0,22959202.38754151,23212640.18826987,20605587.92435728,24526962.60316589,0.6557377049180327,1.0,-0.1355042350405252,-0.06849552704031393,0.0,1.0,0.0
0.29,0.13,0.03,0.3,0.25,"(0.29, 0.13, 0.03, 0.3, 0.25)",0.15999999999999998,0.05357597944490511,0.04503112984369479,1.1897542795588274,0.0601580065221875,27150015.242006276,-0.10148700427790391,-0.13176562838115377,0.033099853657072395,0.0,61.0,22932759.85538521,23186054.1270026,20630634.593757913,24458698.82501361,0.6557377049180327,1.0,-0.13268513971925527,-0.06205203712970619,0.0,1.0,0.0
0.28,0.11,0.04,0.29,0.28,"(0.28, 0.11, 0.04, 0.29, 0.28)",0.0999999999999999,0.05357214356365536,0.04514034010426478,1.186790871311888,0.0601580065221875,27131741.90582407,-0.1008166320280004,-0.13205372625417303,0.03372359024402796,0.0,61.0,22959711.40280113,23212947.50597599,20642685.62976212,24517290.1596156,0.6557377049180327,1.0,-0.13273916059317398,-0.06765884289201556,0.0,1.0,0.0
0.3,0.11,0.04,0.28,0.27,"(0.3, 0.11, 0.04, 0.28, 0.27)",0.07999999999999999,0.053535892649631434,0.044569046864063606,1.2011899831045718,0.0601580065221875,27124114.15317302,-0.09930715424809711,-0.12980745176301586,0.03329647817941609,0.0,61.0,22960136.29338096,23210414.51120132,20679770.875840187,24507521.481934622,0.6557377049180327,1.0,-0.13049397160500703,-0.0668219684684618,0.0,1.0,0.0
0.27,0.11,0.04,0.3,0.28,"(0.27, 0.11, 0.04, 0.3, 0.28)",0.11999999999999991,0.05353399000135273,0.04531755846280945,1.1813079039835346,0.0601580065221875,27121158.44824585,-0.10134853583333037,-0.13293043967409432,0.033846782638652484,0.0,61.0,22950827.58662049,23209481.8901532,20605747.60796694,24523513.655320335,0.6557377049180327,1.0,-0.13361038404636397,-0.0676160157532487,0.0,1.0,0.0
0.29,0.11,0.04,0.29,0.27,"(0.29, 0.11, 0.04, 0.29, 0.27)",0.09999999999999995,0.053498039717984724,0.04474203211707774,1.19569981931073,0.0601580065221875,27113607.010061435,-0.0995512797006517,-0.13030316368046133,0.033419670574040605,0.0,61.0,22951284.818728298,23214449.4875886,20642794.560292833,24513785.970149696,0.6557377049180327,1.0,-0.13098260188947536,-0.06678011244786945,0.0,1.0,0.0
0.26,0.1,0.04,0.3,0.3,"(0.26, 0.1, 0.04, 0.3, 0.3)",0.09999999999999998,0.05332983682976189,0.045023659143447775,1.1844847319017362,0.0601580065221875,27065609.505712457,-0.09958093961446768,-0.13073003616044837,0.03396470625946407,0.0,61.0,22967115.68558058,23233343.219919953,20565341.429454435,24532913.208361764,0.6557377049180327,1.0,-0.13128489569093515,-0.06988776901094533,0.0,1.0,0.0
0.29,0.12,0.03,0.3,0.26,"(0.29, 0.12, 0.03, 0.3, 0.26)",0.13999999999999996,0.053303757648969,0.04420129340252824,1.2059320790354997,0.0601580065221875,27077767.105661053,-0.0978102682355333,-0.12701997926671596,0.032913857607896634,0.0,61.0,22941139.948359307,23192798.1305271,20731972.590507638,24447519.161941707,0.6557377049180327,1.0,-0.12780704951132793,-0.06346565441980917,0.0,1.0,0.0
0.28,0.1,0.04,0.29,0.29,"(0.28, 0.1, 0.04, 0.29, 0.29)",0.07999999999999996,0.0532940158588211,0.0444416436735696,1.1991909266514416,0.0601580065221875,27058102.241519123,-0.09818034610750281,-0.12862494354691045,0.033537594194852194,0.0,61.0,22967580.24725336,23230863.20632104,20602316.444960628,24523194.511878487,0.6557377049180327,1.0,-0.1291878349115093,-0.06905319032997431,0.0,1.0,0.0
0.3,0.1,0.04,0.28,0.28,"(0.3, 0.1, 0.04, 0.28, 0.28)",0.05999999999999999,0.053257557360184116,0.043865825405784674,1.2141013389699247,0.0601580065221875,27050440.48722461,-0.09677852006175602,-0.12652615720779098,0.03311048213024032,0.0,61.0,22967960.681618445,23232572.763541423,20639278.870887082,24513379.643997997,0.6557377049180327,1.0,-0.12709661441983075,-0.06821842083056767,0.0,1.0,0.0
0.27,0.1,0.04,0.3,0.29,"(0.27, 0.1, 0.04, 0.3, 0.29)",0.09999999999999998,0.053256231371635376,0.04461384799982794,1.1937152646380282,0.0601580065221875,27047637.127531603,-0.09842511550589472,-0.12912065046623805,0.033660786589476716,0.0,61.0,22958752.67739725,23231431.87011212,20565489.375430055,24529467.87845774,0.6557377049180327,1.0,-0.12967613474333908,-0.0690084845914787,0.0,1.0,0.0
0.3,0.12,0.03,0.3,0.25,"(0.3, 0.12, 0.03, 0.3, 0.25)",0.13999999999999996,0.05322873249783222,0.04381435129698407,1.2148698068592922,0.0601580065221875,27059441.840304628,-0.09662380395684345,-0.12538920709488396,0.03260993793790927,0.0,61.0,22932547.63252328,23199016.243955348,20750136.254635118,24431165.239910834,0.6557377049180327,1.0,-0.12616823335685706,-0.06258942871725622,0.0,1.0,0.0
0.29,0.1,0.04,0.29,0.28,"(0.29, 0.1, 0.04, 0.29, 0.28)",0.07999999999999996,0.05322007337388168,0.044033681185736306,1.2086219444019841,0.0601580065221875,27040051.465105984,-0.09702354439874217,-0.1270188422685305,0.03323367452486484,0.0,61.0,22959165.487543695,23235556.318141885,20602413.738876406,24519693.971800275,0.6557377049180327,1.0,-0.127582079502834,-0.06817468401845689,0.0,1.0,0.0
0.3,0.09,0.04,0.27,0.3,"(0.3, 0.09, 0.04, 0.27, 0.3)",0.04000000000000003,0.05308608483252808,0.04350018862667186,1.2203644744652598,0.0601580065221875,27004212.123324078,-0.09576639103653029,-0.1252275867177606,0.033105213356427396,0.0,61.0,22992547.19155165,23279533.71023163,20635176.068425756,24515758.824634884,0.6557377049180327,1.0,-0.12570651113445974,-0.07053397167158997,0.0,1.0,0.0
0.29,0.09,0.04,0.28,0.3,"(0.29, 0.09, 0.04, 0.28, 0.3)",0.060000000000000046,0.05304928380219098,0.043654502626317794,1.2152076099982732,0.0601580065221875,26994007.855495736,-0.09603098468559312,-0.1257472548167331,0.03322840575105191,0.0,61.0,22983816.82289082,23262284.820554424,20598387.020555332,24522168.296774425,0.6557377049180327,1.0,-0.12621860506585345,-0.07048736536480196,0.0,1.0,0.0
0.28,0.09,0.04,0.29,0.3,"(0.28, 0.09, 0.04, 0.29, 0.3)",0.07999999999999996,0.05301217539785319,0.04381507200543277,1.2099072983671018,0.0601580065221875,26983732.155762877,-0.09631029785738632,-0.12628929287125853,0.033351598145676425,0.0,61.0,22975066.0316283,23251749.008997843,20561634.610396262,24528534.58186732,0.6557377049180327,1.0,-0.1267401607350022,-0.07044077677343082,0.0,1.0,0.0
0.3,0.09,0.04,0.28,0.29,"(0.3, 0.09, 0.04, 0.28, 0.29)",0.060000000000000046,0.052975509795146314,0.04323555011149235,1.2252766452268409,0.0601580065221875,26976036.993006147,-0.09470818632293598,-0.1239044972029645,0.03292448608106455,0.0,61.0,22975402.036156543,23255805.500174318,20598473.915130384,24518673.774746973,0.6557377049180327,1.0,-0.12437642267540759,-0.06960811485785556,0.0,1.0,0.0
0.3,0.11,0.03,0.3,0.26,"(0.3, 0.11, 0.03, 0.3, 0.26)",0.11999999999999997,0.05295295378042053,0.04304238342502342,1.2302514304920074,0.0601580065221875,26986538.9886377,-0.09408942852567004,-0.12212578859340896,0.0324239418887335,0.0,61.0,22940557.490577362,23152139.164861877,20726928.62717482,24419458.221878204,0.6557377049180327,1.0,-0.12278912440822914,-0.06399659278234963,0.0,1.0,0.0
0.28,0.11,0.02,0.29,0.3,"(0.28, 0.11, 0.02, 0.29, 0.3)",0.09999999999999994,0.05284990118172628,0.04312564544573099,1.2254866132550346,0.0601580065221875,26969953.694813006,-0.09391729596235632,-0.12098623337260468,0.03270142676411417,0.0,61.0,22990141.923772182,23244014.661416396,20772149.805865724,24518875.550048206,0.6557377049180327,1.0,-0.1216521285333354,-0.06567915694998143,0.0,1.0,0.0
0.27,0.11,0.02,0.3,0.3,"(0.27, 0.11, 0.02, 0.3, 0.3)",0.11999999999999995,0.05281296811998493,0.04328418759137222,1.2201446084322967,0.0601580065221875,26959714.728334926,-0.09416311901012608,-0.12146800855887516,0.03282461915873869,0.0,61.0,22981230.93395962,23215908.953264948,20782585.99671173,24513401.33998712,0.6557377049180327,1.0,-0.12212746313365425,-0.06563859327516787,0.0,1.0,0.0
0.29,0.11,0.02,0.29,0.29,"(0.29, 0.11, 0.02, 0.29, 0.29)",0.09999999999999999,0.052775667440879026,0.04271152928822635,1.2356304801155156,0.0601580065221875,26951891.741528656,-0.09275798403442481,-0.1194074644179932,0.0323975070941268,0.0,61.0,22981541.642735988,23206923.048824362,20790418.8727991,24502581.66647051,0.6557377049180327,1.0,-0.12007177200428418,-0.06479678603926632,0.0,1.0,0.0
0.3,0.07,0.05,0.28,0.3,"(0.3, 0.07, 0.05, 0.28, 0.3)",0.060000000000000026,0.05276186900928059,0.04323424557783638,1.2203721449074725,0.0601580065221875,26905729.273299713,-0.09681629787606005,-0.12829123517963517,0.033148233521636795,0.0,61.0,22974872.66406406,23341394.56622333,20397150.0406197,24621949.571462195,0.6557377049180327,1.0,-0.12855261904203333,-0.07332291383097114,0.0,1.0,0.0
0.29,0.1,0.03,0.3,0.28,"(0.29, 0.1, 0.03, 0.3, 0.28)",0.09999999999999996,0.05274816094677548,0.04274964408774006,1.2338853824961513,0.0601580065221875,26931060.764159393,-0.09271027060499981,-0.12044503884579738,0.03254186550954509,0.0,61.0,22956753.434266046,23204449.980761457,20686011.631955728,24428624.529240075,0.6557377049180327,1.0,-0.12099803747453396,-0.06627283634311913,0.0,1.0,0.0
0.28,0.11,0.02,0.3,0.29,"(0.28, 0.11, 0.02, 0.3, 0.29)",0.11999999999999995,0.05273872756399234,0.042871771366030556,1.2301504202781754,0.0601580065221875,26941657.343999863,-0.09300423298781357,-0.11988740685192847,0.032520699488751324,0.0,61.0,22972642.809122186,23209485.924360543,20800862.002466697,24497109.808997408,0.6557377049180327,1.0,-0.12054539627279362,-0.06475721101517334,0.0,1.0,0.0
0.3,0.09,0.03,0.28,0.3,"(0.3, 0.09, 0.03, 0.28, 0.3)",0.06000000000000004,0.052612309385792866,0.04224413912054781,1.2454345260926838,0.0601580065221875,26894886.835879028,-0.09095269271808071,-0.11796048160051513,0.03241340434110765,0.0,61.0,22990027.112959966,23265381.902460616,20718545.816824593,24437793.258055173,0.6557377049180327,1.0,-0.11841710015665367,-0.06863255865780657,0.0,1.0,0.0
0.29,0.09,0.03,0.29,0.3,"(0.29, 0.09, 0.03, 0.29, 0.3)",0.08,0.05257580332830769,0.04239647474650008,1.240098466739807,0.0601580065221875,26884786.73424754,-0.0913121872433148,-0.11860280711760351,0.032536596735732164,0.0,61.0,22981275.129665837,23234216.50205055,20681631.080266204,24432413.003738042,0.6557377049180327,1.0,-0.11905314394675609,-0.06858807006969138,0.0,1.0,0.0
0.28,0.09,0.03,0.3,0.3,"(0.28, 0.09, 0.03, 0.3, 0.3)",0.09999999999999996,0.052538990054618706,0.042555265222061024,1.2346061005720634,0.0601580065221875,26874615.47645279,-0.09167176582951686,-0.1192467351908572,0.032659789130356685,0.0,61.0,22972502.75301719,23236836.46111494,20644753.057013236,24437246.461340886,0.6557377049180327,1.0,-0.11969070834503985,-0.06854359943173328,0.0,1.0,0.0
0.3,0.1,0.02,0.28,0.3,"(0.3, 0.1, 0.02, 0.28, 0.3)",0.060000000000000026,0.05252952959309698,0.04192591861207966,1.252913026882665,0.0601580065221875,26887658.030749016,-0.08996804128759472,-0.11567999841539148,0.032088318650326526,0.0,61.0,22997575.942244455,23227977.310541995,20880716.452726003,24495238.134976417,0.6557377049180327,1.0,-0.1162418119042079,-0.06624749919937303,0.0,1.0,0.0
0.3,0.09,0.03,0.29,0.29,"(0.3, 0.09, 0.03, 0.29, 0.29)",0.08,0.0525016150926183,0.0419744463282901,1.2507994669421776,0.0601580065221875,26866783.887462422,-0.0900001716521619,-0.11679621969641352,0.03223267706574481,0.0,61.0,22972746.221488725,23236907.919695675,20681646.17366863,24427304.65472114,0.6557377049180327,1.0,-0.11724644648743131,-0.06770977075741895,0.0,1.0,0.0
0.29,0.1,0.02,0.3,0.29,"(0.29, 0.1, 0.02, 0.3, 0.29)",0.1,0.05238227266970519,0.041809727304749855,1.2528728610902522,0.0601580065221875,26849448.989596084,-0.08930043376398655,-0.11505275938593637,0.03203078376958819,0.0,61.0,22971296.44905192,23182194.07564398,20806381.09731562,24468121.375724666,0.6557377049180327,1.0,-0.11560111513109815,-0.06528518782820014,0.0,1.0,0.0
0.3,0.1,0.02,0.3,0.28,"(0.3, 0.1, 0.02, 0.3, 0.28)",0.09999999999999995,0.05230750930215722,0.041394878880793025,1.2636227165391607,0.0601580065221875,26831330.76637198,-0.08813814038718837,-0.1134742575593423,0.031726864099600835,0.0,61.0,22962641.60091234,23193912.1659249,20806335.277752213,24451744.975276396,0.6557377049180327,1.0,-0.11402184049243336,-0.06440762298957589,0.0,1.0,0.0
0.3,0.07,0.04,0.29,0.3,"(0.3, 0.07, 0.04, 0.29, 0.3)",0.07999999999999999,0.052290116337961434,0.041925399898776396,1.2472180698147028,0.0601580065221875,26797164.19399207,-0.09132240377443701,-0.11993328779134547,0.032580715215024904,0.0,61.0,22972090.389417276,23292948.619808007,20479415.971476633,24530486.202924903,0.6557377049180327,1.0,-0.12019665984028267,-0.07144171298015387,0.0,1.0,0.0
0.29,0.07,0.04,0.3,0.3,"(0.29, 0.07, 0.04, 0.3, 0.3)",0.1,0.05225342333829297,0.04208347194228149,1.2416614154354901,0.0601580065221875,26787061.281063486,-0.09158937179800342,-0.12045028120538613,0.03267807550701808,0.0,61.0,22963456.295503836,23281963.173791256,20442921.97866657,24536903.55487377,0.6557377049180327,1.0,-0.12070567094199608,-0.07139341122999932,0.0,1.0,0.0
0.3,0.07,0.04,0.3,0.29,"(0.3, 0.07, 0.04, 0.3, 0.29)",0.1,0.05217927327965688,0.04165772154773262,1.2525714643290888,0.0601580065221875,26769123.45137337,-0.09026377614920411,-0.11860129410340306,0.03238288959123997,0.0,61.0,22955010.77825116,23256209.2649121,20442880.989017665,24533297.505477663,0.6557377049180327,1.0,-0.11885978134097469,-0.0705201617034417,0.0,1.0,0.0
0.3,0.09,0.02,0.29,0.3,"(0.3, 0.09, 0.02, 0.29, 0.3)",0.07999999999999999,0.05213290418898531,0.041084653224980186,1.2689143048988325,0.0601580065221875,26784648.17079091,-0.0865029050421603,-0.11131642112280284,0.03182046924545339,0.0,61.0,22986967.634102426,23217326.880883925,20801520.290277127,24460297.50733217,0.6557377049180327,1.0,-0.11176823508647436,-0.06672828169805639,0.0,1.0,0.0
0.29,0.09,0.02,0.3,0.3,"(0.29, 0.09, 0.02, 0.3, 0.3)",0.1,0.05209669358390534,0.0412345377494469,1.263423732320223,0.0601580065221875,26774652.10738533,-0.08675139198483794,-0.11178845108611447,0.03191782953744656,0.0,61.0,22978194.35328866,23185220.44204195,20764480.827116963,24454934.04137649,0.6557377049180327,1.0,-0.11223381610943708,-0.06668591013578366,0.0,1.0,0.0
0.3,0.06,0.04,0.3,0.3,"(0.3, 0.06, 0.04, 0.3, 0.3)",0.1,0.05188717612345539,0.041235478307477674,1.2583139144537614,0.0601580065221875,26692980.12613657,-0.089102419283006,-0.11726916897591845,0.03239331989319879,0.0,61.0,22961438.972616144,23292163.60644921,20401353.331948295,24537005.842867892,0.6557377049180327,1.0,-0.11743105736425725,-0.07188613911613098,0.0,1.0,0.0
0.3,0.07,0.03,0.3,0.3,"(0.3, 0.07, 0.03, 0.3, 0.3)",0.09999999999999999,0.051812738082297694,0.040710672848289886,1.2727065031663845,0.0601580065221875,26687685.810727023,-0.0859297764837057,-0.11185935347068166,0.032013196908413026,0.0,61.0,22968768.771251168,23269694.04709815,20561290.206807207,24438461.74147507,0.6557377049180327,1.0,-0.11211481936931217,-0.06955758743630701,0.0,1.0,0.0
0.27,0.15,0.03,0.27,0.28,"(0.27, 0.15, 0.03, 0.27, 0.28)",0.13999999999999996,0.05459771042696504,0.048191777290319836,1.1329258536794398,0.0601580065221875,27416516.11046559,-0.11401800344166557,-0.1478962588896503,0.0355988389511135,0.0,61.0,22984809.83141736,23219485.674773753,20308459.076556653,24577773.11717818,0.639344262295082,1.0,-0.1491481412540668,-0.06457297906813894,0.0,1.0,0.0
0.29,0.15,0.03,0.26,0.27,"(0.29, 0.15, 0.03, 0.26, 0.27)",0.11999999999999998,0.054562027037848626,0.047645856371770906,1.1451578624615801,0.0601580065221875,27408974.7625708,-0.11213679900652485,-0.14515458357714323,0.034974130820308647,0.0,61.0,22985430.99057392,23223603.662591837,20316324.74263082,24567233.38446653,0.639344262295082,1.0,-0.14640318133455266,-0.0635202013970301,0.0,1.0,0.0
0.28,0.14,0.03,0.25,0.3,"(0.28, 0.14, 0.03, 0.25, 0.3)",0.07999999999999997,0.054479377213889846,0.04738347397826884,1.149754811959869,0.0601580065221875,27384123.144479606,-0.1106896635481942,-0.14332608758053927,0.03498403490830567,0.0,61.0,23020229.2426967,23263190.44089057,20370308.283842437,24594615.507575296,0.639344262295082,1.0,-0.1444405355097966,-0.06612889820820465,0.0,1.0,0.0
0.3,0.14,0.03,0.24,0.29,"(0.3, 0.14, 0.03, 0.24, 0.29)",0.08000000000000003,0.05444322085935038,0.04683799649291688,1.1623729650260255,0.0601580065221875,27376471.543059114,-0.10880239186452945,-0.1405900915905084,0.034359326777500816,0.0,61.0,23020793.056139387,23269517.983372502,20378148.544715587,24583991.598519664,0.639344262295082,1.0,-0.14170252431156818,-0.06527558556357274,0.0,1.0,0.0
0.28,0.12,0.05,0.27,0.28,"(0.28, 0.12, 0.05, 0.27, 0.28)",0.07999999999999993,0.05442101815477618,0.04751805899989659,1.145270225681874,0.0601580065221875,27341167.331054527,-0.11059842890548222,-0.14585667352537005,0.03478212258388633,0.0,61.0,22969880.907302715,23272370.390609995,20634296.363271955,24597801.614260633,0.639344262295082,1.0,-0.1467066432642945,-0.06909446504311284,0.0,1.0,0.0
0.3,0.12,0.05,0.26,0.27,"(0.3, 0.12, 0.05, 0.26, 0.27)",0.05999999999999997,0.05438572721589696,0.04695640988694246,1.1582173199961872,0.0601580065221875,27333718.118687786,-0.10871004935779238,-0.1430698024627643,0.03435501051927444,0.0,61.0,22970462.713079676,23269974.15435322,20662662.5360625,24588177.442457207,0.639344262295082,1.0,-0.14392276835534493,-0.06825499441300291,0.0,1.0,0.0
0.29,0.11,0.05,0.27,0.28,"(0.29, 0.11, 0.05, 0.27, 0.28)",0.059999999999999984,0.05407444176742704,0.04635070921534304,1.1666367717525084,0.0601580065221875,27250209.26088906,-0.1055857895756035,-0.1391742896038629,0.03429220686472319,0.0,61.0,22970046.0245062,23294942.207536828,20594928.07695882,24601151.718279272,0.639344262295082,1.0,-0.13988489845161492,-0.0696091536668359,0.0,1.0,0.0
0.26,0.12,0.04,0.3,0.28,"(0.26, 0.12, 0.04, 0.3, 0.28)",0.13999999999999993,0.05388195857751721,0.046480159068341194,1.159246432403403,0.0601580065221875,27212081.495045,-0.1063775717603197,-0.13959793756764052,0.03433669835781561,0.0,61.0,22950906.46306907,23196995.87092582,20645519.92069333,24520447.535164595,0.639344262295082,1.0,-0.140412731212088,-0.06709658007655665,0.0,1.0,0.0
0.27,0.12,0.04,0.3,0.27,"(0.27, 0.12, 0.04, 0.3, 0.27)",0.13999999999999993,0.05380803109513255,0.0460896759747934,1.1674638616370472,0.0601580065221875,27193941.755800746,-0.10501269974492211,-0.13770822697962262,0.03403277868782825,0.0,61.0,22942520.02482513,23202544.155418422,20645691.426896874,24516995.04551082,0.639344262295082,1.0,-0.13852019264956666,-0.06621685786606765,0.0,1.0,0.0
0.29,0.12,0.04,0.29,0.26,"(0.29, 0.12, 0.04, 0.29, 0.26)",0.11999999999999997,0.05377228900480202,0.04551950408250356,1.1813021712042464,0.0601580065221875,27186425.131083522,-0.10311598052084403,-0.13494136468760257,0.033605666623216374,0.0,61.0,22943021.702169232,23204678.355010908,20682860.66112042,24507313.82879784,0.639344262295082,1.0,-0.1357553193759709,-0.06537885453979775,0.0,1.0,0.0
0.3,0.1,0.05,0.27,0.28,"(0.3, 0.1, 0.05, 0.27, 0.28)",0.03999999999999998,0.053724121814713977,0.04523459738595206,1.187677682998421,0.0601580065221875,27158600.58707503,-0.10135215077231263,-0.13356357498469493,0.03380229114556006,0.0,61.0,22969811.76467563,23311865.017611276,20555168.403751533,24603884.88202534,0.639344262295082,1.0,-0.13415672887588873,-0.07011935178548263,0.0,1.0,0.0
0.29,0.09,0.05,0.27,0.3,"(0.29, 0.09, 0.05, 0.27, 0.3)",0.040000000000000036,0.05351712354389271,0.04500056321061178,1.1892545276249478,0.0601580065221875,27102298.273099735,-0.10150788538633615,-0.1341140383961476,0.03392021476637166,0.0,61.0,22985818.399854977,23309403.668184124,20514755.13377214,24612893.19017804,0.639344262295082,1.0,-0.13459492571128057,-0.07238360462064627,0.0,1.0,0.0
0.28,0.09,0.05,0.28,0.3,"(0.28, 0.09, 0.05, 0.28, 0.3)",0.06,0.053479720496499406,0.045162495863969594,1.1841622008132915,0.0601580065221875,27091918.02152339,-0.10177059135860689,-0.13464675716628838,0.03404340716099617,0.0,61.0,22977089.51003044,23312476.801190924,20478129.2871234,24619254.634570975,0.639344262295082,1.0,-0.13511939182956081,-0.07233489761728318,0.0,1.0,0.0
0.28,0.11,0.04,0.3,0.27,"(0.28, 0.11, 0.04, 0.3, 0.27)",0.11999999999999991,0.05345987924992479,0.044920982667958735,1.1900870389475404,0.0601580065221875,27103028.29287649,-0.0999781858483153,-0.13103937949713548,0.03354286296866513,0.0,61.0,22942413.042514335,23214754.193756614,20605855.341045838,24520007.179738116,0.639344262295082,1.0,-0.13171745173584132,-0.06673827267420333,0.0,1.0,0.0
0.3,0.09,0.05,0.27,0.29,"(0.3, 0.09, 0.05, 0.27, 0.29)",0.040000000000000036,0.05344376603030332,0.04458533394986223,1.1986848879589578,0.0601580065221875,27084361.334436867,-0.10019017071063996,-0.13225503725649562,0.033616295096384294,0.0,61.0,22977518.239302162,23318210.33068732,20514913.510293975,24609476.168674048,0.639344262295082,1.0,-0.13273712502963428,-0.07150344287314432,0.0,1.0,0.0
0.3,0.11,0.04,0.29,0.26,"(0.3, 0.11, 0.04, 0.29, 0.26)",0.09999999999999995,0.053423591851196495,0.044347523633937756,1.2046578359634292,0.0601580065221875,27095398.347365204,-0.0983962248442034,-0.128699223898785,0.03311575090405324,0.0,61.0,22942818.550333675,23220402.372834217,20642851.463752463,24510224.3134422,0.639344262295082,1.0,-0.12937784173466285,-0.06590315420123273,0.0,1.0,0.0
0.28,0.1,0.04,0.3,0.28,"(0.28, 0.1, 0.04, 0.3, 0.28)",0.09999999999999992,0.05318228197353325,0.044207638087758856,1.203011159925766,0.0601580065221875,27029591.008526683,-0.0972687397649018,-0.12751269155578854,0.03335686691948935,0.0,61.0,22950349.941786986,23238499.453498963,20565585.498917807,24525965.05280672,0.639344262295082,1.0,-0.12806864756183056,-0.06813096405267426,0.0,1.0,0.0
0.3,0.08,0.05,0.27,0.3,"(0.3, 0.08, 0.05, 0.27, 0.3)",0.04000000000000002,0.05315970011533189,0.044009392871581274,1.2079171432891853,0.0601580065221875,27009394.050683472,-0.09903018541131026,-0.13094266518918093,0.033430299047208525,0.0,61.0,22984841.329330727,23324079.044742167,20474347.526895426,24614501.44520676,0.639344262295082,1.0,-0.1313157980595676,-0.07288075461070591,0.0,1.0,0.0
0.3,0.1,0.04,0.29,0.27,"(0.3, 0.1, 0.04, 0.29, 0.27)",0.07999999999999996,0.053145787125866706,0.043629402315247666,1.218118615099461,0.0601580065221875,27021927.115893677,-0.09586619122261253,-0.1254141687662018,0.03292975485487747,0.0,61.0,22950711.059255894,23241866.370379377,20602459.134098135,24516135.996461805,0.639344262295082,1.0,-0.12597759862498464,-0.06729794556746115,0.0,1.0,0.0
0.3,0.13,0.02,0.3,0.25,"(0.3, 0.13, 0.02, 0.3, 0.25)",0.15999999999999998,0.053141493600660006,0.043605785721266326,1.2186798774902745,0.0601580065221875,27051124.368491005,-0.09576411801822182,-0.12321581919000504,0.03228485224712814,0.0,61.0,22939613.545387264,23190608.379085004,20634736.78589851,24488009.700481895,0.639344262295082,1.0,-0.12409950665351106,-0.060163921641536056,0.0,1.0,0.0
0.29,0.08,0.05,0.28,0.3,"(0.29, 0.08, 0.05, 0.28, 0.3)",0.06000000000000004,0.05312265863612642,0.044167254731822946,1.202761162283673,0.0601580065221875,26999136.396821983,-0.09929386403964902,-0.13147274223958866,0.03355349144183304,0.0,61.0,22976180.775846552,23327185.879538544,20437831.237684872,24620910.36074304,0.639344262295082,1.0,-0.13183747530067444,-0.07283118810330724,0.0,1.0,0.0
0.27,0.12,0.02,0.3,0.29,"(0.27, 0.12, 0.02, 0.3, 0.29)",0.13999999999999996,0.053091452103814385,0.04399184589308695,1.2068475651792865,0.0601580065221875,27033235.199399363,-0.09669820053368505,-0.12471300712692696,0.03301061520791446,0.0,61.0,22973590.741906296,23230179.670294907,20681526.672111478,24525536.706179086,0.639344262295082,1.0,-0.12548748913966823,-0.06422469324393508,0.0,1.0,0.0
0.3,0.12,0.02,0.28,0.28,"(0.3, 0.12, 0.02, 0.28, 0.28)",0.09999999999999998,0.05309135849559521,0.043264554456387036,1.2271329073575485,0.0601580065221875,27035725.597388305,-0.09505109352426533,-0.12216840121164442,0.03246031074867806,0.0,61.0,22982881.101140346,23239242.15761151,20678962.244237304,24520232.33784958,0.639344262295082,1.0,-0.12295272890309265,-0.06341842399116461,0.0,1.0,0.0
0.29,0.12,0.02,0.29,0.28,"(0.29, 0.12, 0.02, 0.29, 0.28)",0.11999999999999994,0.05305435761710986,0.04342389931011696,1.2217778334049605,0.0601580065221875,27025445.274502695,-0.09529626984890494,-0.1226502017295731,0.03258350314330258,0.0,61.0,22973945.989351597,23237420.848586615,20689347.28998641,24514754.51498405,0.639344262295082,1.0,-0.12342840439041683,-0.06338074244543972,0.0,1.0,0.0
0.28,0.12,0.02,0.3,0.28,"(0.28, 0.12, 0.02, 0.3, 0.28)",0.1399999999999999,0.0530170492280968,0.04358949571371055,1.2162803987526043,0.0601580065221875,27015093.50419177,-0.09554161697785479,-0.12313314777283578,0.03270669553792709,0.0,61.0,22964990.64085307,23235558.87624321,20699703.306086764,24509229.65936867,0.639344262295082,1.0,-0.12390516717976849,-0.06334307761247415,0.0,1.0,0.0
0.3,0.12,0.02,0.29,0.27,"(0.3, 0.12, 0.02, 0.29, 0.27)",0.11999999999999994,0.05297961825348518,0.04302367369788184,1.231406193378914,0.0601580065221875,27007225.67264236,-0.09413871138426955,-0.12107358865987344,0.03227958347331522,0.0,61.0,22965294.208486304,23242751.750013273,20707490.971076097,24498394.500407692,0.639344262295082,1.0,-0.12184905733743351,-0.06249993030648306,0.0,1.0,0.0
0.27,0.09,0.04,0.3,0.3,"(0.27, 0.09, 0.04, 0.3, 0.3)",0.09999999999999998,0.052974759670566085,0.04398182825242996,1.2044692495846685,0.0601580065221875,26973385.110277653,-0.09666768886538868,-0.1269459109450703,0.03347479054030095,0.0,61.0,22966294.83881178,23256420.327529725,20524918.88050586,24534857.646452926,0.639344262295082,1.0,-0.12738979268947617,-0.07039420571111743,0.0,1.0,0.0
0.29,0.09,0.04,0.29,0.29,"(0.29, 0.09, 0.04, 0.29, 0.29)",0.08000000000000002,0.052938394438421854,0.04339783605574608,1.2198394954628748,0.0601580065221875,26965765.81450826,-0.09500269202784528,-0.12446554734742621,0.03304767847568906,0.0,61.0,22966663.252641466,23254198.966868497,20561720.353703175,24525037.768266167,0.639344262295082,1.0,-0.12491701087892511,-0.06956251053033707,0.0,1.0,0.0
0.3,0.11,0.02,0.27,0.3,"(0.3, 0.11, 0.02, 0.27, 0.3)",0.06000000000000001,0.05292284499546107,0.04282767018327339,1.2357161799599927,0.0601580065221875,26990217.462383103,-0.09342616290435635,-0.12002612902923218,0.03245504197486514,0.0,61.0,23007903.019186236,23290173.3723833,20751190.18255133,24529682.783140164,0.639344262295082,1.0,-0.1207047290093816,-0.06576033676122688,0.0,1.0,0.0
0.29,0.11,0.02,0.28,0.3,"(0.29, 0.11, 0.02, 0.28, 0.3)",0.08000000000000003,0.0528865268238734,0.042973450420830915,1.2306790892042783,0.0601580065221875,26980121.301243026,-0.09367164388093108,-0.12050560717564883,0.03257823436948965,0.0,61.0,22999032.626037464,23258602.866495937,20761684.51870451,24524302.708881844,0.639344262295082,1.0,-0.12117788407274066,-0.0657197380437019,0.0,1.0,0.0
0.3,0.11,0.02,0.28,0.29,"(0.3, 0.11, 0.02, 0.28, 0.29)",0.08000000000000003,0.05281229992999492,0.04255768361308866,1.240958046733362,0.0601580065221875,26962054.8329496,-0.09251190601418213,-0.11892867071091984,0.03227431469950229,0.0,61.0,22990420.189325254,23234989.22469698,20779946.622343753,24508006.50667644,0.639344262295082,1.0,-0.11959923783524044,-0.06483637838142635,0.0,1.0,0.0
0.3,0.08,0.04,0.28,0.3,"(0.3, 0.08, 0.04, 0.28, 0.3)",0.06000000000000003,0.052689754439780634,0.04268145268273848,1.2344883111508944,0.0601580065221875,26900911.04987219,-0.09354373337776734,-0.12258611568860296,0.03276811053685103,0.0,61.0,22982459.924637105,23278563.882264942,20557358.18302422,24523403.848114517,0.639344262295082,1.0,-0.12295517228077,-0.07099099239916437,0.0,1.0,0.0
0.3,0.1,0.03,0.3,0.27,"(0.3, 0.1, 0.03, 0.3, 0.27)",0.09999999999999996,0.052673460496191815,0.04234250366937253,1.2439854975862454,0.0601580065221875,26912904.61821195,-0.09155038597925169,-0.11885327749621723,0.03223794583955773,0.0,61.0,22948184.96511577,23192543.15212408,20685985.064208157,24424990.361606054,0.639344262295082,1.0,-0.11940596969356222,-0.06539704904644875,0.0,1.0,0.0
0.29,0.08,0.04,0.29,0.3,"(0.29, 0.08, 0.04, 0.29, 0.3)",0.07999999999999999,0.052653007394825035,0.04283772548383792,1.2291270556530898,0.0601580065221875,26890757.428338274,-0.0938095140637143,-0.1231044517928366,0.0328654708288442,0.0,61.0,22973777.67941053,23281642.12026964,20520716.57385169,24529817.330383036,0.639344262295082,1.0,-0.12346572872211121,-0.07094353387524704,0.0,1.0,0.0
0.29,0.08,0.04,0.3,0.29,"(0.29, 0.08, 0.04, 0.3, 0.29)",0.1,0.052541983769802236,0.0425795421757124,1.2339724920709096,0.0601580065221875,26862582.411380365,-0.09275179068027706,-0.1217759981301522,0.03268095515115046,0.0,61.0,22956656.709569648,23245488.695410136,20484133.069049794,24532634.95994594,0.639344262295082,1.0,-0.12213141001516932,-0.0700208229292149,0.0,1.0,0.0
0.3,0.08,0.04,0.3,0.28,"(0.3, 0.08, 0.04, 0.3, 0.28)",0.09999999999999995,0.05246767135014263,0.0421622854290809,1.2444219001931458,0.0601580065221875,26844559.221513562,-0.09142716259922257,-0.11992982359506665,0.032377035481163094,0.0,61.0,22948198.87950053,23250606.368413355,20484103.171367086,24529024.9590802,0.639344262295082,1.0,-0.12028703638275734,-0.0691473118829278,0.0,1.0,0.0
0.29,0.09,0.03,0.3,0.29,"(0.29, 0.09, 0.03, 0.3, 0.29)",0.10000000000000002,0.0524647949753283,0.042134998722485106,1.245159524529207,0.0601580065221875,26856617.15471035,-0.09036039906496862,-0.11743789329402356,0.03235586946036933,0.0,61.0,22963985.920969985,23224844.44345894,20644767.14493323,24433673.252681885,0.639344262295082,1.0,-0.1178819048911182,-0.06766628304213017,0.0,1.0,0.0
0.3,0.09,0.03,0.3,0.28,"(0.3, 0.09, 0.03, 0.3, 0.28)",0.09999999999999996,0.05239025712049217,0.041718340305288024,1.255808757901412,0.0601580065221875,26838546.045243815,-0.08904804805451905,-0.11563078040475482,0.032051949790381964,0.0,61.0,22955429.61381347,23222460.25484063,20644729.34180489,24430042.99864156,0.639344262295082,1.0,-0.11607465390091058,-0.06679073884145108,0.0,1.0,0.0
0.3,0.08,0.03,0.29,0.3,"(0.3, 0.08, 0.03, 0.29, 0.3)",0.07999999999999999,0.05221417537051676,0.041444742807659085,1.2598503895376438,0.0601580065221875,26791506.10944042,-0.08844211181306039,-0.11491751560137814,0.03220059223023915,0.0,61.0,22979538.62382626,23253114.79068173,20639978.581337024,24431741.910440337,0.639344262295082,1.0,-0.11527116519592061,-0.06909824035877403,0.0,1.0,0.0
0.29,0.08,0.03,0.3,0.3,"(0.29, 0.08, 0.03, 0.3, 0.3)",0.1,0.05217772324230263,0.04159898580268622,1.2543027729039802,0.0601580065221875,26781456.402508944,-0.08880304655295856,-0.11555805929553198,0.032297952522232325,0.0,61.0,22970835.00163502,23255253.697338693,20603212.604390226,24438159.71132479,0.639344262295082,1.0,-0.11590515347947097,-0.06905288930288557,0.0,1.0,0.0
0.3,0.08,0.03,0.3,0.29,"(0.3, 0.08, 0.03, 0.3, 0.29)",0.1,0.05210334814592121,0.04117333692352011,1.26546333231877,0.0601580065221875,26763470.637022875,-0.08748955514431744,-0.11374919645067719,0.032002766606454215,0.0,61.0,22962291.015713155,23260496.491543047,20603163.654007286,24434533.45028719,0.639344262295082,1.0,-0.11409739250461033,-0.06817760411550415,0.0,1.0,0.0
0.3,0.09,0.02,0.3,0.29,"(0.3, 0.09, 0.02, 0.3, 0.29)",0.1,0.0520220933725144,0.040810244507845796,1.2747312347641808,0.0601580065221875,26756619.206747893,-0.08558678994138658,-0.11020922748537175,0.03162264362166845,0.0,61.0,22969551.833945185,23194122.243800968,20764423.804980572,24438573.98802943,0.639344262295082,1.0,-0.11065481484284914,-0.06580860175359353,0.0,1.0,0.0
0.3,0.05,0.05,0.3,0.3,"(0.3, 0.05, 0.05, 0.3, 0.3)",0.09999999999999999,0.051956292735780396,0.04187749912823844,1.2406732449967557,0.0601580065221875,26697078.06061519,-0.0923925422169749,-0.12295428887101056,0.03277344287798454,0.0,61.0,22954087.36164793,23296453.816851445,20242388.16962187,24635150.737860348,0.639344262295082,1.0,-0.12300481974561824,-0.07418845645233657,0.0,1.0,0.0
0.3,0.08,0.02,0.3,0.3,"(0.3, 0.08, 0.02, 0.3, 0.3)",0.09999999999999999,0.05173297435580104,0.040307661440198775,1.2834526367289525,0.0601580065221875,26681196.4063567,-0.08377905172671418,-0.10798735016326089,0.03163307392362726,0.0,61.0,22976078.48103696,23193887.21513598,20722202.27520891,24424863.64438334,0.639344262295082,1.0,-0.1083363724763027,-0.06720268912826044,0.0,1.0,0.0
0.3,0.15,0.03,0.22,0.3,"(0.3, 0.15, 0.03, 0.22, 0.3)",0.09999999999999999,0.05493143224190211,0.04821222638625286,1.13936725928851,0.0601580065221875,27505461.7701585,-0.11411848433550953,-0.14723603667363028,0.03559225990459264,0.0,61.0,23047028.93873182,23292938.07164994,20221693.184817016,24637533.77477174,0.6229508196721312,1.0,-0.14852054315487254,-0.06659258396632141,0.0,1.0,0.0
0.29,0.15,0.03,0.23,0.3,"(0.29, 0.15, 0.03, 0.23, 0.3)",0.09999999999999999,0.054894603912442275,0.04835102645100474,1.1353348199974265,0.0601580065221875,27495060.741227303,-0.11464038098501339,-0.14811082779621332,0.03577168780575415,0.0,61.0,23037987.43650057,23278631.68260311,20231897.472576436,24632105.56471053,0.6229508196721312,1.0,-0.14939167123906313,-0.06660405480445508,0.0,1.0,0.0
0.3,0.15,0.03,0.23,0.29,"(0.3, 0.15, 0.03, 0.23, 0.29)",0.09999999999999999,0.05482155724034188,0.04795794983819979,1.14311719798904,0.0601580065221875,27476973.675406527,-0.1132824939355408,-0.14625145202970732,0.035326407576110795,0.0,61.0,23029554.235830225,23281241.457832005,20249897.85177275,24616049.21188166,0.6229508196721312,1.0,-0.14752512689236055,-0.0655640835638454,0.0,1.0,0.0
0.29,0.15,0.03,0.24,0.29,"(0.29, 0.15, 0.03, 0.24, 0.29)",0.10000000000000002,0.05478441326904071,0.04810382656621659,1.1388784880476828,0.0601580065221875,27466504.278877452,-0.11380525104726036,-0.14712624936903682,0.03550583547727231,0.0,61.0,23020504.614290614,23265886.800704382,20260080.50302366,24610575.829468578,0.6229508196721312,1.0,-0.14839631319406318,-0.06557593046873249,0.0,1.0,0.0
0.28,0.15,0.03,0.25,0.29,"(0.28, 0.15, 0.03, 0.25, 0.29)",0.09999999999999996,0.05474696092919862,0.04825543548904019,1.134524232853163,0.0601580065221875,27455962.17953957,-0.11432802392034602,-0.14800298477086135,0.03568526337843382,0.0,61.0,23011434.79238348,23235727.585327487,20270234.65998304,24605055.14393686,0.6229508196721312,1.0,-0.1492693327294613,-0.06558796197093071,0.0,1.0,0.0
0.3,0.15,0.03,0.24,0.28,"(0.3, 0.15, 0.03, 0.24, 0.28)",0.09999999999999996,0.054711013620421856,0.04771572121406404,1.1466035140698236,0.0601580065221875,27448346.29364295,-0.11244710637283606,-0.14526602745426095,0.03506055524762897,0.0,61.0,23012043.462943647,23243175.695746444,20278062.091147266,24594470.093495853,0.6229508196721312,1.0,-0.14652890160395288,-0.06453575636128316,0.0,1.0,0.0
0.29,0.15,0.03,0.25,0.28,"(0.29, 0.15, 0.03, 0.25, 0.28)",0.09999999999999996,0.054673554156784876,0.047868710244694634,1.1421564081694562,0.0601580065221875,27437808.76287497,-0.11297072362369909,-0.14614083246564225,0.03523998314879048,0.0,61.0,23002985.756363664,23241341.399842136,20288222.999475308,24588951.658724677,0.6229508196721312,1.0,-0.14740014772769766,-0.0645479793329241,0.0,1.0,0.0
0.28,0.15,0.03,0.26,0.28,"(0.28, 0.15, 0.03, 0.26, 0.28)",0.11999999999999993,0.05463578640842082,0.048027414424448266,1.1375958306972398,0.0601580065221875,27427198.672175907,-0.11349435607843561,-0.14701757613583757,0.03541941104995199,0.0,61.0,22993907.87184715,23239466.347959314,20298355.343267888,24583385.988569323,0.6229508196721312,1.0,-0.14827322758023048,-0.06456038690187617,0.0,1.0,0.0
0.3,0.15,0.03,0.25,0.27,"(0.3, 0.15, 0.03, 0.25, 0.27)",0.09999999999999996,0.05459980184426372,0.04748572488658331,1.1498150649415575,0.0601580065221875,27419580.19334786,-0.11161232193980553,-0.14427976943518966,0.03479470291914714,0.0,61.0,22994496.748043884,23246902.621048342,20306185.683545772,24572796.751230706,0.6229508196721312,1.0,-0.1455318737815064,-0.06350760235863552,0.0,1.0,0.0
0.3,0.14,0.03,0.23,0.3,"(0.3, 0.14, 0.03, 0.23, 0.3)",0.08,0.05455323502468179,0.04709523992307627,1.1583598493985199,0.0601580065221875,27404897.841360528,-0.10964014735110794,-0.14158136714369246,0.03462517910598265,0.0,61.0,23038236.162578918,23291432.025169842,20349799.520120613,24605503.833918042,0.6229508196721312,1.0,-0.14270381967962947,-0.0662089626816302,0.0,1.0,0.0
0.29,0.14,0.03,0.24,0.3,"(0.29, 0.14, 0.03, 0.24, 0.3)",0.08000000000000003,0.054516460242545195,0.047236423887538743,1.1541191257902774,0.0601580065221875,27394546.776081882,-0.11016489767804227,-0.1424527547257588,0.03480460700714416,0.0,61.0,23029242.828693412,23295495.793345273,20360068.194453824,24600083.31593239,0.6229508196721312,1.0,-0.14357125780311228,-0.06616892219611092,0.0,1.0,0.0
0.26,0.12,0.05,0.28,0.29,"(0.26, 0.12, 0.05, 0.28, 0.29)",0.1,0.05445566990575368,0.04808584582955627,1.1324677556629803,0.0601580065221875,27348460.001219835,-0.11248402259724455,-0.14865053421027877,0.03531648338904319,0.0,61.0,22969214.837975293,23274263.984844908,20597045.190681096,24607328.944968216,0.6229508196721312,1.0,-0.14949688639683878,-0.06993373026182978,0.0,1.0,0.0
0.29,0.1,0.06,0.25,0.3,"(0.29, 0.1, 0.06, 0.25, 0.3)",0.020000000000000004,0.05436863447852214,0.04732887938283615,1.1487412165148148,0.0601580065221875,27312238.69214407,-0.10979030600974582,-0.1460418312085155,0.03497874710623,0.0,61.0,22996230.10840681,23312894.298127457,20506786.537504837,24694084.663206454,0.6229508196721312,1.0,-0.1466638922774775,-0.0738313019706431,0.0,1.0,0.0
0.25,0.11,0.05,0.29,0.3,"(0.25, 0.11, 0.05, 0.29, 0.3)",0.09999999999999996,0.054144202164204236,0.04749834061199158,1.1399177627383221,0.0601580065221875,27264869.561567586,-0.1093708160287562,-0.1447608367950883,0.035146430993946945,0.0,61.0,22968822.67801477,23287854.04107531,20520758.33625115,24620314.66653367,0.6229508196721312,1.0,-0.14546131555487568,-0.07128175815758316,0.0,1.0,0.0
0.27,0.11,0.05,0.28,0.29,"(0.27, 0.11, 0.05, 0.28, 0.29)",0.08,0.054109641351522964,0.04692152741162077,1.153194372315381,0.0601580065221875,27257617.42449756,-0.10747969923717449,-0.1419640616507675,0.034719318929335066,0.0,61.0,22969476.46971451,23290435.09723819,20557849.182783347,24610781.61097487,0.6229508196721312,1.0,-0.1426699189106282,-0.07044555978773058,0.0,1.0,0.0
0.27,0.13,0.04,0.3,0.26,"(0.27, 0.13, 0.04, 0.3, 0.26)",0.15999999999999995,0.05407835020571783,0.04692682402044313,1.152397404566719,0.0601580065221875,27265979.786623012,-0.10866577489327589,-0.1424675152416281,0.03421977599898801,0.0,61.0,22933830.47169169,23191344.647840414,20607687.643037762,24509912.153869726,0.6229508196721312,1.0,-0.1434187859011841,-0.06481107020888147,0.0,1.0,0.0
0.29,0.13,0.04,0.29,0.25,"(0.29, 0.13, 0.04, 0.29, 0.25)",0.13999999999999999,0.05404281678572742,0.046362619863650895,1.1656549380656966,0.0601580065221875,27258498.562841382,-0.10677542800555662,-0.13969966246413645,0.033791662672392135,0.0,61.0,22934376.61517416,23197086.60784126,20615680.47159135,24500277.649578042,0.6229508196721312,1.0,-0.14065145414819838,-0.06397096962502744,0.0,1.0,0.0
0.3,0.09,0.06,0.25,0.3,"(0.3, 0.09, 0.06, 0.25, 0.3)",0.020000000000000004,0.05401670059308028,0.046269929056539885,1.1674256195006085,0.0601580065221875,27220053.753553025,-0.10670156596471325,-0.1420452724831371,0.034488831387066876,0.0,61.0,22995965.043237794,23291944.749796666,20467276.74663234,24696640.505877994,0.6229508196721312,1.0,-0.1425425891655425,-0.07432743924624328,0.0,1.0,0.0
0.26,0.1,0.05,0.29,0.3,"(0.26, 0.1, 0.05, 0.29, 0.3)",0.07999999999999996,0.053794976066617206,0.04638739721619062,1.1596894694458328,0.0601580065221875,27173489.933123015,-0.1049850807269802,-0.1389808574082783,0.03465651527478381,0.0,61.0,22968781.2104116,23300267.584124256,20481343.30176736,24623252.360878382,0.6229508196721312,1.0,-0.13956392429230485,-0.07178624049630161,0.0,1.0,0.0
0.28,0.1,0.05,0.28,0.29,"(0.28, 0.1, 0.05, 0.28, 0.29)",0.06,0.05375986803982702,0.0458079593781623,1.1735922920298338,0.0601580065221875,27166122.930636324,-0.10293111097738161,-0.13595282578154239,0.03422940321017194,0.0,61.0,22969338.58408807,23306107.14352019,20518261.978933588,24613616.970782682,0.6229508196721312,1.0,-0.13653812449516936,-0.07095289737791093,0.0,1.0,0.0
0.25,0.1,0.05,0.3,0.3,"(0.25, 0.1, 0.05, 0.3, 0.3)",0.09999999999999998,0.05375659593495352,0.04656461178023012,1.1544517151494194,0.0601580065221875,27162843.136142846,-0.10553392838573106,-0.13989976461964762,0.034779707669408334,0.0,61.0,22959943.350478522,23303227.815133575,20444682.073700752,24629479.211726815,0.6229508196721312,1.0,-0.14047596554374137,-0.07173843464808642,0.0,1.0,0.0
0.28,0.12,0.04,0.3,0.26,"(0.28, 0.12, 0.04, 0.3, 0.26)",0.13999999999999993,0.053733759155912386,0.04570301474919053,1.1757158570565434,0.0601580065221875,27175727.88811458,-0.10364672260784824,-0.13581962007396958,0.03372885901784089,0.0,61.0,22934093.82833371,23208041.280149966,20645810.855121065,24513484.997285064,0.6229508196721312,1.0,-0.13662857483141208,-0.06533890817451063,0.0,1.0,0.0
0.27,0.1,0.05,0.29,0.29,"(0.27, 0.1, 0.05, 0.29, 0.29)",0.07999999999999996,0.05372178843480291,0.04598108623592232,1.168345353112455,0.0601580065221875,27155552.473581634,-0.10345494625372231,-0.13683299201351135,0.034352595604796456,0.0,61.0,22960533.028274845,23309103.069801435,20481562.495806232,24619885.02061546,0.6229508196721312,1.0,-0.13741536103720858,-0.07090606379741203,0.0,1.0,0.0
0.29,0.1,0.05,0.28,0.28,"(0.29, 0.1, 0.05, 0.28, 0.28)",0.06,0.05368634275669004,0.04540350921466531,1.1824271666505766,0.0601580065221875,27148106.48743668,-0.1016148466531609,-0.13409442546307296,0.03392548354018458,0.0,61.0,22961038.544415317,23314896.645590723,20518430.790885553,24610194.074654147,0.6229508196721312,1.0,-0.13467976517797242,-0.07007348863940252,0.0,1.0,0.0
0.27,0.14,0.02,0.3,0.27,"(0.27, 0.14, 0.02, 0.3, 0.27)",0.17999999999999994,0.05363726449150308,0.04561447235923944,1.1758826029835372,0.0601580065221875,27178066.206543695,-0.10343064149701664,-0.1333364382837305,0.033382607306265986,0.0,61.0,22957162.471619897,23179123.97218396,20479756.39439601,24548174.316293377,0.6229508196721312,1.0,-0.13437912207579034,-0.06137666264152837,0.0,1.0,0.0
0.3,0.08,0.06,0.26,0.3,"(0.3, 0.08, 0.06, 0.26, 0.3)",0.04000000000000001,0.05362400094425368,0.045420562302134086,1.1806106799724527,0.0601580065221875,27116937.97507065,-0.10449379540978931,-0.13940694482516808,0.034122108062528266,0.0,61.0,22986681.806742482,23305968.785046123,20390953.076274596,24705024.866811473,0.6229508196721312,1.0,-0.13978216376907296,-0.07476733625886652,0.0,1.0,0.0
0.28,0.14,0.02,0.3,0.26,"(0.28, 0.14, 0.02, 0.3, 0.26)",0.17999999999999994,0.05356253746667461,0.045233054438795765,1.184145933349457,0.0601580065221875,27159756.8632049,-0.10206422025274198,-0.1314803065962957,0.03307868763627863,0.0,61.0,22948538.895145636,23184474.097142164,20497734.907499976,24531837.29568397,0.6229508196721312,1.0,-0.13251660466942128,-0.0604946283141921,0.0,1.0,0.0
0.3,0.14,0.02,0.29,0.25,"(0.3, 0.14, 0.02, 0.29, 0.25)",0.15999999999999998,0.05352551978113995,0.044679066136050515,1.197999967549712,0.0601580065221875,27151956.3873297,-0.10016442512548107,-0.1287654273692529,0.03265157557166675,0.0,61.0,22948931.553899907,23189320.754877634,20505497.83124175,24521077.86781739,0.6229508196721312,1.0,-0.12979825879036097,-0.05964720745729345,0.0,1.0,0.0
0.25,0.13,0.02,0.3,0.3,"(0.25, 0.13, 0.02, 0.3, 0.3)",0.15999999999999998,0.053514317714537185,0.04556520225462291,1.1744558361772175,0.0601580065221875,27142251.76244081,-0.10249712396134647,-0.13235302044365016,0.03380445059706494,0.0,61.0,22982672.784502078,23199396.071465027,20544349.76628231,24569620.05237782,0.6229508196721312,1.0,-0.1332683766586232,-0.0645730761233978,0.0,1.0,0.0
0.29,0.14,0.02,0.3,0.25,"(0.29, 0.14, 0.02, 0.3, 0.25)",0.18,0.053487466666320094,0.04485568660018967,1.1924344652901584,0.0601580065221875,27141373.92179025,-0.10069669521462432,-0.12962527744863514,0.032774767966291266,0.0,61.0,22939875.792640604,23176925.46203562,20515687.437943183,24515449.58543693,0.6229508196721312,1.0,-0.13065500912495992,-0.05961439464221688,0.0,1.0,0.0
0.29,0.11,0.04,0.3,0.26,"(0.29, 0.11, 0.04, 0.3, 0.26)",0.11999999999999997,0.05338542450995831,0.044528221881634564,1.1989121113317318,0.0601580065221875,27084824.406877067,-0.09864094629353082,-0.12919424269368024,0.03323894329867776,0.0,61.0,22933958.82470774,23221697.561957564,20605911.14678463,24516443.226794798,0.6229508196721312,1.0,-0.12986584265108903,-0.06586229991547887,0.0,1.0,0.0
0.28,0.12,0.02,0.29,0.29,"(0.28, 0.12, 0.02, 0.29, 0.29)",0.11999999999999994,0.05312875368561509,0.04382793453254071,1.212212125720158,0.0601580065221875,27043591.62135334,-0.09645327832019934,-0.12422823044227954,0.03288742281328994,0.0,61.0,22982558.26303465,23232037.5951396,20671177.51860273,24531063.945814323,0.6229508196721312,1.0,-0.12500901694124503,-0.06426334833872939,0.0,1.0,0.0
0.29,0.1,0.04,0.3,0.27,"(0.29, 0.1, 0.04, 0.3, 0.27)",0.09999999999999998,0.05310798884473189,0.04380512959123526,1.2123691754893926,0.0601580065221875,27011471.35265153,-0.09611181267474989,-0.12590616186274836,0.033052947249501995,0.0,61.0,22941907.548107624,23230050.774077386,20565629.823083103,24522404.781652357,0.6229508196721312,1.0,-0.1264624362869718,-0.06725520950562197,0.0,1.0,0.0
0.27,0.08,0.05,0.3,0.3,"(0.27, 0.08, 0.05, 0.3, 0.3)",0.09999999999999996,0.05304765375383558,0.04450138299729102,1.1920450597471275,0.0601580065221875,26978406.91574477,-0.0998218526282757,-0.13253688910728134,0.03379987623108208,0.0,61.0,22958798.251152854,23333280.889954295,20364907.925708875,24633598.03834039,0.6229508196721312,1.0,-0.1328846197416118,-0.07273210821772967,0.0,1.0,0.0
0.29,0.08,0.05,0.29,0.29,"(0.29, 0.08, 0.05, 0.29, 0.29)",0.08,0.053011755143746786,0.04391415040926302,1.2071679549689014,0.0601580065221875,26970889.98790327,-0.09823912406424085,-0.13013975345831716,0.0333727641664702,0.0,61.0,22959195.61593443,23339015.467896618,20401444.10733647,24623800.19659162,0.6229508196721312,1.0,-0.13049863929429134,-0.07190544403392056,0.0,1.0,0.0
0.28,0.09,0.04,0.3,0.29,"(0.28, 0.09, 0.04, 0.3, 0.29)",0.09999999999999998,0.052900971790620144,0.04356635515503197,1.214262051584777,0.0601580065221875,26955423.343964785,-0.09536073008699486,-0.12511989435563484,0.03317087087031358,0.0,61.0,22957904.06793411,23254401.18554536,20525003.480206314,24531358.547892097,0.6229508196721312,1.0,-0.12556452170857207,-0.06951692363280783,0.0,1.0,0.0
0.3,0.09,0.04,0.29,0.28,"(0.3, 0.09, 0.04, 0.29, 0.28)",0.07999999999999996,0.05286426997400073,0.04298416097891993,1.2298546434331044,0.0601580065221875,26947726.096524637,-0.09369410315863891,-0.12264353669047169,0.03274375880570171,0.0,61.0,22958220.821513038,23249199.26742683,20561754.327281274,24521483.55253634,0.6229508196721312,1.0,-0.12309541913787544,-0.06868600779447084,0.0,1.0,0.0
0.29,0.09,0.04,0.3,0.28,"(0.29, 0.09, 0.04, 0.3, 0.28)",0.09999999999999998,0.05282684043785735,0.04315446289577297,1.2241338877382204,0.0601580065221875,26937388.23647778,-0.09405278871994305,-0.1232956145021489,0.032866951200326226,0.0,61.0,22949473.65531146,23236269.386138633,20525036.40918944,24527802.036836483,0.6229508196721312,1.0,-0.12374081062230095,-0.06864140320135922,0.0,1.0,0.0
0.29,0.07,0.05,0.29,0.3,"(0.29, 0.07, 0.05, 0.29, 0.3)",0.07999999999999999,0.05272488162949407,0.04339394949563673,1.2150284139219816,0.0601580065221875,26895522.57858463,-0.09708116010982804,-0.1288199850036833,0.03324559381362996,0.0,61.0,22966260.024222948,23344495.484486323,20360780.054019246,24628362.438248005,0.6229508196721312,1.0,-0.12907275801385545,-0.07327251424259319,0.0,1.0,0.0
0.28,0.07,0.05,0.3,0.3,"(0.28, 0.07, 0.05, 0.3, 0.3)",0.09999999999999995,0.05268758713138033,0.04355990658013393,1.2095431617709025,0.0601580065221875,26885244.7498014,-0.09734623270401566,-0.12935007052551664,0.033342954105623136,0.0,61.0,22957626.877450626,23347556.84429992,20324446.322845455,24634731.93921465,0.6229508196721312,1.0,-0.12959416435053178,-0.07322213270504234,0.0,1.0,0.0
0.3,0.07,0.05,0.29,0.29,"(0.3, 0.07, 0.05, 0.29, 0.29)",0.07999999999999999,0.05265114475296473,0.04297192254155958,1.2252452680478527,0.0601580065221875,26877616.668097615,-0.09576065524140642,-0.12695470888430976,0.032950407897851856,0.0,61.0,22957928.311264135,23353221.025848582,20360810.12988011,24624832.84122107,0.6229508196721312,1.0,-0.12721123048503946,-0.07239832368012372,0.0,1.0,0.0
0.28,0.08,0.04,0.3,0.3,"(0.28, 0.08, 0.04, 0.3, 0.3)",0.09999999999999995,0.052615953182360675,0.043000358050176615,1.2236166294467532,0.0601580065221875,26880532.659954626,-0.09407550537748477,-0.12362411082213848,0.03298487482113782,0.0,61.0,22965074.9840932,23271176.08503489,20484111.448621817,24536187.63272975,0.6229508196721312,1.0,-0.123977542016691,-0.07089609334931357,0.0,1.0,0.0
0.3,0.08,0.04,0.29,0.29,"(0.3, 0.08, 0.04, 0.29, 0.29)",0.07999999999999999,0.05257904487811005,0.042415125821934845,1.239629586361358,0.0601580065221875,26872802.651584327,-0.09248531547833294,-0.12125857501863915,0.03257028491306609,0.0,61.0,22965347.40260669,23265463.57580119,20520739.21261596,24526266.952364646,0.6229508196721312,1.0,-0.12162168695410713,-0.07006728276573784,0.0,1.0,0.0
0.3,0.06,0.05,0.29,0.3,"(0.3, 0.06, 0.05, 0.29, 0.3)",0.07999999999999999,0.05236073134667607,0.0425225361597213,1.2313642617646552,0.0601580065221875,26801621.07893942,-0.09460374447749631,-0.12562842086791248,0.03296083819981067,0.0,61.0,22964621.21251602,23354127.792761747,20319828.964840133,24628832.67906641,0.6229508196721312,1.0,-0.1257822648854891,-0.07375881240764426,0.0,1.0,0.0
0.29,0.06,0.05,0.3,0.3,"(0.29, 0.06, 0.05, 0.3, 0.3)",0.1,0.052323798127182464,0.042683908866511654,1.2258436379577677,0.0601580065221875,26791465.40578428,-0.09486979061000067,-0.126155832730791,0.03305819849180384,0.0,61.0,22956056.5138062,23336794.648440197,20283605.458001662,24635249.35678306,0.6229508196721312,1.0,-0.12630085770648905,-0.07370758867363197,0.0,1.0,0.0
0.3,0.06,0.05,0.3,0.29,"(0.3, 0.06, 0.05, 0.3, 0.29)",0.1,0.05224987302844997,0.0422592277518452,1.2364133423183186,0.0601580065221875,26773576.305981446,-0.09354789538048658,-0.12428743257846456,0.03276301257602573,0.0,61.0,22947709.39724823,23311392.85912452,20283572.318990983,24631663.749964427,0.6229508196721312,1.0,-0.12443748427708758,-0.07283638714055324,0.0,1.0,0.0
0.3,0.13,0.05,0.26,0.26,"(0.3, 0.13, 0.05, 0.26, 0.26)",0.07999999999999999,0.05465545581024123,0.04779232976891858,1.143603085986949,0.0601580065221875,27405931.47668502,-0.11235189970516368,-0.14783131836381885,0.03476829559756164,0.0,61.0,22961676.153548285,23236910.6813492,20561585.034136534,24580942.309355862,0.6065573770491803,1.0,-0.14882804737021982,-0.06684920646074642,0.0,1.0,0.0
0.29,0.13,0.05,0.27,0.26,"(0.29, 0.13, 0.05, 0.27, 0.26)",0.1,0.0546168830866427,0.04796761010588173,1.1386200597879201,0.0601580065221875,27395148.095750775,-0.11287655714550127,-0.14872280978885336,0.034947723498723146,0.0,61.0,22952743.16771486,23231370.088961802,20571767.876532964,24587146.439404003,0.6065573770491803,1.0,-0.14971432067076862,-0.0668079902648901,0.0,1.0,0.0
0.3,0.13,0.05,0.27,0.25,"(0.3, 0.13, 0.05, 0.27, 0.25)",0.1,0.05454288371958338,0.04759062849902159,1.1460845431092535,0.0601580065221875,27376876.68405516,-0.11151808440078559,-0.14682753668480222,0.0345024432690798,0.0,61.0,22944396.59891104,23238499.991956864,20589967.828920852,24583715.586626586,0.6065573770491803,1.0,-0.14781516176836834,-0.06592698760660862,0.0,1.0,0.0
0.29,0.13,0.05,0.28,0.25,"(0.29, 0.13, 0.05, 0.28, 0.25)",0.12000000000000002,0.05450399593980926,0.047773035776927604,1.1408945454986645,0.0601580065221875,27366025.89222143,-0.11204360239780609,-0.14771904325770896,0.03468187117024131,0.0,61.0,22935455.363264762,23241326.5055007,20600128.28652407,24589873.90680925,0.6065573770491803,1.0,-0.14870150295659693,-0.06588677839517407,0.0,1.0,0.0
0.28,0.14,0.04,0.29,0.25,"(0.28, 0.14, 0.04, 0.29, 0.25)",0.15999999999999995,0.05438420556168233,0.04763581499467144,1.1416663190871357,0.0601580065221875,27348205.375860527,-0.11178189816673534,-0.14632108453836168,0.03474157656795466,0.0,61.0,22933811.176671255,23203212.761658933,20496405.878360804,24496192.24453527,0.6065573770491803,1.0,-0.14742340830079093,-0.06343582479658351,0.0,1.0,0.0
0.27,0.12,0.05,0.28,0.28,"(0.27, 0.12, 0.05, 0.28, 0.28)",0.09999999999999995,0.054382514378810365,0.047693154718420394,1.14025827605416,0.0601580065221875,27330426.203808673,-0.11112424991513126,-0.14674864375703245,0.03490531497851084,0.0,61.0,22960971.583141647,23275430.78119918,20597341.846465223,24604014.992093597,0.6065573770491803,1.0,-0.14759278254380076,-0.06905037554345964,0.0,1.0,0.0
0.27,0.14,0.04,0.3,0.25,"(0.27, 0.14, 0.04, 0.3, 0.25)",0.17999999999999997,0.054344942903213234,0.04782558780174819,1.1363152111896624,0.0601580065221875,27337265.331364114,-0.11230778297386135,-0.147208140950556,0.03492100446911617,0.0,61.0,22924759.428206433,23183254.615496207,20506475.791444637,24502265.12163501,0.6065573770491803,1.0,-0.14830597273011692,-0.06339871266648629,0.0,1.0,0.0
0.28,0.1,0.06,0.26,0.3,"(0.28, 0.1, 0.06, 0.26, 0.3)",0.039999999999999966,0.054330883061543656,0.047489614049831264,1.1440582145926432,0.0601580065221875,27301702.450733986,-0.11033490562578496,-0.14696866020867,0.03510193950085452,0.0,61.0,22987475.850338493,23274801.81285248,20470143.746970404,24700436.706388906,0.6065573770491803,1.0,-0.1475834552175769,-0.07378131681114435,0.0,1.0,0.0
0.26,0.15,0.02,0.29,0.28,"(0.26, 0.15, 0.02, 0.29, 0.28)",0.1799999999999999,0.0540917241282135,0.04710140353998463,1.1484100273635105,0.0601580065221875,27296645.50693084,-0.1092852553014424,-0.14086160131458297,0.034691463550216864,0.0,61.0,22974687.321337298,23246574.82164525,20333136.808999974,24596915.48335801,0.6065573770491803,1.0,-0.14206662563677858,-0.06174734324123379,0.0,1.0,0.0
0.26,0.11,0.05,0.29,0.29,"(0.26, 0.11, 0.05, 0.29, 0.29)",0.09999999999999996,0.05407119940582472,0.047097786545162536,1.1480624329123261,0.0601580065221875,27246923.411365233,-0.1080075347738062,-0.14285453078765423,0.03484251132395958,0.0,61.0,22960602.850812458,23279386.170325212,20521041.294185452,24617001.79523753,0.6065573770491803,1.0,-0.14355411073063148,-0.07039960502204279,0.0,1.0,0.0
0.25,0.15,0.02,0.3,0.28,"(0.25, 0.15, 0.02, 0.3, 0.28)",0.19999999999999993,0.054053328768929765,0.04727571429420885,1.143363555176387,0.0601580065221875,27285925.42986143,-0.10981212442757216,-0.1417325176977269,0.03487089145137837,0.0,61.0,22965526.604485244,23232047.04399323,20343213.77795468,24591224.468893666,0.6065573770491803,1.0,-0.14293414327181586,-0.06171249835781587,0.0,1.0,0.0
0.28,0.11,0.05,0.28,0.28,"(0.28, 0.11, 0.05, 0.28, 0.28)",0.07999999999999995,0.054036300496745904,0.04652288369042228,1.1614993785922694,0.0601580065221875,27239591.843674958,-0.10611446162671512,-0.1400608142302355,0.03441539925934771,0.0,61.0,22961204.69574811,23283711.695665162,20558081.736508008,24607413.092648458,0.6065573770491803,1.0,-0.14076542358311556,-0.06956417327440882,0.0,1.0,0.0
0.25,0.11,0.05,0.3,0.29,"(0.25, 0.11, 0.05, 0.3, 0.29)",0.11999999999999998,0.05403244975412047,0.04727968915467639,1.1428258247923817,0.0601580065221875,27236157.535637707,-0.10853538401646956,-0.14374698413329115,0.0349657037185841,0.0,61.0,22951708.922049638,23282233.07651689,20484270.44772167,24623178.46278554,0.6065573770491803,1.0,-0.14444017405884713,-0.07035366630513552,0.0,1.0,0.0
0.27,0.15,0.02,0.29,0.27,"(0.27, 0.15, 0.02, 0.29, 0.27)",0.1799999999999999,0.054017530819596704,0.0467211095700633,1.1561696911027262,0.0601580065221875,27278396.20280218,-0.10792455847630567,-0.13900764491497952,0.03424618332057352,0.0,61.0,22966119.337645356,23224274.79171721,20351061.56733821,24580663.488248684,0.6065573770491803,1.0,-0.14020537088431254,-0.060860521008852045,0.0,1.0,0.0
0.3,0.11,0.05,0.27,0.27,"(0.3, 0.11, 0.05, 0.27, 0.27)",0.059999999999999984,0.05400076299339962,0.045954075474004714,1.1751028050590802,0.0601580065221875,27232104.43485539,-0.10421859422692148,-0.1372741031530009,0.03398828719473583,0.0,61.0,22961722.35134764,23287950.842073888,20595110.057597734,24597727.629564084,0.6065573770491803,1.0,-0.13798311475240252,-0.06872853956157983,0.0,1.0,0.0
0.27,0.11,0.05,0.29,0.28,"(0.27, 0.11, 0.05, 0.29, 0.28)",0.09999999999999991,0.05399785150051839,0.0467008020838481,1.1562510511825672,0.0601580065221875,27228902.528292388,-0.10664314741690506,-0.1409493228221457,0.034538591653972224,0.0,61.0,22952343.03603547,23286596.072370443,20521272.404415574,24613630.98957638,0.6065573770491803,1.0,-0.1416478205483804,-0.06951920901490417,0.0,1.0,0.0
0.29,0.15,0.02,0.28,0.26,"(0.29, 0.15, 0.02, 0.28, 0.26)",0.16,0.05398109414115693,0.046173067184963494,1.169103493274888,0.0601580065221875,27270711.135337286,-0.10603421130870516,-0.13628963777156713,0.033621475189768664,0.0,61.0,22966627.887046464,23216403.828039918,20358841.536807086,24569999.450406216,0.6065573770491803,1.0,-0.13748286730918743,-0.06000836554816903,0.0,1.0,0.0
0.29,0.09,0.06,0.26,0.3,"(0.29, 0.09, 0.06, 0.26, 0.3)",0.04000000000000002,0.0539793110868525,0.04642700011947634,1.1626706646550684,0.0601580065221875,27209640.83072998,-0.1069619716946757,-0.14258850290985034,0.0346120237816914,0.0,61.0,22987278.850433543,23285177.832337584,20430741.921970677,24703040.436868016,0.6065573770491803,1.0,-0.14307701363304795,-0.07427659635201221,0.0,1.0,0.0
0.26,0.15,0.02,0.3,0.27,"(0.26, 0.15, 0.02, 0.3, 0.27)",0.19999999999999993,0.05397912861169307,0.0468969878738179,1.1510148318465685,0.0601580065221875,27267680.955171235,-0.10845227362898291,-0.1398766428792017,0.034425611221735035,0.0,61.0,22956970.81980875,23209759.401402976,20361145.19660146,24574974.914733697,0.6065573770491803,1.0,-0.14107112712124467,-0.06082667496529077,0.0,1.0,0.0
0.28,0.15,0.02,0.29,0.26,"(0.28, 0.15, 0.02, 0.29, 0.26)",0.1799999999999999,0.05394299302488581,0.04634475401530766,1.1639503579427448,0.0601580065221875,27260072.663215652,-0.10656276016698873,-0.13715478431388137,0.03380090309093017,0.0,61.0,22957511.661900852,23201937.723140266,20368960.544568617,24564360.442977354,0.6065573770491803,1.0,-0.13834503317548438,-0.0599755015128495,0.0,1.0,0.0
0.3,0.15,0.02,0.28,0.25,"(0.3, 0.15, 0.02, 0.28, 0.25)",0.16,0.053906218886749624,0.04579919337958718,1.1770124080564215,0.0601580065221875,27252308.71944972,-0.10467046412032954,-0.13443979360782335,0.03317619496012532,0.0,61.0,22957968.369177975,23194017.48361443,20376708.007692806,24553643.05118604,0.6065573770491803,1.0,-0.1356252100512468,-0.05912415579423474,0.0,1.0,0.0
0.27,0.15,0.02,0.3,0.26,"(0.27, 0.15, 0.02, 0.3, 0.26)",0.19999999999999993,0.05390458400118914,0.046522210421545064,1.1586849273229114,0.0601580065221875,27249362.28176122,-0.10709132184198156,-0.13802186455944987,0.03398033099209168,0.0,61.0,22948375.354210954,23180699.152753178,20379050.82226835,24558674.32919144,0.6065573770491803,1.0,-0.13920902873192686,-0.059942652391745815,0.0,1.0,0.0
0.25,0.14,0.02,0.29,0.3,"(0.25, 0.14, 0.02, 0.29, 0.3)",0.15999999999999998,0.05389739980663588,0.04661348473107228,1.1562619726370336,0.0601580065221875,27243156.963104874,-0.10699525849446112,-0.13804195942844077,0.03443551530973205,0.0,61.0,22991912.071786158,23233749.42032945,20415509.618528303,24602520.261987973,0.6065573770491803,1.0,-0.13910661205545938,-0.06407133805198616,0.0,1.0,0.0
0.29,0.15,0.02,0.29,0.25,"(0.29, 0.15, 0.02, 0.29, 0.25)",0.17999999999999997,0.05386811095514954,0.04597243360189912,1.1717480832453526,0.0601580065221875,27241675.095263533,-0.10519986025908712,-0.1353030229657609,0.033355622861286835,0.0,61.0,22948864.36477238,23179563.787984565,20386833.676058844,24548006.48806541,0.6065573770491803,1.0,-0.13648561555596544,-0.059092286873672364,0.0,1.0,0.0
0.28,0.15,0.02,0.3,0.25,"(0.28, 0.15, 0.02, 0.3, 0.25)",0.19999999999999993,0.05382969514836322,0.04615147814140019,1.166369904414292,0.0601580065221875,27230969.616624985,-0.10572926895199075,-0.1361681861963533,0.033535050762448344,0.0,61.0,22939740.27825703,23162765.859199844,20396930.590291575,24542322.852725428,0.6065573770491803,1.0,-0.1373478511520024,-0.05906043275352671,0.0,1.0,0.0
0.26,0.14,0.02,0.29,0.29,"(0.26, 0.14, 0.02, 0.29, 0.29)",0.15999999999999998,0.053823712258895595,0.04621892247399087,1.164538448276985,0.0601580065221875,27225064.941102386,-0.10563129994320308,-0.13618446319728075,0.033990235080088714,0.0,61.0,22983395.324155837,23202918.747280777,20433558.9427466,24586333.760473143,0.6065573770491803,1.0,-0.1372431113218247,-0.06318291524487547,0.0,1.0,0.0
0.28,0.14,0.02,0.28,0.28,"(0.28, 0.14, 0.02, 0.28, 0.28)",0.13999999999999996,0.053787405194538174,0.04566224178983954,1.1779405278018258,0.0601580065221875,27217423.757085264,-0.1037365286834726,-0.13346438855060583,0.03344014218700432,0.0,61.0,22983911.069420036,23204340.111416914,20441384.22077335,24575684.624970693,0.6065573770491803,1.0,-0.13452032253252633,-0.06233209744843261,0.0,1.0,0.0
0.25,0.14,0.02,0.3,0.29,"(0.25, 0.14, 0.02, 0.3, 0.29)",0.18,0.05378568637405956,0.046389057781870614,1.1594477005109518,0.0601580065221875,27214463.273965813,-0.10616017306238645,-0.1370519954260089,0.03416966298125022,0.0,61.0,22974290.764462296,23170610.70865817,20443721.679763835,24580695.7275549,0.6065573770491803,1.0,-0.13810691026966687,-0.06314612486405298,0.0,1.0,0.0
0.3,0.14,0.02,0.27,0.27,"(0.3, 0.14, 0.02, 0.27, 0.27)",0.12,0.05375045977528359,0.04511222663834998,1.1914831916008826,0.0601580065221875,27209627.206259668,-0.10183896773381951,-0.13075119142747216,0.033013030122392435,0.0,61.0,22984342.592422344,23205662.34452715,20449141.386763517,24564932.583454724,0.6065573770491803,1.0,-0.13180381056802762,-0.06148110287240189,0.0,1.0,0.0
0.27,0.14,0.02,0.29,0.28,"(0.27, 0.14, 0.02, 0.29, 0.28)",0.15999999999999992,0.05374968027188576,0.045828101769545077,1.172854170180903,0.0601580065221875,27206898.66664046,-0.104266237445518,-0.13432805841001577,0.033563334581628836,0.0,61.0,22974838.828049365,23175654.132413782,20451582.491105363,24570096.130141255,0.6065573770491803,1.0,-0.13538052257559802,-0.062296288651970115,0.0,1.0,0.0
0.29,0.14,0.02,0.28,0.27,"(0.29, 0.14, 0.02, 0.28, 0.27)",0.14,0.053713035834787703,0.0452736819586051,1.1864075001432162,0.0601580065221875,27199178.708017074,-0.10236951286685259,-0.13161099973624263,0.03313622251701696,0.0,61.0,22975302.70152816,23182956.728766564,20459375.180615954,24559393.611550394,0.6065573770491803,1.0,-0.1326604117440691,-0.06144627375035008,0.0,1.0,0.0
0.26,0.14,0.02,0.3,0.28,"(0.26, 0.14, 0.02, 0.3, 0.28)",0.17999999999999994,0.0537116475307422,0.04599983961516289,1.167648582692825,0.0601580065221875,27196301.74545572,-0.10479595906195072,-0.13519366904920485,0.03372438275160688,0.0,61.0,22965746.4515392,23173721.52639232,20461751.96349668,24564460.506971,0.6065573770491803,1.0,-0.13624255829376708,-0.06226049552990599,0.0,1.0,0.0
0.3,0.12,0.04,0.29,0.25,"(0.3, 0.12, 0.04, 0.29, 0.25)",0.11999999999999997,0.053697679684765465,0.04513504639736723,1.1897114098878538,0.0601580065221875,27168132.48039125,-0.10174804715535757,-0.13305581030911434,0.03330174695322901,0.0,61.0,22934543.750596445,23213271.49665893,20682929.159168575,24503748.569092184,0.6065573770491803,1.0,-0.13386640727555318,-0.06450169242439212,0.0,1.0,0.0
0.26,0.1,0.05,0.3,0.29,"(0.26, 0.1, 0.05, 0.3, 0.29)",0.09999999999999998,0.053683401278034726,0.04616001718775891,1.1629848632784072,0.0601580065221875,27144910.34567937,-0.10400475855858149,-0.13774956035272198,0.03447578799942097,0.0,61.0,22951707.11239937,23312059.41061188,20444899.86020923,24626109.591458686,0.6065573770491803,1.0,-0.13832524775376584,-0.07085924675721696,0.0,1.0,0.0
0.28,0.14,0.02,0.29,0.27,"(0.28, 0.14, 0.02, 0.29, 0.27)",0.15999999999999992,0.05367530405633114,0.045441119156584525,1.1812055920403859,0.0601580065221875,27188658.345413312,-0.1029000708863933,-0.13247274853489321,0.03325941491164147,0.0,61.0,22966242.6539278,23181060.647671852,20469580.19857826,24553807.511083115,0.6065573770491803,1.0,-0.13351884887136933,-0.061411460413657956,0.0,1.0,0.0
0.29,0.12,0.04,0.3,0.25,"(0.29, 0.12, 0.04, 0.3, 0.25)",0.13999999999999999,0.05365914297035901,0.04532027321329979,1.1839986647435319,0.0601580065221875,27157440.097993594,-0.1022796402326327,-0.1339321203835352,0.03342493934785353,0.0,61.0,22925627.94320522,23213487.233835448,20645878.228581294,24509917.440993756,0.6065573770491803,1.0,-0.13473788086162633,-0.06446273311536573,0.0,1.0,0.0
0.28,0.1,0.05,0.29,0.28,"(0.28, 0.1, 0.05, 0.29, 0.28)",0.0799999999999999,0.053648256127502014,0.04557833085620986,1.177056182613424,0.0601580065221875,27137540.682322808,-0.10192326607375568,-0.13468674065550706,0.0340486759348091,0.0,61.0,22952244.943230905,23312075.05675248,20481729.991510026,24616459.827852935,0.6065573770491803,1.0,-0.1352682033981714,-0.07002764211730121,0.0,1.0,0.0
0.3,0.14,0.02,0.28,0.26,"(0.3, 0.14, 0.02, 0.28, 0.26)",0.14,0.0536383224244632,0.044889046683619975,1.1949089229385628,0.0601580065221875,27180859.78216387,-0.10100139237728734,-0.1297587085937098,0.0328323028470296,0.0,61.0,22966654.71527472,23188314.975356806,20477340.246653482,24543051.731133822,0.6065573770491803,1.0,-0.13080141833000733,-0.0605622524384345,0.0,1.0,0.0
0.3,0.1,0.05,0.28,0.27,"(0.3, 0.1, 0.05, 0.28, 0.27)",0.06,0.05361247297567773,0.04500269366250381,1.1913169771068075,0.0601580065221875,27130015.88054928,-0.10029767119978039,-0.1322379688132163,0.03362156387019721,0.0,61.0,22952698.66022034,23303865.41609769,20518547.827995606,24606713.38634298,0.6065573770491803,1.0,-0.13282317276679725,-0.06919583892297021,0.0,1.0,0.0
0.29,0.14,0.02,0.29,0.26,"(0.29, 0.14, 0.02, 0.29, 0.26)",0.15999999999999998,0.053600583822686954,0.04505807352590852,1.1895888933615075,0.0601580065221875,27170344.18349359,-0.10153280015115729,-0.13061853703519952,0.032955495241654115,0.0,61.0,22957606.87233555,23186414.83669752,20487552.000235002,24537468.043522935,0.6065573770491803,1.0,-0.13165809326034764,-0.060528432649306955,0.0,1.0,0.0
0.27,0.13,0.02,0.28,0.3,"(0.27, 0.13, 0.02, 0.28, 0.3)",0.12,0.05358932342856759,0.045240045833864664,1.1845550206859656,0.0601580065221875,27163147.036081713,-0.1014353708684882,-0.13062675191365142,0.033558065807815916,0.0,61.0,23000749.12682409,23264008.208579257,20523823.144260004,24580742.92589994,0.6065573770491803,1.0,-0.13155012569275767,-0.06465053760593012,0.0,1.0,0.0
0.29,0.08,0.06,0.27,0.3,"(0.29, 0.08, 0.06, 0.27, 0.3)",0.060000000000000026,0.05358666552108149,0.04557962941450188,1.1756713735814632,0.0601580065221875,27106576.18650252,-0.10475538071918533,-0.13994887458744934,0.03424530045715278,0.0,61.0,22978043.258593194,23299205.50864924,20354563.049155734,24711428.969144944,0.6065573770491803,1.0,-0.14031506521033082,-0.07471566148385798,0.0,1.0,0.0
0.26,0.13,0.02,0.29,0.3,"(0.26, 0.13, 0.02, 0.29, 0.3)",0.13999999999999996,0.053551974435917415,0.045399634675071736,1.1795684000365319,0.0601580065221875,27152735.27358857,-0.10196624096886553,-0.13148891227070303,0.033681258202440424,0.0,61.0,22991721.049236424,23231699.95303384,20534100.887893185,24575205.063635767,0.6065573770491803,1.0,-0.1324083303690203,-0.06461179865906988,0.0,1.0,0.0
0.28,0.13,0.02,0.28,0.29,"(0.28, 0.13, 0.02, 0.28, 0.29)",0.12,0.053515459823568756,0.044837257629418176,1.1935489067122769,0.0601580065221875,27145059.515321385,-0.10006508212915632,-0.128769830567654,0.03325414613782855,0.0,61.0,22992192.10900988,23233083.45381043,20541938.857154317,24564517.668217167,0.6065573770491803,1.0,-0.12968797743621613,-0.06376312696082496,0.0,1.0,0.0
0.3,0.13,0.02,0.27,0.28,"(0.3, 0.13, 0.02, 0.27, 0.28)",0.09999999999999998,0.053478307251249246,0.04428152720043377,1.207688863330924,0.0601580065221875,27137228.884032447,-0.09849705709673418,-0.1264890389251117,0.03282703407321667,0.0,61.0,22992578.942026056,23234367.739947665,20549708.412525233,24553727.505201392,0.6065573770491803,1.0,-0.12740187136854852,-0.06291427789646842,0.0,1.0,0.0
0.27,0.13,0.02,0.29,0.29,"(0.27, 0.13, 0.02, 0.29, 0.29)",0.13999999999999996,0.05347810393497565,0.04499843551607761,1.1884436274649663,0.0601580065221875,27134652.361734968,-0.10059680346648536,-0.12963006599762064,0.03337733853245307,0.0,61.0,22983176.198219437,23201361.273818057,20552223.43600182,24558982.150620397,0.6065573770491803,1.0,-0.13054441665442204,-0.0637253837817183,0.0,1.0,0.0
0.27,0.09,0.05,0.29,0.3,"(0.27, 0.09, 0.05, 0.29, 0.3)",0.07999999999999996,0.053442009968741155,0.04533042159906295,1.1789435898351734,0.0601580065221875,27081466.15212193,-0.10203350779789488,-0.13518080250966508,0.03416659955562069,0.0,61.0,22968340.189408503,23315510.382008094,20441540.043336477,24625572.66552314,0.6065573770491803,1.0,-0.1356451175677377,-0.07228620791653047,0.0,1.0,0.0
0.29,0.13,0.02,0.28,0.28,"(0.29, 0.13, 0.02, 0.28, 0.28)",0.12,0.05344125221521323,0.04443818040450793,1.202597670038533,0.0601580065221875,27126898.102659646,-0.09874073902851999,-0.12697450951322933,0.03295022646784119,0.0,61.0,22983595.41703412,23208639.070970833,20560028.681806907,24548241.465745706,0.6065573770491803,1.0,-0.12788129418996577,-0.0628775121713496,0.0,1.0,0.0
0.26,0.13,0.02,0.3,0.29,"(0.26, 0.13, 0.02, 0.3, 0.29)",0.15999999999999998,0.053440440349652896,0.04516563375352204,1.1832102399202045,0.0601580065221875,27124173.513559915,-0.10112853743187156,-0.13049224941490445,0.03350053092707758,0.0,61.0,22974140.100711484,23199468.005913835,20562479.125269193,24553399.517928038,0.6065573770491803,1.0,-0.13140269788884393,-0.06368765690793635,0.0,1.0,0.0
0.29,0.09,0.05,0.28,0.29,"(0.29, 0.09, 0.05, 0.28, 0.29)",0.06000000000000005,0.053406355919955795,0.04474893062855825,1.1934666408737034,0.0601580065221875,27073985.59885629,-0.10045335825260182,-0.13278550663636665,0.03373948749100881,0.0,61.0,22968801.288273,23321279.614773095,20478286.36689607,24615835.310711388,0.6065573770491803,1.0,-0.1332594869037817,-0.07145572142433045,0.0,1.0,0.0
0.28,0.13,0.02,0.29,0.28,"(0.28, 0.13, 0.02, 0.29, 0.28)",0.1399999999999999,0.053403889463082166,0.044600962438262996,1.197370786269562,0.0601580065221875,27116495.59379549,-0.09922625932189622,-0.1277723137390121,0.0330734188624657,0.0,61.0,22974591.683922525,23206782.367962275,20570320.083813734,24542708.311225764,0.6065573770491803,1.0,-0.12868141597151073,-0.0628407628604571,0.0,1.0,0.0
0.28,0.09,0.05,0.29,0.29,"(0.28, 0.09, 0.05, 0.29, 0.29)",0.07999999999999996,0.053368638361229515,0.044918563285942466,1.1881198875728858,0.0601580065221875,27063538.299145766,-0.10071675632437393,-0.1333173020037158,0.03386267988563332,0.0,61.0,22960063.906724,23324309.33220897,20441695.834231026,24622151.0458292,0.6065573770491803,1.0,-0.1337831080850313,-0.07140801717970706,0.0,1.0,0.0
0.3,0.13,0.02,0.28,0.27,"(0.3, 0.13, 0.02, 0.28, 0.27)",0.12,0.05336670081346706,0.04404291503591127,1.2116977445737518,0.0601580065221875,27108663.00324312,-0.09758560772678648,-0.12539906113123914,0.03264630679785383,0.0,61.0,22974959.121418696,23214011.88078179,20578092.553021282,24531914.458472453,0.6065573770491803,1.0,-0.12630214583818264,-0.06199369535983706,0.0,1.0,0.0
0.27,0.13,0.02,0.3,0.28,"(0.27, 0.13, 0.02, 0.3, 0.28)",0.15999999999999992,0.05336621904623673,0.04476980644887822,1.1920136198751403,0.0601580065221875,27106021.444582514,-0.09975884475830721,-0.12863257309874002,0.03319661125709022,0.0,61.0,22965567.764547408,23204885.038932916,20580582.571936242,24537128.07558457,0.6065573770491803,1.0,-0.12953793286498305,-0.0628040297483034,0.0,1.0,0.0
0.3,0.09,0.05,0.28,0.28,"(0.3, 0.09, 0.05, 0.28, 0.28)",0.06,0.05333264710521335,0.04433888624442544,1.2028413797136968,0.0601580065221875,27055979.20980222,-0.09913521351450816,-0.13092619883870127,0.03343556782102145,0.0,61.0,22960473.23826203,23330032.577611454,20478391.799652815,24612358.227680936,0.6065573770491803,1.0,-0.1314013465333786,-0.07057829994928774,0.0,1.0,0.0
0.29,0.13,0.02,0.29,0.27,"(0.29, 0.13, 0.02, 0.29, 0.27)",0.13999999999999996,0.053329331230079546,0.04420731594661939,1.2063462820152902,0.0601580065221875,27098265.17482107,-0.09785460842015903,-0.12591565896695128,0.032769499192478346,0.0,61.0,22965967.57676456,23212151.12848423,20588390.766100585,24526383.68537685,0.6065573770491803,1.0,-0.12681933137700271,-0.061957938013530646,0.0,1.0,0.0
0.3,0.11,0.04,0.3,0.25,"(0.3, 0.11, 0.04, 0.3, 0.25)",0.11999999999999997,0.05331062599107428,0.04413937794402227,1.20777927724045,0.0601580065221875,27066546.995605923,-0.09748576623974947,-0.12758988206065405,0.0329350236286904,0.0,61.0,22925465.002769914,23228644.628716696,20605915.048684083,24512821.847145237,0.6065573770491803,1.0,-0.1282606337278895,-0.06498809956865945,0.0,1.0,0.0
0.28,0.13,0.02,0.3,0.27,"(0.28, 0.13, 0.02, 0.3, 0.27)",0.15999999999999992,0.05329165401400848,0.04437782044944162,1.2008623558861378,0.0601580065221875,27087795.760463122,-0.09838804582554228,-0.12677399497066336,0.03289269158710286,0.0,61.0,22956955.846325744,23210249.74361917,20598660.041023172,24520805.865210384,0.6065573770491803,1.0,-0.12767408464623967,-0.06192219675866059,0.0,1.0,0.0
0.3,0.13,0.02,0.29,0.26,"(0.3, 0.13, 0.02, 0.29, 0.26)",0.13999999999999996,0.05325442944554215,0.043817599172584126,1.2153662101793674,0.0601580065221875,27079961.310237747,-0.09667462790123493,-0.1243079856184034,0.03246557952249098,0.0,61.0,22957303.94724712,23217467.543505363,20606435.41773039,24510008.41313087,0.6065573770491803,1.0,-0.12520135533219637,-0.061076911338255636,0.0,1.0,0.0
0.28,0.12,0.02,0.28,0.3,"(0.28, 0.12, 0.02, 0.28, 0.3)",0.09999999999999998,0.05323979341816232,0.04407959247693611,1.207810472522384,0.0601580065221875,27071953.991261568,-0.09736540996884124,-0.12532220971148378,0.033068150088652784,0.0,61.0,23000090.40454125,23261292.46985039,20642610.462697234,24552805.15783566,0.6065573770491803,1.0,-0.1261117972993946,-0.06518741006271561,0.0,1.0,0.0
0.3,0.07,0.06,0.27,0.3,"(0.3, 0.07, 0.06, 0.27, 0.3)",0.06000000000000001,0.05322798466459622,0.04462892991992436,1.192678936288653,0.0601580065221875,27013363.947572432,-0.10228733105744625,-0.13675707275338822,0.033755384737989655,0.0,61.0,22977114.5418512,23319494.918831527,20314498.82870857,24712842.00475212,0.6065573770491803,1.0,-0.13701439328498724,-0.07520100023693177,0.0,1.0,0.0
0.29,0.13,0.02,0.3,0.26,"(0.29, 0.13, 0.02, 0.3, 0.26)",0.15999999999999998,0.05321674546242061,0.04398977844313233,1.2097525231052577,0.0601580065221875,27069496.666531797,-0.09701614051880614,-0.12491651850121241,0.0325887719171155,0.0,61.0,22948304.4164453,23189603.55242435,20616711.467366308,24504433.026800767,0.6065573770491803,1.0,-0.12581115628843362,-0.061042160032270684,0.0,1.0,0.0
0.27,0.12,0.02,0.29,0.3,"(0.27, 0.12, 0.02, 0.29, 0.3)",0.11999999999999994,0.05320280625003582,0.04423567497780841,1.202712658430688,0.0601580065221875,27061664.508792304,-0.09760973651374905,-0.125807672424203,0.0331913424832773,0.0,61.0,22991130.959160756,23229032.438880306,20652981.722355314,24547322.653142765,0.6065573770491803,1.0,-0.126590892894832,-0.06514774589013929,0.0,1.0,0.0
0.29,0.07,0.06,0.28,0.3,"(0.29, 0.07, 0.06, 0.28, 0.3)",0.08000000000000003,0.05319070339012599,0.044789861085333366,1.187561249381582,0.0601580065221875,27003053.363602545,-0.10255009624997258,-0.137297690982117,0.03387857713261417,0.0,61.0,22968523.668530654,23307097.627797835,20278253.790671848,24719250.139057826,0.6065573770491803,1.0,-0.13754576366460033,-0.07514850247090765,0.0,1.0,0.0
0.29,0.12,0.02,0.28,0.29,"(0.29, 0.12, 0.02, 0.28, 0.29)",0.10000000000000003,0.0531657477249603,0.04367022935583411,1.2174368788346572,0.0601580065221875,27053876.541704763,-0.09620852694405269,-0.12374459954296052,0.03276423041866542,0.0,61.0,22991505.54695236,23233854.863255855,20660799.359817766,24536544.11869403,0.6065573770491803,1.0,-0.12453163208309416,-0.06430202025035064,0.0,1.0,0.0
0.26,0.12,0.02,0.3,0.3,"(0.26, 0.12, 0.02, 0.3, 0.3)",0.13999999999999996,0.05316551150754267,0.04439791836163904,1.197477572585454,0.0601580065221875,27051303.470716357,-0.09785423392905446,-0.12629428118195324,0.033314534877901814,0.0,61.0,22982151.276093733,23224748.129509818,20663324.00114162,24541793.0477647,0.6065573770491803,1.0,-0.12707107586882782,-0.06510809863773485,0.0,1.0,0.0
0.28,0.08,0.05,0.29,0.3,"(0.28, 0.08, 0.05, 0.29, 0.3)",0.07999999999999995,0.053085309831929495,0.04433127413532348,1.1974686238406744,0.0601580065221875,26988807.322975386,-0.09955775317210702,-0.1320041497755326,0.033676683836457555,0.0,61.0,22967499.742857877,23330253.166483585,20401351.356574815,24627275.902944524,0.6065573770491803,1.0,-0.1323604155012036,-0.07278163936472064,0.0,1.0,0.0
0.3,0.08,0.05,0.28,0.29,"(0.3, 0.08, 0.05, 0.28, 0.29)",0.06000000000000004,0.05304911095318188,0.04374840208126388,1.2125953961619367,0.0601580065221875,26981214.5380657,-0.09797475269018041,-0.12961059914232148,0.03324957177184568,0.0,61.0,22967864.715095647,23335952.032092787,20437925.151610762,24617436.959764995,0.6065573770491803,1.0,-0.12997780536464187,-0.07195401077430737,0.0,1.0,0.0
0.3,0.1,0.04,0.3,0.26,"(0.3, 0.1, 0.04, 0.3, 0.26)",0.09999999999999998,0.0530333521942401,0.043406425480240755,1.221785751936235,0.0601580065221875,26993278.364236563,-0.09495433451877155,-0.12430106381456761,0.03274902757951463,0.0,61.0,22933425.565801363,23238617.57551818,20565622.371400245,24518787.115517683,0.6065573770491803,1.0,-0.12485750305468879,-0.0663812230407428,0.0,1.0,0.0
0.28,0.08,0.05,0.3,0.29,"(0.28, 0.08, 0.05, 0.3, 0.29)",0.09999999999999996,0.05297409209231074,0.044086032640346925,1.201607151282413,0.0601580065221875,26960494.157943588,-0.09850370582493206,-0.1306702389833,0.03349595656109472,0.0,61.0,22950506.05833824,23342039.325823054,20364999.52096028,24630120.033207428,0.6065573770491803,1.0,-0.13102073695082653,-0.07185689478694482,0.0,1.0,0.0
0.3,0.08,0.05,0.29,0.28,"(0.3, 0.08, 0.05, 0.29, 0.28)",0.07999999999999995,0.05293785671856699,0.043500547434873534,1.216946908491725,0.0601580065221875,26952899.124226484,-0.0969195832530454,-0.12827730314472194,0.033068844496482834,0.0,61.0,22950851.757026426,23347727.920688625,20401485.461050037,24620266.804996133,0.6065573770491803,1.0,-0.12863862909413873,-0.07103099938361575,0.0,1.0,0.0
0.29,0.08,0.05,0.3,0.28,"(0.29, 0.08, 0.05, 0.3, 0.28)",0.09999999999999996,0.05290018672616337,0.04367422283819161,1.2112450614668744,0.0601580065221875,26942507.907340508,-0.09718464754778067,-0.1288055370842802,0.033192036891107356,0.0,61.0,22942174.143895485,23346670.79365326,20365039.817528967,24626584.332504082,0.6065573770491803,1.0,-0.12915862227714434,-0.07098343019165203,0.0,1.0,0.0
0.3,0.09,0.04,0.3,0.27,"(0.3, 0.09, 0.04, 0.3, 0.27)",0.09999999999999998,0.05275236582067566,0.04274625498696982,1.234081578298636,0.0601580065221875,26919279.99111691,-0.09274386456483752,-0.12147307387612201,0.03256303153033886,0.0,61.0,22941003.670257732,23244849.599491775,20525017.69090262,24524188.16367627,0.6065573770491803,1.0,-0.12191866160662762,-0.0677676465060001,0.0,1.0,0.0
0.29,0.07,0.05,0.3,0.29,"(0.29, 0.07, 0.05, 0.3, 0.29)",0.1,0.05261384330667185,0.04313967061703065,1.2196162500578063,0.0601580065221875,26867343.37019008,-0.09602621074830542,-0.12748253736824378,0.03304776818984503,0.0,61.0,22949307.092952613,23351199.787851065,20324475.367746692,24631200.033742756,0.6065573770491803,1.0,-0.12773052853838252,-0.07234892058425314,0.0,1.0,0.0
0.3,0.07,0.05,0.3,0.28,"(0.3, 0.07, 0.05, 0.3, 0.28)",0.09999999999999995,0.052539756244081026,0.04272295848700007,1.2297780421753342,0.0601580065221875,26849368.899210155,-0.09470527701882525,-0.12561695347446472,0.03275258227406692,0.0,61.0,22940947.672855046,23325781.159499474,20324453.26544624,24627610.51794877,0.6065573770491803,1.0,-0.12586866017072626,-0.0714774550750835,0.0,1.0,0.0
0.3,0.09,0.01,0.3,0.3,"(0.3, 0.09, 0.01, 0.3, 0.3)",0.1,0.051647880706961136,0.040030122811428676,1.2902253872729956,0.0601580065221875,26673513.379223622,-0.08215858081308292,-0.10491500224575835,0.03125295093884151,0.0,61.0,22983369.809810825,23133847.984264553,20884093.010019585,24482063.641401768,0.6065573770491803,1.0,-0.10535768461477094,-0.06482133231250818,0.0,1.0,0.0
0.3,0.11,0.06,0.24,0.29,"(0.3, 0.11, 0.06, 0.24, 0.29)",0.04000000000000001,0.054682077996149214,0.04787930181876322,1.142081774774754,0.0601580065221875,27396434.62625844,-0.1115408252875496,-0.1479154422265049,0.035041550760781255,0.0,61.0,22996745.03100818,23365571.798626296,20583053.74491793,24681337.724415284,0.5901639344262295,1.0,-0.14867434986981315,-0.07249281039138655,0.0,1.0,0.0
0.29,0.11,0.06,0.25,0.29,"(0.29, 0.11, 0.06, 0.25, 0.29)",0.04000000000000001,0.054644265131684744,0.048039228497993386,1.1374925626452816,0.0601580065221875,27385851.61150359,-0.11208419289905203,-0.14884096781244108,0.03516474315540577,0.0,61.0,22987955.099008247,23367634.222735487,20546264.99850788,24687683.00635724,0.5901639344262295,1.0,-0.1495932141343403,-0.07244466847477543,0.0,1.0,0.0
0.3,0.11,0.06,0.25,0.28,"(0.3, 0.11, 0.06, 0.25, 0.28)",0.03999999999999995,0.05457135975174765,0.047641281216984896,1.1454637314055287,0.0601580065221875,27367854.119138505,-0.11056194347768267,-0.14668835259234056,0.03486082348541841,0.0,61.0,22979775.098409258,23352140.43411902,20546571.99677969,24684398.356942333,0.5901639344262295,1.0,-0.1474386401085036,-0.07156045262982344,0.0,1.0,0.0
0.29,0.11,0.06,0.26,0.28,"(0.29, 0.11, 0.06, 0.26, 0.28)",0.05999999999999997,0.05453323164036905,0.047808386292667614,1.1406624625757935,0.0601580065221875,27357203.28795936,-0.11110631308747432,-0.14761367298840153,0.03498401588004293,0.0,61.0,22970976.65240959,23342229.366753187,20509818.478420768,24690697.717935625,0.5901639344262295,1.0,-0.14835736554245735,-0.07151331902546436,0.0,1.0,0.0
0.28,0.11,0.06,0.27,0.28,"(0.28, 0.11, 0.06, 0.27, 0.28)",0.07999999999999993,0.05449479559495529,0.047981117849805625,1.1357550227474755,0.0601580065221875,27346480.201694895,-0.11165072461571457,-0.1485411361101659,0.03510720827466745,0.0,61.0,22962157.825402245,23306879.77620738,20473101.84479304,24696953.443011202,0.5901639344262295,1.0,-0.14927811707479424,-0.0714662015218799,0.0,1.0,0.0
0.3,0.11,0.06,0.26,0.27,"(0.3, 0.11, 0.06, 0.26, 0.27)",0.05999999999999997,0.054459973287446894,0.04741555365141754,1.1485676975917534,0.0601580065221875,27339135.18237566,-0.10958348323679046,-0.1454603248923458,0.034680096210055564,0.0,61.0,22962768.425211165,23311932.87381124,20510071.972756214,24687352.535390574,0.5901639344262295,1.0,-0.14620203472763196,-0.07063184908329757,0.0,1.0,0.0
0.29,0.12,0.05,0.27,0.27,"(0.29, 0.12, 0.05, 0.27, 0.27)",0.07999999999999999,0.05434752426283995,0.047127425185778386,1.1532037672034832,0.0601580065221875,27323053.841866452,-0.10923670415301534,-0.14395783895570038,0.034478202913898956,0.0,61.0,22961585.664597604,23267401.012237094,20634542.424761422,24594432.00072641,0.5901639344262295,1.0,-0.14480524888887608,-0.06821188138579308,0.0,1.0,0.0
0.26,0.12,0.05,0.29,0.28,"(0.26, 0.12, 0.05, 0.29, 0.28)",0.11999999999999991,0.05434370272332134,0.04787383240526742,1.1351441903226878,0.0601580065221875,27319612.988249503,-0.11165008515113051,-0.14764259040615624,0.03505063106056135,0.0,61.0,22952041.97867097,23268444.035135645,20560424.532731213,24610184.855586704,0.5901639344262295,1.0,-0.14848078677398607,-0.06900630167562867,0.0,1.0,0.0
0.26,0.15,0.02,0.27,0.3,"(0.26, 0.15, 0.02, 0.27, 0.3)",0.13999999999999999,0.054314915407172926,0.04754795956955874,1.142318532674671,0.0601580065221875,27354163.362443257,-0.11095302973046484,-0.14282907567770095,0.03522316820718053,0.0,61.0,23010013.818035048,23299989.242665943,20276997.127733838,24640515.680171944,0.5901639344262295,1.0,-0.14405527307980942,-0.06360013022957287,0.0,1.0,0.0
0.28,0.12,0.05,0.28,0.27,"(0.28, 0.12, 0.05, 0.28, 0.27)",0.09999999999999995,0.05430901341075711,0.047304119546891975,1.1480821106271997,0.0601580065221875,27312317.441037316,-0.10976337320797458,-0.14484785163296263,0.03460139530852348,0.0,61.0,22952688.31463496,23260461.49500627,20597586.428130493,24600643.083920926,0.5901639344262295,1.0,-0.1456895947075844,-0.0681687840790941,0.0,1.0,0.0
0.25,0.12,0.05,0.3,0.28,"(0.25, 0.12, 0.05, 0.3, 0.28)",0.13999999999999993,0.05430458324023957,0.04806002910564036,1.1299323835379522,0.0601580065221875,27308727.774906136,-0.11217593431646544,-0.14853851388678885,0.03523005896172287,0.0,61.0,22943092.115337484,23261413.334518578,20523544.46387706,24616311.17219595,0.5901639344262295,1.0,-0.14937065603230418,-0.06896224324621612,0.0,1.0,0.0
0.3,0.1,0.06,0.25,0.29,"(0.3, 0.1, 0.06, 0.25, 0.29)",0.020000000000000004,0.05429588856340328,0.046921778291855995,1.1571575191732915,0.0601580065221875,27294324.442967676,-0.10826513517558545,-0.14388462299819166,0.034674827436242645,0.0,61.0,22988061.626966476,23279822.14760564,20507081.358971946,24690803.32314545,0.5901639344262295,1.0,-0.14450616321456164,-0.07294730256021748,0.0,1.0,0.0
0.27,0.1,0.06,0.27,0.3,"(0.27, 0.1, 0.06, 0.27, 0.3)",0.059999999999999984,0.05429282380065392,0.04765605740998439,1.1392638575527456,0.0601580065221875,27291094.039071735,-0.11087954728837757,-0.14789764064697322,0.035225131895479045,0.0,61.0,22978701.160906564,23256979.90095069,20433537.631339442,24706745.13860029,0.5901639344262295,1.0,-0.1485050513606717,-0.07373134843432655,0.0,1.0,0.0
0.28,0.15,0.02,0.26,0.29,"(0.28, 0.15, 0.02, 0.26, 0.29)",0.11999999999999997,0.05427888994115615,0.047001506437933445,1.1548329841902547,0.0601580065221875,27346562.184130784,-0.10906686277478395,-0.14010974098503817,0.034598460076375674,0.0,61.0,23010613.665051185,23301492.156019274,20284803.681320798,24629913.209641244,0.5901639344262295,1.0,-0.14133192566438268,-0.0627435953644541,0.0,1.0,0.0
0.25,0.15,0.02,0.28,0.3,"(0.25, 0.15, 0.02, 0.28, 0.3)",0.16,0.05427714996836985,0.047707850738152,1.137698494662313,0.0601580065221875,27343578.080565616,-0.11147818026380107,-0.14369996537427232,0.03540259610834204,0.0,61.0,23000868.927345354,23282874.30898559,20287117.961703815,24634914.359299116,0.5901639344262295,1.0,-0.14492265958017814,-0.06356325098898592,0.0,1.0,0.0
0.3,0.12,0.05,0.27,0.26,"(0.3, 0.12, 0.05, 0.27, 0.26)",0.07999999999999999,0.05427368510851882,0.04674052587877842,1.1611697576804687,0.0601580065221875,27304865.5564352,-0.10787387475899335,-0.14206010558264082,0.0341742832439116,0.0,61.0,22953250.466568336,23263461.465240687,20634736.334520128,24591004.49202968,0.5901639344262295,1.0,-0.14290477294080126,-0.067331065025205,0.0,1.0,0.0
0.27,0.12,0.05,0.29,0.27,"(0.27, 0.12, 0.05, 0.29, 0.27)",0.11999999999999991,0.054270194711438124,0.047486429575901705,1.1428569213588344,0.0601580065221875,27301509.00612181,-0.11029005622561383,-0.14573984092270997,0.03472458770314799,0.0,61.0,22943770.68455208,23262028.47348655,20560667.64277312,24606810.659292996,0.5901639344262295,1.0,-0.14657580590232958,-0.06812570229690729,0.0,1.0,0.0
0.29,0.1,0.06,0.26,0.29,"(0.29, 0.1, 0.06, 0.26, 0.29)",0.04000000000000002,0.05425812991152568,0.047084056140321476,1.1523673693239975,0.0601580065221875,27283792.70190233,-0.10881069571911883,-0.1448090981867212,0.034798019830867166,0.0,61.0,22979319.24224411,23248974.630302027,20470436.990912784,24697153.055561457,0.5901639344262295,1.0,-0.1454235570404213,-0.07289830773245605,0.0,1.0,0.0
0.26,0.1,0.06,0.28,0.3,"(0.26, 0.1, 0.06, 0.28, 0.3)",0.08,0.05425445674734153,0.047828149864075256,1.1343624393067566,0.0601580065221875,27280413.546096187,-0.1114242306217037,-0.14882877334468916,0.03534832429010356,0.0,61.0,22969906.061109547,23250077.401347786,20396968.232636195,24713009.926599856,0.5901639344262295,1.0,-0.1494286811602215,-0.07368139666269906,0.0,1.0,0.0
0.3,0.15,0.02,0.25,0.28,"(0.3, 0.15, 0.02, 0.25, 0.28)",0.09999999999999995,0.05424222532945766,0.046461768068175174,1.167459345280746,0.0601580065221875,27338804.740881313,-0.10717791516348785,-0.13739726506598707,0.03397375194557082,0.0,61.0,23011129.13329256,23302895.44906648,20292542.573984552,24619207.452702887,0.5901639344262295,1.0,-0.13861484295326845,-0.06188687639068046,0.0,1.0,0.0
0.27,0.15,0.02,0.27,0.29,"(0.27, 0.15, 0.02, 0.27, 0.29)",0.13999999999999999,0.0542414256308652,0.047157087161460234,1.1502285000163186,0.0601580065221875,27336053.80025095,-0.10959284467316388,-0.140976778198683,0.034777887977537184,0.0,61.0,23001501.078287106,23271680.46494853,20294959.813521612,24624361.50152901,0.5901639344262295,1.0,-0.1421957202472457,-0.06270770331508584,0.0,1.0,0.0
0.29,0.12,0.05,0.28,0.26,"(0.29, 0.12, 0.05, 0.28, 0.26)",0.1,0.054235167213730895,0.04691883125652472,1.1559360231546418,0.0601580065221875,27294133.919184104,-0.10840139235825552,-0.1429481614009465,0.03429747563853611,0.0,61.0,22944365.101764906,23266335.662210554,20597778.95822333,24597213.270592496,0.5901639344262295,1.0,-0.14378732601545607,-0.06728895804278366,0.0,1.0,0.0
0.26,0.12,0.05,0.3,0.27,"(0.26, 0.12, 0.05, 0.3, 0.27)",0.13999999999999993,0.054231068216811895,0.04767429084865778,1.137532771886815,0.0601580065221875,27290628.62760286,-0.11081675290894522,-0.14663380724319713,0.034847780097772514,0.0,61.0,22934832.795753207,23264824.651630733,20523786.110468563,24612934.694312118,0.5901639344262295,1.0,-0.14746388255426682,-0.06808263584360812,0.0,1.0,0.0
0.28,0.1,0.06,0.27,0.29,"(0.28, 0.1, 0.06, 0.27, 0.29)",0.059999999999999984,0.05422006344793284,0.04725208094332691,1.1474640347154905,0.0601580065221875,27273188.844369706,-0.1093562981144145,-0.1457357246751483,0.03492121222549168,0.0,61.0,22970556.426348064,23242119.260227196,20433829.306058735,24703459.183358565,0.5901639344262295,1.0,-0.14634298421153902,-0.0728493295894201,0.0,1.0,0.0
0.29,0.15,0.02,0.26,0.28,"(0.29, 0.15, 0.02, 0.26, 0.28)",0.11999999999999997,0.054205062167853146,0.04661291509262663,1.1628764701829915,0.0601580065221875,27328373.27069957,-0.10770472915290807,-0.13826045061138997,0.034153179846732336,0.0,61.0,23002048.882991616,23270566.40253184,20302733.994697206,24613705.342286177,0.5901639344262295,1.0,-0.1394750456569588,-0.06185196961678088,0.0,1.0,0.0
0.26,0.15,0.02,0.28,0.29,"(0.26, 0.15, 0.02, 0.28, 0.29)",0.16,0.05420365321305787,0.04731845177060354,1.1455077498273463,0.0601580065221875,27325473.16562868,-0.11011884076564116,-0.1418457477434793,0.03495731587869869,0.0,61.0,22992368.363324367,23283340.788669493,20305087.37981999,24618762.51617483,0.5901639344262295,1.0,-0.14306134311971544,-0.06267182695637291,0.0,1.0,0.0
0.28,0.12,0.05,0.29,0.26,"(0.28, 0.12, 0.05, 0.29, 0.26)",0.11999999999999991,0.05419634150400854,0.04710278590302959,1.1505973683930806,0.0601580065221875,27283330.302248582,-0.10892892365646212,-0.14383819402575285,0.03442066803316063,0.0,61.0,22935459.457055695,23269169.290371332,20560858.801275097,24603378.547939103,0.5901639344262295,1.0,-0.14467174489109155,-0.06724686647683652,0.0,1.0,0.0
0.3,0.1,0.06,0.26,0.28,"(0.3, 0.1, 0.06, 0.26, 0.28)",0.039999999999999966,0.05418503127961971,0.046681982861786084,1.160726857726852,0.0601580065221875,27265807.955803264,-0.10728494374621378,-0.14265115021539831,0.0344941001608798,0.0,61.0,22971122.53491036,23234061.94718115,20470678.46352164,24693811.215451512,0.5901639344262295,1.0,-0.14326506466552366,-0.07201704838375582,0.0,1.0,0.0
0.27,0.1,0.06,0.28,0.29,"(0.27, 0.1, 0.06, 0.28, 0.29)",0.08,0.05418168922411115,0.047425791618268306,1.14245197339501,0.0601580065221875,27262512.95926433,-0.10990194198550673,-0.1466645032892155,0.035044404620116196,0.0,61.0,22961773.20023458,23235219.9271388,20397258.34640653,24709721.673309695,0.5901639344262295,1.0,-0.14726444518537135,-0.07280036795138857,0.0,1.0,0.0
0.28,0.15,0.02,0.27,0.28,"(0.28, 0.15, 0.02, 0.27, 0.28)",0.13999999999999993,0.05416759087940659,0.04676994292426339,1.1581709853082895,0.0601580065221875,27317869.516210366,-0.10823155736910028,-0.1391255682045178,0.03433260774789384,0.0,61.0,22992948.48279661,23275519.456130095,20312896.87146734,24608155.95450132,0.5901639344262295,1.0,-0.1403370769302636,-0.061817078648835004,0.0,1.0,0.0
0.25,0.15,0.02,0.29,0.29,"(0.25, 0.15, 0.02, 0.29, 0.29)",0.17999999999999997,0.054165572739395706,0.047485541301276385,1.1406750613989476,0.0601580065221875,27314820.368887894,-0.11064485075714414,-0.14271665005325215,0.0351367437798602,0.0,61.0,22983215.54239133,23268837.64079793,20315186.334282275,24613116.287917193,0.5901639344262295,1.0,-0.14392879438382408,-0.0626359660684665,0.0,1.0,0.0
0.3,0.12,0.05,0.28,0.25,"(0.3, 0.12, 0.05, 0.28, 0.25)",0.1,0.05416097599959402,0.04653738290997859,1.16381654087344,0.0601580065221875,27275875.844912697,-0.10703830724879448,-0.14104957661884154,0.03399355596854875,0.0,61.0,22936002.013927516,23273427.569385026,20597919.459601738,24593725.602533046,0.5901639344262295,1.0,-0.1418859795912732,-0.06641089958768234,0.0,1.0,0.0
0.3,0.15,0.02,0.26,0.27,"(0.3, 0.15, 0.02, 0.26, 0.27)",0.11999999999999997,0.05413088959835388,0.04622813408185401,1.1709512112798417,0.0601580065221875,27310109.805635646,-0.10634149267339399,-0.1364122504803528,0.033707899617088984,0.0,61.0,22993444.304737434,23267599.196586393,20320638.627406057,24597446.22831147,0.5901639344262295,1.0,-0.13761907749624303,-0.06096215019942841,0.0,1.0,0.0
0.27,0.15,0.02,0.28,0.28,"(0.27, 0.15, 0.02, 0.28, 0.28)",0.15999999999999995,0.05412981151563945,0.04693279253507304,1.1533473418439366,0.0601580065221875,27307293.56542788,-0.10875839951695865,-0.1399926182929381,0.034512035649055355,0.0,61.0,22983827.954850174,23261065.652805753,20323031.158221733,24602559.32341813,0.5901639344262295,1.0,-0.14120093688831728,-0.061782203264347794,0.0,1.0,0.0
0.29,0.15,0.02,0.27,0.27,"(0.29, 0.15, 0.02, 0.27, 0.27)",0.13999999999999999,0.05409341136465673,0.04638662020436804,1.1661425455515937,0.0601580065221875,27299610.71684903,-0.10686916770352983,-0.13727544915276185,0.03388732751825049,0.0,61.0,22984356.10227245,23253194.77050313,20330808.236810017,24591899.17946731,0.5901639344262295,1.0,-0.13847934617634985,-0.060928258401811534,0.0,1.0,0.0
0.3,0.08,0.07,0.25,0.3,"(0.3, 0.08, 0.07, 0.25, 0.3)",0.04000000000000001,0.054082645468591206,0.0469074499398487,1.1529649456097815,0.0601580065221875,27223525.730081607,-0.10993463368364054,-0.14797968086535793,0.034813917077848006,0.0,61.0,22987980.34878071,23214095.68260097,20307181.310410693,24794964.2811246,0.5901639344262295,1.0,-0.14835497094377173,-0.07665054653960508,0.0,1.0,0.0
0.28,0.15,0.02,0.28,0.27,"(0.28, 0.15, 0.02, 0.28, 0.27)",0.15999999999999995,0.05405562508785122,0.04655096597895273,1.1612138212618746,0.0601580065221875,27289039.486393474,-0.10739685640283791,-0.13814058048362615,0.03406675541941201,0.0,61.0,22975247.772527907,23238753.275173716,20340949.232116442,24586304.92134497,0.5901639344262295,1.0,-0.13934144393594522,-0.060894382079725674,0.0,1.0,0.0
0.29,0.14,0.02,0.25,0.3,"(0.29, 0.14, 0.02, 0.25, 0.3)",0.08000000000000002,0.0540463964476805,0.04599792011757901,1.174974788197556,0.0601580065221875,27284862.19846479,-0.10488329478172365,-0.13458354120438007,0.03371780370508601,0.0,61.0,23028177.418438777,23316395.424161606,20374598.627544604,24624609.65471884,0.5901639344262295,1.0,-0.13566270799272467,-0.0642226572913929,0.0,1.0,0.0
0.3,0.15,0.02,0.27,0.26,"(0.3, 0.15, 0.02, 0.27, 0.26)",0.13999999999999999,0.05401888729820481,0.04600721452217952,1.1741394878875564,0.0601580065221875,27281277.609076306,-0.10550567556205215,-0.13542642449602443,0.033442047288607155,0.0,61.0,22975724.007507216,23230832.98455242,20348693.844884176,24575591.316940356,0.5901639344262295,1.0,-0.1366225310296199,-0.06004124472382582,0.0,1.0,0.0
0.28,0.14,0.02,0.26,0.3,"(0.28, 0.14, 0.02, 0.26, 0.3)",0.09999999999999998,0.054009609291640226,0.04614289882103731,1.1704858314410094,0.0601580065221875,27274544.105632555,-0.10541126460423722,-0.13544523670082725,0.033897231606247524,0.0,61.0,23019141.3630029,23291624.834481176,20384869.337528042,24619158.220090367,0.5901639344262295,1.0,-0.1365209321321518,-0.06418480289317978,0.0,1.0,0.0
0.28,0.13,0.04,0.3,0.25,"(0.28, 0.13, 0.04, 0.3, 0.25)",0.15999999999999995,0.05400391724494091,0.04655027266544526,1.16012032052024,0.0601580065221875,27247682.538386557,-0.10730416129044029,-0.14058136872045013,0.03391485506701666,0.0,61.0,22925392.77878854,23199969.809287712,20625843.0657888,24506398.61041121,0.5901639344262295,1.0,-0.14152849180042681,-0.06393292983915243,0.0,1.0,0.0
0.3,0.14,0.02,0.25,0.29,"(0.3, 0.14, 0.02, 0.25, 0.29)",0.08000000000000002,0.05397273677706216,0.045597398047192796,1.1836801898476965,0.0601580065221875,27266751.880201887,-0.1035159415978828,-0.13273373579710826,0.03337448467311813,0.0,61.0,23019611.98682256,23292839.283466566,20392620.72019956,24608413.927821703,0.5901639344262295,1.0,-0.1338062670236503,-0.06333023676884443,0.0,1.0,0.0
0.27,0.14,0.02,0.27,0.3,"(0.27, 0.14, 0.02, 0.27, 0.3)",0.12,0.05397251409855297,0.046293858279135805,1.1658677004866942,0.0601580065221875,27264153.810632095,-0.10593924869427995,-0.13630887126041327,0.03407665950740903,0.0,61.0,23010085.10537931,23274338.855602954,20395111.436934218,24613659.487191178,0.5901639344262295,1.0,-0.1373809907680367,-0.06414696503041209,0.0,1.0,0.0
0.29,0.11,0.05,0.28,0.27,"(0.29, 0.11, 0.05, 0.28, 0.27)",0.08,0.05396261467321284,0.046127887013885344,1.169847963271526,0.0601580065221875,27221491.698178977,-0.10474811729623712,-0.13815866773359747,0.034111479589360345,0.0,61.0,22952892.992416415,23282437.217557907,20558262.365321152,24603986.69999099,0.5901639344262295,1.0,-0.13886184531832568,-0.06868454791909953,0.0,1.0,0.0
0.26,0.11,0.05,0.3,0.28,"(0.26, 0.11, 0.05, 0.3, 0.28)",0.11999999999999993,0.053959094830464016,0.04688439900405954,1.1508965877069663,0.0601580065221875,27218141.40426201,-0.10717184664867874,-0.14183981582211247,0.034661784048596746,0.0,61.0,22943461.06663001,23283549.902497966,20484500.122561336,24619805.37629234,0.5901639344262295,1.0,-0.14253208945138918,-0.06947426069786855,0.0,1.0,0.0
0.29,0.14,0.02,0.26,0.29,"(0.29, 0.14, 0.02, 0.26, 0.29)",0.10000000000000003,0.05393594260360257,0.045743804069266314,1.179087391200162,0.0601580065221875,27256438.280090015,-0.10404476047340716,-0.1335935083434089,0.03349767706774264,0.0,61.0,23010588.10165757,23268095.195764698,20402898.274380293,24602964.748680603,0.5901639344262295,1.0,-0.13466272563039158,-0.06329338195425292,0.0,1.0,0.0
0.26,0.14,0.02,0.28,0.3,"(0.26, 0.14, 0.02, 0.28, 0.3)",0.14,0.05393511091973324,0.046450740181657506,1.1611248972310493,0.0601580065221875,27253691.40056686,-0.10646724675621355,-0.13717444535040918,0.03425608740857054,0.0,61.0,23001008.667611632,23266105.06301791,20405324.879363228,24608113.489810105,0.5901639344262295,1.0,-0.13824288403431925,-0.06410914348818382,0.0,1.0,0.0
0.28,0.11,0.05,0.29,0.27,"(0.28, 0.11, 0.05, 0.29, 0.27)",0.09999999999999991,0.0539241586596757,0.04630747903261351,1.1644805501439175,0.0601580065221875,27210807.117501717,-0.10527765384009036,-0.13904521647381057,0.03423467198398487,0.0,61.0,22944043.302766256,23275501.013536625,20521451.689409547,24610202.299554665,0.5901639344262295,1.0,-0.13974244814342135,-0.06864057230471861,0.0,1.0,0.0
0.27,0.09,0.06,0.28,0.3,"(0.27, 0.09, 0.06, 0.28, 0.3)",0.08,0.05390360905928815,0.04675867394796233,1.1528044854154207,0.0601580065221875,27188599.147983674,-0.10760770001553233,-0.14384510259709032,0.034858408570940434,0.0,61.0,22969845.04344676,23271511.771062553,20357781.76010587,24715709.548666555,0.5901639344262295,1.0,-0.1443191936537464,-0.07417496214827977,0.0,1.0,0.0
0.28,0.14,0.02,0.27,0.29,"(0.28, 0.14, 0.02, 0.27, 0.29)",0.12,0.05389884042518944,0.04589623360446504,1.1743630401067564,0.0601580065221875,27246052.532069217,-0.10457359335319827,-0.13445522011289104,0.03363137927776569,0.0,61.0,23001544.014817506,23267548.151996426,20413147.193797454,24597468.30518539,0.5901639344262295,1.0,-0.1355210191255332,-0.06325654357342587,0.0,1.0,0.0
0.3,0.11,0.05,0.28,0.26,"(0.3, 0.11, 0.05, 0.28, 0.26)",0.08,0.05388858409216679,0.04573663187335854,1.1782368286624259,0.0601580065221875,27203317.193645228,-0.10338066612829055,-0.13625762572757963,0.03380755991937298,0.0,61.0,22944541.428990636,23267352.903040387,20558391.092057437,24600502.483296696,0.5901639344262295,1.0,-0.1369591872456262,-0.06780668587368768,0.0,1.0,0.0
0.27,0.11,0.05,0.3,0.27,"(0.27, 0.11, 0.05, 0.3, 0.27)",0.11999999999999993,0.05388539500450751,0.04649278454385179,1.1590055431866646,0.0601580065221875,27200050.782298796,-0.10580720356101381,-0.1399337498203729,0.03435786437860938,0.0,61.0,22935173.30361645,23268520.829880737,20484678.07171516,24616374.395498086,0.5901639344262295,1.0,-0.1406249233353767,-0.0685966125257692,0.0,1.0,0.0
0.3,0.14,0.02,0.26,0.28,"(0.3, 0.14, 0.02, 0.26, 0.28)",0.09999999999999998,0.05386193137814699,0.04534841111997747,1.1877358003932144,0.0601580065221875,27238258.093753945,-0.10267715090442131,-0.1317428693366854,0.033193757397755284,0.0,61.0,23001995.058617566,23268891.822515715,20420901.471310835,24586720.09282696,0.5901639344262295,1.0,-0.1328054289732565,-0.062403762939265826,0.0,1.0,0.0
0.27,0.14,0.02,0.28,0.29,"(0.27, 0.14, 0.02, 0.28, 0.29)",0.14,0.05386143029313639,0.046054626843768307,1.1695118163882037,0.0601580065221875,27235594.72319889,-0.10510243994164536,-0.13531887157693423,0.033810807178927205,0.0,61.0,22992479.7483027,23235231.26519993,20423367.432024237,24591924.631108362,0.5901639344262295,1.0,-0.13638114764664633,-0.06321972140921549,0.0,1.0,0.0
0.29,0.11,0.05,0.29,0.26,"(0.29, 0.11, 0.05, 0.29, 0.26)",0.09999999999999996,0.053850121094416226,0.045917911480132245,1.172747613264512,0.0601580065221875,27192637.384530973,-0.1039110539257414,-0.13714221531288118,0.033930752313997496,0.0,61.0,22935703.720173698,23260419.977194272,20521579.171945367,24606715.77545924,0.5901639344262295,1.0,-0.13783799664765287,-0.0677636970392329,0.0,1.0,0.0
0.29,0.14,0.02,0.27,0.28,"(0.29, 0.14, 0.02, 0.27, 0.28)",0.12,0.05382482224710916,0.045502323952109014,1.1829027085245039,0.0601580065221875,27227876.928649295,-0.10320683307126755,-0.13260265901477924,0.0333169497923798,0.0,61.0,22992963.15360923,23236613.83972757,20431157.198728207,24581225.95720155,0.5901639344262295,1.0,-0.13366195804232048,-0.06236792213787035,0.0,1.0,0.0
0.3,0.13,0.02,0.25,0.3,"(0.3, 0.13, 0.02, 0.25, 0.3)",0.06,0.053699523520999604,0.044797778740471896,1.198709512632276,0.0601580065221875,27193950.96212684,-0.10032136287516913,-0.12866567420867728,0.03318848862394236,0.0,61.0,23027712.0174933,23244555.388470273,20492817.188015047,24597073.280213665,0.5901639344262295,1.0,-0.12959810035431593,-0.06476685502593633,0.0,1.0,0.0
0.29,0.13,0.02,0.26,0.3,"(0.29, 0.13, 0.02, 0.26, 0.3)",0.08000000000000002,0.05366309802228364,0.044939056763302516,1.1941304933241328,0.0601580065221875,27183754.966738805,-0.10056385493573694,-0.12915252347562214,0.03331168101856687,0.0,61.0,23018744.632831167,23265222.622605495,20503181.247595765,24591677.067789078,0.5901639344262295,1.0,-0.1300787784595086,-0.06472806557774771,0.0,1.0,0.0
0.28,0.13,0.02,0.27,0.3,"(0.28, 0.13, 0.02, 0.27, 0.3)",0.09999999999999998,0.053626364641104596,0.0450864992183391,1.1894107010040795,0.0601580065221875,27173486.9626883,-0.10090451395620226,-0.12976653889653067,0.033434873413191395,0.0,61.0,23009756.995322358,23285868.36310197,20513516.581937984,24586233.605193038,0.5901639344262295,1.0,-0.13069376248874992,-0.06468929317501394,0.0,1.0,0.0
0.27,0.1,0.05,0.3,0.28,"(0.27, 0.1, 0.05, 0.3, 0.28)",0.09999999999999992,0.0536098619786598,0.04575899457554746,1.1715699279657612,0.0601580065221875,27126903.260248583,-0.10247404377841973,-0.13560097158903173,0.03417186832943361,0.0,61.0,22943430.98219849,23305139.049750887,20445066.047575973,24622682.10862559,0.5901639344262295,1.0,-0.13617593702369826,-0.06998181203167203,0.0,1.0,0.0
0.3,0.13,0.02,0.26,0.29,"(0.3, 0.13, 0.02, 0.26, 0.29)",0.08000000000000002,0.0535892483051752,0.04453322193908739,1.2033543941301768,0.0601580065221875,27165658.390540663,-0.0994089756125196,-0.12757791220987072,0.03300776134857951,0.0,61.0,23010163.282883283,23274489.27888383,20521283.21716219,24575447.222534113,0.5901639344262295,1.0,-0.12850052513307644,-0.06383866308846904,0.0,1.0,0.0
0.29,0.13,0.02,0.27,0.29,"(0.29, 0.13, 0.02, 0.27, 0.29)",0.10000000000000003,0.05355250796404931,0.044682165243572936,1.1985208790156445,0.0601580065221875,27155394.887131814,-0.09965206265210114,-0.12806407123271563,0.03313095374320403,0.0,61.0,23001187.81118337,23265352.82204596,20531625.43530914,24570006.036758136,0.5901639344262295,1.0,-0.12898057459927537,-0.06380088665852406,0.0,1.0,0.0
0.28,0.08,0.06,0.28,0.3,"(0.28, 0.08, 0.06, 0.28, 0.3)",0.07999999999999999,0.053549022615701825,0.045744655442789425,1.1706071910995797,0.0601580065221875,27096142.70761114,-0.10501717640604191,-0.14049214238034147,0.0343684928517773,0.0,61.0,22969384.201650172,23292398.130122393,20318209.352726668,24717789.50539342,0.5901639344262295,1.0,-0.1408492356939585,-0.07466400425083293,0.0,1.0,0.0
0.3,0.08,0.06,0.27,0.29,"(0.3, 0.08, 0.06, 0.27, 0.29)",0.060000000000000026,0.05351353493791344,0.04516506428577087,1.1848435463153484,0.0601580065221875,27088689.18388685,-0.10344134299880836,-0.13807036732403025,0.03394138078716542,0.0,61.0,22969841.91528384,23284213.363407105,20354727.919442672,24708033.641775735,0.5901639344262295,1.0,-0.13843967405430663,-0.07383759785414466,0.0,1.0,0.0
0.26,0.09,0.05,0.3,0.3,"(0.26, 0.09, 0.05, 0.3, 0.3)",0.09999999999999998,0.05340399201192181,0.04550427406661304,1.1736038670509168,0.0601580065221875,27070942.752496824,-0.10229663452388593,-0.13571617571980155,0.03428979195024521,0.0,61.0,22959570.458964016,23318504.395169426,20404987.444486916,24631847.24978679,0.5901639344262295,1.0,-0.13617210399123736,-0.07223753533824595,0.0,1.0,0.0
0.29,0.12,0.02,0.27,0.3,"(0.29, 0.12, 0.02, 0.27, 0.3)",0.08000000000000002,0.05327647296074822,0.043929736527984514,1.2127655927735776,0.0601580065221875,27082171.831888717,-0.09712125443265485,-0.12483789212497427,0.03294495769402826,0.0,61.0,23009029.59047895,23293556.654933784,20632210.269105773,24558240.528180987,0.5901639344262295,1.0,-0.12563378835855155,-0.06522709136342712,0.0,1.0,0.0
0.3,0.12,0.02,0.27,0.29,"(0.3, 0.12, 0.02, 0.27, 0.29)",0.08000000000000002,0.05320243417067805,0.04351879783367817,1.2225161727584748,0.0601580065221875,27064089.874262236,-0.09596394654354334,-0.12326211350651645,0.032641038024040905,0.0,61.0,23000432.57194649,23262538.70144306,20650392.24272247,24541977.19117277,0.5901639344262295,1.0,-0.12405533383785229,-0.0643407091889872,0.0,1.0,0.0
0.3,0.06,0.06,0.28,0.3,"(0.3, 0.06, 0.06, 0.28, 0.3)",0.08000000000000003,0.05282865736802145,0.04389815545969625,1.2034368372612938,0.0601580065221875,26909340.282551773,-0.10008218989536888,-0.1340957223051358,0.033528356506422545,0.0,61.0,22967263.602502476,23267801.75819246,20237917.870934606,24720091.834689893,0.5901639344262295,1.0,-0.13423936175107687,-0.07562843676213009,0.0,1.0,0.0
0.3,0.05,0.06,0.29,0.3,"(0.3, 0.05, 0.06, 0.29, 0.3)",0.09999999999999998,0.052426024671549776,0.043231325225355575,1.212686041851926,0.0601580065221875,26804875.59382719,-0.09787838889064127,-0.13142296014299948,0.033340961184596424,0.0,61.0,22957129.359311435,23313684.175386105,20161214.057621107,24726774.307127364,0.5901639344262295,1.0,-0.13145715356837048,-0.07604965188607449,0.0,1.0,0.0
0.3,0.1,0.01,0.3,0.29,"(0.3, 0.1, 0.01, 0.3, 0.29)",0.1,0.051935504724182735,0.04057170090920254,1.2800918758720967,0.0601580065221875,26748570.679172363,-0.08471758371022176,-0.10816358210300944,0.0312425206368827,0.0,61.0,22976794.941552497,23125307.404316254,20923661.497742277,24495618.317428987,0.5901639344262295,1.0,-0.10870471594178739,-0.06341304240108861,0.0,1.0,0.0
0.28,0.13,0.05,0.29,0.25,"(0.28, 0.13, 0.05, 0.29, 0.25)",0.13999999999999993,0.05446480022411904,0.04796096037456133,1.1356069561319162,0.0601580065221875,27355102.987881895,-0.11256913431668247,-0.14861251924387595,0.03486129907140282,0.0,61.0,22926493.899132207,23244112.461397175,20599949.21297523,24595988.696505878,0.5737704918032787,1.0,-0.1495897034413827,-0.06584658397276637,0.0,1.0,0.0
0.29,0.11,0.06,0.27,0.27,"(0.29, 0.11, 0.06, 0.27, 0.27)",0.07999999999999999,0.054421530079044045,0.047589862826724345,1.1435529931488548,0.0601580065221875,27328416.769491687,-0.11012885483093704,-0.14638544210693427,0.034803288604680085,0.0,61.0,22953961.49764492,23273772.879113797,20473353.841052946,24693605.944943033,0.5737704918032787,1.0,-0.14712062351270538,-0.0705857215577753,0.0,1.0,0.0
0.28,0.15,0.02,0.25,0.3,"(0.28, 0.15, 0.02, 0.25, 0.3)",0.09999999999999995,0.054389521814158126,0.047245471449254756,1.1512113255675018,0.0601580065221875,27375116.92304675,-0.109902772328347,-0.14109309234329168,0.0348643124048575,0.0,61.0,23028243.191320755,23304501.48376751,20256669.88054063,24651576.35448733,0.5737704918032787,1.0,-0.14232598365337898,-0.0636739363200946,0.0,1.0,0.0
0.27,0.15,0.02,0.26,0.3,"(0.27, 0.15, 0.02, 0.26, 0.3)",0.11999999999999997,0.054352372706277574,0.04739381439278665,1.1468241879798984,0.0601580065221875,27364676.339304775,-0.11042789365359307,-0.1419601181471621,0.03504374030601902,0.0,61.0,23019138.580103368,23317515.80484143,20266847.752006263,24646069.689935874,0.5737704918032787,1.0,-0.14318971447350373,-0.0636370252672734,0.0,1.0,0.0
0.29,0.15,0.02,0.25,0.29,"(0.29, 0.15, 0.02, 0.25, 0.29)",0.1,0.05431604609240637,0.04685176721972778,1.1593169119463997,0.0601580065221875,27356998.229209103,-0.10854089536563538,-0.13924463565907916,0.034419032175214165,0.0,61.0,23019706.101430446,23309316.72886838,20274619.029263988,24635417.606424745,0.5737704918032787,1.0,-0.14046995925961703,-0.06277950332473281,0.0,1.0,0.0
0.27,0.12,0.05,0.3,0.26,"(0.27, 0.12, 0.05, 0.3, 0.26)",0.13999999999999993,0.0541572080312791,0.04729232389584977,1.145158528275067,0.0601580065221875,27272454.796065114,-0.10945646835665224,-0.14473020387951824,0.03454386042778515,0.0,61.0,22926533.553802513,23271107.8389222,20523975.905426897,24609500.2915528,0.5737704918032787,1.0,-0.14555802965256426,-0.06720479012952538,0.0,1.0,0.0
0.29,0.1,0.06,0.27,0.28,"(0.29, 0.1, 0.06, 0.27, 0.28)",0.059999999999999984,0.05414695764684563,0.04685160381828823,1.1557119337227406,0.0601580065221875,27255208.689356074,-0.10783150762616278,-0.1435754242233754,0.034617292555504324,0.0,61.0,22962371.603434157,23227209.73330043,20434069.30877262,24700115.028674357,0.5737704918032787,1.0,-0.14418232431309133,-0.07196905863468783,0.0,1.0,0.0
0.26,0.1,0.06,0.29,0.29,"(0.26, 0.1, 0.06, 0.29, 0.29)",0.09999999999999996,0.05414300729168753,0.04760512592210018,1.1373356596154325,0.0601580065221875,27251765.136042822,-0.11044762695645827,-0.14759543484473664,0.03516759701474071,0.0,61.0,22952969.58490443,23228276.671696223,20360724.15370343,24715940.49240548,0.5737704918032787,1.0,-0.14818794040957775,-0.0727514226389815,0.0,1.0,0.0
0.29,0.12,0.05,0.29,0.25,"(0.29, 0.12, 0.05, 0.29, 0.25)",0.11999999999999997,0.05412214331276988,0.04672299398632697,1.158362054636486,0.0601580065221875,27265077.083194304,-0.10756668732632502,-0.1419376532766368,0.03411674836317327,0.0,61.0,22927108.36547536,23276162.865252037,20560998.03103838,24599888.57194252,0.5737704918032787,1.0,-0.14276860686665216,-0.0663697963644231,0.0,1.0,0.0
0.28,0.1,0.06,0.28,0.28,"(0.28, 0.1, 0.06, 0.28, 0.28)",0.07999999999999995,0.05410857628605159,0.04702694741399347,1.150586616003719,0.0601580065221875,27244537.449252453,-0.10837811278693676,-0.14450185022276496,0.03474048495012884,0.0,61.0,22953600.261913363,23220313.587528456,20397496.887374986,24706375.210506275,0.5737704918032787,1.0,-0.1451016179097481,-0.07192108528968526,0.0,1.0,0.0
0.25,0.1,0.06,0.3,0.29,"(0.25, 0.1, 0.06, 0.3, 0.29)",0.11999999999999998,0.054104017702427454,0.04779002054606735,1.132119574007584,0.0601580065221875,27240945.464722432,-0.11099335265136079,-0.14852852014757278,0.03529078940936523,0.0,61.0,22944145.60140293,23221289.534790244,20324226.76944744,24722115.607854497,0.5737704918032787,1.0,-0.14911347032200958,-0.07270249347316578,0.0,1.0,0.0
0.3,0.14,0.02,0.24,0.3,"(0.3, 0.14, 0.02, 0.24, 0.3)",0.08000000000000002,0.05408287551549851,0.04585897889151904,1.1793301295136416,0.0601580065221875,27295108.00259103,-0.10435533952244158,-0.13372378429417706,0.03355521194848097,0.0,61.0,23037193.249685742,23318008.06945888,20364299.353496186,24630013.757539667,0.5737704918032787,1.0,-0.13480631820635106,-0.06426052844034591,0.0,1.0,0.0
0.3,0.1,0.06,0.27,0.27,"(0.3, 0.1, 0.06, 0.27, 0.27)",0.059999999999999984,0.05407350660925814,0.04645471653639804,1.1640046617632605,0.0601580065221875,27237153.77918011,-0.10630517536420381,-0.14141674244150126,0.03431337288551696,0.0,61.0,22954146.760990944,23212251.45032962,20434257.661880482,24696712.72461723,0.5737704918032787,1.0,-0.14202307436879083,-0.07109053775619695,0.0,1.0,0.0
0.27,0.1,0.06,0.29,0.28,"(0.27, 0.1, 0.06, 0.29, 0.28)",0.09999999999999991,0.05406988724886275,0.047207949882473094,1.1453555467558503,0.0601580065221875,27233794.324903864,-0.1089247588524539,-0.14543042903386097,0.034863677344753354,0.0,61.0,22944808.53130658,23213373.550503142,20360961.241048597,24712591.727951836,0.5737704918032787,1.0,-0.14602294590715154,-0.0718731281671493,0.0,1.0,0.0
0.29,0.1,0.06,0.28,0.27,"(0.29, 0.1, 0.06, 0.28, 0.27)",0.08,0.05403511814490258,0.04663170741885544,1.158763449503322,0.0601580065221875,27226487.221111987,-0.10685274256644561,-0.1423408172980311,0.034436565280141475,0.0,61.0,22945387.314869843,23205358.512609556,20397683.87788534,24702970.588251907,0.5737704918032787,1.0,-0.14294020203862007,-0.0710435508594695,0.0,1.0,0.0
0.28,0.09,0.06,0.27,0.3,"(0.28, 0.09, 0.06, 0.27, 0.3)",0.059999999999999984,0.05394161389182872,0.046589935518150216,1.15779541851511,0.0601580065221875,27199155.93289609,-0.10722258794469353,-0.14313306611884366,0.03473521617631591,0.0,61.0,22978572.17689903,23278366.82603179,20394243.579097375,24709396.79561956,0.5737704918032787,1.0,-0.14361270270212428,-0.07422577071088615,0.0,1.0,0.0
0.3,0.09,0.06,0.26,0.29,"(0.3, 0.09, 0.06, 0.26, 0.29)",0.04000000000000002,0.053906372343539344,0.04601599476810883,1.1714703249422938,0.0601580065221875,27191739.76422657,-0.10564932711096076,-0.14071316050547714,0.034308104111704034,0.0,61.0,22979093.815225672,23270248.125120074,20430971.45639948,24699702.013490144,0.5737704918032787,1.0,-0.1412035016312862,-0.07339556353351909,0.0,1.0,0.0
0.29,0.09,0.06,0.27,0.29,"(0.29, 0.09, 0.06, 0.27, 0.29)",0.06000000000000004,0.053868667973191675,0.046180536718168776,1.1664799026036041,0.0601580065221875,27181259.375695232,-0.10591042329080336,-0.1412554569635449,0.03443129650632855,0.0,61.0,22970399.010968342,23263440.24739705,20394471.67161194,24706056.05868494,0.5737704918032787,1.0,-0.14173707034606817,-0.07334572468673375,0.0,1.0,0.0
0.26,0.09,0.06,0.29,0.3,"(0.26, 0.09, 0.06, 0.29, 0.3)",0.09999999999999996,0.053865296640648985,0.04693315281816494,1.1477024961297941,0.0601580065221875,27177970.564486414,-0.10815457578927457,-0.1447751866649681,0.03498160096556495,0.0,61.0,22961097.470933918,23264612.707845196,20321356.506840676,24721978.66275998,0.5737704918032787,1.0,-0.14524135335076227,-0.07412417048994038,0.0,1.0,0.0
0.28,0.09,0.06,0.28,0.29,"(0.28, 0.09, 0.06, 0.28, 0.29)",0.08,0.0538306559974302,0.04635092140349065,1.161371864192893,0.0601580065221875,27170707.153765313,-0.10617172987345269,-0.14179908690020276,0.03455448890095307,0.0,61.0,22961683.74698677,23256588.35216021,20358008.418786988,24712366.504602,0.5737704918032787,1.0,-0.1422719044037757,-0.07329590282073037,0.0,1.0,0.0
0.25,0.09,0.06,0.3,0.3,"(0.25, 0.09, 0.06, 0.3, 0.3)",0.11999999999999998,0.0538266766874691,0.047113308351563604,1.142494097120282,0.0601580065221875,27167270.27145815,-0.10870149221921943,-0.14570743309229076,0.035104793360189464,0.0,61.0,22952329.480262607,23257669.6770271,20284967.860898096,24728204.10486872,0.5737704918032787,1.0,-0.14616555500763448,-0.074073395561948,0.0,1.0,0.0
0.28,0.11,0.05,0.3,0.26,"(0.28, 0.11, 0.05, 0.3, 0.26)",0.11999999999999993,0.05381135048724439,0.04610493943787718,1.1671493584706036,0.0601580065221875,27181885.875186935,-0.104441454635684,-0.1380287897018097,0.034053944708622025,0.0,61.0,22926845.702075448,23253443.103080317,20484804.31790455,24612885.570681956,0.5737704918032787,1.0,-0.1387186788452365,-0.0677207239324525,0.0,1.0,0.0
0.3,0.09,0.06,0.27,0.28,"(0.3, 0.09, 0.06, 0.27, 0.28)",0.059999999999999984,0.053795377079338014,0.04577462324073249,1.1752227166660383,0.0601580065221875,27163288.26185512,-0.10459734868048931,-0.13937979835484135,0.03412737683634119,0.0,61.0,22962185.841605294,23248464.873553675,20394648.241207365,24702657.20526403,0.5737704918032787,1.0,-0.13986321017490347,-0.0724674244838419,0.0,1.0,0.0
0.27,0.09,0.06,0.29,0.29,"(0.27, 0.09, 0.06, 0.29, 0.29)",0.09999999999999996,0.053792336467671786,0.04652708463488678,1.1561510223517724,0.0601580065221875,27160083.18688607,-0.10662879046096485,-0.1426055722694248,0.034677681295577585,0.0,61.0,22952948.04409593,23249692.479803566,20321581.739741854,24718633.318006173,0.5737704918032787,1.0,-0.1430731987829881,-0.07324609775903304,0.0,1.0,0.0
0.3,0.11,0.05,0.29,0.25,"(0.3, 0.11, 0.05, 0.29, 0.25)",0.09999999999999996,0.05377573901558663,0.04553219582118474,1.1810486633848312,0.0601580065221875,27174393.535299607,-0.10254334755657979,-0.13524032290456506,0.03362683264401014,0.0,61.0,22927324.357512508,23245290.396692354,20521654.875110827,24603171.467858717,0.5737704918032787,1.0,-0.135934469189565,-0.06688858534542161,0.0,1.0,0.0
0.26,0.09,0.06,0.3,0.29,"(0.26, 0.09, 0.06, 0.3, 0.29)",0.11999999999999998,0.053753709435472086,0.04670896103090052,1.1508222030438888,0.0601580065221875,27149387.56406668,-0.10717666920742686,-0.14353545925008587,0.03480087369020211,0.0,61.0,22944191.92315567,23242752.670952756,20285191.676045515,24724856.465879828,0.5737704918032787,1.0,-0.14399522859502129,-0.07319630932550195,0.0,1.0,0.0
0.29,0.11,0.05,0.3,0.25,"(0.29, 0.11, 0.05, 0.3, 0.25)",0.11999999999999998,0.053736961489398105,0.045720959611099066,1.1753244452103122,0.0601580065221875,27163646.888747558,-0.10307459975523947,-0.13612493903513107,0.03375002503863466,0.0,61.0,22918478.331159674,23238316.852822755,20484878.88416023,24609338.952405415,0.5737704918032787,1.0,-0.13681335911198125,-0.0668465970407921,0.0,1.0,0.0
0.28,0.09,0.06,0.29,0.28,"(0.28, 0.09, 0.06, 0.29, 0.28)",0.09999999999999991,0.053719031385901506,0.04612453422042051,1.1646520077403562,0.0601580065221875,27142121.326125395,-0.10512113257492639,-0.1404638621852936,0.03437376162559022,0.0,61.0,22944758.635238644,23234723.497860942,20321755.647183973,24715229.83644841,0.5737704918032787,1.0,-0.14092990728173074,-0.07236976717566243,0.0,1.0,0.0
0.26,0.15,0.01,0.3,0.28,"(0.26, 0.15, 0.01, 0.3, 0.28)",0.19999999999999993,0.053618464259515,0.04592719221960641,1.167466628552685,0.0601580065221875,27186585.245560996,-0.10400862781822151,-0.13303090928479863,0.03360466024815872,0.0,61.0,22973144.458146777,23249823.611044485,20347148.038103275,24620976.550472297,0.5737704918032787,1.0,-0.1341914924167647,-0.05980186232315914,0.0,1.0,0.0
0.29,0.1,0.05,0.29,0.27,"(0.29, 0.1, 0.05, 0.29, 0.27)",0.07999999999999996,0.053574379355215695,0.04517922616757696,1.1858188795996587,0.0601580065221875,27119454.76385515,-0.10056105911650404,-0.13276789848240156,0.03374475626482173,0.0,61.0,22943917.02432276,23296976.725469332,20481845.811632954,24612976.832746338,0.5737704918032787,1.0,-0.1333453660958879,-0.069150977602415,0.0,1.0,0.0
0.27,0.15,0.01,0.3,0.27,"(0.27, 0.15, 0.01, 0.3, 0.27)",0.19999999999999993,0.053543853320953794,0.045545831081908766,1.1756038269377835,0.0601580065221875,27168303.03738397,-0.10264309362339297,-0.13118980217001236,0.03315938001851537,0.0,61.0,22964461.618226327,23258972.88175671,20365014.50364793,24604621.106208794,0.5737704918032787,1.0,-0.13234253001049284,-0.058915993065838806,0.0,1.0,0.0
0.28,0.1,0.05,0.3,0.27,"(0.28, 0.1, 0.05, 0.3, 0.27)",0.09999999999999992,0.05353597824720535,0.04536163867868861,1.1802037978922737,0.0601580065221875,27108822.08426175,-0.10094178358537087,-0.1334540014572688,0.03386794865944625,0.0,61.0,22935115.028816707,23290044.000058457,20445180.658498857,24619196.813375555,0.5737704918032787,1.0,-0.1340280360407759,-0.06910613261377252,0.0,1.0,0.0
0.27,0.08,0.06,0.29,0.3,"(0.27, 0.08, 0.06, 0.29, 0.3)",0.09999999999999995,0.05351107227932306,0.045915576135889216,1.1654230825930318,0.0601580065221875,27085637.62588545,-0.10527918228998967,-0.14103674949812683,0.03449168524640182,0.0,61.0,22960704.656584296,23285546.68961424,20281892.02890037,24724106.442083437,0.5737704918032787,1.0,-0.1413846762842056,-0.07461236438842946,0.0,1.0,0.0
0.29,0.15,0.01,0.29,0.26,"(0.29, 0.15, 0.01, 0.29, 0.26)",0.17999999999999997,0.05350670225489762,0.04499848964793709,1.1890777373535821,0.0601580065221875,27160478.87309019,-0.10074469972325006,-0.12849618894718753,0.03263040955087298,0.0,61.0,22964877.482512236,23247582.55250614,20372705.699362356,24593837.21161093,0.5737704918032787,1.0,-0.12964329103288572,-0.05806262433593058,0.0,1.0,0.0
0.3,0.1,0.05,0.29,0.26,"(0.3, 0.1, 0.05, 0.29, 0.26)",0.07999999999999996,0.053500158328175784,0.04478386977276686,1.1946300889055663,0.0601580065221875,27101294.923069328,-0.09926042891573716,-0.1309360057538903,0.03344083659483437,0.0,61.0,22935549.340679247,23281829.810092457,20481909.979238246,24609436.085732758,0.5737704918032787,1.0,-0.13150174640333157,-0.06827607237848204,0.0,1.0,0.0
0.29,0.08,0.06,0.28,0.29,"(0.29, 0.08, 0.06, 0.28, 0.29)",0.08000000000000004,0.05347588491611255,0.0453317588622148,1.1796560790560036,0.0601580065221875,27078260.222744975,-0.10370361928545058,-0.1386113645112411,0.03406457318178994,0.0,61.0,22961194.723148867,23277409.137410607,20318372.915327985,24714391.861624148,0.5737704918032787,1.0,-0.1389717221461905,-0.07378692387759189,0.0,1.0,0.0
0.26,0.08,0.06,0.3,0.3,"(0.26, 0.08, 0.06, 0.3, 0.3)",0.11999999999999997,0.05347281456329367,0.046092325917626145,1.1601240227897711,0.0601580065221875,27075061.029373575,-0.10554139819047226,-0.14158269723068737,0.03461487764102634,0.0,61.0,22952004.64411151,23278651.227505673,20245611.119342357,24730379.74595866,0.5737704918032787,1.0,-0.14192138804079696,-0.07456074172560995,0.0,1.0,0.0
0.28,0.15,0.01,0.3,0.26,"(0.28, 0.15, 0.01, 0.3, 0.26)",0.19999999999999993,0.05346889863357762,0.04516849293442266,1.1837653895427904,0.0601580065221875,27149947.1920486,-0.1012764564755162,-0.1293497917313913,0.0327536019454975,0.0,61.0,22955739.26315647,23236506.17993302,20382855.163860172,24588214.788132604,0.5737704918032787,1.0,-0.1304944853655375,-0.05803193547148319,0.0,1.0,0.0
0.28,0.08,0.06,0.29,0.29,"(0.28, 0.08, 0.06, 0.29, 0.29)",0.09999999999999995,0.05343792749532428,0.045504389210724305,1.1743466602278936,0.0601580065221875,27067759.71234214,-0.10396610583215171,-0.13915370043673822,0.03418776557641446,0.0,61.0,22952527.043088354,23270560.880659316,20282054.291678566,24720706.48841539,0.5737704918032787,1.0,-0.139505040032185,-0.073736267174139,0.0,1.0,0.0
0.3,0.15,0.01,0.29,0.25,"(0.3, 0.15, 0.01, 0.29, 0.25)",0.17999999999999997,0.05343141073415025,0.04462369248832821,1.1973776206020108,0.0601580065221875,27142044.745956466,-0.09937611002546087,-0.1266591852103925,0.032326489880885614,0.0,61.0,22956103.392559484,23237685.460399806,20390513.812186778,24577377.6812906,0.5737704918032787,1.0,-0.12779791785930822,-0.05717938675967997,0.0,1.0,0.0
0.3,0.08,0.06,0.28,0.28,"(0.3, 0.08, 0.06, 0.28, 0.28)",0.07999999999999999,0.053402402745854394,0.04492234970217597,1.188771359911026,0.0601580065221875,27060303.62135225,-0.10238915213920441,-0.13673254046909242,0.03376065351180258,0.0,61.0,22952965.337149132,23262371.46194572,20318485.20332513,24710936.17517018,0.5737704918032787,1.0,-0.1370959822370586,-0.07291158538451212,0.0,1.0,0.0
0.29,0.15,0.01,0.3,0.25,"(0.29, 0.15, 0.01, 0.3, 0.25)",0.19999999999999998,0.053393600407231734,0.04479527944161467,1.191947032651598,0.0601580065221875,27131517.9160632,-0.09990871626106679,-0.12751088139540476,0.032449682275510136,0.0,61.0,22946977.46391747,23212913.076649535,20400669.954392437,24571757.73692731,0.5737704918032787,1.0,-0.12864736150550657,-0.057149691624648245,0.0,1.0,0.0
0.26,0.14,0.01,0.3,0.29,"(0.26, 0.14, 0.01, 0.3, 0.29)",0.18,0.05334876038788372,0.045059655086984444,1.183958472049947,0.0601580065221875,27114831.27004439,-0.10033739998820801,-0.1283662125960992,0.03317544523629645,0.0,61.0,22981585.951897055,23252399.670504488,20447559.878582895,24610080.1832797,0.5737704918032787,1.0,-0.12938577999978781,-0.061243277883265994,0.0,1.0,0.0
0.27,0.09,0.05,0.3,0.29,"(0.27, 0.09, 0.05, 0.3, 0.29)",0.09999999999999998,0.053330613405427885,0.04509416380466361,1.182650012902833,0.0601580065221875,27053019.5228626,-0.10098036474559247,-0.13385042465602792,0.033985872280257845,0.0,61.0,22951306.115587614,23327299.467548482,20405141.954347122,24628423.340793345,0.5737704918032787,1.0,-0.13430798964254992,-0.07136032995691792,0.0,1.0,0.0
0.3,0.12,0.02,0.26,0.3,"(0.3, 0.12, 0.02, 0.26, 0.3)",0.06,0.053312844826758354,0.043786171061174405,1.2175726612923992,0.0601580065221875,27092317.94499931,-0.09687727004341773,-0.12435471874160257,0.03282176529940375,0.0,61.0,23017948.495260548,23276231.58036891,20621781.188633006,24563628.730767224,0.5737704918032787,1.0,-0.12515686534401402,-0.0652667900006173,0.0,1.0,0.0
0.29,0.09,0.05,0.29,0.28,"(0.29, 0.09, 0.05, 0.29, 0.28)",0.07999999999999996,0.05329492254820534,0.04451024392494132,1.197363075297404,0.0601580065221875,27045536.51588378,-0.0993990934482103,-0.13145574644814143,0.033558760215645966,0.0,61.0,22951747.806331225,23333058.424391463,20441800.077012848,24618671.65667872,0.5737704918032787,1.0,-0.1319228652667362,-0.07053157931227713,0.0,1.0,0.0
0.3,0.06,0.07,0.27,0.3,"(0.3, 0.06, 0.07, 0.27, 0.3)",0.08000000000000003,0.05329094277244106,0.045354278576260315,1.1749926235258215,0.0601580065221875,27016120.713467397,-0.10553782593133965,-0.14267180238702107,0.03409587481303443,0.0,61.0,22969365.09014106,23242419.263882197,20155626.432539463,24810773.46248479,0.5737704918032787,1.0,-0.14280305110623998,-0.07749482332001978,0.0,1.0,0.0
0.27,0.14,0.01,0.3,0.28,"(0.27, 0.14, 0.01, 0.3, 0.28)",0.17999999999999994,0.05327431158879392,0.04466760026512185,1.1926835395809816,0.0601580065221875,27096632.49929679,-0.0989674882783369,-0.1265226636294137,0.032871525566309096,0.0,61.0,22972914.75765834,23238515.47333404,20465524.918167632,24593739.511828005,0.5737704918032787,1.0,-0.12753548096678427,-0.060357611682422665,0.0,1.0,0.0
0.28,0.09,0.05,0.3,0.28,"(0.28, 0.09, 0.05, 0.3, 0.28)",0.09999999999999992,0.0532568906261226,0.04468761060310082,1.1917596377915798,0.0601580065221875,27035022.399217315,-0.09966318379419015,-0.13198662076099651,0.03368195261027049,0.0,61.0,22943001.965073552,23326179.694909837,20405245.014874272,24624941.652146403,0.5737704918032787,1.0,-0.13244564406787293,-0.07048487559573373,0.0,1.0,0.0
0.29,0.06,0.07,0.28,0.3,"(0.29, 0.06, 0.07, 0.28, 0.3)",0.10000000000000005,0.05325342235626196,0.04551781405169145,1.1699468321520385,0.0601580065221875,27005757.663500294,-0.10579967926250033,-0.14322309495279814,0.0342036628233953,0.0,61.0,22960843.759265468,23257192.954049606,20119651.142195936,24817180.591266524,0.5737704918032787,1.0,-0.14334422507452055,-0.07743942314590928,0.0,1.0,0.0
0.29,0.14,0.01,0.29,0.27,"(0.29, 0.14, 0.01, 0.29, 0.27)",0.15999999999999998,0.05323695390078598,0.0441139112704632,1.2068064782192909,0.0601580065221875,27088774.36979008,-0.09706269567604375,-0.12383001267350568,0.03244441350169721,0.0,61.0,22973285.960985433,23239763.418293964,20473228.493580755,24582917.461132538,0.5737704918032787,1.0,-0.12483863257667505,-0.05950640048311258,0.0,1.0,0.0
0.3,0.09,0.05,0.29,0.27,"(0.3, 0.09, 0.05, 0.29, 0.27)",0.07999999999999996,0.053220862739284946,0.044105561804634846,1.2066701014948236,0.0601580065221875,27027461.006195143,-0.09808051937077167,-0.129596137851379,0.0332548405456586,0.0,61.0,22943391.957231693,23317904.07506271,20441852.79471971,24615134.548376355,0.5737704918032787,1.0,-0.13006439082320118,-0.06965689643868783,0.0,1.0,0.0
0.28,0.06,0.07,0.29,0.3,"(0.28, 0.06, 0.07, 0.29, 0.3)",0.11999999999999995,0.053215594714575154,0.0456872843711531,1.1647791162692833,0.0601580065221875,26995323.22781884,-0.10606174255523526,-0.14377574365767548,0.034326855218019814,0.0,61.0,22952301.834784016,23268497.59979749,20083711.803294487,24823543.97585704,0.5737704918032787,1.0,-0.1438866830766323,-0.0773840408621178,0.0,1.0,0.0
0.28,0.14,0.01,0.3,0.27,"(0.28, 0.14, 0.01, 0.3, 0.27)",0.17999999999999994,0.053199519296852626,0.04427946241308215,1.2014490781427167,0.0601580065221875,27078360.27889274,-0.09759647103524471,-0.12468021047621551,0.032567605896321725,0.0,61.0,22964204.062486943,23207475.83351264,20483464.09254349,24577348.027983423,0.5737704918032787,1.0,-0.12568609771557565,-0.059473752713131614,0.0,1.0,0.0
0.29,0.09,0.05,0.3,0.27,"(0.29, 0.09, 0.05, 0.3, 0.27)",0.09999999999999998,0.05318282388349882,0.0442847124281849,1.200929642926861,0.0601580065221875,27016951.58532392,-0.09834509187080942,-0.13012476604526615,0.033378032940283124,0.0,61.0,22934658.07632165,23311019.04131122,20405296.649049446,24621402.234143328,0.5737704918032787,1.0,-0.13058506897882352,-0.06961117437505826,0.0,1.0,0.0
0.3,0.14,0.01,0.29,0.26,"(0.3, 0.14, 0.01, 0.29, 0.26)",0.15999999999999998,0.05316182503936018,0.043728174915005275,1.215733909377447,0.0601580065221875,27070424.13827253,-0.09581724475642028,-0.12215314312162644,0.03214049383170985,0.0,61.0,22964523.561534878,23208663.69596064,20491134.98541693,24566472.85796877,0.5737704918032787,1.0,-0.12314851122667062,-0.058623358671960314,0.0,1.0,0.0
0.28,0.07,0.06,0.29,0.3,"(0.28, 0.07, 0.06, 0.29, 0.3)",0.09999999999999994,0.05315311484016161,0.044956842333334725,1.1823142391997912,0.0601580065221875,26992671.375046037,-0.10281307167669507,-0.13783965249190336,0.03400176952723869,0.0,61.0,22959912.25870262,23289712.23608986,20242044.931978587,24725614.71431006,0.5737704918032787,1.0,-0.13807840752337996,-0.07509602253203032,0.0,1.0,0.0
0.29,0.14,0.01,0.3,0.26,"(0.29, 0.14, 0.01, 0.3, 0.26)",0.18,0.05312438372129513,0.043895345436600994,1.2102509546945892,0.0601580065221875,27060014.814322,-0.09622434814514214,-0.12283885657175651,0.03226368622633437,0.0,61.0,22955453.93723775,23176419.55146791,20501377.337065578,24560905.872130554,0.5737704918032787,1.0,-0.12383763327529654,-0.058591703058951845,0.0,1.0,0.0
0.3,0.07,0.06,0.28,0.29,"(0.3, 0.07, 0.06, 0.28, 0.29)",0.08000000000000003,0.053117381950972264,0.04437214272928091,1.1970885038175185,0.0601580065221875,26985181.30023852,-0.10123466854326213,-0.135416027898769,0.033574657462626806,0.0,61.0,22960306.26345317,23281875.5598487,20278354.618451137,24715798.089902863,0.5737704918032787,1.0,-0.13566850513375653,-0.07427341054096011,0.0,1.0,0.0
0.3,0.14,0.01,0.3,0.25,"(0.3, 0.14, 0.01, 0.3, 0.25)",0.18,0.05304890507109228,0.04351535581453556,1.219084713386905,0.0601580065221875,27041596.311444853,-0.09490671324640654,-0.12106952455606394,0.031959766556347004,0.0,61.0,22946664.452847186,23145346.82881921,20519264.587185603,24544413.18478469,0.5737704918032787,1.0,-0.12205432145447614,-0.05771146478251099,0.0,1.0,0.0
0.3,0.05,0.07,0.28,0.3,"(0.3, 0.05, 0.07, 0.28, 0.3)",0.10000000000000003,0.052890123809293366,0.04466822796290256,1.1840658611579393,0.0601580065221875,26911743.02987235,-0.10334140739706388,-0.14000057013630826,0.03390847949120831,0.0,61.0,22959630.99595952,23278903.21286735,20079658.14753608,24817823.61018481,0.5737704918032787,1.0,-0.1400161541737376,-0.07790767539512945,0.0,1.0,0.0
0.29,0.05,0.07,0.29,0.3,"(0.29, 0.05, 0.07, 0.29, 0.3)",0.12,0.052852657717568086,0.044833319448171836,1.1788700539710595,0.0601580065221875,26901431.561737597,-0.103604437482682,-0.1405505453185137,0.03400583978320148,0.0,61.0,22951157.157989,23269119.32869176,20043826.90749911,24824234.571922004,0.5737704918032787,1.0,-0.14055578834903448,-0.07785147993034104,0.0,1.0,0.0
0.3,0.08,0.05,0.3,0.27,"(0.3, 0.08, 0.05, 0.3, 0.27)",0.09999999999999996,0.052825937864006134,0.04326605468880233,1.220955741029884,0.0601580065221875,26924448.36704492,-0.09586467799803389,-0.1269427854228328,0.03288811722112,0.0,61.0,22933802.57668149,23331444.91323962,20365028.838676345,24622990.986675207,0.5737704918032787,1.0,-0.12729827743331715,-0.07011171653036918,0.0,1.0,0.0
0.3,0.13,0.01,0.3,0.26,"(0.3, 0.13, 0.01, 0.3, 0.26)",0.15999999999999998,0.052776128310247694,0.042670460394590645,1.2368305338682999,0.0601580065221875,26969435.055118375,-0.09236645535180499,-0.11785655219053912,0.03177377050717124,0.0,61.0,22954770.86282361,23173716.99180938,20620190.438910786,24533030.415673807,0.5737704918032787,1.0,-0.11872297534623949,-0.059147003422646886,0.0,1.0,0.0
0.28,0.06,0.06,0.3,0.3,"(0.28, 0.06, 0.06, 0.3, 0.3)",0.11999999999999995,0.052753896175310455,0.044229567085828196,1.1927292001963452,0.0601580065221875,26888750.53880916,-0.1006102907265588,-0.13517566258465932,0.03372307709040889,0.0,61.0,22950156.69892074,23255888.736768868,20165754.16892686,24732872.336537756,0.5737704918032787,1.0,-0.1353003023491541,-0.0755218311273379,0.0,1.0,0.0
0.3,0.06,0.06,0.29,0.29,"(0.3, 0.06, 0.06, 0.29, 0.29)",0.09999999999999999,0.052717918990282886,0.0436403921825664,1.2080074525852407,0.0601580065221875,26881224.714930587,-0.09902932072614645,-0.1327502083680756,0.033330530882637606,0.0,61.0,22950487.21277903,23250058.871166173,20201855.411661398,24722995.275312904,0.5737704918032787,1.0,-0.13289007899871863,-0.07470300708552574,0.0,1.0,0.0
0.29,0.06,0.06,0.3,0.29,"(0.29, 0.06, 0.06, 0.3, 0.29)",0.12000000000000001,0.05268037785899016,0.04381095096550288,1.2024477145102634,0.0601580065221875,26870898.817278147,-0.09929395812417108,-0.13328857449500262,0.03342789117463078,0.0,61.0,22941935.333726164,23265629.541733775,20165790.531182937,24729361.42842173,0.5737704918032787,1.0,-0.1334190618303352,-0.07465068950204758,0.0,1.0,0.0
0.3,0.06,0.06,0.3,0.28,"(0.3, 0.06, 0.06, 0.3, 0.28)",0.11999999999999995,0.05260651607478217,0.04339583534930225,1.2122480337419757,0.0601580065221875,26852973.85781362,-0.09797671536006058,-0.13140344675827625,0.033132705258852674,0.0,61.0,22933674.253263846,23275322.264415234,20165776.115123633,24725792.628220644,0.5737704918032787,1.0,-0.13153959781645777,-0.07378128177912513,0.0,1.0,0.0
0.29,0.12,0.01,0.3,0.28,"(0.29, 0.12, 0.01, 0.3, 0.28)",0.13999999999999996,0.05257478536849258,0.042297095606549366,1.2429880731657565,0.0601580065221875,26914788.35868515,-0.09098160288372259,-0.1161983300497563,0.03189169412798283,0.0,61.0,22971260.669722073,23232691.676312916,20703149.01123339,24537564.61303603,0.5737704918032787,1.0,-0.11695455144600632,-0.06145562970212847,0.0,1.0,0.0
0.3,0.12,0.01,0.3,0.27,"(0.3, 0.12, 0.01, 0.3, 0.27)",0.13999999999999996,0.05249963301823657,0.04189560410902222,1.253106003236525,0.0601580065221875,26896538.85111514,-0.08982151706984554,-0.11463448568111285,0.031587774457995474,0.0,61.0,22962495.04648037,23201553.291221537,20721233.678908903,24521102.906928398,0.5737704918032787,1.0,-0.11538749999974544,-0.06057581903758811,0.0,1.0,0.0
0.29,0.05,0.06,0.3,0.3,"(0.29, 0.05, 0.06, 0.3, 0.3)",0.12,0.05238885188381093,0.043395483820735596,1.207242027770135,0.0601580065221875,26794667.614378516,-0.09814351472496097,-0.13196092288558908,0.033438321476589594,0.0,61.0,22948633.92001787,23329337.303145804,20125259.542527128,24733190.085632958,0.5737704918032787,1.0,-0.1319854379609757,-0.07599553478892748,0.0,1.0,0.0
0.28,0.11,0.01,0.3,0.3,"(0.28, 0.11, 0.01, 0.3, 0.3)",0.11999999999999994,0.05236905926595914,0.04202206126527609,1.2462277596371274,0.0601580065221875,26859171.53544298,-0.08959613198987004,-0.11453403860054497,0.032009617748794426,0.0,61.0,22987304.136644717,23199842.85787416,20785998.05547323,24541472.834964354,0.5737704918032787,1.0,-0.11518290996974666,-0.0637587954045383,0.0,1.0,0.0
0.3,0.11,0.01,0.29,0.29,"(0.3, 0.11, 0.01, 0.29, 0.29)",0.09999999999999998,0.05233074879479549,0.04145527783320137,1.2623422524232608,0.0601580065221875,26851137.88278346,-0.08818663391120873,-0.1124982887035095,0.031582505684182555,0.0,61.0,22987489.90277738,23190803.23772081,20793704.697547913,24530485.3943967,0.5737704918032787,1.0,-0.11315088433548932,-0.06291488113075723,0.0,1.0,0.0
0.3,0.05,0.06,0.3,0.29,"(0.3, 0.05, 0.06, 0.3, 0.29)",0.12,0.05231515166655831,0.04297293765056556,1.2173976117704348,0.0601580065221875,26776828.03189733,-0.09682531650866144,-0.13007297549603197,0.033143135560811485,0.0,61.0,22940385.132957775,23323123.301780116,20125234.14497836,24729625.15095173,0.5737704918032787,1.0,-0.13010448014166476,-0.07512639344874666,0.0,1.0,0.0
0.29,0.11,0.01,0.3,0.29,"(0.29, 0.11, 0.01, 0.3, 0.29)",0.12,0.05229441261884271,0.04160652535065198,1.2568800729720935,0.0601580065221875,26841079.480937425,-0.08843428844111745,-0.11296804058840022,0.03170569807880706,0.0,61.0,22978589.999949887,23168517.616562817,20804207.916792773,24525077.495358024,0.5737704918032787,1.0,-0.1136148423810626,-0.06287742460042507,0.0,1.0,0.0
0.3,0.11,0.01,0.3,0.28,"(0.3, 0.11, 0.01, 0.3, 0.28)",0.11999999999999994,0.052219423661613806,0.04119473937029345,1.2676235961155402,0.0601580065221875,26822914.956246387,-0.08727189449238593,-0.11140345286757872,0.031401778408819706,0.0,61.0,22969836.550151173,23173759.76577551,20822391.604510702,24508631.812128775,0.5737704918032787,1.0,-0.11204803398064254,-0.06199785177414554,0.0,1.0,0.0
0.3,0.1,0.01,0.29,0.3,"(0.3, 0.1, 0.01, 0.29, 0.3)",0.07999999999999999,0.052046298557489434,0.04084831978605624,1.2741356028860622,0.0601580065221875,26776591.898539163,-0.08563372620000331,-0.10926217990738794,0.031440346260667634,0.0,61.0,22994379.1228839,23194228.547166716,20894787.667439304,24517402.435087055,0.5737704918032787,1.0,-0.10981046663706709,-0.0643317245597115,0.0,1.0,0.0
0.29,0.1,0.01,0.3,0.3,"(0.29, 0.1, 0.01, 0.3, 0.3)",0.1,0.05201033012727674,0.04099332947580873,1.2687510576072978,0.0601580065221875,26766649.907867607,-0.08588228812468679,-0.10972890147967161,0.031537706552660805,0.0,61.0,22985536.05584834,23158197.592166077,20905378.585162982,24512047.62443303,0.5737704918032787,1.0,-0.11027126964233837,-0.06429236137859172,0.0,1.0,0.0
0.3,0.12,0.06,0.27,0.25,"(0.3, 0.12, 0.06, 0.27, 0.25)",0.09999999999999999,0.05461861000278767,0.04801420793919183,1.1375509947380589,0.0601580065221875,27382654.78392064,-0.11230830605025699,-0.1491290605906784,0.0346853649838685,0.0,61.0,22936921.44635689,23343492.43530174,20512535.33301036,24683119.93127375,0.5573770491803278,1.0,-0.14998958144012176,-0.06831685778182663,0.0,1.0,0.0
0.29,0.15,0.02,0.24,0.3,"(0.29, 0.15, 0.02, 0.24, 0.3)",0.1,0.05442636267942991,0.04710298555847282,1.1554758585709175,0.0601580065221875,27385485.02613237,-0.10937766604995414,-0.14022799781710635,0.034684884503695994,0.0,61.0,23037327.629499894,23291455.623481017,20246463.5594688,24657035.63997492,0.5573770491803278,1.0,-0.1414640805020893,-0.06371086360644466,0.0,1.0,0.0
0.28,0.11,0.06,0.28,0.27,"(0.28, 0.11, 0.06, 0.28, 0.27)",0.09999999999999995,0.05438277902061617,0.04776977188512984,1.1384349741377953,0.0601580065221875,27317626.245532118,-0.1106742677729261,-0.14731270272091113,0.0349264809993046,0.0,61.0,22945134.210322507,23235646.77663458,20436672.644198034,24699815.692074426,0.5573770491803278,1.0,-0.14804123898315408,-0.07053960984401239,0.0,1.0,0.0
0.3,0.15,0.02,0.24,0.29,"(0.3, 0.15, 0.02, 0.24, 0.29)",0.1,0.05435289403323229,0.046707925688077113,1.1636760406833195,0.0601580065221875,27367361.847993266,-0.10801494274091394,-0.13838146176771696,0.03423960427405265,0.0,61.0,23028778.365281194,23296272.6653351,20264405.903509934,24640874.658044808,0.5573770491803278,1.0,-0.1396098209119766,-0.06281542741657876,0.0,1.0,0.0
0.3,0.11,0.06,0.27,0.26,"(0.3, 0.11, 0.06, 0.27, 0.26)",0.07999999999999999,0.054347919065385275,0.04720229548312322,1.151382967907078,0.0601580065221875,27310278.3855691,-0.10866790203997378,-0.14432442367826712,0.03449936893469273,0.0,61.0,22945725.13496215,23240677.524437066,20473554.0616143,24690200.265780225,0.5573770491803278,1.0,-0.14504462015087924,-0.06970699590851284,0.0,1.0,0.0
0.27,0.11,0.06,0.29,0.27,"(0.27, 0.11, 0.06, 0.29, 0.27)",0.11999999999999991,0.0543437201639958,0.0479552178010189,1.1332180867050752,0.0601580065221875,27306763.700872146,-0.1112197216869324,-0.14824210753402361,0.03504967339392912,0.0,61.0,22936286.58434533,23197554.606662523,20400028.42381186,24705981.744029615,0.5573770491803278,1.0,-0.1489638815717989,-0.07049351375527411,0.0,1.0,0.0
0.29,0.11,0.06,0.28,0.26,"(0.29, 0.11, 0.06, 0.28, 0.26)",0.1,0.0543091609099009,0.04738382853416294,1.146153921917578,0.0601580065221875,27299492.62655749,-0.10919507710243126,-0.1452208619392214,0.03462256132931724,0.0,61.0,22936909.758153014,23202609.280168995,20436871.474406086,24696407.69391943,0.5573770491803278,1.0,-0.1459346518164074,-0.0696618722156371,0.0,1.0,0.0
0.3,0.1,0.07,0.28,0.25,"(0.3, 0.1, 0.07, 0.28, 0.25)",0.10000000000000002,0.054304077474323975,0.04757038620001528,1.1415521674765494,0.0601580065221875,27285466.79925648,-0.11085841689292264,-0.14893824580787784,0.034643727350111016,0.0,61.0,22921268.514657114,23076586.0718004,20277101.395525403,24791754.110229015,0.5573770491803278,1.0,-0.1495580794839741,-0.07113410918726193,0.0,1.0,0.0
0.3,0.09,0.07,0.26,0.28,"(0.3, 0.09, 0.07, 0.26, 0.28)",0.059999999999999984,0.054252448456646674,0.047283992993046024,1.1473745134981619,0.0601580065221875,27269636.174444992,-0.1104484162830397,-0.1484952341203081,0.03481918585166093,0.0,61.0,22963357.632075764,23156563.547270223,20310530.149746336,24792370.66993026,0.5573770491803278,1.0,-0.14898963008149838,-0.07435319051216709,0.0,1.0,0.0
0.29,0.09,0.07,0.27,0.28,"(0.29, 0.09, 0.07, 0.27, 0.28)",0.08,0.05421413534204622,0.0474564199074221,1.1423983403680062,0.0601580065221875,27258983.54491485,-0.11099305440678953,-0.1494329064908069,0.03494237824628545,0.0,61.0,22954676.609005995,23149710.746652175,20274193.625785682,24798673.254735127,0.5573770491803278,1.0,-0.14991910267195416,-0.07430223704532347,0.0,1.0,0.0
0.28,0.12,0.05,0.3,0.25,"(0.28, 0.12, 0.05, 0.3, 0.25)",0.13999999999999993,0.054083002895253696,0.046914220363101444,1.1528061742616227,0.0601580065221875,27254206.486757424,-0.1080950805420664,-0.14282770736059877,0.03423994075779779,0.0,61.0,22918194.458676346,23254594.37170925,20524113.871496595,24606008.014327817,0.5573770491803278,1.0,-0.14365310045609353,-0.06632870824883526,0.0,1.0,0.0
0.29,0.08,0.07,0.26,0.3,"(0.29, 0.08, 0.07, 0.26, 0.3)",0.060000000000000026,0.05404501659958938,0.047067392169966527,1.1482475256845703,0.0601580065221875,27213059.71993638,-0.11019413437707382,-0.14853357556241853,0.03493710947247253,0.0,61.0,22979364.118354287,23207327.90673806,20270918.477387477,24801363.32548825,0.5573770491803278,1.0,-0.14889920041285684,-0.07659676344518446,0.0,1.0,0.0
0.26,0.1,0.06,0.3,0.28,"(0.26, 0.1, 0.06, 0.3, 0.28)",0.11999999999999993,0.05403089058704258,0.04739454638910042,1.1400233719605417,0.0601580065221875,27222979.406282127,-0.10947144544665832,-0.14636116146700767,0.034986869739377875,0.0,61.0,22935996.432616867,23206389.663093332,20324462.411263943,24718764.54823317,0.5573770491803278,1.0,-0.14694630874714898,-0.07182518708582823,0.0,1.0,0.0
0.28,0.08,0.07,0.27,0.3,"(0.28, 0.08, 0.07, 0.27, 0.3)",0.07999999999999999,0.05400708009142674,0.047233099599733645,1.143415963574224,0.0601580065221875,27202521.751966134,-0.1104538453184103,-0.14908881581904243,0.03506030186709704,0.0,61.0,22970727.349971857,23200516.2036908,20234691.89608129,24807718.61169608,0.5573770491803278,1.0,-0.14944470498335546,-0.07654299766819986,0.0,1.0,0.0
0.3,0.08,0.07,0.26,0.29,"(0.3, 0.08, 0.07, 0.26, 0.29)",0.060000000000000026,0.05397230539424824,0.0466575175112458,1.1567761911301726,0.0601580065221875,27195209.520194076,-0.10888515671631771,-0.14663860612823523,0.03463318980248517,0.0,61.0,22971277.98829161,23192478.71726687,20271153.98046539,24798047.170743577,0.5573770491803278,1.0,-0.14700799478364446,-0.07571785364640504,0.0,1.0,0.0
0.29,0.09,0.06,0.28,0.28,"(0.29, 0.09, 0.06, 0.28, 0.28)",0.08,0.05375735799355996,0.04594667041030739,1.1699946375548547,0.0601580065221875,27152740.639559675,-0.10485913548502712,-0.13992116318069087,0.034250569230965706,0.0,61.0,22953482.457788233,23241616.1586674,20358183.65334082,24708965.33384779,0.5573770491803278,1.0,-0.14039592568437878,-0.072418587477951,0.0,1.0,0.0
0.25,0.15,0.01,0.3,0.29,"(0.25, 0.15, 0.01, 0.3, 0.29)",0.19999999999999998,0.05369273123914886,0.046312476965410895,1.1593577963720232,0.0601580065221875,27204793.610444866,-0.1053730591738653,-0.1348731096443238,0.03404994047780205,0.0,61.0,22981787.71201955,23267284.06779542,20329255.831670027,24637280.980371594,0.5573770491803278,1.0,-0.13604136955736845,-0.06068954113786502,0.0,1.0,0.0
0.3,0.07,0.07,0.26,0.3,"(0.3, 0.07, 0.07, 0.26, 0.3)",0.06000000000000001,0.053688451867517584,0.046101663115454806,1.1645664871799264,0.0601580065221875,27120051.15820587,-0.10773557367116204,-0.14533152819840486,0.0344471937533094,0.0,61.0,22978814.992482476,23227929.77544354,20231468.766504433,24803153.663122047,0.5573770491803278,1.0,-0.14558268491133364,-0.07707578236661562,0.0,1.0,0.0
0.3,0.09,0.06,0.28,0.27,"(0.3, 0.09, 0.06, 0.28, 0.27)",0.08,0.053683715258524556,0.04554601420425718,1.178669883554964,0.0601580065221875,27134699.809772927,-0.10354563156996222,-0.13804519426614853,0.03394664956097835,0.0,61.0,22945241.244536214,23226595.320801258,20358307.486396026,24705506.086618043,0.5573770491803278,1.0,-0.13852172299663537,-0.07154301827968554,0.0,1.0,0.0
0.29,0.07,0.07,0.27,0.3,"(0.29, 0.07, 0.07, 0.27, 0.3)",0.08000000000000003,0.05365087719160777,0.046263473933088516,1.159681118395989,0.0601580065221875,27109636.5929161,-0.1079962505353046,-0.14588412728488093,0.03457038614793392,0.0,61.0,22970246.19694322,23219692.51300895,20195349.60935883,24809556.819309577,0.5573770491803278,1.0,-0.14612539066448538,-0.07702118631431916,0.0,1.0,0.0
0.28,0.07,0.07,0.28,0.3,"(0.28, 0.07, 0.07, 0.28, 0.3)",0.09999999999999999,0.05361299508330242,0.046431136589568336,1.154677637061067,0.0601580065221875,27099150.355336167,-0.10825713750451915,-0.14643807721966734,0.03469357854255843,0.0,61.0,22961656.83544809,23206829.072663743,20159266.553916834,24815916.22388299,0.5573770491803278,1.0,-0.1466693759873174,-0.0769666078677612,0.0,1.0,0.0
0.28,0.15,0.01,0.29,0.27,"(0.28, 0.15, 0.01, 0.29, 0.27)",0.1799999999999999,0.05358165020450012,0.0453774006655103,1.1808003415503165,0.0601580065221875,27178839.533662558,-0.1021121858589017,-0.1303342920784913,0.032979952117353856,0.0,61.0,22973612.117443968,23241846.53298307,20354871.72884202,24610245.990356702,0.5573770491803278,1.0,-0.13148958427004806,-0.058947677592447234,0.0,1.0,0.0
0.3,0.07,0.07,0.27,0.29,"(0.3, 0.07, 0.07, 0.27, 0.29)",0.08000000000000003,0.05357797345703452,0.045850502014242636,1.168536245042453,0.0601580065221875,27091800.31326142,-0.1066858864089969,-0.143985979129463,0.03426646647794655,0.0,61.0,22962143.597779825,23201161.39975913,20195520.87069464,24806183.416017327,0.5573770491803278,1.0,-0.14423230785627186,-0.07614523289890877,0.0,1.0,0.0
0.3,0.06,0.08,0.28,0.28,"(0.3, 0.06, 0.08, 0.28, 0.28)",0.12,0.053525928892385055,0.04640304154913871,1.153500441036899,0.0601580065221875,27065305.085093133,-0.10887713520185549,-0.14864706023841703,0.03441082489336484,0.0,61.0,22937881.16334448,23146234.757474136,20001599.242482018,24906861.95524245,0.5573770491803278,1.0,-0.14875629157047346,-0.07749883513366906,0.0,1.0,0.0
0.29,0.1,0.05,0.3,0.26,"(0.29, 0.1, 0.05, 0.3, 0.26)",0.09999999999999998,0.05346175029377909,0.04496804669903893,1.1888830896210951,0.0601580065221875,27090667.022512052,-0.09950753457270467,-0.13144015864794245,0.03356402898945889,0.0,61.0,22926759.321280956,23274900.38685839,20445243.715984076,24615653.756138563,0.5573770491803278,1.0,-0.13200979871530708,-0.06823221062515593,0.0,1.0,0.0
0.26,0.14,0.01,0.29,0.3,"(0.26, 0.14, 0.01, 0.29, 0.3)",0.15999999999999998,0.05346027975383305,0.045294751502597964,1.1802753736438258,0.0601580065221875,27143384.56412303,-0.10117498382578571,-0.12935492261481824,0.033356172511659295,0.0,61.0,22999336.23068021,23222680.20310392,20419353.769858602,24631946.567122724,0.5573770491803278,1.0,-0.13038426477216722,-0.062166384980373295,0.0,1.0,0.0
0.25,0.14,0.01,0.3,0.3,"(0.25, 0.14, 0.01, 0.3, 0.3)",0.18,0.05342286548462116,0.04545552552695244,1.175277699802295,0.0601580065221875,27132956.386019032,-0.10170620627898952,-0.13021085393607265,0.03347936490628381,0.0,61.0,22990217.574430063,23243195.3015809,20429569.03853026,24626369.90208592,0.5573770491803278,1.0,-0.13123699178208328,-0.06213074921113211,0.0,1.0,0.0
0.27,0.08,0.06,0.3,0.29,"(0.27, 0.08, 0.06, 0.3, 0.29)",0.11999999999999997,0.053399662726895114,0.04568288803956129,1.168920464937574,0.0601580065221875,27057187.740681972,-0.10422880245830968,-0.13969737639441382,0.034310957971038974,0.0,61.0,22943838.89577603,23263668.633512557,20245772.09013257,24726977.488906767,0.5573770491803278,1.0,-0.140039628775793,-0.07368562757053598,0.0,1.0,0.0
0.28,0.07,0.07,0.3,0.28,"(0.28, 0.07, 0.07, 0.3, 0.28)",0.1399999999999999,0.05339011384165082,0.0459715185430729,1.1613737273356999,0.0601580065221875,27042243.90151107,-0.10616078298224274,-0.1437419526899873,0.03433212399183275,0.0,61.0,22928242.078306574,23218148.087562352,20087492.864133373,24821684.547378942,0.5573770491803278,1.0,-0.1439639652774748,-0.07511320685279928,0.0,1.0,0.0
0.27,0.14,0.01,0.29,0.29,"(0.27, 0.14, 0.01, 0.29, 0.29)",0.15999999999999998,0.05338618146751273,0.04489730263301685,1.189073247982904,0.0601580065221875,27125254.788114365,-0.09980532706336831,-0.12751219314911486,0.03305225284167194,0.0,61.0,22990692.366475318,23231880.979144327,20437337.821140382,24615654.4560902,0.5573770491803278,1.0,-0.1285348076624535,-0.061277915735418804,0.0,1.0,0.0
0.29,0.08,0.06,0.29,0.28,"(0.29, 0.08, 0.06, 0.29, 0.28)",0.09999999999999995,0.05336443827354542,0.04509670746575251,1.183333357852602,0.0601580065221875,27049807.71862198,-0.10265211957795661,-0.137272607431193,0.033883845906427096,0.0,61.0,22944309.53259848,23255526.40945707,20282165.378109034,24717248.481816262,0.5573770491803278,1.0,-0.13762717953847867,-0.07286191000689318,0.0,1.0,0.0
0.3,0.07,0.07,0.29,0.27,"(0.3, 0.07, 0.07, 0.29, 0.27)",0.11999999999999995,0.05335501766856665,0.04538629393380167,1.175575554734383,0.0601580065221875,27034888.493077084,-0.10458729562332303,-0.14129108490323378,0.03390501192722087,0.0,61.0,22928690.016811766,23208387.788829617,20123573.141680513,24811922.712188173,0.5573770491803278,1.0,-0.14152790505989496,-0.07429525597129576,0.0,1.0,0.0
0.29,0.14,0.01,0.28,0.28,"(0.29, 0.14, 0.01, 0.28, 0.28)",0.14,0.053348859592352804,0.04434582170722597,1.2030188536039648,0.0601580065221875,27117398.502758913,-0.09790165265764328,-0.12482038072867609,0.03262514077706006,0.0,61.0,22991082.952954344,23220489.59982543,20445038.51971005,24604836.033365652,0.5573770491803278,1.0,-0.1258388745366225,-0.0604249115138474,0.0,1.0,0.0
0.3,0.05,0.08,0.27,0.3,"(0.3, 0.05, 0.08, 0.27, 0.3)",0.10000000000000002,0.05334857875057564,0.04618045321401368,1.1552199044765277,0.0601580065221875,27017663.424478933,-0.1087816678980198,-0.14868784953698247,0.034475997797820186,0.0,61.0,22961591.220172785,23196062.682160635,19997726.789500423,24908288.79551666,0.5573770491803278,1.0,-0.14868784953698247,-0.07976233901745743,0.0,1.0,0.0
0.28,0.08,0.06,0.3,0.28,"(0.28, 0.08, 0.06, 0.3, 0.28)",0.11999999999999991,0.05332616648562016,0.045276973088244805,1.177776756005475,0.0601580065221875,27039240.408337288,-0.10291529715917191,-0.13781401384311626,0.03400703830105162,0.0,61.0,22935633.260976654,23248637.39784909,20245881.98270877,24723517.168766454,0.5573770491803278,1.0,-0.13815964738934652,-0.07281225162865469,0.0,1.0,0.0
0.29,0.07,0.07,0.3,0.27,"(0.29, 0.07, 0.07, 0.3, 0.27)",0.13999999999999996,0.05331649963082574,0.04557073546741153,1.1699723316722275,0.0601580065221875,27024273.163227182,-0.1048500422165417,-0.1418408677821563,0.03402820432184538,0.0,61.0,22920094.98919677,23198481.52838133,20087558.79817112,24818187.530178387,0.5573770491803278,1.0,-0.14206803533518644,-0.07424364903606226,0.0,1.0,0.0
0.28,0.14,0.01,0.29,0.28,"(0.28, 0.14, 0.01, 0.29, 0.28)",0.15999999999999992,0.05331173944662271,0.04450365529953056,1.197918217903891,0.0601580065221875,27107051.32159932,-0.09843456438477394,-0.12567055535641272,0.032748333171684574,0.0,61.0,22982008.91961828,23241033.48219831,20455296.08395087,24599311.373988565,0.5573770491803278,1.0,-0.1266862625872768,-0.06039125353346413,0.0,1.0,0.0
0.29,0.05,0.08,0.28,0.3,"(0.29, 0.05, 0.08, 0.28, 0.3)",0.12000000000000004,0.05331081984619779,0.04634614989994782,1.150275048980019,0.0601580065221875,27007248.38072827,-0.10904261093219658,-0.14924995052879822,0.034573358089813364,0.0,61.0,22953139.291334175,23186285.196314614,19962019.7474007,24914694.694836035,0.5573770491803278,1.0,-0.14924995052879822,-0.07970406519361048,0.0,1.0,0.0
0.3,0.08,0.06,0.29,0.27,"(0.3, 0.08, 0.06, 0.29, 0.27)",0.09999999999999995,0.05329060482382064,0.0446926268228034,1.1923802338830154,0.0601580065221875,27031781.84838455,-0.10133722372781206,-0.13539347251840309,0.03357992623643973,0.0,61.0,22936052.193657402,23240443.406279612,20282225.311046172,24713732.47264306,0.5573770491803278,1.0,-0.13575109653388936,-0.07198929502030897,0.0,1.0,0.0
0.3,0.14,0.01,0.28,0.27,"(0.3, 0.14, 0.01, 0.28, 0.27)",0.14,0.05327408082462748,0.043954513873548436,1.2120275286831805,0.0601580065221875,27099116.874070622,-0.09672824577923611,-0.12323568218162408,0.032321221107072695,0.0,61.0,22982347.731418982,23229590.275821324,20462964.140520893,24588439.725671526,0.5573770491803278,1.0,-0.12424165272364704,-0.05953906427421255,0.0,1.0,0.0
0.28,0.05,0.08,0.29,0.3,"(0.28, 0.05, 0.08, 0.29, 0.3)",0.13999999999999996,0.05327275376679008,0.04651766017697018,1.1452156786072443,0.0601580065221875,26996761.973604284,-0.1093037636526859,-0.14981342057982833,0.034670718381806534,0.0,61.0,22944666.711701073,23176465.883464642,19926348.429699328,24921056.665419433,0.5573770491803278,1.0,-0.14981342057982833,-0.079645809328007,0.0,1.0,0.0
0.3,0.07,0.07,0.3,0.26,"(0.3, 0.07, 0.07, 0.3, 0.26)",0.13999999999999996,0.0532425412034192,0.0451736386201691,1.1786197178202844,0.0601580065221875,27006228.642300963,-0.10353839389088593,-0.13994175638668777,0.03372428465185802,0.0,61.0,22911908.070737027,23178773.512442783,20087574.068619054,24814632.268028762,0.5573770491803278,1.0,-0.14017389586131046,-0.07337582093580977,0.0,1.0,0.0
0.3,0.06,0.07,0.28,0.29,"(0.3, 0.06, 0.07, 0.28, 0.29)",0.10000000000000005,0.05318032708000886,0.04510217168401755,1.1791079031091067,0.0601580065221875,26987936.18038706,-0.10448793181949256,-0.141321777274174,0.03389974315340794,0.0,61.0,22952724.936321333,23258678.448272545,20119758.779243637,24813750.123272218,0.5573770491803278,1.0,-0.14144927701629037,-0.07656642870197258,0.0,1.0,0.0
0.27,0.06,0.07,0.3,0.3,"(0.27, 0.06, 0.07, 0.3, 0.3)",0.13999999999999996,0.05317745989856304,0.04586262374386988,1.1594944980807138,0.0601580065221875,26984817.493908286,-0.106324015628662,-0.1443297498046114,0.034450047612644336,0.0,61.0,22943739.336967923,23258620.963226866,20047808.45716129,24829863.582767867,0.5573770491803278,1.0,-0.14443042618158894,-0.07732867630945311,0.0,1.0,0.0
0.29,0.06,0.07,0.29,0.29,"(0.29, 0.06, 0.07, 0.29, 0.29)",0.12000000000000001,0.053142492327096,0.045273357434244065,1.173813813218541,0.0601580065221875,26977506.271959815,-0.10475047540853155,-0.14187213018012565,0.03402293554803246,0.0,61.0,22944194.79792647,23248850.667555194,20083818.254063684,24820111.17452711,0.5573770491803278,1.0,-0.1419895923694339,-0.0765120238421996,0.0,1.0,0.0
0.27,0.07,0.06,0.3,0.3,"(0.27, 0.07, 0.06, 0.3, 0.3)",0.11999999999999995,0.053115219065840824,0.04512980650767398,1.176943203973387,0.0601580065221875,26982218.06894816,-0.10307625715696167,-0.13838295858947375,0.034124961921863206,0.0,61.0,22951280.332896337,23272293.85281924,20205872.2943619,24731935.697028518,0.5573770491803278,1.0,-0.13861232593616532,-0.07504356025213438,0.0,1.0,0.0
0.3,0.13,0.01,0.27,0.29,"(0.3, 0.13, 0.01, 0.27, 0.29)",0.10000000000000003,0.05311130100059547,0.04339668920994058,1.223856058319528,0.0601580065221875,27054908.438941907,-0.09510366927429859,-0.12111533768228339,0.03231595233325977,0.0,61.0,23008038.165504713,23201957.540095653,20535122.56042224,24598725.798625704,0.5573770491803278,1.0,-0.12201102811800896,-0.061899327355210566,0.0,1.0,0.0
0.3,0.09,0.05,0.3,0.26,"(0.3, 0.09, 0.05, 0.3, 0.26)",0.09999999999999998,0.053108413386781406,0.04388556994662177,1.2101566289643138,0.0601580065221875,26998807.285324235,-0.09702608917703337,-0.12826486251279215,0.03307411327029576,0.0,61.0,22926274.51831721,23295809.915903497,20405296.880160615,24617805.137362454,0.5573770491803278,1.0,-0.12872626608224627,-0.06873922839466462,0.0,1.0,0.0
0.28,0.06,0.07,0.3,0.29,"(0.28, 0.06, 0.07, 0.3, 0.29)",0.13999999999999996,0.053104350431802505,0.04545045260960519,1.1684009153426955,0.0601580065221875,26967005.11864421,-0.10501322884153097,-0.14242383993968635,0.03414612794265698,0.0,61.0,22935644.08631813,23238980.968973383,20047913.729290105,24826428.454657864,0.5573770491803278,1.0,-0.1425311925130412,-0.07645763661713609,0.0,1.0,0.0
0.29,0.07,0.06,0.29,0.29,"(0.29, 0.07, 0.06, 0.29, 0.29)",0.09999999999999999,0.053079786342823176,0.04454085217546372,1.1917101660677996,0.0601580065221875,26974803.837372463,-0.10149812523892787,-0.13595571495995754,0.03369784985725133,0.0,61.0,22951706.713564906,23264508.978460304,20242144.584924035,24722160.345859475,0.5573770491803278,1.0,-0.13619902457775776,-0.0742219103202884,0.0,1.0,0.0
0.26,0.13,0.01,0.3,0.3,"(0.26, 0.13, 0.01, 0.3, 0.3)",0.15999999999999998,0.053075332883341986,0.04425753611185586,1.199238311622232,0.0601580065221875,27042333.80911009,-0.09699428114099795,-0.12411737984652796,0.032989449187120684,0.0,61.0,22989645.051690962,23254528.479265958,20548090.95345522,24598636.534400024,0.5573770491803278,1.0,-0.12499968451583923,-0.06267796665616872,0.0,1.0,0.0
0.3,0.06,0.07,0.29,0.28,"(0.3, 0.06, 0.07, 0.29, 0.28)",0.11999999999999995,0.05306904574092575,0.044862903548334526,1.182915985001953,0.0601580065221875,26959615.49435105,-0.10343829977898222,-0.13997048487252844,0.0337190158780451,0.0,61.0,22936047.870558098,23229162.09762453,20083874.047055617,24816620.12316482,0.5573770491803278,1.0,-0.14009428579739627,-0.07564173200925149,0.0,1.0,0.0
0.28,0.07,0.06,0.3,0.29,"(0.28, 0.07, 0.06, 0.3, 0.29)",0.11999999999999995,0.05304188354223793,0.044715587002076396,1.1862056857215113,0.0601580065221875,26964355.110429984,-0.10176179205123748,-0.136496746021278,0.03382104225187584,0.0,61.0,22943086.64789961,23247109.443580985,20205970.780119788,24728479.01585764,0.5573770491803278,1.0,-0.1367308182630686,-0.07417042766129867,0.0,1.0,0.0
0.28,0.13,0.01,0.29,0.29,"(0.28, 0.13, 0.01, 0.29, 0.29)",0.13999999999999996,0.0530381055316993,0.04369592239138007,1.213799884040488,0.0601580065221875,27034520.21540093,-0.09559315135027335,-0.12207068150227517,0.032562337122508805,0.0,61.0,22990023.350972597,23243134.82151559,20555839.51010215,24587829.792517316,0.5573770491803278,1.0,-0.12295500663046352,-0.06182810535023382,0.0,1.0,0.0
0.29,0.06,0.07,0.3,0.28,"(0.29, 0.06, 0.07, 0.3, 0.28)",0.13999999999999996,0.05303089679912909,0.04504177293828794,1.1773714341082244,0.0601580065221875,26949118.9579251,-0.10370153380077374,-0.14051990048754154,0.033842208272669615,0.0,61.0,22927508.955432877,23219299.361668717,20047968.44072362,24822935.066266336,0.5573770491803278,1.0,-0.1406337451112409,-0.0755883202973387,0.0,1.0,0.0
0.3,0.07,0.06,0.29,0.28,"(0.3, 0.07, 0.06, 0.29, 0.28)",0.09999999999999994,0.053006113877253735,0.04412835407885544,1.20118039713274,0.0601580065221875,26956862.622748047,-0.10018226870707425,-0.13407373452377092,0.03339393018726397,0.0,61.0,22943461.356985092,23239274.71588992,20242193.21147001,24718648.009526156,0.5573770491803278,1.0,-0.13432141671080164,-0.07334953601561921,0.0,1.0,0.0
0.27,0.13,0.01,0.3,0.29,"(0.27, 0.13, 0.01, 0.3, 0.29)",0.15999999999999998,0.053001046386768724,0.043854962691815776,1.20855299226283,0.0601580065221875,27024218.80632558,-0.09583814854135941,-0.12255005768604017,0.03268552951713332,0.0,61.0,22980985.662758853,23263691.147283237,20566154.776814688,24582310.9897001,0.5573770491803278,1.0,-0.12342861482568417,-0.061792519595291466,0.0,1.0,0.0
0.29,0.07,0.06,0.3,0.28,"(0.29, 0.07, 0.06, 0.3, 0.28)",0.11999999999999995,0.05296820408298042,0.04430487882525541,1.1955388545783945,0.0601580065221875,26946418.511010174,-0.10044641708079505,-0.13461249278093895,0.033517122581888485,0.0,61.0,22934853.161776777,23221894.057487924,20206018.337200347,24724964.356515266,0.5573770491803278,1.0,-0.13485108778960153,-0.07329903114783744,0.0,1.0,0.0
0.29,0.13,0.01,0.29,0.28,"(0.29, 0.13, 0.01, 0.29, 0.28)",0.13999999999999996,0.05296348255266681,0.0432955161571495,1.2233017932024541,0.0601580065221875,27016327.304346237,-0.09443604494080948,-0.12050658514285667,0.03225841745252145,0.0,61.0,22981312.229082946,23252245.65929586,20573870.5685056,24571451.1003778,0.5573770491803278,1.0,-0.12138689541129272,-0.06094346858863388,0.0,1.0,0.0
0.3,0.06,0.07,0.3,0.27,"(0.3, 0.06, 0.07, 0.3, 0.27)",0.13999999999999996,0.052957099209586245,0.04463668063029263,1.186403165777676,0.0601580065221875,26931159.214450445,-0.10238893070568655,-0.13861793351801796,0.03353828860268226,0.0,61.0,22919334.01225346,23199576.298891596,20047972.61435474,24819383.468143664,0.5573770491803278,1.0,-0.13873808572997318,-0.07472072946679675,0.0,1.0,0.0
0.28,0.13,0.01,0.3,0.28,"(0.28, 0.13, 0.01, 0.3, 0.28)",0.15999999999999992,0.052926416653354735,0.043456188097542724,1.2179258920399305,0.0601580065221875,27006030.543357696,-0.09468146652012344,-0.12098414412539908,0.03238160984714596,0.0,61.0,22972286.78780448,23235912.384346914,20584192.67545583,24565934.69493497,0.5573770491803278,1.0,-0.12185880535115777,-0.06090887531787426,0.0,1.0,0.0
0.3,0.13,0.01,0.29,0.27,"(0.3, 0.13, 0.01, 0.29, 0.27)",0.13999999999999996,0.05288851651364834,0.04289899866260992,1.2328613292259694,0.0601580065221875,26998061.302404355,-0.093278389277896,-0.11894389830063262,0.031954497782534085,0.0,61.0,22972561.681271285,23237062.281532656,20591875.649384428,24555021.780102864,0.5573770491803278,1.0,-0.11982004511849334,-0.060060638608457936,0.0,1.0,0.0
0.29,0.13,0.01,0.3,0.27,"(0.29, 0.13, 0.01, 0.3, 0.27)",0.15999999999999998,0.05285144389172669,0.04306131786763621,1.227353144513222,0.0601580065221875,26987769.22467548,-0.09352423536200904,-0.1194196415128474,0.0320776901771586,0.0,61.0,22963548.49755619,23204822.90526302,20602204.58443642,24549507.790188145,0.5573770491803278,1.0,-0.12029025816771409,-0.06002703590644316,0.0,1.0,0.0
0.28,0.05,0.07,0.3,0.3,"(0.28, 0.05, 0.07, 0.3, 0.3)",0.13999999999999996,0.05281488460734818,0.04500442447618604,1.1735487170888057,0.0601580065221875,26891048.995483436,-0.10386767738571123,-0.14110188193255704,0.034103200075194656,0.0,61.0,22942662.6991131,23259293.459726587,20008031.46840453,24830601.79777114,0.5573770491803278,1.0,-0.14110188193255704,-0.07779530263672707,0.0,1.0,0.0
0.29,0.06,0.06,0.29,0.3,"(0.29, 0.06, 0.06, 0.29, 0.3)",0.09999999999999999,0.05279143030599398,0.044060792724759955,1.1981498071487906,0.0601580065221875,26899080.969591945,-0.10034613526583303,-0.1346350181781364,0.033625716798415715,0.0,61.0,22958720.432647157,23250496.732736558,20201818.0060511,24726503.861186437,0.5573770491803278,1.0,-0.1347691930941815,-0.07557512489044128,0.0,1.0,0.0
0.3,0.05,0.07,0.29,0.29,"(0.3, 0.05, 0.07, 0.29, 0.29)",0.12,0.05277937188272297,0.044415492874466514,1.1883099447279728,0.0601580065221875,26883625.74568118,-0.10229130987481883,-0.13864606736916593,0.03371065386742337,0.0,61.0,22943022.357230924,23249416.18790263,20043871.536425736,24820747.225944843,0.5573770491803278,1.0,-0.13865898700050783,-0.07698144695987014,0.0,1.0,0.0
0.28,0.12,0.01,0.29,0.3,"(0.28, 0.12, 0.01, 0.29, 0.3)",0.11999999999999994,0.05276075291312843,0.04295792577628115,1.2281960071326308,0.0601580065221875,26961253.451500252,-0.09305422697227561,-0.1188538555027679,0.03237634107333304,0.0,61.0,22997654.93833477,23244789.376002327,20656499.327128246,24575802.37332685,0.5573770491803278,1.0,-0.11962194581877109,-0.06325817254587097,0.0,1.0,0.0
0.29,0.05,0.07,0.3,0.29,"(0.29, 0.05, 0.07, 0.3, 0.29)",0.14,0.052741591719370096,0.0445883633088351,1.182855521160595,0.0601580065221875,26873247.71437078,-0.10255503073975225,-0.1391951043404411,0.03380801415941654,0.0,61.0,22934539.679275688,23239597.246073,20008075.04180938,24827112.11563613,0.5573770491803278,1.0,-0.13919776501616526,-0.07692624356964582,0.0,1.0,0.0
0.27,0.12,0.01,0.3,0.3,"(0.27, 0.12, 0.01, 0.3, 0.3)",0.13999999999999996,0.05272406216622838,0.043111627743675954,1.2229661677286698,0.0601580065221875,26951069.18552373,-0.09330012534924759,-0.11933025183355188,0.03249953346795755,0.0,61.0,22988673.858110346,23265379.347806387,20666901.398304176,24570336.663912173,0.5573770491803278,1.0,-0.12009243760507492,-0.0632206563534062,0.0,1.0,0.0
0.29,0.12,0.01,0.29,0.29,"(0.29, 0.12, 0.01, 0.29, 0.29)",0.12,0.05268629266324609,0.042547123590233236,1.238304454389493,0.0601580065221875,26943144.90545032,-0.09189481531642896,-0.11728900919978817,0.03207242140334568,0.0,61.0,22988955.813766673,23253906.689900782,20674629.241974343,24559439.255655244,0.5573770491803278,1.0,-0.11805407207457597,-0.06237376814847874,0.0,1.0,0.0
0.3,0.05,0.07,0.3,0.28,"(0.3, 0.05, 0.07, 0.3, 0.28)",0.13999999999999996,0.0526679551342748,0.044175789115178735,1.192235751509828,0.0601580065221875,26855373.052288722,-0.10124147554611695,-0.13729029817251281,0.03351282824363843,0.0,61.0,22926376.864891622,23219859.57906338,20008068.20376824,24823564.260146927,0.5573770491803278,1.0,-0.1373006045640231,-0.07605890574862767,0.0,1.0,0.0
0.28,0.12,0.01,0.3,0.29,"(0.28, 0.12, 0.01, 0.3, 0.29)",0.13999999999999996,0.052649595153742235,0.04270247336044328,1.2329401791164938,0.0601580065221875,26932965.204760183,-0.09214113907176014,-0.11776358621671279,0.032195613797970195,0.0,61.0,22979986.96382597,23263813.633596238,20685038.229317404,24553975.912000995,0.5573770491803278,1.0,-0.11852286467275416,-0.062337242827612285,0.0,1.0,0.0
0.3,0.12,0.01,0.29,0.28,"(0.3, 0.12, 0.01, 0.29, 0.28)",0.11999999999999994,0.05261148960902862,0.04214008004103474,1.248490500203064,0.0601580065221875,26924963.459283866,-0.09073485363315537,-0.11572557091659225,0.031768501733358316,0.0,61.0,22980217.278863,23262975.759694677,20692733.1199351,24543025.572921883,0.5573770491803278,1.0,-0.11648745667308485,-0.061491166058195754,0.0,1.0,0.0
0.29,0.11,0.01,0.29,0.3,"(0.29, 0.11, 0.01, 0.29, 0.3)",0.09999999999999998,0.052405388702512434,0.0418724872325978,1.2515470698314466,0.0601580065221875,26869234.45473543,-0.08934890394681427,-0.1140624667320504,0.03188642535416991,0.0,61.0,22996216.26338318,23227870.806396045,20775501.816474658,24546883.086036757,0.5573770491803278,1.0,-0.11471725317837195,-0.0637972392800767,0.0,1.0,0.0
0.3,0.15,0.02,0.23,0.3,"(0.3, 0.15, 0.02, 0.23, 0.3)",0.09999999999999998,0.05446289525084702,0.046966410027550205,1.1596137584051969,0.0601580065221875,27395780.56159275,-0.10885257511370205,-0.1393648341100131,0.034505456602534484,0.0,61.0,23046391.872495785,23278378.28325878,20236228.83503454,24662447.51279996,0.5409836065573771,1.0,-0.1406040048928416,-0.06374780734512728,0.0,1.0,0.0
0.26,0.11,0.06,0.3,0.27,"(0.26, 0.11, 0.06, 0.3, 0.27)",0.13999999999999993,0.054304353561155594,0.048146136594994775,1.1279067730390027,0.0601580065221875,27295829.22644809,-0.11176521619715996,-0.1491736573360821,0.035172865788553644,0.0,61.0,22927418.640859306,23169564.241007816,20363421.22126487,24712104.068271898,0.5409836065573771,1.0,-0.14988855170165935,-0.07044743310518749,0.0,1.0,0.0
0.28,0.11,0.06,0.29,0.26,"(0.28, 0.11, 0.06, 0.29, 0.26)",0.11999999999999991,0.05427009498855151,0.04757093083521436,1.1408247439290824,0.0601580065221875,27288634.901126128,-0.1097222660577557,-0.1461192916006243,0.03474575372394176,0.0,61.0,22928074.042824287,23164574.910375718,20400225.87173252,24702571.433469046,0.5409836065573771,1.0,-0.14682656139037573,-0.06961676404069053,0.0,1.0,0.0
0.3,0.11,0.06,0.28,0.25,"(0.3, 0.11, 0.06, 0.28, 0.25)",0.1,0.054235197547142455,0.047001676442577,1.1538992149227445,0.0601580065221875,27281284.299748518,-0.10783222089172784,-0.14330587632509734,0.03431864165932988,0.0,61.0,22928645.350914303,23169583.382325545,20437018.651094224,24692941.55519466,0.5409836065573771,1.0,-0.14401864057331987,-0.06878588921151621,0.0,1.0,0.0
0.27,0.11,0.06,0.3,0.26,"(0.27, 0.11, 0.06, 0.3, 0.26)",0.13999999999999993,0.05423072135330842,0.04776353693768355,1.1354000317033162,0.0601580065221875,27277705.300164584,-0.1102494686083193,-0.14701971308002,0.03486894611856628,0.0,61.0,22919218.010079633,23154633.167594314,20363617.2949365,24708691.451906,0.5409836065573771,1.0,-0.14772598685235303,-0.06957167119509003,0.0,1.0,0.0
0.29,0.11,0.06,0.29,0.25,"(0.29, 0.11, 0.06, 0.29, 0.25)",0.11999999999999997,0.054196124594570794,0.04719044699909581,1.1484554192845262,0.0601580065221875,27270431.431037504,-0.10836025912209502,-0.1442023370506571,0.034441834053954394,0.0,61.0,22919821.55707702,23146674.649535015,20400371.765455153,24699102.972468056,0.5409836065573771,1.0,-0.1449087481233229,-0.06874176709244173,0.0,1.0,0.0
0.28,0.11,0.06,0.3,0.25,"(0.28, 0.11, 0.06, 0.3, 0.25)",0.13999999999999993,0.05415674396044601,0.04738475212377036,1.1429149997236876,0.0601580065221875,27259506.741204705,-0.10888831068352045,-0.14510078980091712,0.034565026448578916,0.0,61.0,22910977.445942055,23139653.5710853,20363761.913606923,24705220.675318416,0.5409836065573771,1.0,-0.14580073409764074,-0.06869766019269016,0.0,1.0,0.0
0.3,0.09,0.07,0.27,0.27,"(0.3, 0.09, 0.07, 0.27, 0.27)",0.08,0.05414091195854409,0.04706016148279605,1.1504616697572654,0.0601580065221875,27240979.347844314,-0.10947106274145113,-0.1472523987831966,0.034638458576298096,0.0,61.0,22946550.525915213,23134832.94852337,20274388.248779304,24795292.96722815,0.5409836065573771,1.0,-0.1477401956505049,-0.07342582158785313,0.0,1.0,0.0
0.29,0.09,0.07,0.28,0.27,"(0.29, 0.09, 0.07, 0.28, 0.27)",0.10000000000000002,0.05410228400780581,0.04723986439155894,1.1452675553715832,0.0601580065221875,27230259.444715932,-0.11001670221261917,-0.14818986933829945,0.03476165097092261,0.0,61.0,22937860.8558395,23127939.56691949,20238086.85302596,24801549.401705742,0.5409836065573771,1.0,-0.14866953364355737,-0.0733758687423658,0.0,1.0,0.0
0.28,0.09,0.07,0.29,0.27,"(0.28, 0.09, 0.07, 0.29, 0.27)",0.11999999999999993,0.05406334846256078,0.0474251676114469,1.139971689831448,0.0601580065221875,27219467.728690803,-0.11056238274356234,-0.14912951056017562,0.034884843365547126,0.0,61.0,22929150.738527372,23121002.486091267,20201822.007925965,24807761.991966907,0.5409836065573771,1.0,-0.1496009209387706,-0.07332593211054575,0.0,1.0,0.0
0.3,0.09,0.07,0.28,0.26,"(0.3, 0.09, 0.07, 0.28, 0.26)",0.10000000000000002,0.054028708241624424,0.04684891165158758,1.1532542878142515,0.0601580065221875,27212185.26796377,-0.10849413208884962,-0.1460086203966027,0.03445773130093525,0.0,61.0,22929706.574413937,23113016.445364166,20238228.947292928,24798108.38792931,0.5409836065573771,1.0,-0.1464898629217982,-0.07250217494653041,0.0,1.0,0.0
0.28,0.1,0.06,0.29,0.27,"(0.28, 0.1, 0.06, 0.29, 0.27)",0.09999999999999991,0.05399642203637378,0.046814392353348964,1.1534149931673958,0.0601580065221875,27215748.832845014,-0.10740035047827956,-0.14326704483605962,0.03455975767476599,0.0,61.0,22936607.479818653,23198421.714807987,20361146.87695908,24709184.794058252,0.5409836065573771,1.0,-0.14385936425968177,-0.07099658008131178,0.0,1.0,0.0
0.29,0.09,0.07,0.29,0.26,"(0.29, 0.09, 0.07, 0.29, 0.26)",0.11999999999999998,0.05398976560441704,0.04703590866313938,1.1478414500521212,0.0601580065221875,27201398.326302536,-0.10904077289299907,-0.14694589117470797,0.03458092369555976,0.0,61.0,22921008.288875,23112686.725411553,20201962.835354768,24804318.64219795,0.5409836065573771,1.0,-0.14741906852662914,-0.07245322050984163,0.0,1.0,0.0
0.3,0.15,0.01,0.24,0.3,"(0.3, 0.15, 0.01, 0.24, 0.3)",0.1,0.05398869292798181,0.045807740936801844,1.1785932207935494,0.0601580065221875,27285151.436803926,-0.10356640877915635,-0.13157786315854123,0.03341865330047633,0.0,61.0,23045213.3258877,23184829.479685243,20250174.567340042,24686616.73349986,0.5409836065573771,1.0,-0.1327702728037584,-0.06178736748843412,0.0,1.0,0.0
0.3,0.1,0.06,0.28,0.26,"(0.3, 0.1, 0.06, 0.28, 0.26)",0.08,0.053961315012130306,0.04624016405439215,1.1669793158314878,0.0601580065221875,27208362.48028147,-0.10532583086512526,-0.14018140766230183,0.03413264561015412,0.0,61.0,22937134.427915264,23190354.832609348,20397819.340589896,24699507.856892675,0.5409836065573771,1.0,-0.14078020027373503,-0.07016776682185051,0.0,1.0,0.0
0.29,0.15,0.01,0.25,0.3,"(0.29, 0.15, 0.01, 0.25, 0.3)",0.1,0.0539524566155718,0.04594171632925949,1.1743674578655305,0.0601580065221875,27274961.28189918,-0.10409470369494467,-0.13242947403713978,0.03359808120163784,0.0,61.0,23036126.66735227,23197867.172370084,20260439.573117908,24681221.508680984,0.5409836065573771,1.0,-0.13361936418594814,-0.06175260310809935,0.0,1.0,0.0
0.28,0.09,0.07,0.3,0.26,"(0.28, 0.09, 0.07, 0.3, 0.26)",0.13999999999999996,0.05395051545676921,0.04722847267158909,1.1423303021447029,0.0601580065221875,27190539.71616807,-0.10958745418608784,-0.14788533330286066,0.03470411609018428,0.0,61.0,22912289.576863077,23127984.823384676,20165733.3229448,24810485.026121803,0.5409836065573771,1.0,-0.14835032402700662,-0.07240428200657294,0.0,1.0,0.0
0.29,0.08,0.07,0.27,0.29,"(0.29, 0.08, 0.07, 0.27, 0.29)",0.08000000000000004,0.05393436165667431,0.04682482971690465,1.1518325209670326,0.0601580065221875,27184676.062577378,-0.10914534662033848,-0.14719155830985017,0.034756382197109685,0.0,61.0,22962653.01513486,23185670.12491943,20234925.947270345,24804400.129103214,0.5409836065573771,1.0,-0.14755136075787825,-0.07566507233323322,0.0,1.0,0.0
0.28,0.15,0.01,0.26,0.3,"(0.28, 0.15, 0.01, 0.26, 0.3)",0.11999999999999997,0.05391591216790936,0.04608176662323247,1.1700053213829535,0.0601580065221875,27264698.83959857,-0.10462301297272036,-0.13328300904271131,0.03377750910279936,0.0,61.0,23027019.841378625,23210873.543097466,20270676.197039094,24675778.830311377,0.5409836065573771,1.0,-0.13447027786570126,-0.06171785543899197,0.0,1.0,0.0
0.3,0.09,0.07,0.29,0.25,"(0.3, 0.09, 0.07, 0.29, 0.25)",0.11999999999999998,0.053915837766102426,0.04665041442281816,1.155741882107065,0.0601580065221875,27183254.504034024,-0.10751762515923968,-0.14476390701218778,0.0342770040255724,0.0,61.0,22912825.898907274,23122376.1330301,20202052.628242012,24800816.939454295,0.5409836065573771,1.0,-0.1452386399029398,-0.07158224674980343,0.0,1.0,0.0
0.28,0.08,0.07,0.28,0.29,"(0.28, 0.08, 0.07, 0.28, 0.29)",0.1,0.05389611036339104,0.046997884654704856,1.1467773658190723,0.0601580065221875,27174070.789069407,-0.10940574665495284,-0.14774585674268567,0.0348795745917342,0.0,61.0,22954007.524688553,23178817.676548064,20198734.215546656,24810709.30223832,0.5409836065573771,1.0,-0.14809600256930747,-0.07561230807517531,0.0,1.0,0.0
0.27,0.15,0.01,0.27,0.3,"(0.27, 0.15, 0.01, 0.27, 0.3)",0.13999999999999999,0.05387905963612649,0.0462278366058038,1.165511163664581,0.0601580065221875,27254364.195969913,-0.1051513363174793,-0.1341384686562922,0.033956937003960866,0.0,61.0,23017892.8702316,23223848.53280275,20280884.392756183,24670288.731909648,0.5409836065573771,1.0,-0.13532301399214794,-0.061683124256232756,0.0,1.0,0.0
0.3,0.15,0.01,0.25,0.29,"(0.3, 0.15, 0.01, 0.25, 0.29)",0.1,0.053878568301060525,0.04554532086376263,1.1829660496239494,0.0601580065221875,27256803.974299975,-0.10272713493599639,-0.13059573251812118,0.0331528009719945,0.0,61.0,23027461.84197723,23202575.754261177,20278323.588209894,24664956.548825584,0.5409836065573771,1.0,-0.13177734703027436,-0.060858108611688846,0.0,1.0,0.0
0.29,0.09,0.07,0.3,0.25,"(0.29, 0.09, 0.07, 0.3, 0.25)",0.14,0.05387658059214773,0.046844717295896926,1.150110059408272,0.0601580065221875,27172400.75975116,-0.10806526728129351,-0.14570098005667453,0.03440019642019692,0.0,61.0,22904119.029342182,23122282.881693225,20165821.954970237,24806980.98415429,0.5409836065573771,1.0,-0.1461677153330609,-0.07153428849676065,0.0,1.0,0.0
0.3,0.08,0.07,0.27,0.28,"(0.3, 0.08, 0.07, 0.27, 0.28)",0.07999999999999999,0.053861298013759384,0.04642001658224615,1.1603032911099656,0.0601580065221875,27166755.66818865,-0.10783593957147775,-0.14529626242691196,0.03445246252712233,0.0,61.0,22954538.59822328,23170775.34369369,20235108.847670533,24801023.24612375,0.5409836065573771,1.0,-0.14565979779675933,-0.07478887997137423,0.0,1.0,0.0
0.27,0.08,0.07,0.29,0.29,"(0.27, 0.08, 0.07, 0.29, 0.29)",0.11999999999999997,0.05385755156585925,0.04717661912761113,1.141615328986938,0.0601580065221875,27163393.788564257,-0.10979644383330589,-0.14847741924702273,0.03500276698635872,0.0,61.0,22945341.53750915,23171921.4125196,20162578.826703437,24816974.6569059,0.5409836065573771,1.0,-0.14882024291511542,-0.07555956070483207,0.0,1.0,0.0
0.29,0.15,0.01,0.26,0.29,"(0.29, 0.15, 0.01, 0.26, 0.29)",0.12000000000000002,0.05384201689010193,0.04568674440153273,1.1785041283943094,0.0601580065221875,27246546.021696344,-0.10325629276510617,-0.13144735748364486,0.03333222887315601,0.0,61.0,23018367.26057685,23215580.315217435,20288567.033697776,24659516.139358778,0.5409836065573771,1.0,-0.13262650559874997,-0.060824362802492246,0.0,1.0,0.0
0.26,0.15,0.01,0.28,0.3,"(0.26, 0.15, 0.01, 0.28, 0.3)",0.16,0.05384189907149595,0.046379869401310746,1.1608894066867363,0.0601580065221875,27243957.437647097,-0.10567967343427853,-0.13499585334937791,0.03413636490512238,0.0,61.0,23008745.77621808,23236792.082538944,20291064.114033643,24664751.247247234,0.5409836065573771,1.0,-0.1361775727050234,-0.061648409335344406,0.0,1.0,0.0
0.29,0.08,0.07,0.28,0.28,"(0.29, 0.08, 0.07, 0.28, 0.28)",0.1,0.05382303955660217,0.046594730056990455,1.1551314814093934,0.0601580065221875,27156154.99549199,-0.10809681886086342,-0.14584827443479684,0.03457565492174684,0.0,61.0,22945904.913768448,23163926.05768481,20198915.770273753,24807330.087653745,0.5409836065573771,1.0,-0.14620230282894542,-0.07473709825924618,0.0,1.0,0.0
0.26,0.08,0.07,0.3,0.29,"(0.26, 0.08, 0.07, 0.3, 0.29)",0.13999999999999999,0.05381868531567924,0.04736096883406573,1.1363510215392514,0.0601580065221875,27152645.150515497,-0.11034239270556723,-0.14942076494682704,0.03512595938098323,0.0,61.0,22936655.07419855,23173259.95411719,20126459.821903255,24823196.160081577,0.5409836065573771,1.0,-0.149754529042786,-0.07550683005513334,0.0,1.0,0.0
0.28,0.15,0.01,0.27,0.29,"(0.28, 0.15, 0.01, 0.27, 0.29)",0.13999999999999999,0.053805157427091244,0.045834230894974015,1.1739077186738893,0.0601580065221875,27236215.922137078,-0.10378546439833025,-0.1323009072082355,0.03351165677431752,0.0,61.0,23009252.53459675,23228553.485927667,20298782.026994202,24654028.343899246,0.5409836065573771,1.0,-0.13347748699705925,-0.06079063337702656,0.0,1.0,0.0
0.25,0.15,0.01,0.29,0.3,"(0.25, 0.15, 0.01, 0.29, 0.3)",0.17999999999999997,0.05380443052542816,0.046537806570650764,1.156144530442054,0.0601580065221875,27233478.651828658,-0.10620802402823604,-0.13585516358390182,0.03431579280628389,0.0,61.0,22999578.58168687,23249704.133476786,20301215.314747933,24659166.410348047,0.5409836065573771,1.0,-0.13703395413465488,-0.06161371045225755,0.0,1.0,0.0
0.28,0.08,0.07,0.29,0.28,"(0.28, 0.08, 0.07, 0.29, 0.28)",0.11999999999999991,0.05378447362733785,0.04677515948627572,1.1498512077359935,0.0601580065221875,27145482.649484705,-0.10835790816333768,-0.14640163338943302,0.03469884731637136,0.0,61.0,22937250.732677396,23167702.85957591,20162759.043678265,24813593.117225878,0.5409836065573771,1.0,-0.1467460844377211,-0.07468533333504324,0.0,1.0,0.0
0.27,0.15,0.01,0.28,0.29,"(0.27, 0.15, 0.01, 0.28, 0.29)",0.16,0.05376798996329857,0.045987722010896716,1.16918141652153,0.0601580065221875,27225813.762212023,-0.10431464954075642,-0.1331563821674662,0.03369108467547903,0.0,61.0,23000117.686300024,23241495.20745417,20308968.521836605,24648493.19620158,0.5409836065573771,1.0,-0.13433029136854657,-0.06075692010857186,0.0,1.0,0.0
0.3,0.15,0.01,0.26,0.28,"(0.3, 0.15, 0.01, 0.26, 0.28)",0.11999999999999997,0.05376777731290816,0.04529549971204683,1.1870445773801241,0.0601580065221875,27228319.01097952,-0.10188846784779138,-0.12961279293530806,0.03288694864351267,0.0,61.0,23009674.978409596,23220235.650132794,20306432.24175528,24643202.219551727,0.5409836065573771,1.0,-0.1307836421774839,-0.05993268527442424,0.0,1.0,0.0
0.3,0.08,0.07,0.28,0.27,"(0.3, 0.08, 0.07, 0.28, 0.27)",0.1,0.053749623786128575,0.04619513889372786,1.1635341958767533,0.0601580065221875,27138164.738013685,-0.10678698314466273,-0.14395265805098,0.03427173525175948,0.0,61.0,22937762.299650837,23162064.63248314,20199046.29480453,24803892.51278373,0.5409836065573771,1.0,-0.14431038823094572,-0.0738636217641611,0.0,1.0,0.0
0.27,0.08,0.07,0.3,0.28,"(0.27, 0.08, 0.07, 0.3, 0.28)",0.13999999999999993,0.05374560027756492,0.04696123898646804,1.1444672550707575,0.0601580065221875,27134738.7195752,-0.10882037370610054,-0.14722850863015632,0.03482203971099588,0.0,61.0,22928576.075510025,23165836.790801514,20126638.709019385,24819812.30182942,0.5409836065573771,1.0,-0.14756590619332696,-0.07463358502948056,0.0,1.0,0.0
0.29,0.15,0.01,0.27,0.28,"(0.29, 0.15, 0.01, 0.27, 0.28)",0.13999999999999999,0.05373091095116611,0.045444414920590835,1.1823435518986223,0.0601580065221875,27217993.49116846,-0.10241848826575761,-0.1304644334717811,0.03306637654467418,0.0,61.0,23000572.508685067,23233206.974285748,20316654.02064692,24637716.7454374,0.5409836065573771,1.0,-0.13163286956283368,-0.05989995568792563,0.0,1.0,0.0
0.26,0.15,0.01,0.29,0.29,"(0.26, 0.15, 0.01, 0.29, 0.29)",0.17999999999999997,0.05373051455013478,0.046147157833003716,1.1643298758414016,0.0601580065221875,27215339.629075523,-0.10484384789753165,-0.13401378282734958,0.03387051257664054,0.0,61.0,22990962.737991918,23254405.420977242,20319126.472074583,24642910.73027275,0.5409836065573771,1.0,-0.1351849188471451,-0.0607232227708184,0.0,1.0,0.0
0.29,0.08,0.07,0.29,0.27,"(0.29, 0.08, 0.07, 0.29, 0.27)",0.11999999999999997,0.05371105075843041,0.04637727869206542,1.15813286749875,0.0601580065221875,27127497.08348349,-0.10704855199388352,-0.14450373223742616,0.034394927646383994,0.0,61.0,22929119.93522472,23159988.633778043,20162888.328422822,24810153.207179364,0.5409836065573771,1.0,-0.14485203488374543,-0.07381283746013893,0.0,1.0,0.0
0.3,0.07,0.08,0.29,0.26,"(0.3, 0.07, 0.08, 0.29, 0.26)",0.13999999999999996,0.05369785012867023,0.046737546543733036,1.1489231699063265,0.0601580065221875,27111680.86608635,-0.10897578719050682,-0.1486074804689911,0.034416093667177766,0.0,61.0,22913614.775374964,23095762.947821148,20004957.802495684,24904647.972059768,0.5409836065573771,1.0,-0.14883138221711956,-0.07523539027885286,0.0,1.0,0.0
0.28,0.15,0.01,0.28,0.28,"(0.28, 0.15, 0.01, 0.28, 0.28)",0.15999999999999995,0.053693736620724186,0.04559937660846386,1.177510321725712,0.0601580065221875,27207595.96549492,-0.10294852193002335,-0.13131799939705596,0.03324580444583569,0.0,61.0,22991449.91721842,23246146.84009972,20326847.277101606,24632183.953184254,0.5409836065573771,1.0,-0.13248392030770684,-0.05986724215284259,0.0,1.0,0.0
0.27,0.09,0.06,0.3,0.28,"(0.27, 0.09, 0.06, 0.3, 0.28)",0.11999999999999993,0.05368039730791718,0.04630814764815136,1.1591998392114509,0.0601580065221875,27131430.410516303,-0.10565030455373603,-0.14136510816691134,0.03449695402021474,0.0,61.0,22936014.39477411,23227786.93173812,20285364.264278404,24721450.68006199,0.5409836065573771,1.0,-0.14182631472424292,-0.0723209633986242,0.0,1.0,0.0
0.28,0.08,0.07,0.3,0.27,"(0.28, 0.08, 0.07, 0.3, 0.27)",0.13999999999999993,0.05367217034237837,0.04656510331403893,1.15262646322094,0.0601580065221875,27116757.89886665,-0.10731033073849028,-0.14505615407001143,0.03451812004100851,0.0,61.0,22920457.094802834,23174543.914082468,20126766.76174843,24816370.063219447,0.5409836065573771,1.0,-0.1453949588561238,-0.07376206967202263,0.0,1.0,0.0
0.29,0.07,0.08,0.3,0.26,"(0.29, 0.07, 0.08, 0.3, 0.26)",0.15999999999999998,0.053658723957856314,0.04692909663424809,1.1433998906063974,0.0601580065221875,27100893.938636053,-0.10923713732553075,-0.14916838295677656,0.03453928606180228,0.0,61.0,22905033.056838762,23085829.147543512,19969104.61835055,24910860.58033021,0.5409836065573771,1.0,-0.14938205795103457,-0.07518268111150216,0.0,1.0,0.0
0.3,0.15,0.01,0.27,0.27,"(0.3, 0.15, 0.01, 0.27, 0.27)",0.13999999999999999,0.053656320419100734,0.045058487041577194,1.1908149594457087,0.0601580065221875,27199697.10911187,-0.10105040780607366,-0.12862905087310367,0.03268794443161131,0.0,61.0,22991852.863623448,23237808.99248424,20334500.309269432,24621354.077129412,0.5409836065573771,1.0,-0.1297891647124421,-0.059011093327924195,0.0,1.0,0.0
0.27,0.15,0.01,0.29,0.28,"(0.27, 0.15, 0.01, 0.29, 0.28)",0.1799999999999999,0.05365625437299104,0.04576032334873891,1.172549720946623,0.0601580065221875,27197126.5210683,-0.10347856854576476,-0.13217349118122232,0.0334252323469972,0.0,61.0,22982307.226271123,23259055.18876448,20337011.96494202,24626603.876781996,0.5409836065573771,1.0,-0.133336794549644,-0.059834544440629585,0.0,1.0,0.0
0.29,0.09,0.06,0.29,0.27,"(0.29, 0.09, 0.06, 0.29, 0.27)",0.09999999999999996,0.05364538160606047,0.04572559448208082,1.1732024966254577,0.0601580065221875,27124085.186513294,-0.10380810917370287,-0.13858562980669759,0.034069841955602864,0.0,61.0,22936529.312945258,23219705.892167993,20321878.251739595,24711768.26829356,0.5409836065573771,1.0,-0.13905358785800429,-0.0714951808954293,0.0,1.0,0.0
0.3,0.08,0.07,0.29,0.26,"(0.3, 0.08, 0.07, 0.29, 0.26)",0.11999999999999997,0.05363728316980776,0.04598306964586654,1.1664572109450126,0.0601580065221875,27109437.29504628,-0.10573828833106447,-0.14260780130521353,0.03409100797639664,0.0,61.0,22920949.213362038,23168647.123485327,20162966.703633916,24806654.977308124,0.5409836065573771,1.0,-0.142959774348474,-0.07294207522418474,0.0,1.0,0.0
0.29,0.15,0.01,0.28,0.27,"(0.29, 0.15, 0.01, 0.28, 0.27)",0.16,0.05361913925439832,0.04521493115851952,1.1858724072013822,0.0601580065221875,27189304.253447462,-0.10158129048821796,-0.12948070846772028,0.03281113682623583,0.0,61.0,22982742.539996337,23250746.975083828,20344700.315352056,24615823.658738337,0.5409836065573771,1.0,-0.13063846254793907,-0.058979377603024866,0.0,1.0,0.0
0.3,0.14,0.01,0.25,0.3,"(0.3, 0.14, 0.01, 0.25, 0.3)",0.08000000000000002,0.05360685855732994,0.04471253546416232,1.1989223603813866,0.0601580065221875,27184378.914944686,-0.09946406194420188,-0.1264767548820393,0.03286340293316123,0.0,61.0,23035609.337169234,23224069.45801548,20378206.341821454,24653780.17990841,0.5409836065573771,1.0,-0.12751472006009187,-0.06230909370102278,0.0,1.0,0.0
0.28,0.09,0.06,0.3,0.27,"(0.28, 0.09, 0.06, 0.3, 0.27)",0.11999999999999993,0.053606740515400375,0.045910960759713154,1.1676240189344995,0.0601580065221875,27113399.015018124,-0.10412239779851251,-0.13919638300698417,0.034193034350227386,0.0,61.0,22927796.963599313,23212772.58946725,20285485.648113314,24717986.797614634,0.5409836065573771,1.0,-0.1396588161080672,-0.07144735993277923,0.0,1.0,0.0
0.29,0.08,0.07,0.3,0.26,"(0.29, 0.08, 0.07, 0.3, 0.26)",0.13999999999999999,0.05359839572066494,0.046172654324937876,1.1608255255040951,0.0601580065221875,27098702.892777342,-0.10600054691428296,-0.14315794003305687,0.03421420037102115,0.0,61.0,22912298.200186566,23177144.933666397,20126844.00273095,24812869.49478589,0.5409836065573771,1.0,-0.1435005651943696,-0.07289228612270848,0.0,1.0,0.0
0.3,0.07,0.08,0.3,0.25,"(0.3, 0.07, 0.08, 0.3, 0.25)",0.15999999999999998,0.05358483117301338,0.046542224411343196,1.1513165056192238,0.0601580065221875,27082816.025008123,-0.10793011256285379,-0.1472523401320676,0.034235366391814924,0.0,61.0,22896932.53296894,23074781.356437586,19969138.3717356,24907323.040000003,0.5409836065573771,1.0,-0.14747162543109102,-0.07431670616895002,0.0,1.0,0.0
0.27,0.07,0.07,0.29,0.3,"(0.27, 0.07, 0.07, 0.29, 0.3)",0.11999999999999995,0.05357480559385408,0.04660458792796757,1.1495607616284418,0.0601580065221875,27088592.533397663,-0.1085182343982033,-0.14699337929323772,0.03481677093718295,0.0,61.0,22953046.928409338,23207505.635225687,20123219.641682934,24822231.843360238,0.5409836065573771,1.0,-0.14721464193822278,-0.07691204686460872,0.0,1.0,0.0
0.3,0.09,0.06,0.29,0.26,"(0.3, 0.09, 0.06, 0.29, 0.26)",0.09999999999999996,0.05357138733859945,0.04533036074959904,1.1817992721152855,0.0601580065221875,27105974.972742494,-0.10249417667569383,-0.13670935648934376,0.0337659222856155,0.0,61.0,22928260.145885877,23204639.79300909,20321949.576288044,24708248.664031614,0.5409836065573771,1.0,-0.1371790483110276,-0.0706223410532938,0.0,1.0,0.0
0.29,0.14,0.01,0.26,0.3,"(0.29, 0.14, 0.01, 0.26, 0.3)",0.10000000000000003,0.05357067569986129,0.04484883643645206,1.1944719184803718,0.0601580065221875,27174238.25388352,-0.09970663014771475,-0.1269581922645366,0.032986595327785743,0.0,61.0,23026571.332648866,23237116.512455195,20388536.058825444,24648392.801233433,0.5409836065573771,1.0,-0.12799052181384754,-0.062273391232441286,0.0,1.0,0.0
0.3,0.15,0.01,0.28,0.26,"(0.3, 0.15, 0.01, 0.28, 0.26)",0.16,0.053544198074678695,0.04483448598477436,1.1942636766899062,0.0601580065221875,27170938.832398254,-0.10021295510182149,-0.1276445128040951,0.032507217156248464,0.0,61.0,22973995.625739105,23243093.3330178,20362527.572207082,24599412.45354013,0.5409836065573771,1.0,-0.128793921111313,-0.0580933285728662,0.0,1.0,0.0
0.29,0.07,0.07,0.28,0.29,"(0.29, 0.07, 0.07, 0.28, 0.29)",0.10000000000000005,0.05354008417874545,0.046019826218572764,1.1634134367317026,0.0601580065221875,27081318.59474052,-0.10694725300810748,-0.1445376371212674,0.03438965887257107,0.0,61.0,22953566.02714004,23199449.283678554,20159436.496853344,24812540.49002529,0.5409836065573771,1.0,-0.14477415254919687,-0.0760916353965383,0.0,1.0,0.0
0.26,0.07,0.07,0.3,0.3,"(0.26, 0.07, 0.07, 0.3, 0.3)",0.13999999999999996,0.05353630877465454,0.04678376356351726,1.1443352286519126,0.0601580065221875,27077963.215590794,-0.10877954103557008,-0.14755003479160245,0.03493996333180747,0.0,61.0,22944416.496284656,23217605.551703956,20087208.91391576,24828503.644477382,0.5409836065573771,1.0,-0.14776118957101927,-0.07685750314284137,0.0,1.0,0.0
0.28,0.14,0.01,0.27,0.3,"(0.28, 0.14, 0.01, 0.27, 0.3)",0.12,0.053534184912724214,0.04499134559077115,1.189877391079973,0.0601580065221875,27164025.5845394,-0.10011257729605127,-0.1276488594568916,0.03310978772241026,0.0,61.0,23017513.13197331,23214060.73134196,20398837.233558435,24642958.050531175,0.5409836065573771,1.0,-0.12868429922928704,-0.062237705770293666,0.0,1.0,0.0
0.29,0.09,0.06,0.3,0.26,"(0.29, 0.09, 0.06, 0.3, 0.26)",0.11999999999999998,0.05353273926824875,0.045517495300345635,1.1760914987745879,0.0601580065221875,27095293.58216728,-0.10275734525283675,-0.13724886510196865,0.033889114680240015,0.0,61.0,22919539.698199827,23197709.774358053,20285555.850373108,24714464.869020447,0.5409836065573771,1.0,-0.13771006509124054,-0.07057550105881981,0.0,1.0,0.0
0.3,0.08,0.07,0.3,0.25,"(0.3, 0.08, 0.07, 0.3, 0.25)",0.13999999999999999,0.05352427662269843,0.04578398682327065,1.1690610699611161,0.0601580065221875,27080573.90607764,-0.10468985602552583,-0.14126170050949563,0.03391028070103379,0.0,61.0,22904099.459858235,23157452.406216133,20126870.45491135,24809310.64734729,0.5409836065573771,1.0,-0.14160796442597628,-0.07202423650098075,0.0,1.0,0.0
0.28,0.07,0.07,0.29,0.29,"(0.28, 0.07, 0.07, 0.29, 0.29)",0.11999999999999995,0.053501887551349325,0.046194978317043535,1.1581754013208385,0.0601580065221875,27070765.34531036,-0.10720882959482825,-0.14509064666444974,0.03451285126719559,0.0,61.0,22944967.91107368,23211760.041477278,20123388.274073604,24818853.78541803,0.5409836065573771,1.0,-0.1453172775580014,-0.07603805524094878,0.0,1.0,0.0
0.27,0.14,0.01,0.28,0.3,"(0.27, 0.14, 0.01, 0.28, 0.3)",0.14,0.05349738624698097,0.04514000412857418,1.1851435833856396,0.0601580065221875,27153740.99255164,-0.10064377406637492,-0.12850092461514867,0.03323298011703478,0.0,61.0,23008434.757262893,23202143.491585694,20409109.81940417,24637475.96125804,0.5409836065573771,1.0,-0.1295333673035248,-0.06220203709324905,0.0,1.0,0.0
0.3,0.14,0.01,0.26,0.29,"(0.3, 0.14, 0.01, 0.26, 0.29)",0.10000000000000003,0.05349659803664775,0.04444691286218088,1.2036066082368364,0.0601580065221875,27156094.823026758,-0.0985516547715718,-0.12539749479329482,0.032682675657798387,0.0,61.0,23017890.746659428,23215230.31975012,20406499.599084347,24632093.717715222,0.5409836065573771,1.0,-0.12642476387804644,-0.061381927604427976,0.0,1.0,0.0
0.29,0.06,0.08,0.29,0.28,"(0.29, 0.06, 0.08, 0.29, 0.28)",0.13999999999999996,0.05348748655550706,0.046581958607909014,1.148244688586915,0.0601580065221875,27054704.186537076,-0.10913828233596323,-0.1492085656491634,0.034534017287989355,0.0,61.0,22929364.198495213,23136378.796612866,19965818.692404427,24913171.347984295,0.5409836065573771,1.0,-0.14930717760954693,-0.07744333715950946,0.0,1.0,0.0
0.3,0.07,0.07,0.28,0.28,"(0.3, 0.07, 0.07, 0.28, 0.28)",0.09999999999999999,0.0534668285718205,0.04561197920104163,1.1722102287242886,0.0601580065221875,27063412.57104463,-0.1056364600944798,-0.14263916192681653,0.03408573920258372,0.0,61.0,22945435.232477,23205833.886723094,20159555.535561476,24809106.430456012,0.5409836065573771,1.0,-0.14288071181774534,-0.07521839202142404,0.0,1.0,0.0
0.27,0.07,0.07,0.3,0.29,"(0.27, 0.07, 0.07, 0.3, 0.29)",0.13999999999999996,0.053463383626236594,0.04637589227747025,1.1528270616630163,0.0601580065221875,27060140.6534167,-0.10747061598832341,-0.145645009049071,0.034636043661820104,0.0,61.0,22936349.269996647,23226392.687385242,20087376.24358695,24825123.268945526,0.5409836065573771,1.0,-0.14586168394031437,-0.07598449226790936,0.0,1.0,0.0
0.29,0.14,0.01,0.27,0.29,"(0.29, 0.14, 0.01, 0.27, 0.29)",0.12000000000000005,0.05346010034316451,0.04459086853752515,1.1989024232209229,0.0601580065221875,27145886.651045553,-0.0987948173112444,-0.1258782461315735,0.0328058680524229,0.0,61.0,23008844.78599656,23190778.802267473,20416807.634916235,24626661.25712558,0.5409836065573771,1.0,-0.12689994039742422,-0.061347240373032165,0.0,1.0,0.0
0.3,0.09,0.06,0.3,0.25,"(0.3, 0.09, 0.06, 0.3, 0.25)",0.11999999999999998,0.05345839377651784,0.04512784861052192,1.184598766005734,0.0601580065221875,27077114.316939596,-0.10144298489364645,-0.1353722932893197,0.03358519501025266,0.0,61.0,22911242.667230587,23182598.61676062,20285574.894186296,24710884.945044853,0.5409836065573771,1.0,-0.13583519434685468,-0.06970538888702563,0.0,1.0,0.0
0.28,0.06,0.08,0.3,0.28,"(0.28, 0.06, 0.08, 0.3, 0.28)",0.15999999999999992,0.0534487370034018,0.04676656088255497,1.1428836329792949,0.0601580065221875,27044031.921237275,-0.10939963906487571,-0.14977143618837474,0.034657209682613876,0.0,61.0,22920826.65080814,23126481.172032017,19930074.11337455,24919436.750452355,0.5409836065573771,1.0,-0.14985935526462726,-0.07738785635651628,0.0,1.0,0.0
0.29,0.07,0.07,0.29,0.28,"(0.29, 0.07, 0.07, 0.29, 0.28)",0.11999999999999995,0.053428624839569006,0.045788849174757784,1.166847951029589,0.0601580065221875,27052863.930720057,-0.1058985166033859,-0.14318988117924106,0.03420893159720823,0.0,61.0,22936848.917846665,23220498.445077762,20123506.099848732,24815417.391557924,0.5409836065573771,1.0,-0.1434216980147637,-0.07516579089562285,0.0,1.0,0.0
0.28,0.14,0.01,0.28,0.29,"(0.28, 0.14, 0.01, 0.28, 0.29)",0.14,0.053423294803052634,0.04474101917902986,1.1940562772895473,0.0601580065221875,27135606.61068842,-0.09927326656867397,-0.12666010718604673,0.03292906044704742,0.0,61.0,22999778.651895534,23211340.66045679,20427087.05777864,24621181.492020007,0.5409836065573771,1.0,-0.12768566526038697,-0.061312569824418676,0.0,1.0,0.0
0.3,0.06,0.08,0.29,0.27,"(0.3, 0.06, 0.08, 0.29, 0.27)",0.13999999999999996,0.05341410558217041,0.04618175977885309,1.1566061111129218,0.0601580065221875,27036779.967745055,-0.10783073285979672,-0.1472899728605062,0.03423009761800199,0.0,61.0,22921303.659891393,23121784.858377352,19965892.737710427,24909698.227647107,0.5409836065573771,1.0,-0.147395573436069,-0.07657489433848258,0.0,1.0,0.0
0.3,0.1,0.05,0.3,0.25,"(0.3, 0.1, 0.05, 0.3, 0.25)",0.09999999999999998,0.05338717832821849,0.04457831833411985,1.197604134101138,0.0601580065221875,27072438.28017134,-0.09834999995682958,-0.12981803717373167,0.03326010931947153,0.0,61.0,22918363.928703576,23259708.34100024,20445255.243345603,24612052.987625364,0.5409836065573771,1.0,-0.1303768388107421,-0.06736004816681623,0.0,1.0,0.0
0.3,0.14,0.01,0.27,0.28,"(0.3, 0.14, 0.01, 0.27, 0.28)",0.12,0.053385671974647275,0.044194164966131336,1.2079801036077942,0.0601580065221875,27127673.9560992,-0.09763971591703213,-0.12431713498486661,0.032501948382435544,0.0,61.0,23000136.835548967,23199924.163713902,20434752.271890804,24610313.456032917,0.5409836065573771,1.0,-0.12533373918878019,-0.06045858584856056,0.0,1.0,0.0
0.29,0.06,0.08,0.3,0.27,"(0.29, 0.06, 0.08, 0.3, 0.27)",0.15999999999999998,0.053375348937040545,0.046368111142167975,1.1511219159518462,0.0601580065221875,27026112.402910054,-0.10809256883320528,-0.1478505333287869,0.03435329001262651,0.0,61.0,22912777.849971846,23128733.786742758,19930147.039095797,24915961.278039377,0.5409836065573771,1.0,-0.147945595797183,-0.0765203883490759,0.0,1.0,0.0
0.3,0.06,0.08,0.3,0.26,"(0.3, 0.06, 0.08, 0.3, 0.26)",0.15999999999999998,0.05330161642401432,0.045973324072371535,1.1594031430075957,0.0601580065221875,27008118.959007435,-0.10678459264982876,-0.14593161511914163,0.034049370342639156,0.0,61.0,22904689.14032099,23135534.62388654,19930169.66792927,24912427.27833721,0.5409836065573771,1.0,-0.14603363591298896,-0.07565463737623869,0.0,1.0,0.0
0.29,0.08,0.06,0.3,0.27,"(0.29, 0.08, 0.06, 0.3, 0.27)",0.11999999999999997,0.05325232604918062,0.04487467666393072,1.1866899108374784,0.0601580065221875,27021219.235902455,-0.10160088249323307,-0.13593261161586062,0.03370311863106425,0.0,61.0,22927387.80815477,23233557.6507213,20245940.81986896,24719998.835887574,0.5409836065573771,1.0,-0.1362814456135461,-0.07194061602948607,0.0,1.0,0.0
0.3,0.05,0.08,0.28,0.29,"(0.3, 0.05, 0.08, 0.28, 0.29)",0.12000000000000004,0.05323795065136827,0.04593342144174203,1.1590242786266352,0.0601580065221875,26989478.255823374,-0.10773454036481411,-0.14732884354883558,0.034278172174035254,0.0,61.0,22945118.973753214,23168229.94362847,19962134.090040404,24911286.03587827,0.5409836065573771,1.0,-0.14732884354883558,-0.07883318018863888,0.0,1.0,0.0
0.3,0.13,0.01,0.26,0.3,"(0.3, 0.13, 0.01, 0.26, 0.3)",0.08000000000000002,0.05322169638258689,0.043665378580122954,1.2188534283500772,0.0601580065221875,27083128.21169353,-0.09601701454829492,-0.12219941743905904,0.03249667960862262,0.0,61.0,23025723.578153152,23172188.462760493,20506684.702293914,24620437.791865505,0.5409836065573771,1.0,-0.12310492782952451,-0.0628243893047534,0.0,1.0,0.0
0.29,0.05,0.08,0.29,0.29,"(0.29, 0.05, 0.08, 0.29, 0.29)",0.14,0.05319987740759857,0.04610662369686494,1.1538445703022915,0.0601580065221875,26978996.37707452,-0.10799617240895587,-0.14788999632904637,0.034375532466028424,0.0,61.0,22936658.106390048,23175275.337647587,19926461.574838817,24917645.658966746,0.5409836065573771,1.0,-0.14788999632904637,-0.07877589943881644,0.0,1.0,0.0
0.29,0.13,0.01,0.27,0.3,"(0.29, 0.13, 0.01, 0.27, 0.3)",0.10000000000000003,0.053185567042681514,0.04380396923955381,1.2141723219606402,0.0601580065221875,27073037.117786963,-0.09626107478728974,-0.12267720474880002,0.03261987200324713,0.0,61.0,23016734.261337098,23192805.628612284,20517079.366673872,24615058.378628567,0.5409836065573771,1.0,-0.12357699908530319,-0.06278775791338624,0.0,1.0,0.0
0.3,0.08,0.06,0.3,0.26,"(0.3, 0.08, 0.06, 0.3, 0.26)",0.11999999999999997,0.05317814162701695,0.04447609695792949,1.1956566619889968,0.0601580065221875,27003124.42732113,-0.10028555866111688,-0.13405317174506062,0.03339919896107689,0.0,61.0,22919102.605838142,23210016.925146267,20245948.62471593,24716422.540902384,0.5409836065573771,1.0,-0.13440502517567823,-0.0710707228820297,0.0,1.0,0.0
0.28,0.05,0.08,0.3,0.29,"(0.28, 0.05, 0.08, 0.3, 0.29)",0.15999999999999998,0.05316149707199491,0.04628561373038976,1.1485533578890552,0.0601580065221875,26968443.276087623,-0.10825801402174073,-0.14845251887822875,0.0344728927580216,0.0,61.0,22928176.60828755,23182284.055633366,19890824.832587775,24923961.326359056,0.5409836065573771,1.0,-0.14845251887822875,-0.0787186364013919,0.0,1.0,0.0
0.28,0.13,0.01,0.28,0.3,"(0.28, 0.13, 0.01, 0.28, 0.3)",0.12,0.05314912997882115,0.04394890103323414,1.2093392264491392,0.0601580065221875,27062874.295820575,-0.09650530605756191,-0.12315612697313126,0.032743064397871655,0.0,61.0,23007724.71999715,23213401.411919538,20527445.327899404,24609631.67566767,0.5409836065573771,1.0,-0.12405014846692047,-0.06275114381996977,0.0,1.0,0.0
0.3,0.05,0.08,0.29,0.28,"(0.3, 0.05, 0.08, 0.29, 0.28)",0.13999999999999996,0.053126656620030355,0.045699048900044635,1.1625330920175554,0.0601580065221875,26961156.81756148,-0.1066876742956464,-0.14596855130343905,0.034080346550250315,0.0,61.0,22928609.531891856,23182156.064709853,19926524.428802956,24914176.120839424,0.5409836065573771,1.0,-0.14596855130343905,-0.07790770206982663,0.0,1.0,0.0
0.27,0.13,0.01,0.29,0.3,"(0.27, 0.13, 0.01, 0.29, 0.3)",0.13999999999999996,0.053112385241997684,0.044100111442185265,1.2043594336859536,0.0601580065221875,27052639.831004452,-0.09674970822140039,-0.12363618503334477,0.03286625679249617,0.0,61.0,22998694.976109035,23233975.724766083,20537782.53908438,24604157.716376364,0.5409836065573771,1.0,-0.12452437670249016,-0.06271454680670156,0.0,1.0,0.0
0.29,0.05,0.08,0.3,0.28,"(0.29, 0.05, 0.08, 0.3, 0.28)",0.15999999999999998,0.05308826918501364,0.04587978646017421,1.1571167453252365,0.0601580065221875,26950608.33470309,-0.10694999552458961,-0.14652875824612793,0.03417770684224349,0.0,61.0,22920139.756335057,23189160.93518695,19890886.593126237,24920489.437063485,0.5409836065573771,1.0,-0.14652875824612793,-0.07785141225338851,0.0,1.0,0.0
0.29,0.13,0.01,0.28,0.29,"(0.29, 0.13, 0.01, 0.28, 0.29)",0.12000000000000005,0.05307485708668502,0.04354314252395414,1.2189027711421438,0.0601580065221875,27044750.12151554,-0.09534832488199307,-0.12159244180791887,0.03243914472788429,0.0,61.0,22999040.859212752,23222556.923152342,20545495.422371104,24593301.406701982,0.5409836065573771,1.0,-0.12248247797030666,-0.06186370786366053,0.0,1.0,0.0
0.3,0.05,0.08,0.3,0.27,"(0.3, 0.05, 0.08, 0.3, 0.27)",0.15999999999999998,0.053014697111895215,0.04547753131078748,1.165733837872591,0.0601580065221875,26932699.66935444,-0.10564107058526384,-0.1446069811915302,0.033882520926465376,0.0,61.0,22912063.01291266,23195987.10789661,19890898.181644555,24916959.05648555,0.5409836065573771,1.0,-0.1446069811915302,-0.07698590095199148,0.0,1.0,0.0
0.3,0.13,0.01,0.28,0.28,"(0.3, 0.13, 0.01, 0.28, 0.28)",0.12,0.053000240893936734,0.04314115089973713,1.2285309916073583,0.0601580065221875,27026552.616664574,-0.0941907940513772,-0.12003016238587723,0.032135225057896934,0.0,61.0,22990317.490969006,23231664.218966298,20563519.616364114,24576920.351316627,0.5409836065573771,1.0,-0.12091606496381739,-0.06097807851290682,0.0,1.0,0.0
0.3,0.07,0.06,0.3,0.27,"(0.3, 0.07, 0.06, 0.3, 0.27)",0.11999999999999995,0.05289418089689635,0.043897780533427876,1.2049397544510883,0.0601580065221875,26928408.473598022,-0.09913013244588875,-0.1327302009095649,0.03321320291190112,0.0,61.0,22926579.94292719,23211294.790044934,20206014.988680072,24721391.769499667,0.5409836065573771,1.0,-0.1329731362489729,-0.07242937281943547,0.0,1.0,0.0
0.3,0.12,0.01,0.27,0.3,"(0.3, 0.12, 0.01, 0.27, 0.3)",0.08000000000000002,0.05283321195443813,0.04266980790286749,1.2381872464649093,0.0601580065221875,26981407.812768903,-0.09256294291213096,-0.11790448091678839,0.03212995628408401,0.0,61.0,23015556.384814207,23203545.010626946,20635608.49694561,24586592.238878936,0.5409836065573771,1.0,-0.11868420845913183,-0.06333325725954109,0.0,1.0,0.0
0.29,0.12,0.01,0.28,0.3,"(0.29, 0.12, 0.01, 0.28, 0.3)",0.10000000000000003,0.05279713619283921,0.04281063038062612,1.2332716365870768,0.0601580065221875,26971366.355508875,-0.0928084994472399,-0.11837859884281478,0.03225314867870852,0.0,61.0,23006615.787846442,23224177.900955662,20646068.344289735,24581220.909425862,0.5409836065573771,1.0,-0.11915253635086968,-0.06329570610981641,0.0,1.0,0.0
0.3,0.12,0.01,0.28,0.29,"(0.3, 0.12, 0.01, 0.28, 0.29)",0.10000000000000003,0.052722682737359694,0.04239823070365923,1.243511388620502,0.0601580065221875,26953253.29822581,-0.09164866237994318,-0.1168155715874001,0.031949229008721165,0.0,61.0,22997904.433597945,23233291.65117497,20664191.318696555,24564855.46007697,0.5409836065573771,1.0,-0.1175863617501232,-0.06241031073909791,0.0,1.0,0.0
0.3,0.11,0.01,0.28,0.3,"(0.3, 0.11, 0.01, 0.28, 0.3)",0.08000000000000002,0.05244141082692888,0.04172951578200292,1.256698282838589,0.0601580065221875,26879226.20965698,-0.08910184685109535,-0.11359203741428794,0.0317632329595454,0.0,61.0,23005108.109907094,23234472.79187622,20764976.551153235,24552246.214311104,0.5409836065573771,1.0,-0.11425268140692409,-0.0638357010255307,0.0,1.0,0.0
0.3,0.1,0.0,0.3,0.3,"(0.3, 0.1, 0.0, 0.3, 0.3)",0.09999999999999999,0.051557452918221,0.03988067662818188,1.2927928329527807,0.0601580065221875,26664638.369663063,-0.0812887018333458,-0.10292082803102169,0.030872827954055753,0.0,61.0,22990644.44949551,23099698.722337987,20907927.770800322,24538826.32712533,0.5409836065573771,1.0,-0.10345419530067469,-0.06373175352205274,0.0,1.0,0.0
0.27,0.1,0.06,0.3,0.27,"(0.27, 0.1, 0.06, 0.3, 0.27)",0.11999999999999993,0.05395741833543455,0.0470027049468834,1.1479641096488065,0.0601580065221875,27204938.704305314,-0.10794799872350336,-0.14419542587041131,0.03468295006939051,0.0,61.0,22927807.276798412,23191441.097772077,20324646.70054485,24715355.309272382,0.5245901639344263,1.0,-0.14478056147781512,-0.0709496252382617,0.0,1.0,0.0
0.29,0.1,0.06,0.29,0.26,"(0.29, 0.1, 0.06, 0.29, 0.26)",0.09999999999999996,0.05392261186556224,0.046424545361054836,1.1615108224796418,0.0601580065221875,27197628.865206525,-0.10587440137489668,-0.14110528540146206,0.03425583800477863,0.0,61.0,22928366.499150008,23183421.29477144,20361281.08403097,24705719.7410636,0.5245901639344263,1.0,-0.14169719817071202,-0.0701217805384263,0.0,1.0,0.0
0.29,0.1,0.06,0.3,0.25,"(0.29, 0.1, 0.06, 0.3, 0.25)",0.11999999999999998,0.053809439268138304,0.04623028883637372,1.1639433934447183,0.0601580065221875,27168634.191091172,-0.10489648488580428,-0.13986883653558418,0.03407511072941578,0.0,61.0,22911309.27858035,23161398.406764176,20324861.311966557,24708362.4949409,0.5245901639344263,1.0,-0.14045332067355823,-0.06920374375304,0.0,1.0,0.0
0.3,0.15,0.0,0.25,0.3,"(0.3, 0.15, 0.0, 0.25, 0.3)",0.09999999999999999,0.05350883686202512,0.04474298995027987,1.195915537193339,0.0601580065221875,27173591.89982105,-0.09860903351046979,-0.12431486901596106,0.03253831724238009,0.0,61.0,23043494.242233623,23090902.576660138,20263530.373701397,24710040.115886636,0.5245901639344263,1.0,-0.12545481939747163,-0.060006565116658805,0.0,1.0,0.0
0.29,0.15,0.0,0.26,0.3,"(0.29, 0.15, 0.0, 0.26, 0.3)",0.12000000000000001,0.05347289730166671,0.04487395582222621,1.1916243246640943,0.0601580065221875,27163506.996970333,-0.09885167692017938,-0.12479093748986121,0.03266150963700462,0.0,61.0,23034385.49463003,23103900.407038204,20273825.502620555,24704661.84745128,0.5245901639344263,1.0,-0.12592577803346142,-0.060074010983304636,0.0,1.0,0.0
0.28,0.15,0.0,0.27,0.3,"(0.28, 0.15, 0.0, 0.27, 0.3)",0.13999999999999996,0.053436649764916355,0.04501115882616542,1.1871867145498398,0.0601580065221875,27153350.089739487,-0.0993229673903463,-0.1255569508899711,0.032784702031629136,0.0,61.0,23025256.60744129,23116867.073660355,20284092.2720971,24699236.085798025,0.5245901639344263,1.0,-0.12669717497666844,-0.06014115029477328,0.0,1.0,0.0
0.27,0.15,0.0,0.28,0.3,"(0.27, 0.15, 0.0, 0.28, 0.3)",0.15999999999999998,0.053400094302793244,0.04515454210717219,1.1826073703958868,0.0601580065221875,27143121.26329638,-0.09985450246136918,-0.1264009188024563,0.03290789442625365,0.0,61.0,23016107.603051573,23129802.51767481,20294330.63568112,24693762.864364136,0.5245901639344263,1.0,-0.12753898455174392,-0.060207983198893776,0.0,1.0,0.0
0.3,0.15,0.0,0.26,0.29,"(0.3, 0.15, 0.0, 0.26, 0.29)",0.12000000000000001,0.05339859161239291,0.044476991177279074,1.2005891180802581,0.0601580065221875,27145317.533559605,-0.09769660911012346,-0.12324408406689867,0.03235758996701725,0.0,61.0,23025605.61612763,23108501.505467437,20291650.898817874,24688293.567482907,0.5245901639344263,1.0,-0.12437246809142911,-0.059043374527743296,0.0,1.0,0.0
0.26,0.15,0.0,0.29,0.3,"(0.26, 0.15, 0.0, 0.29, 0.3)",0.17999999999999994,0.05336323096645623,0.04530404698520211,1.1778910388267638,0.0601580065221875,27132820.603372943,-0.10038605032144676,-0.127246805100097,0.03304956160306423,0.0,61.0,23006938.503886726,23142706.680346556,20304540.547033854,24688242.21683961,0.5245901639344263,1.0,-0.12838261146317567,-0.06027450984495816,0.0,1.0,0.0
0.29,0.15,0.0,0.27,0.29,"(0.29, 0.15, 0.0, 0.27, 0.29)",0.14,0.053362337222798706,0.044615576848348805,1.196047232655552,0.0601580065221875,27135165.119968105,-0.09795139473948933,-0.12373405901293705,0.03248078236164177,0.0,61.0,23016489.043179397,23121466.349290404,20301924.50639674,24682870.109140273,0.5245901639344263,1.0,-0.12486561230679229,-0.059111518593463426,0.0,1.0,0.0
0.25,0.15,0.0,0.3,0.3,"(0.25, 0.15, 0.0, 0.3, 0.3)",0.19999999999999996,0.05332605980720406,0.045459613063260136,1.1730425363057366,0.0601580065221875,27122448.196264017,-0.10091761067598382,-0.1280946102671561,0.03322898950422574,0.0,61.0,22997749.332414363,23155579.50305778,20314721.959928624,24682674.177167166,0.5245901639344263,1.0,-0.12922805586352076,-0.06034073038371818,0.0,1.0,0.0
0.28,0.15,0.0,0.28,0.29,"(0.28, 0.15, 0.0, 0.28, 0.29)",0.15999999999999998,0.05332577493978463,0.04476038870623212,1.1913608545664824,0.0601580065221875,27124940.84154307,-0.09848378030553362,-0.12457612760771376,0.03260397475626629,0.0,61.0,23007352.35370785,23134399.961424243,20312169.68419965,24677399.225194506,0.5245901639344263,1.0,-0.12570567681839442,-0.05917935660493436,0.0,1.0,0.0
0.27,0.15,0.0,0.29,0.29,"(0.27, 0.15, 0.0, 0.29, 0.29)",0.17999999999999994,0.05328890481450843,0.04491136652396566,1.1865349228701902,0.0601580065221875,27114644.783972826,-0.099016178397347,-0.1254201147369405,0.0327271671508908,0.0,61.0,22998195.57009496,23147302.28314328,20322386.385860913,24671880.949318837,0.5245901639344263,1.0,-0.12654755904795478,-0.05924688870849564,0.0,1.0,0.0
0.3,0.15,0.0,0.27,0.28,"(0.3, 0.15, 0.0, 0.27, 0.28)",0.13999999999999996,0.053287681119278174,0.04422385394114447,1.2049533536854644,0.0601580065221875,27116906.558320396,-0.0967846525982321,-0.12217221088455431,0.03217686269165441,0.0,61.0,23007681.95536481,23126014.474268425,20319731.088378783,24666453.08153526,0.5245901639344263,1.0,-0.12328905825757422,-0.0580840520740081,0.0,1.0,0.0
0.26,0.15,0.0,0.3,0.29,"(0.26, 0.15, 0.0, 0.3, 0.29)",0.19999999999999996,0.05325172689826707,0.045068448334304685,1.181574446567612,0.0601580065221875,27104277.03350785,-0.09954858872036632,-0.12626602088893724,0.03285035954551532,0.0,61.0,22989018.71476444,23160173.25583933,20332574.565126795,24666315.315438714,0.5245901639344263,1.0,-0.1273912591516179,-0.05931411505194981,0.0,1.0,0.0
0.29,0.15,0.0,0.28,0.28,"(0.29, 0.15, 0.0, 0.28, 0.28)",0.15999999999999998,0.053251112047356663,0.04437010708368563,1.2001573930601686,0.0601580065221875,27106686.863043226,-0.09711195246682125,-0.12275242497542563,0.03230005508627893,0.0,61.0,22998557.591748513,23138946.22704175,20329983.068367913,24660984.55328543,0.5245901639344263,1.0,-0.12387327935133068,-0.058152892972064926,0.0,1.0,0.0
0.28,0.15,0.0,0.29,0.28,"(0.28, 0.15, 0.0, 0.29, 0.28)",0.17999999999999988,0.05321423516514012,0.04452257061449505,1.1952192883448505,0.0601580065221875,27096395.443129435,-0.09764520128649234,-0.12359451363960385,0.032423247480903444,0.0,61.0,22989413.134649135,23151846.680387206,20340206.548336368,24655468.66734281,0.5245901639344263,1.0,-0.12471341761465929,-0.05822142831157334,0.0,1.0,0.0
0.27,0.15,0.0,0.3,0.28,"(0.27, 0.15, 0.0, 0.3, 0.28)",0.1999999999999999,0.05317705052392463,0.0446811809593545,1.190144248252942,0.0601580065221875,27086032.384784956,-0.09817846207405079,-0.12443852147892966,0.03254643987552796,0.0,61.0,22980248.60644656,23164715.775706004,20350401.482003517,24649905.45761567,0.5245901639344263,1.0,-0.12555537413687506,-0.058289658237394154,0.0,1.0,0.0
0.3,0.15,0.0,0.28,0.27,"(0.3, 0.15, 0.0, 0.28, 0.27)",0.15999999999999998,0.053176105835035736,0.043983800306051306,1.208992980711577,0.0601580065221875,27088359.53325602,-0.09587316437312454,-0.12109925614200077,0.031996135416291566,0.0,61.0,22989723.388610307,23143441.309509583,20347770.724025838,24644518.989401534,0.5245901639344263,1.0,-0.12220459658126823,-0.05712859462903254,0.0,1.0,0.0
0.29,0.15,0.0,0.29,0.27,"(0.29, 0.15, 0.0, 0.29, 0.27)",0.17999999999999994,0.053139222227756466,0.04413776191035907,1.2039401167571382,0.0601580065221875,27078072.78620703,-0.09627311887590229,-0.12177000520979882,0.03211932781091609,0.0,61.0,22980591.268882442,23156339.86706171,20358000.97026856,24639005.51161439,0.5245901639344263,1.0,-0.12288019016675651,-0.05719813097893757,0.0,1.0,0.0
0.3,0.14,0.0,0.26,0.3,"(0.3, 0.14, 0.0, 0.26, 0.3)",0.10000000000000002,0.05312519571698582,0.04366298514068488,1.2167101160356557,0.0601580065221875,27072728.04788629,-0.09515903591285424,-0.120071004313138,0.03217159391784149,0.0,61.0,23033485.39090361,23129754.86944621,20391520.4828969,24676801.809358295,0.5245901639344263,1.0,-0.12107636122463726,-0.060768808631659794,0.0,1.0,0.0
0.28,0.15,0.0,0.3,0.27,"(0.28, 0.15, 0.0, 0.3, 0.27)",0.1999999999999999,0.05310203089345977,0.044297913154497534,1.1987479118543616,0.0601580065221875,27067714.45536426,-0.0968072306238843,-0.12261211544222322,0.0322425202055406,0.0,61.0,22971439.07869034,23169207.057642546,20368202.64633558,24633444.744338885,0.5245901639344263,1.0,-0.12372040382520855,-0.0572673622608011,0.0,1.0,0.0
0.29,0.14,0.0,0.27,0.3,"(0.29, 0.14, 0.0, 0.27, 0.3)",0.12000000000000004,0.05308930955802471,0.04379621176956508,1.212189534504845,0.0601580065221875,27062692.396322567,-0.09540317106166318,-0.12054344842820697,0.032294786312466,0.0,61.0,23024425.538426887,23142761.936796293,20401880.48321486,24671431.46141509,0.5245901639344263,1.0,-0.12154361387422308,-0.06083474224756223,0.0,1.0,0.0
0.3,0.15,0.0,0.29,0.26,"(0.3, 0.15, 0.0, 0.29, 0.26)",0.17999999999999994,0.05306386621149728,0.04375704560466259,1.2126930755545111,0.0601580065221875,27059677.018941253,-0.09496214483271326,-0.12002522652538224,0.03181540814092872,0.0,61.0,22971730.04420876,23160781.838403422,20375769.587561794,24622491.622968078,0.5245901639344263,1.0,-0.12111908976043781,-0.05617699901078455,0.0,1.0,0.0
0.28,0.14,0.0,0.28,0.3,"(0.28, 0.14, 0.0, 0.28, 0.3)",0.14,0.05305311562821147,0.04393581461209558,1.2075140997523666,0.0601580065221875,27052585.01966407,-0.09564747712470867,-0.12101701820366063,0.03241797870709052,0.0,61.0,23015345.517937813,23136235.546513032,20412211.96396842,24666013.70244477,0.5245901639344263,1.0,-0.12201193686791696,-0.06090037082766866,0.0,1.0,0.0
0.29,0.15,0.0,0.3,0.26,"(0.29, 0.15, 0.0, 0.3, 0.26)",0.19999999999999996,0.053026668215891526,0.04391874962956437,1.2073810994882255,0.0601580065221875,27049323.450885694,-0.09543489425705531,-0.12078680617897875,0.03193860053555324,0.0,61.0,22962590.202806283,23174615.12027369,20385977.99399566,24616933.316380914,0.5245901639344263,1.0,-0.12188635121917103,-0.05624722941840399,0.0,1.0,0.0
0.27,0.14,0.0,0.29,0.3,"(0.27, 0.14, 0.0, 0.29, 0.3)",0.15999999999999998,0.053016613978494664,0.04408173308965051,1.2026889657598758,0.0601580065221875,27042406.002652407,-0.09589195396480288,-0.12149171455894307,0.03254117110171503,0.0,61.0,23006245.351675287,23129412.13887671,20422514.878438015,24660548.565821875,0.5245901639344263,1.0,-0.12248133093359259,-0.060965694522293494,0.0,1.0,0.0
0.3,0.14,0.0,0.27,0.29,"(0.3, 0.14, 0.0, 0.27, 0.29)",0.12000000000000004,0.05301481618492221,0.04339370897241868,1.2217166368198387,0.0601580065221875,27044517.816231944,-0.09424567154843277,-0.11899542334392212,0.03199086664247864,0.0,61.0,23015630.30836128,23137360.573402554,20419785.180147864,24655029.68072709,0.5245901639344263,1.0,-0.11999007927138028,-0.05980748435546065,0.0,1.0,0.0
0.26,0.14,0.0,0.3,0.3,"(0.26, 0.14, 0.0, 0.3, 0.3)",0.18,0.05297980465996366,0.044233904700363744,1.1977193742863943,0.0601580065221875,27032155.430591043,-0.09613660144465686,-0.12196753840933285,0.032664363496339555,0.0,61.0,22997125.06192028,23149898.856709693,20432789.180016104,24655036.085173436,0.5245901639344263,1.0,-0.12295179679487232,-0.06103071348320113,0.0,1.0,0.0
0.29,0.14,0.0,0.28,0.29,"(0.29, 0.14, 0.0, 0.28, 0.29)",0.14000000000000007,0.052978615458043166,0.043534768452752635,1.2169265472386683,0.0601580065221875,27034414.940140586,-0.09449040142130793,-0.11946718843441871,0.03211405903710316,0.0,61.0,23006562.59704854,23117983.21148095,20430123.538551815,24649614.245869365,0.5245901639344263,1.0,-0.12045671388250569,-0.059874113892531854,0.0,1.0,0.0
0.3,0.15,0.0,0.3,0.25,"(0.3, 0.15, 0.0, 0.3, 0.25)",0.19999999999999996,0.05295096269997379,0.04354379760040973,1.2160391517958815,0.0601580065221875,27030859.57735754,-0.09406145286109513,-0.11896259708442104,0.03163468086556588,0.0,61.0,22953702.050185196,23178035.88893077,20403727.460952744,24600371.31464446,0.5245901639344263,1.0,-0.12005321931794947,-0.05523194500114976,0.0,1.0,0.0
0.28,0.14,0.0,0.29,0.29,"(0.28, 0.14, 0.0, 0.29, 0.29)",0.15999999999999998,0.05294210704312463,0.043682191982334403,1.2119837544905037,0.0601580065221875,27024240.47796867,-0.0947353020383519,-0.11994007983383619,0.032237251431727676,0.0,61.0,22997474.74064322,23138494.90896836,20440433.306694016,24644151.467551377,0.5245901639344263,1.0,-0.12092441951517513,-0.059940438896818084,0.0,1.0,0.0
0.27,0.14,0.0,0.3,0.29,"(0.27, 0.14, 0.0, 0.3, 0.29)",0.18,0.052905290991254406,0.04383591535286073,1.2068937209452342,0.0601580065221875,27013994.51497591,-0.09498037326230457,-0.12041409846102219,0.03236044382635219,0.0,61.0,22988366.761382386,23158985.1787034,20450714.437939685,24638641.37938309,0.5245901639344263,1.0,-0.12139319689636119,-0.060006459517139114,0.0,1.0,0.0
0.3,0.14,0.0,0.28,0.28,"(0.3, 0.14, 0.0, 0.28, 0.28)",0.14,0.05290377222358389,0.04313757763367426,1.226396453524685,0.0601580065221875,27016171.697753627,-0.0933327768047002,-0.11791875827576427,0.0318101393671158,0.0,61.0,22997740.249834746,23127014.42644042,20448009.325174723,24633163.959456157,0.5245901639344263,1.0,-0.11890274380507133,-0.0588500170145399,0.0,1.0,0.0
0.29,0.14,0.0,0.29,0.28,"(0.29, 0.14, 0.0, 0.29, 0.28)",0.15999999999999998,0.05286725707513984,0.04328652078691455,1.2213330180863493,0.0601580065221875,27006001.825262092,-0.09357810131486133,-0.11838984614420475,0.03193333176174032,0.0,61.0,22988664.714032475,23147529.64655849,20458325.934881087,24627703.557519577,0.5245901639344263,1.0,-0.1193687623636913,-0.058917341113128595,0.0,1.0,0.0
0.28,0.14,0.0,0.3,0.28,"(0.28, 0.14, 0.0, 0.3, 0.28)",0.17999999999999994,0.05283043432162282,0.04344181057305982,1.2161195315000362,0.0601580065221875,26995760.50635109,-0.09382359639910975,-0.11886206097279717,0.032056524156364834,0.0,61.0,22979569.056036346,23168023.4248246,20468613.883717433,24622195.879984066,0.5245901639344263,1.0,-0.11983585262378513,-0.0589843611767261,0.0,1.0,0.0
0.3,0.14,0.0,0.29,0.27,"(0.3, 0.14, 0.0, 0.29, 0.27)",0.15999999999999998,0.05279206428307259,0.04289482659424772,1.2307326657931312,0.0601580065221875,26987690.24924866,-0.09242035207969868,-0.11684101580753736,0.031629412091752955,0.0,61.0,22979815.343130264,23156516.31824848,20476192.698607456,24611204.97625927,0.5245901639344263,1.0,-0.11781436153119886,-0.057896403470513516,0.0,1.0,0.0
0.29,0.14,0.0,0.3,0.27,"(0.29, 0.14, 0.0, 0.3, 0.27)",0.18,0.05275523485947975,0.043051697041675205,1.225392690290728,0.0601580065221875,26977453.609338358,-0.09266627114027104,-0.11731142826481784,0.03175260448637747,0.0,61.0,22970732.017066147,23177013.561649475,20486487.452925738,24605699.727447778,0.5245901639344263,1.0,-0.11827976603112267,-0.05796442075729411,0.0,1.0,0.0
0.3,0.13,0.0,0.27,0.3,"(0.3, 0.13, 0.0, 0.27, 0.3)",0.10000000000000002,0.05273823120624699,0.04263297027080282,1.2370292492232182,0.0601580065221875,26971392.300411023,-0.09170200413546092,-0.11580957656499516,0.03180487059330287,0.0,61.0,23023195.62507906,23099288.518744107,20519956.44222049,24643058.57643103,0.5245901639344263,1.0,-0.11668695111023739,-0.06152244190118276,0.0,1.0,0.0
0.29,0.13,0.0,0.28,0.3,"(0.29, 0.13, 0.0, 0.28, 0.3)",0.12000000000000004,0.05270239850845626,0.04276841335149971,1.232273876407627,0.0601580065221875,26961405.9694093,-0.09194763528596672,-0.11627837705334855,0.03192806298792739,0.0,61.0,23014184.700263385,23119855.146685082,20530381.550313085,24637696.267176967,0.5245901639344263,1.0,-0.11715048490252346,-0.06158687407892777,0.0,1.0,0.0
0.3,0.14,0.0,0.3,0.26,"(0.3, 0.14, 0.0, 0.3, 0.26)",0.18,0.052679692812974466,0.04266568424074423,1.2347087302227584,0.0601580065221875,26959074.028927717,-0.09150839777105635,-0.11576220265119254,0.03144868481639011,0.0,61.0,22961855.715736095,23185955.555985898,20504335.081237346,24589153.062375933,0.5245901639344263,1.0,-0.11672493916780916,-0.05694664052977206,0.0,1.0,0.0
0.28,0.13,0.0,0.29,0.3,"(0.28, 0.13, 0.0, 0.29, 0.3)",0.13999999999999996,0.05266625824548399,0.04291037116354551,1.227354991751425,0.0601580065221875,26951348.193694025,-0.09219343731010832,-0.11674830699342365,0.03205125538255191,0.0,61.0,23005153.5793567,23140400.50343858,20540777.97825185,24632286.629864924,0.5245901639344263,1.0,-0.11761509246864232,-0.061651002738415984,0.0,1.0,0.0
0.27,0.13,0.0,0.3,0.3,"(0.27, 0.13, 0.0, 0.3, 0.3)",0.15999999999999998,0.05262981046820969,0.0430587792729503,1.2222782753451618,0.0601580065221875,26941219.05758021,-0.09243941007041578,-0.11721936732018304,0.03217444777717642,0.0,61.0,22996102.284452707,23160924.501365624,20551145.679046847,24626829.697806254,0.5245901639344263,1.0,-0.11808077455051885,-0.06171482803241412,0.0,1.0,0.0
0.3,0.13,0.0,0.28,0.29,"(0.3, 0.13, 0.0, 0.28, 0.29)",0.12000000000000004,0.052627718413331026,0.04236057097812592,1.2423750954751491,0.0601580065221875,26943247.140954427,-0.0907877026463757,-0.11472918961465793,0.03162414331794003,0.0,61.0,23005374.371085003,23128892.971152905,20548365.676327273,24621261.613481194,0.5245901639344263,1.0,-0.11559673495766437,-0.06056299827477274,0.0,1.0,0.0
0.29,0.13,0.0,0.29,0.29,"(0.29, 0.13, 0.0, 0.29, 0.29)",0.14,0.05259157140842574,0.04250406088798246,1.237330511713421,0.0601580065221875,26933193.872254305,-0.09103392955390566,-0.11519731391207626,0.031747335712564544,0.0,61.0,22996355.553886827,23149441.872191805,20558769.021556698,24615854.320800163,0.5245901639344263,1.0,-0.11605965450911948,-0.06062812409666181,0.0,1.0,0.0
0.28,0.13,0.0,0.3,0.29,"(0.28, 0.13, 0.0, 0.3, 0.29)",0.15999999999999998,0.05255511692099435,0.0426540520541802,1.232124836679938,0.0601580065221875,26923069.297320373,-0.09128032716461221,-0.11566656832611975,0.03187052810718906,0.0,61.0,22987316.563375518,23169969.400308676,20569143.615569957,24610399.767578717,0.5245901639344263,1.0,-0.1165236485272946,-0.06069294690534141,0.0,1.0,0.0
0.3,0.13,0.0,0.29,0.28,"(0.3, 0.13, 0.0, 0.29, 0.28)",0.13999999999999996,0.05251654200212785,0.04210159987227962,1.24737639808091,0.0601580065221875,26914966.816498693,-0.08987387251155654,-0.11364772271777897,0.03144341604257719,0.0,61.0,22987518.19943094,23158435.222889394,20576734.14094613,24599371.403100867,0.5245901639344263,1.0,-0.11450547031689497,-0.05960740035307821,0.0,1.0,0.0
0.29,0.13,0.0,0.3,0.28,"(0.29, 0.13, 0.0, 0.3, 0.28)",0.15999999999999998,0.05248008083591027,0.04225319067318946,1.2420382934349616,0.0601580065221875,26904846.83729749,-0.09012069508899656,-0.11411517264562163,0.03156660843720171,0.0,61.0,22978491.52386772,23178966.23775959,20587115.61599324,24593919.24666218,0.5245901639344263,1.0,-0.11496777763047752,-0.059673218466527136,0.0,1.0,0.0
0.3,0.13,0.0,0.3,0.27,"(0.3, 0.13, 0.0, 0.3, 0.27)",0.15999999999999998,0.05240470242050144,0.041856306200490606,1.2520145033697978,0.0601580065221875,26886551.881480996,-0.08896051412875927,-0.11256518259906231,0.03126268876721434,0.0,61.0,22969627.237065785,23187914.98045426,20605061.615692932,24577388.275355328,0.5245901639344263,1.0,-0.11341316391353888,-0.058655644986017295,0.0,1.0,0.0
0.3,0.12,0.0,0.28,0.3,"(0.3, 0.12, 0.0, 0.28, 0.3)",0.10000000000000002,0.052347948871925176,0.04165665370426806,1.2566527605303472,0.0601580065221875,26869593.123411026,-0.08823793797944302,-0.11153067663276278,0.03143814726876427,0.0,61.0,23012625.29730304,23130326.994238168,20648837.09805155,24608813.106064435,0.5245901639344263,1.0,-0.11228670741905458,-0.06226747193255524,0.0,1.0,0.0
0.29,0.12,0.0,0.29,0.3,"(0.29, 0.12, 0.0, 0.29, 0.3)",0.11999999999999998,0.05231216969321828,0.041794245499297535,1.2516596260625767,0.0601580065221875,26859656.178473,-0.08848506939811529,-0.11199581431183613,0.03156133966338878,0.0,61.0,23003663.33113221,23150909.13716119,20659327.549729276,24603458.95274988,0.5245901639344263,1.0,-0.11274650959202709,-0.06233041349503067,0.0,1.0,0.0
0.28,0.12,0.0,0.3,0.3,"(0.28, 0.12, 0.0, 0.3, 0.3)",0.13999999999999996,0.052276083155133435,0.04193848903058753,1.246494195749548,0.0601580065221875,26849648.07027679,-0.08873237164858172,-0.11246208523148567,0.0316845320580133,0.0,61.0,22994681.141140852,23166433.69470366,20669789.160197746,24598057.555119596,0.5245901639344263,1.0,-0.11320738896207905,-0.06239305305487642,0.0,1.0,0.0
0.3,0.12,0.0,0.29,0.29,"(0.3, 0.12, 0.0, 0.29, 0.29)",0.11999999999999998,0.052237303833576165,0.04138133310821903,1.262339801788574,0.0601580065221875,26841513.964214716,-0.08732270221243432,-0.11044547383509494,0.03125741999340142,0.0,61.0,22994838.155921075,23159909.00312033,20677391.232022148,24586992.053683396,0.5245901639344263,1.0,-0.11119255361743334,-0.06130992321271822,0.0,1.0,0.0
0.29,0.12,0.0,0.3,0.29,"(0.29, 0.12, 0.0, 0.3, 0.29)",0.14,0.052201210608051385,0.04152718483974707,1.2570370664299846,0.0601580065221875,26831510.369006544,-0.08757043042122525,-0.11090993816711381,0.03138061238802593,0.0,61.0,22985868.26376794,23175756.540016856,20687859.79951297,24581593.02092009,0.5245901639344263,1.0,-0.1116517453524342,-0.06137355614317022,0.0,1.0,0.0
0.3,0.12,0.0,0.3,0.28,"(0.3, 0.12, 0.0, 0.3, 0.28)",0.13999999999999996,0.05212599598473355,0.04111972252484763,1.2676640984927636,0.0601580065221875,26813300.361481205,-0.08640793953460912,-0.10935919526124352,0.031076692718038573,0.0,61.0,22977016.15485323,23185030.610824037,20705904.378647752,24565078.099373166,0.5245901639344263,1.0,-0.11009735636243452,-0.0603562089367929,0.0,1.0,0.0
0.3,0.11,0.0,0.29,0.3,"(0.3, 0.11, 0.0, 0.29, 0.3)",0.09999999999999998,0.05195435425957595,0.04073789639358086,1.2753322792524577,0.0601580065221875,26767338.98806812,-0.08476683726539713,-0.10723439625225817,0.031071423944225653,0.0,61.0,23001774.77682063,23153307.908069413,20778161.27398725,24574068.11093148,0.5245901639344263,1.0,-0.10787574902392344,-0.06300390637648913,0.0,1.0,0.0
0.29,0.11,0.0,0.3,0.3,"(0.29, 0.11, 0.0, 0.3, 0.3)",0.12,0.05191862865602004,0.040877542662408534,1.2701015098876043,0.0601580065221875,26757451.490941826,-0.08501547322257019,-0.10769585202572743,0.031194616338850168,0.0,61.0,22992861.798725273,23160993.02356132,20788717.304482117,24568722.229857378,0.5245901639344263,1.0,-0.10833180692500083,-0.0630653681559066,0.0,1.0,0.0
0.3,0.11,0.0,0.3,0.29,"(0.3, 0.11, 0.0, 0.3, 0.29)",0.12,0.05184357798509498,0.040459909132925506,1.2813567577418423,0.0601580065221875,26739326.74762439,-0.08385067007452662,-0.10614436783657286,0.030890696668862808,0.0,61.0,22984022.031167522,23146150.6032616,20806860.669095635,24552223.71293882,0.5245901639344263,1.0,-0.10677765422631738,-0.06204826673869209,0.0,1.0,0.0
0.28,0.1,0.06,0.3,0.26,"(0.28, 0.1, 0.06, 0.3, 0.26)",0.11999999999999993,0.05388360115881863,0.04661458782912376,1.1559385949381569,0.0601580065221875,27186823.56403328,-0.10642301202272786,-0.1420313165107539,0.03437903039940315,0.0,61.0,22919578.202554785,23176443.96892,20324779.659830008,24711887.941303357,0.5081967213114754,1.0,-0.1426162312193486,-0.07007581008328187,0.0,1.0,0.0
0.3,0.1,0.06,0.29,0.25,"(0.3, 0.1, 0.06, 0.29, 0.25)",0.09999999999999996,0.053848456947495515,0.04603850316645958,1.1696396112792329,0.0601580065221875,27179434.627712276,-0.10434691108391081,-0.13894515387478368,0.03395191833479127,0.0,61.0,22920085.65809668,23168372.42068724,20361363.885168,24702196.619589906,0.5081967213114754,1.0,-0.13953645034025983,-0.06924873167476099,0.0,1.0,0.0
0.29,0.15,0.06,0.2,0.3,"(0.29, 0.15, 0.06, 0.2, 0.3)",0.11999999999999998,0.05626522272600032,0.0525518473176825,1.070661177443868,0.0601580065221875,27817925.488144115,-0.13060255895449013,-0.17265870998200464,0.039032097711928594,0.0,61.0,23036710.825746145,23266202.139739927,20184659.576956388,24640803.901424125,0.6885245901639344,0.47540983606557374,-0.17408979754944248,-0.07738200561767837,0.0,0.0,0.0
0.28,0.15,0.06,0.21,0.3,"(0.28, 0.15, 0.06, 0.21, 0.3)",0.11999999999999995,0.05622720128261416,0.05270067943437347,1.066916060401691,0.0601580065221875,27807133.799808707,-0.13125056806907665,-0.1737508499396762,0.039211525613090104,0.0,61.0,23027719.17936083,23239702.9583581,20194743.171289586,24647132.31108974,0.6885245901639344,0.45901639344262296,-0.17517758674390965,-0.07724059052537402,0.0,0.0,0.0
0.3,0.15,0.06,0.2,0.29,"(0.3, 0.15, 0.06, 0.2, 0.29)",0.11999999999999998,0.056193455935424685,0.052167539822071486,1.0771728190956378,0.0601580065221875,27799958.744101055,-0.12936713013165335,-0.1709029484241793,0.03858681748228525,0.0,61.0,23028628.773151178,23237060.91663653,20202832.26055148,24637810.565791663,0.6885245901639344,0.4918032786885246,-0.1723298547994422,-0.07636213620393227,0.0,0.0,0.0
0.3,0.14,0.06,0.2,0.3,"(0.3, 0.14, 0.06, 0.2, 0.3)",0.09999999999999999,0.05593025310161592,0.0512756474881904,1.0907761450403441,0.0601580065221875,27728457.807188194,-0.12537320842035637,-0.1656635859074367,0.0378855890121571,0.0,61.0,23038109.589566745,23262136.57785034,20302743.669827715,24646215.821880687,0.6885245901639344,0.5901639344262295,-0.16689669294405687,-0.07519469824721736,0.0,0.0,0.0
0.29,0.14,0.06,0.21,0.3,"(0.29, 0.14, 0.06, 0.21, 0.3)",0.10000000000000002,0.055892594232428205,0.05142155547925879,1.0869487262977262,0.0601580065221875,27717790.407246187,-0.1258884020315416,-0.16657031378517878,0.03806501691331861,0.0,61.0,23029185.67970634,23260400.979453888,20312919.633415893,24652592.820624314,0.6885245901639344,0.5901639344262295,-0.16779768597399775,-0.07520468223094103,0.0,0.0,0.0
0.28,0.14,0.06,0.22,0.3,"(0.28, 0.14, 0.06, 0.22, 0.3)",0.09999999999999996,0.05585462664333041,0.05157282672856639,1.0830243402654582,0.0601580065221875,27707049.625361905,-0.1264036141059286,-0.167479006703146,0.03824444481448012,0.0,61.0,23020241.43465941,23268553.046473876,20323066.954924934,24658926.22956718,0.6885245901639344,0.5901639344262295,-0.1687005339682307,-0.0752148508119758,0.0,0.0,0.0
0.3,0.15,0.05,0.2,0.3,"(0.3, 0.15, 0.05, 0.2, 0.3)",0.09999999999999998,0.05585146384298034,0.05093928406355439,1.0964320537622254,0.0601580065221875,27721910.638187166,-0.12458972495883402,-0.16323254532889567,0.03776586650870893,0.0,61.0,23046674.97174511,23265791.363459915,20190852.39453052,24585478.32860945,0.6885245901639344,0.6229508196721312,-0.16460338431787325,-0.07436406332863557,0.0,0.0,0.0
0.29,0.15,0.05,0.21,0.3,"(0.29, 0.15, 0.05, 0.21, 0.3)",0.1,0.05581404553233704,0.05108154718541146,1.092645947659885,0.0601580065221875,27711298.34675299,-0.12510526203110828,-0.16413081504023178,0.03794529440987044,0.0,61.0,23037679.92163335,23248207.471758574,20200995.354477398,24580018.385821264,0.6885245901639344,0.6065573770491803,-0.16549682210152225,-0.07437436047649745,0.0,0.0,0.0
0.28,0.15,0.05,0.22,0.3,"(0.28, 0.15, 0.05, 0.22, 0.3)",0.09999999999999995,0.05577631845353426,0.05122923004592462,1.0887596476373622,0.0601580065221875,27700612.66412706,-0.1256208173658453,-0.16503103535950164,0.03812472231103196,0.0,61.0,23028664.593774535,23243050.28852805,20211109.85201417,24574511.160327297,0.6885245901639344,0.5901639344262295,-0.1663921028549425,-0.07426643132576036,0.0,0.0,0.0
0.3,0.15,0.05,0.21,0.29,"(0.3, 0.15, 0.05, 0.21, 0.29)",0.1,0.055741849775444274,0.050693943397466405,1.099576123687986,0.0601580065221875,27693289.48951192,-0.12375701996893484,-0.1622456252521349,0.0375000141802271,0.0,61.0,23029480.332503483,23237670.32573114,20219110.907268398,24564173.217876565,0.6885245901639344,0.6229508196721312,-0.16360558202905415,-0.07333760102841383,0.0,0.0,0.0
0.27,0.15,0.05,0.23,0.3,"(0.27, 0.15, 0.05, 0.23, 0.3)",0.09999999999999995,0.05573828265815983,0.05138228591291001,1.084776234997271,0.0601580065221875,27689853.67998733,-0.12613639066694327,-0.165933206676502,0.038304150212193466,0.0,61.0,23019629.009951025,23256434.26774114,20221195.841212235,24568956.68595756,0.6885245901639344,0.5901639344262295,-0.16728922663662563,-0.07412850279596055,0.0,0.0,0.0
0.29,0.15,0.05,0.22,0.29,"(0.29, 0.15, 0.05, 0.22, 0.29)",0.1,0.05570411527328134,0.05084289420377594,1.0956125953416784,0.0601580065221875,27682608.266052753,-0.1242734150467859,-0.1631438930486445,0.03767944208138861,0.0,61.0,23020476.96480951,23251085.400297046,20229232.156745337,24558668.11737927,0.6885245901639344,0.6229508196721312,-0.16449906876742715,-0.07325584283768034,0.0,0.0,0.0
0.26,0.15,0.05,0.24,0.3,"(0.26, 0.15, 0.05, 0.24, 0.3)",0.09999999999999998,0.05569993819794172,0.051540666919130104,1.0806988253632364,0.0601580065221875,27679021.48458476,-0.12665198163836755,-0.16683732937123172,0.03848357811335498,0.0,61.0,23010573.191988304,23263512.456853054,20231253.27625565,24571802.914077654,0.6885245901639344,0.5901639344262295,-0.16818819349544537,-0.07399081069955188,0.0,0.0,0.0
0.28,0.15,0.05,0.23,0.29,"(0.28, 0.15, 0.05, 0.23, 0.29)",0.09999999999999995,0.05566607208709229,0.05099725121162997,1.0915504417304278,0.0601580065221875,27671853.795388184,-0.12478982782988945,-0.1640441120176129,0.03785886998255013,0.0,61.0,23011453.3414092,23255740.926968556,20239324.873483744,24562476.237319104,0.6885245901639344,0.6065573770491803,-0.16539439893792757,-0.07311909804182044,0.0,0.0,0.0
0.25,0.15,0.05,0.25,0.3,"(0.25, 0.15, 0.05, 0.25, 0.3)",0.09999999999999998,0.055661285124747995,0.05170432412860951,1.076530562246514,0.0601580065221875,27668116.168742884,-0.12716758998415245,-0.167743403813876,0.03866300601451649,0.0,61.0,23001497.161754988,23256554.586002328,20241282.111441452,24578006.4716266,0.6885245901639344,0.5245901639344263,-0.16908900347065367,-0.07385335480005895,0.0,0.0,0.0
0.3,0.15,0.05,0.22,0.28,"(0.3, 0.15, 0.05, 0.22, 0.28)",0.09999999999999995,0.05563156480297571,0.050460083751363044,1.1024865728938267,0.0601580065221875,27664527.26463402,-0.1229249139046571,-0.16125783363148985,0.037234161851745266,0.0,61.0,23012248.93266293,23247869.76204787,20247328.936565448,24553052.469448853,0.6885245901639344,0.6557377049180327,-0.16260694016671823,-0.07224848557353558,0.0,0.0,0.0
0.27,0.15,0.05,0.24,0.29,"(0.27, 0.15, 0.05, 0.24, 0.29)",0.09999999999999998,0.05562772026860352,0.05115696548430872,1.0873928846633039,0.0601580065221875,27661026.167725213,-0.12530625802223772,-0.16494628254321467,0.03803829788371164,0.0,61.0,23002409.484085117,23248830.18923582,20249389.011640966,24568721.022679277,0.6885245901639344,0.5901639344262295,-0.16629157259311547,-0.07298258918973989,0.0,0.0,0.0
0.29,0.15,0.05,0.23,0.28,"(0.29, 0.15, 0.05, 0.23, 0.28)",0.09999999999999995,0.05559351426057679,0.05061575088752799,1.0983441574167252,0.0601580065221875,27653777.345369037,-0.1234421666664115,-0.1621561009388891,0.037413589752906776,0.0,61.0,23003237.281380255,23241006.15764579,20257428.369056698,24559338.427449606,0.6885245901639344,0.6229508196721312,-0.16350047743748997,-0.07211292078254268,0.0,0.0,0.0
0.26,0.15,0.05,0.25,0.29,"(0.26, 0.15, 0.05, 0.25, 0.29)",0.09999999999999998,0.0555890598696811,0.05132198700633413,1.0831431733697359,0.0601580065221875,27650125.473842446,-0.1258227053278922,-0.1658504049998139,0.03821772578487315,0.0,61.0,22993345.414663073,23227647.239580177,20259424.52548735,24574922.313137032,0.6885245901639344,0.5901639344262295,-0.16719058977592757,-0.0728463160433732,0.0,0.0,0.0
0.28,0.15,0.05,0.24,0.28,"(0.28, 0.15, 0.05, 0.24, 0.28)",0.09999999999999992,0.05555515511843545,0.050776807401774746,1.0941049262678475,0.0601580065221875,27642954.32354929,-0.12395943657626673,-0.16305631998084424,0.03759301765406829,0.0,61.0,22994205.39641391,23224957.073022917,20267499.1985717,24565580.929684743,0.6885245901639344,0.6229508196721312,-0.1643958586001063,-0.07197759144673663,0.0,0.0,0.0
0.3,0.13,0.06,0.21,0.3,"(0.3, 0.13, 0.06, 0.21, 0.3)",0.08,0.05555422070892968,0.05018315818304633,1.1070291850961642,0.0601580065221875,27627762.289219372,-0.12093616826916664,-0.1599371495155326,0.03691850821354711,0.0,61.0,23030251.21474913,23285846.28790868,20431390.01482556,24657433.77731394,0.6885245901639344,0.6885245901639344,-0.16100039986108616,-0.07253803636673445,0.0,0.0,0.0
0.3,0.15,0.05,0.23,0.27,"(0.3, 0.15, 0.05, 0.23, 0.27)",0.09999999999999995,0.055520609394383635,0.050237865459577584,1.1051546256290816,0.0601580065221875,27635624.538211,-0.12209340705928573,-0.16026917697909537,0.03696830952326344,0.0,61.0,22994980.89970967,23225968.706232913,20275506.262350727,24556142.475347348,0.6885245901639344,0.6721311475409836,-0.16160746524694458,-0.07110996553224656,0.0,0.0,0.0
0.29,0.13,0.06,0.22,0.3,"(0.29, 0.13, 0.06, 0.22, 0.3)",0.08,0.055516615565519345,0.05033139020852327,1.1030216994903905,0.0601580065221875,27617145.61214393,-0.121454193722485,-0.16084045349767742,0.03709793611470863,0.0,61.0,23021374.77571328,23294039.46464114,20441630.102336396,24663815.63776331,0.6885245901639344,0.6721311475409836,-0.16189766714574108,-0.07245799943988315,0.0,0.0,0.0
0.27,0.15,0.05,0.25,0.28,"(0.27, 0.15, 0.05, 0.25, 0.28)",0.09999999999999992,0.05551648742841575,0.05094320217870564,1.0897722375925114,0.0601580065221875,27632058.289908297,-0.12447672333830895,-0.16395849113589195,0.0377724455552298,0.0,61.0,22985153.299546756,23223028.729094166,20277541.37935416,24571779.943206973,0.6885245901639344,0.6065573770491803,-0.16529308370118775,-0.07184249732647235,0.0,0.0,0.0
0.28,0.13,0.06,0.23,0.3,"(0.28, 0.13, 0.06, 0.23, 0.3)",0.07999999999999995,0.05547870190818305,0.05048508751815266,1.098912661847617,0.0601580065221875,27606455.832238343,-0.12197223686887759,-0.1617457304602913,0.03727736401587014,0.0,61.0,23012477.9716873,23296545.55433994,20451841.385475166,24670153.91016067,0.6885245901639344,0.6557377049180327,-0.1627967963483195,-0.07241058908941349,0.0,0.0,0.0
0.3,0.14,0.05,0.21,0.3,"(0.3, 0.14, 0.05, 0.21, 0.3)",0.08000000000000002,0.05547693539972043,0.04980998558112926,1.113771360350245,0.0601580065221875,27621590.103124294,-0.12014903349278894,-0.15755091826080428,0.036798785710098945,0.0,61.0,23038695.240839142,23266773.660285525,20319021.559703566,24557953.44337578,0.6885245901639344,0.7540983606557377,-0.15874867309074,-0.07131295872734342,0.0,0.0,0.0
0.29,0.14,0.05,0.22,0.3,"(0.29, 0.14, 0.05, 0.22, 0.3)",0.08000000000000002,0.055439570708859964,0.04995461538301437,1.1097987700193683,0.0601580065221875,27611028.224040862,-0.12066740301597578,-0.1584457913321708,0.036978213611260455,0.0,61.0,23029747.86892538,23258621.330404356,20329228.575901832,24564335.727903813,0.6885245901639344,0.7377049180327869,-0.15963841283846378,-0.07132352955620301,0.0,0.0,0.0
0.28,0.14,0.05,0.23,0.3,"(0.28, 0.14, 0.05, 0.23, 0.3)",0.07999999999999996,0.05540189745564206,0.05010477301447841,1.1057209547607965,0.0601580065221875,27600393.231975935,-0.12118579003233332,-0.15934262290397805,0.03715764151242197,0.0,61.0,23020780.189399213,23272040.657413933,20339406.968146674,24570674.612384275,0.6885245901639344,0.6885245901639344,-0.16053000247564664,-0.07133428498237353,0.0,0.0,0.0
0.3,0.14,0.05,0.22,0.29,"(0.3, 0.14, 0.05, 0.22, 0.29)",0.08000000000000002,0.05536717883421649,0.04956198152177466,1.1171300487631102,0.0601580065221875,27593029.115124322,-0.11931456436685972,-0.1565572780990226,0.03653293338161712,0.0,61.0,23021530.905945025,23266615.777359474,20347424.541633543,24561203.254771806,0.6885245901639344,0.819672131147541,-0.1577449681706681,-0.0702853194004703,0.0,0.0,0.0
0.27,0.14,0.05,0.24,0.3,"(0.27, 0.14, 0.05, 0.24, 0.3)",0.07999999999999999,0.0553639156915835,0.05026040893083569,1.101541290039459,0.0601580065221875,27589685.21616923,-0.1217041942453434,-0.16024141338440465,0.03733706941358348,0.0,61.0,23011792.22390115,23279099.4536769,20349556.69024251,24576970.063397475,0.6885245901639344,0.6721311475409836,-0.16142344207749681,-0.07134522500585506,0.0,0.0,0.0
0.29,0.15,0.04,0.22,0.3,"(0.29, 0.15, 0.04, 0.22, 0.3)",0.1,0.055357168727812045,0.04967929981702976,1.1142904375000058,0.0601580065221875,27603670.98129153,-0.1198828968903598,-0.15607831683802606,0.036858491107812294,0.0,61.0,23038105.1667367,23324669.503305957,20216741.36969915,24606432.665847562,0.6885245901639344,0.819672131147541,-0.15740247357250045,-0.0704924105418487,0.0,0.0,0.0
0.29,0.14,0.05,0.23,0.29,"(0.29, 0.14, 0.05, 0.23, 0.29)",0.08000000000000002,0.055329498219412354,0.04971347039505708,1.1129679296119641,0.0601580065221875,27582398.592994798,-0.11983379381907866,-0.15745215481402353,0.03671236128277863,0.0,61.0,23012575.184032124,23276318.289462216,20357609.72527565,24567539.85120358,0.6885245901639344,0.7540983606557377,-0.15863476307448268,-0.07029626629608363,0.0,0.0,0.0
0.26,0.14,0.05,0.25,0.3,"(0.26, 0.14, 0.05, 0.25, 0.3)",0.07999999999999999,0.055325625468340967,0.050421472402659664,1.097263186336911,0.0601580065221875,27578904.26643144,-0.12222261535855838,-0.16114216317181476,0.037516497314745,0.0,61.0,23002783.9941151,23252537.6239474,20359677.69610699,24583222.047740858,0.6885245901639344,0.6557377049180327,-0.16231873170959576,-0.07135634962664762,0.0,0.0,0.0
0.28,0.15,0.04,0.23,0.3,"(0.28, 0.15, 0.04, 0.23, 0.3)",0.09999999999999995,0.0553197365389555,0.049825565430333535,1.110268113591284,0.0601580065221875,27593091.242165614,-0.12040162621767281,-0.15696675402359084,0.03703791900897381,0.0,61.0,23029066.478888836,23292460.76022375,20226886.624692004,24600941.104449365,0.6885245901639344,0.7540983606557377,-0.1582865602606026,-0.07050347913215733,0.0,0.0,0.0
0.28,0.14,0.05,0.24,0.29,"(0.28, 0.14, 0.05, 0.24, 0.29)",0.07999999999999999,0.05529150912621805,0.04987047233955799,1.1087023349157257,0.0601580065221875,27571695.101334136,-0.1203530402060069,-0.15834899061559182,0.03689178918394014,0.0,61.0,23003599.176408466,23249802.032158438,20367766.21427252,24573833.02031656,0.6885245901639344,0.7377049180327869,-0.15952640835055812,-0.07030739778900788,0.0,0.0,0.0
0.25,0.14,0.05,0.26,0.3,"(0.25, 0.14, 0.05, 0.26, 0.3)",0.1,0.055287026837711695,0.0505879115886832,1.0928900818684857,0.0601580065221875,27568050.473143425,-0.12274105307559724,-0.16204487265473438,0.037695925215906506,0.0,61.0,22993755.521768287,23225963.948760238,20369769.9397713,24589430.532428727,0.6885245901639344,0.639344262295082,-0.1632158714278775,-0.07136765884475099,0.0,0.0,0.0
0.3,0.15,0.04,0.22,0.29,"(0.3, 0.15, 0.04, 0.22, 0.29)",0.1,0.05528454634797053,0.04928874257256064,1.1216465152581878,0.0601580065221875,27585622.01956371,-0.11852983691994867,-0.1542060564099691,0.03641321087816895,0.0,61.0,23029788.52633281,23296401.380602434,20234799.486420095,24590481.586599324,0.6885245901639344,0.8360655737704918,-0.15552360233483092,-0.06945404519750178,0.0,0.0,0.0
0.27,0.15,0.04,0.24,0.3,"(0.27, 0.15, 0.04, 0.24, 0.3)",0.09999999999999998,0.05528199579126891,0.04997736344475846,1.1061407001266448,0.0601580065221875,27582438.472250402,-0.1209203725414939,-0.15785713568243384,0.03721734691013532,0.0,61.0,23020007.56260472,23256900.21554008,20237003.39000953,24595402.249569066,0.6885245901639344,0.7377049180327869,-0.159172484908962,-0.0705147323197769,0.0,0.0,0.0
0.3,0.14,0.05,0.23,0.28,"(0.3, 0.14, 0.05, 0.23, 0.28)",0.07999999999999996,0.05525675220716186,0.04932569593901502,1.1202427285664625,0.0601580065221875,27564327.791274335,-0.11848069659040172,-0.15556277287901732,0.03626708105313529,0.0,61.0,23004329.87096244,23246965.45402126,20375786.821179137,24564346.976259533,0.6885245901639344,0.819672131147541,-0.15674043091420622,-0.06925785327351155,0.0,0.0,0.0
0.27,0.14,0.05,0.25,0.29,"(0.27, 0.14, 0.05, 0.25, 0.29)",0.07999999999999999,0.05525321160628893,0.050032935455716944,1.10433679541334,0.0601580065221875,27560918.72990892,-0.12087230323122189,-0.1592477859062745,0.03707121708510165,0.0,61.0,22994602.90471507,23231609.122444224,20377893.962514885,24580082.728921633,0.6885245901639344,0.6885245901639344,-0.1604199040681664,-0.07031871387924316,0.0,0.0,0.0
0.29,0.15,0.04,0.23,0.29,"(0.29, 0.15, 0.04, 0.23, 0.29)",0.1,0.05524710685354739,0.049436309835122635,1.1175410753311608,0.0601580065221875,27575046.74949704,-0.11904940818949661,-0.1550925517191059,0.03659263877933046,0.0,61.0,23020761.870605413,23261178.152122762,20244951.511281345,24584992.18711551,0.6885245901639344,0.819672131147541,-0.156405904767279,-0.06946530525725335,0.0,0.0,0.0
0.26,0.15,0.04,0.25,0.3,"(0.26, 0.15, 0.04, 0.25, 0.3)",0.09999999999999998,0.055243946536365884,0.05013464360720467,1.1019116236108433,0.0601580065221875,27571712.760891464,-0.12143913556605146,-0.15874946221779287,0.03739677481129683,0.0,61.0,23010928.43983096,23245792.802088056,20247091.619729765,24589816.135213334,0.6885245901639344,0.6885245901639344,-0.160060247589494,-0.0705261701047077,0.0,0.0,0.0
0.29,0.14,0.05,0.24,0.28,"(0.29, 0.14, 0.05, 0.24, 0.28)",0.07999999999999999,0.05521875581911084,0.04948407418661627,1.1158894397188825,0.0601580065221875,27553628.861376327,-0.11900078564883154,-0.15645765468951273,0.0364465089542968,0.0,61.0,22995365.83271418,23237540.91305218,20385950.065214325,24570637.85340426,0.6885245901639344,0.819672131147541,-0.15763028257631034,-0.06926917623587832,0.0,0.0,0.0
0.28,0.15,0.04,0.24,0.29,"(0.28, 0.15, 0.04, 0.24, 0.29)",0.09999999999999998,0.05520935883271805,0.049589445067869546,1.113328829495005,0.0601580065221875,27564398.50297133,-0.11956899619400752,-0.15598099167026933,0.03677206668049197,0.0,61.0,23011714.98678383,23238025.867443804,20255075.022170056,24579455.527769975,0.6885245901639344,0.819672131147541,-0.1572900455586366,-0.06947674991431584,0.0,0.0,0.0
0.25,0.15,0.04,0.26,0.3,"(0.25, 0.15, 0.04, 0.26, 0.3)",0.12,0.05520558882599924,0.05029735448955832,1.0975843438735902,0.0601580065221875,27560914.198004894,-0.1219579149956398,-0.15964373402315482,0.03757620271245834,0.0,61.0,23001829.132557005,23225328.994819578,20257151.268043414,24584182.79564079,0.6885245901639344,0.6721311475409836,-0.16094984836454193,-0.07053779248694951,0.0,0.0,0.0
0.28,0.14,0.05,0.25,0.28,"(0.28, 0.14, 0.05, 0.25, 0.28)",0.07999999999999993,0.05518045103678815,0.049647947214762435,1.111434694330739,0.0601580065221875,27542857.10605876,-0.11952089108356656,-0.15735449617026456,0.03662593685545831,0.0,61.0,22986381.530639272,23240555.328610856,20396084.544003498,24576885.27629229,0.6885245901639344,0.7540983606557377,-0.15852198509083315,-0.06928068379555632,0.0,0.0,0.0
0.3,0.12,0.06,0.22,0.3,"(0.3, 0.12, 0.06, 0.22, 0.3)",0.059999999999999984,0.05517484366143521,0.049133486199605225,1.1229580461131319,0.0601580065221875,27526565.537473988,-0.11648400700604811,-0.15417930852723308,0.03595142741493712,0.0,61.0,23022107.29483304,23309743.70357439,20560485.395256966,24668085.468656,0.6885245901639344,0.8524590163934426,-0.15508159834209642,-0.07297030130323333,0.0,0.0,0.0
0.3,0.15,0.04,0.23,0.28,"(0.3, 0.15, 0.04, 0.23, 0.28)",0.09999999999999995,0.05517413063165599,0.049050634766903585,1.124840298068562,0.0601580065221875,27556926.257013462,-0.11769608986518532,-0.15321943344775402,0.03614735854968712,0.0,61.0,23012417.033153564,23230179.569503028,20262990.845712513,24568991.513872415,0.6885245901639344,0.8688524590163934,-0.15452615568227673,-0.06842673704606708,0.0,0.0,0.0
0.27,0.15,0.04,0.25,0.29,"(0.27, 0.15, 0.04, 0.25, 0.29)",0.09999999999999998,0.05517130233709411,0.04974809685263525,1.1090133256860775,0.0601580065221875,27553677.36928795,-0.12008860063773719,-0.15687137667084797,0.036951494581653484,0.0,61.0,23002647.896771554,23229241.991021264,20265169.973137442,24573871.642552834,0.6885245901639344,0.7540983606557377,-0.15817602478448406,-0.06948837916868936,0.0,0.0,0.0
0.3,0.14,0.05,0.24,0.27,"(0.3, 0.14, 0.05, 0.24, 0.27)",0.07999999999999999,0.05514565598499077,0.049101298008327604,1.1230997595142604,0.0601580065221875,27535486.703849588,-0.11764743045649351,-0.1545674091523124,0.03600122872465345,0.0,61.0,22987092.26252607,23242742.30720175,20404108.17725167,24567384.612239882,0.6885245901639344,0.819672131147541,-0.1557350678710594,-0.06823056034646649,0.0,0.0,0.0
0.29,0.12,0.06,0.23,0.3,"(0.29, 0.12, 0.06, 0.23, 0.3)",0.059999999999999984,0.055137292319174414,0.04928401438346354,1.118766257354126,0.0601580065221875,27515999.67356379,-0.11700487429284179,-0.15507915774769604,0.03613085531609863,0.0,61.0,23013278.364439163,23311852.084098767,20570789.841077663,24674472.053636733,0.6885245901639344,0.819672131147541,-0.15597511619204904,-0.07292200742306125,0.0,0.0,0.0
0.29,0.15,0.04,0.24,0.28,"(0.29, 0.15, 0.04, 0.24, 0.28)",0.09999999999999998,0.05513637537175331,0.049205117098216074,1.1205414929040434,0.0601580065221875,27546282.571232952,-0.11821652004693894,-0.15410593238138698,0.03632678645084863,0.0,61.0,23003382.193337675,23233051.902487572,20273121.090335418,24563457.06905338,0.6885245901639344,0.8524590163934426,-0.15540851332905434,-0.06843837317257251,0.0,0.0,0.0
0.26,0.15,0.04,0.26,0.29,"(0.26, 0.15, 0.04, 0.26, 0.29)",0.12,0.0551329374184264,0.04991221258443688,1.104598144695701,0.0601580065221875,27542883.43831812,-0.1206082212250098,-0.15776370711848534,0.037130922482815,0.0,61.0,22993560.6225149,23197134.61362718,20275236.318347394,24568240.565706294,0.6885245901639344,0.7377049180327869,-0.1590638425108327,-0.06950019302037379,0.0,0.0,0.0
0.3,0.13,0.05,0.22,0.3,"(0.3, 0.13, 0.05, 0.22, 0.3)",0.06,0.055099061229821,0.04872218619158822,1.1308823666729007,0.0601580065221875,27520766.108743154,-0.1156932045553698,-0.15183799159593134,0.03583170491148896,0.0,61.0,23030430.484233946,23273710.60514874,20447640.195938896,24568789.066187773,0.6885245901639344,0.8852459016393442,-0.1528714707530737,-0.07057586816778179,0.0,0.0,0.0
0.28,0.15,0.04,0.25,0.28,"(0.28, 0.15, 0.04, 0.25, 0.28)",0.09999999999999992,0.055098311669491196,0.04936515038523693,1.1161378267768596,0.0601580065221875,27535566.0527589,-0.11873696640633125,-0.15499437653635526,0.036506214352010145,0.0,61.0,22994327.147654545,23200082.880030494,20283222.750744324,24557875.432043828,0.6885245901639344,0.819672131147541,-0.15629270981224544,-0.06845019389638833,0.0,0.0,0.0
0.25,0.15,0.04,0.27,0.29,"(0.25, 0.15, 0.04, 0.27, 0.29)",0.14,0.05509426412860696,0.0500817385479356,1.1000868924682723,0.0601580065221875,27532016.800501972,-0.12112785766021328,-0.1586579834010537,0.03731035038397651,0.0,61.0,22984453.18600317,23204419.330639053,20285274.012077205,24562562.331723925,0.6885245901639344,0.6885245901639344,-0.15995349879410387,-0.06951219146936925,0.0,0.0,0.0
0.3,0.15,0.04,0.24,0.27,"(0.3, 0.15, 0.04, 0.24, 0.27)",0.09999999999999998,0.055063045622869566,0.04882446432291082,1.1277757244544167,0.0601580065221875,27528090.88477655,-0.1168629439839487,-0.15223196132621872,0.03588150622120529,0.0,61.0,22995009.252438243,23203829.020444166,20291141.52920835,24547407.01351694,0.6885245901639344,0.8688524590163934,-0.15352789130955666,-0.06739960209454658,0.0,0.0,0.0
0.29,0.13,0.05,0.23,0.3,"(0.29, 0.13, 0.05, 0.23, 0.3)",0.06,0.05506175023308635,0.04886916711265948,1.1267175907899338,0.0601580065221875,27510254.73203626,-0.11621441652495523,-0.1527294372751988,0.036011132812650476,0.0,61.0,23021530.828742556,23287165.00116296,20457911.503575575,24575176.135099016,0.6885245901639344,0.8852459016393442,-0.15375748882554183,-0.07053060123171016,0.0,0.0,0.0
0.27,0.15,0.04,0.26,0.28,"(0.27, 0.15, 0.04, 0.26, 0.28)",0.11999999999999994,0.05505993957662003,0.04953068082269693,1.1116330052824426,0.0601580065221875,27524776.79141779,-0.11925742864771216,-0.1558847663144519,0.036685642253171655,0.0,61.0,22985251.91800756,23205997.4975039,20293295.78107661,24552246.63706933,0.6885245901639344,0.819672131147541,-0.15717874520152372,-0.06846219921751578,0.0,0.0,0.0
0.29,0.15,0.04,0.25,0.27,"(0.29, 0.15, 0.04, 0.25, 0.27)",0.09999999999999998,0.055024974747925226,0.04898588864065927,1.1232821589002142,0.0601580065221875,27517379.018946934,-0.11738423275532073,-0.15311846532820766,0.0360609341223668,0.0,61.0,22985966.262547974,23204362.949469592,20301249.887221605,24541827.64372109,0.6885245901639344,0.8688524590163934,-0.15441030576462153,-0.06741161428780564,0.0,0.0,0.0
0.28,0.13,0.05,0.24,0.3,"(0.28, 0.13, 0.05, 0.24, 0.3)",0.05999999999999997,0.055024130879915534,0.04902178401055195,1.122442440447936,0.0601580065221875,27499670.521724887,-0.11673564521437929,-0.15362284935328283,0.036190560713811985,0.0,61.0,23012610.83612004,23274099.51934169,20468154.025239546,24581519.806221757,0.6885245901639344,0.8688524590163934,-0.1546453637047913,-0.070485350598714,0.0,0.0,0.0
0.26,0.15,0.04,0.27,0.28,"(0.26, 0.15, 0.04, 0.27, 0.28)",0.13999999999999996,0.05502125914502942,0.04970165348615288,1.1070307582494938,0.0601580065221875,27513914.877604097,-0.11977790647549935,-0.15677710210770554,0.036865070154333164,0.0,61.0,22976156.526342925,23210216.221593045,20303340.13558285,24546570.718606543,0.6885245901639344,0.7540983606557377,-0.15806661955697834,-0.06847438913595397,0.0,0.0,0.0
0.3,0.14,0.04,0.22,0.3,"(0.3, 0.14, 0.04, 0.22, 0.3)",0.08000000000000002,0.055017925512323096,0.04841443857933247,1.136394991386094,0.0601580065221875,27513731.00277978,-0.11490469588481866,-0.14952362810166223,0.0357119824080408,0.0,61.0,23038737.13292477,23333655.88589997,20334706.890425984,24580251.760222245,0.6885245901639344,0.9836065573770492,-0.15068449288660765,-0.06815419987295981,0.0,0.0,0.0
0.3,0.13,0.05,0.23,0.29,"(0.3, 0.13, 0.05, 0.23, 0.29)",0.06,0.054989163243400085,0.048471609098054536,1.1344612705586277,0.0601580065221875,27492266.274171595,-0.11485697238254877,-0.1508376045124243,0.03556585258300713,0.0,61.0,23013296.73570281,23271217.467694648,20476188.01046079,24571986.408473793,0.6885245901639344,0.9344262295081968,-0.15186184594665178,-0.0696385269990404,0.0,0.0,0.0
0.28,0.15,0.04,0.26,0.27,"(0.28, 0.15, 0.04, 0.26, 0.27)",0.11999999999999994,0.054986595514820547,0.049152843271837963,1.1186859569998675,0.0601580065221875,27506594.46484687,-0.11790553714706375,-0.15400691512841028,0.03624036202352831,0.0,61.0,22976903.08899893,23204782.78062747,20311329.590870596,24536201.149701532,0.6885245901639344,0.8524590163934426,-0.15529455953096144,-0.06742381107837542,0.0,0.0,0.0
0.27,0.13,0.05,0.25,0.3,"(0.27, 0.13, 0.05, 0.25, 0.3)",0.05999999999999997,0.05498620322175474,0.04917998441606392,1.1180606068633543,0.0601580065221875,27489013.566610098,-0.11725689032671183,-0.1545182282568208,0.036369988614973495,0.0,61.0,23003670.527864996,23247590.281172954,20478367.714467466,24587820.046126217,0.6885245901639344,0.8524590163934426,-0.15553509548280098,-0.0704401160750532,0.0,0.0,0.0
0.25,0.15,0.04,0.28,0.28,"(0.25, 0.15, 0.04, 0.28, 0.28)",0.15999999999999998,0.05498227042674819,0.04987801241078344,1.102334831908042,0.0601580065221875,27502980.402279165,-0.12029839959417565,-0.15767138429835997,0.03704449805549467,0.0,61.0,22967040.994649723,23220526.640139487,20313355.768627163,24540847.71138319,0.6885245901639344,0.7377049180327869,-0.15895633292909753,-0.06848676365170317,0.0,0.0,0.0
0.29,0.14,0.04,0.23,0.3,"(0.29, 0.14, 0.04, 0.23, 0.3)",0.08000000000000002,0.054980855519837446,0.04855750600395178,1.1322833490534483,0.0601580065221875,27503274.573910415,-0.1154262509731887,-0.1504067210719598,0.03589141030920231,0.0,61.0,23029766.61923991,23298122.111549176,20344944.811175693,24574815.138421167,0.6885245901639344,0.9508196721311475,-0.1515630476641417,-0.06811198963332156,0.0,0.0,0.0
0.29,0.13,0.05,0.24,0.29,"(0.29, 0.13, 0.05, 0.24, 0.29)",0.060000000000000026,0.05495153658972729,0.04862562233467812,1.1300942579512807,0.0601580065221875,27481686.544039074,-0.11537904620599582,-0.15172905940772655,0.03574528048416864,0.0,61.0,23004388.697736584,23245622.189517688,20486437.363071855,24578327.788794324,0.6885245901639344,0.9016393442622951,-0.15274792538320273,-0.06959427614272987,0.0,0.0,0.0
0.3,0.15,0.04,0.25,0.26,"(0.3, 0.15, 0.04, 0.25, 0.26)",0.09999999999999998,0.054951291786484946,0.04861039786437893,1.130443160325428,0.0601580065221875,27499116.47588673,-0.11603039956853667,-0.15124364655532585,0.035615653892723455,0.0,61.0,22977565.311606314,23199268.304783076,20319251.317336056,24525728.41775737,0.6885245901639344,0.9016393442622951,-0.15252881573007193,-0.06637264034294027,0.0,0.0,0.0
0.26,0.13,0.05,0.26,0.3,"(0.26, 0.13, 0.05, 0.26, 0.3)",0.07999999999999999,0.05494796731019003,0.04934371462553556,1.1135758166401653,0.0601580065221875,27478283.95606179,-0.11777815156508997,-0.1554155744026121,0.03654941651613501,0.0,61.0,22994709.925519668,23245306.348352324,20488552.524909575,24594076.821599383,0.6885245901639344,0.819672131147541,-0.1564266842418969,-0.07039489746735576,0.0,0.0,0.0
0.27,0.15,0.04,0.27,0.27,"(0.27, 0.15, 0.04, 0.27, 0.27)",0.13999999999999996,0.05494790797544269,0.049325272059985444,1.113990976240728,0.0601580065221875,27495737.312825162,-0.1184268568636242,-0.15489731112300853,0.03641978992468982,0.0,61.0,22967819.753694322,23218028.42811718,20321380.59437929,24530527.565918088,0.6885245901639344,0.819672131147541,-0.15618065267233075,-0.06743619246625653,0.0,0.0,0.0
0.28,0.14,0.04,0.24,0.3,"(0.28, 0.14, 0.04, 0.24, 0.3)",0.07999999999999999,0.054943477122789686,0.04870626922676984,1.1280575990532193,0.0601580065221875,27492745.303945642,-0.11594782258141167,-0.1512917659532823,0.036070838210363824,0.0,61.0,23020775.825635217,23262598.328191794,20355154.127017338,24569331.268897828,0.6885245901639344,0.9016393442622951,-0.1524434472038926,-0.06806979564067245,0.0,0.0,0.0
0.28,0.13,0.05,0.25,0.29,"(0.28, 0.13, 0.05, 0.25, 0.29)",0.05999999999999997,0.05491360166342085,0.048785255483699254,1.125618819025541,0.0601580065221875,27471034.12321432,-0.11590113618956843,-0.15262248130966,0.035924708385330156,0.0,61.0,22995460.34440187,23248674.53897073,20496657.85865402,24584625.744120147,0.6885245901639344,0.8852459016393442,-0.15363586212984182,-0.06955004129641047,0.0,0.0,0.0
0.29,0.15,0.04,0.26,0.26,"(0.29, 0.15, 0.04, 0.26, 0.26)",0.12,0.05491290544698901,0.04877878577734371,1.1257538409759764,0.0601580065221875,27488336.66654067,-0.11655254660672387,-0.15213015707273864,0.035795081793884964,0.0,61.0,22968514.205539633,23212544.95637,20329337.68246453,24520104.243712664,0.6885245901639344,0.8688524590163934,-0.15341128859010586,-0.06638502860295296,0.0,0.0,0.0
0.27,0.14,0.04,0.25,0.3,"(0.27, 0.14, 0.04, 0.25, 0.3)",0.07999999999999999,0.054905790372582475,0.04886067622283054,1.1237214589946118,0.0601580065221875,27482143.281223692,-0.11646941041323489,-0.15217876317695797,0.036250266111525334,0.0,61.0,23011764.773871925,23260639.54252215,20365334.791649062,24563800.185345527,0.6885245901639344,0.8852459016393442,-0.15332569160401802,-0.06802761769183042,0.0,0.0,0.0
0.3,0.13,0.05,0.24,0.28,"(0.3, 0.13, 0.05, 0.24, 0.28)",0.05999999999999997,0.05487859603537437,0.04823298942168544,1.1377813544913946,0.0601580065221875,27463626.843803722,-0.11402134398808628,-0.14983635888355742,0.0353000002545253,0.0,61.0,22996126.347272504,23254536.150434468,20504694.903045986,24575077.7264997,0.6885245901639344,0.9836065573770492,-0.15085139605686773,-0.06870497223213004,0.0,0.0,0.0
0.29,0.14,0.04,0.24,0.29,"(0.29, 0.14, 0.04, 0.24, 0.29)",0.08000000000000004,0.05487065308909522,0.04831187640344876,1.135759096394324,0.0601580065221875,27474711.616834287,-0.11459099958253438,-0.14941425592287008,0.03562555798072048,0.0,61.0,23012454.240254644,23252794.39300909,20373299.24559559,24553346.391544815,0.6885245901639344,0.9836065573770492,-0.15056059410476808,-0.06717658603534413,0.0,0.0,0.0
0.26,0.14,0.04,0.26,0.3,"(0.26, 0.14, 0.04, 0.26, 0.3)",0.1,0.05486779532075792,0.04902067366131238,1.119278688413051,0.0601580065221875,27471468.594652034,-0.11699101417247382,-0.1530677131645636,0.03642969401268684,0.0,61.0,23002733.485754382,23228443.623894483,20375486.758881845,24558221.9217093,0.6885245901639344,0.8688524590163934,-0.15420978095310078,-0.0679854555839892,0.0,0.0,0.0
0.29,0.13,0.05,0.25,0.28,"(0.29, 0.13, 0.05, 0.25, 0.28)",0.05999999999999997,0.0548406538748778,0.04839406698465689,1.1332102733226528,0.0601580065221875,27452978.994579475,-0.11454427934142286,-0.15072782447300168,0.03547942815568681,0.0,61.0,22987209.960166514,23248465.28668743,20514922.19304431,24581373.38713455,0.6885245901639344,0.9344262295081968,-0.1517375384842919,-0.06866173520105849,0.0,0.0,0.0
0.28,0.14,0.04,0.25,0.29,"(0.28, 0.14, 0.04, 0.25, 0.29)",0.07999999999999999,0.054832959126198455,0.048467688888286974,1.1313301785975967,0.0601580065221875,27464114.12737253,-0.11511343179160016,-0.15029930911418382,0.03580498588188199,0.0,61.0,23003455.217903752,23232011.686817825,20383486.695179988,24547817.525991064,0.6885245901639344,0.9672131147540983,-0.15144105392962012,-0.06713541012036987,0.0,0.0,0.0
0.25,0.14,0.04,0.27,0.3,"(0.25, 0.14, 0.04, 0.27, 0.3)",0.12000000000000002,0.05482949201899889,0.049186206986922776,1.114733080222602,0.0601580065221875,27460721.333706364,-0.11751263356300912,-0.15395861632790334,0.03660912191384835,0.0,61.0,22993681.98312999,23216023.12472261,20385609.982640166,24552596.51218562,0.6885245901639344,0.8524590163934426,-0.15509571533013425,-0.06794330911472689,0.0,0.0,0.0
0.27,0.14,0.04,0.26,0.29,"(0.27, 0.14, 0.04, 0.26, 0.29)",0.1,0.05479495689401248,0.04862912786608826,1.1267929181231315,0.0601580065221875,27453444.028247513,-0.1156358796657283,-0.1511863152455257,0.035984413783043505,0.0,61.0,22994435.95950045,23217568.140814967,20393645.422945257,24542241.513975024,0.6885245901639344,0.9016393442622951,-0.1523233591094557,-0.06709424994383545,0.0,0.0,0.0
0.26,0.14,0.04,0.27,0.29,"(0.26, 0.14, 0.04, 0.27, 0.29)",0.12000000000000002,0.054756646444218404,0.04879613749218131,1.1221512451265667,0.0601580065221875,27442701.408890333,-0.11615834290882654,-0.15207527473286228,0.03616384168420501,0.0,61.0,22985396.486849155,23224897.658615272,20403775.382788897,24536618.389676526,0.6885245901639344,0.8852459016393442,-0.15320750972694158,-0.06705310530106434,0.0,0.0,0.0
0.28,0.14,0.04,0.26,0.28,"(0.28, 0.14, 0.04, 0.26, 0.28)",0.09999999999999995,0.05472177250887311,0.04824118561026428,1.1343372227823099,0.0601580065221875,27435343.97462729,-0.11427964366329069,-0.14930600600242427,0.03553913355340016,0.0,61.0,22986098.322648223,23224193.802450657,20411778.37487237,24526209.60940454,0.6885245901639344,0.9836065573770492,-0.15043784685449116,-0.06620482424420283,0.0,0.0,0.0
0.25,0.14,0.04,0.28,0.29,"(0.25, 0.14, 0.04, 0.28, 0.29)",0.14000000000000004,0.05471802782863611,0.04896866076982587,1.1174091136744535,0.0601580065221875,27431886.359298203,-0.116680821224872,-0.1529661879823752,0.036343269585366524,0.0,61.0,22976336.821797326,23230948.557731446,20413876.52872208,24530948.18752641,0.6885245901639344,0.8688524590163934,-0.15409350585513934,-0.06701197598776552,0.0,0.0,0.0
0.27,0.14,0.04,0.27,0.28,"(0.27, 0.14, 0.04, 0.27, 0.28)",0.11999999999999997,0.054683454944820076,0.04840968283113874,1.129597463705047,0.0601580065221875,27424606.034264546,-0.11480295125631601,-0.15019302250326796,0.03571856145456167,0.0,61.0,22977070.891369596,23225520.685045034,20421915.05895227,24520588.789341882,0.6885245901639344,0.9672131147540983,-0.15132021442441002,-0.06616467954848335,0.0,0.0,0.0
0.26,0.14,0.04,0.28,0.28,"(0.26, 0.14, 0.04, 0.28, 0.28)",0.13999999999999999,0.05464482924731806,0.04858372711962149,1.1247558079019564,0.0601580065221875,27413795.7179403,-0.11532627365992498,-0.1510819929497207,0.035897989355723185,0.0,61.0,22968023.26793114,23236232.308875497,20432022.904679444,24514920.925092477,0.6885245901639344,0.9016393442622951,-0.15220442791800842,-0.06612455007442522,0.0,0.0,0.0
0.27,0.15,0.06,0.22,0.3,"(0.27, 0.15, 0.06, 0.22, 0.3)",0.11999999999999995,0.05618887096515457,0.052854728411780655,1.0630812541008303,0.0601580065221875,27796268.542182144,-0.13189841811612857,-0.17484519840978313,0.03939095351425161,0.0,61.0,23018707.249599297,23242586.879814282,20204798.239537116,24653417.096680786,0.6721311475409836,0.45901639344262296,-0.17626745146633044,-0.07709941309388914,0.0,0.0,0.0
0.29,0.15,0.06,0.21,0.29,"(0.29, 0.15, 0.06, 0.21, 0.29)",0.12000000000000001,0.056155426948999665,0.05231760328053048,1.0733562592286676,0.0601580065221875,27789171.503495164,-0.13001610290845322,-0.17199335663332108,0.038766245383446765,0.0,61.0,23019649.014412295,23240479.514454797,20212922.58854974,24644136.677820567,0.6721311475409836,0.47540983606557374,-0.1734160727965368,-0.07622191556298463,0.0,0.0,0.0
0.26,0.15,0.06,0.23,0.3,"(0.26, 0.15, 0.06, 0.23, 0.3)",0.11999999999999995,0.05615023182546364,0.05301394877215344,1.0591595820713056,0.0601580065221875,27785329.80642174,-0.13254610883277618,-0.1759417551230424,0.03957038141541312,0.0,61.0,23009675.058165375,23250659.66843622,20214824.73598974,24659658.225006577,0.6721311475409836,0.4426229508196721,-0.17735939107458004,-0.07695847309143655,0.0,0.0,0.0
0.28,0.15,0.06,0.22,0.29,"(0.28, 0.15, 0.06, 0.22, 0.29)",0.11999999999999995,0.056117089121170194,0.05247291454879792,1.069448678498377,0.0601580065221875,27778310.74788113,-0.13066491609384434,-0.17308597351671487,0.038945673284608275,0.0,61.0,23010648.972471945,23248587.30825693,20222984.36596033,24650419.171748787,0.6721311475409836,0.47540983606557374,-0.174504366676659,-0.07608193208985176,0.0,0.0,0.0
0.3,0.15,0.06,0.21,0.28,"(0.3, 0.15, 0.06, 0.21, 0.28)",0.11999999999999995,0.05608330456774846,0.05193800048570876,1.0798125465607848,0.0601580065221875,27771131.999810897,-0.12878118573712338,-0.17023759293432783,0.03832096515380342,0.0,61.0,23011538.273250934,23246431.402987443,20231076.509029754,24641082.506533504,0.6721311475409836,0.4918032786885246,-0.17165613228004323,-0.07520648774900557,0.0,0.0,0.0
0.3,0.14,0.06,0.21,0.29,"(0.3, 0.14, 0.06, 0.21, 0.29)",0.10000000000000002,0.055820629603891225,0.05103241031406041,1.0938270260088336,0.0601580065221875,27699832.354298137,-0.12454038319572114,-0.16466880867916386,0.03761973668367526,0.0,61.0,23021085.85583707,23266366.535789542,20331172.949353978,24649541.548865568,0.6721311475409836,0.6065573770491803,-0.16589182303746025,-0.07416807797147137,0.0,0.0,0.0
0.27,0.14,0.06,0.23,0.3,"(0.27, 0.14, 0.06, 0.23, 0.3)",0.09999999999999996,0.05581635038595434,0.051729414185141216,1.079006040667421,0.0601580065221875,27696235.551677153,-0.12693695327512466,-0.16841369107945534,0.03842387271564163,0.0,61.0,23011276.87594524,23276667.09408843,20333185.588266432,24665216.01528935,0.6721311475409836,0.5573770491803278,-0.16964854816642114,-0.0752252039903216,0.0,0.0,0.0
0.29,0.14,0.06,0.22,0.29,"(0.29, 0.14, 0.06, 0.22, 0.29)",0.10000000000000002,0.055782654534769494,0.05118497276465854,1.0898248357237672,0.0601580065221875,27689096.031725515,-0.12505643550414147,-0.16557553607119888,0.03779916458483678,0.0,61.0,23012153.496385746,23274515.58492177,20341327.043963604,24655872.657657858,0.6721311475409836,0.5901639344262295,-0.1667985226068027,-0.07417843802194908,0.0,0.0,0.0
0.25,0.15,0.05,0.26,0.29,"(0.25, 0.15, 0.05, 0.26, 0.29)",0.12,0.05555009094233099,0.05149226475198797,1.0788045779281121,0.0601580065221875,27639151.80508892,-0.126339169450982,-0.16675647975194205,0.038397153686034656,0.0,61.0,22984261.1550119,23216991.17261188,20269431.369406622,24581080.07594899,0.6721311475409836,0.5901639344262295,-0.16809145051965593,-0.07271027836406976,0.0,0.0,0.0
0.29,0.15,0.05,0.24,0.27,"(0.29, 0.15, 0.05, 0.24, 0.27)",0.09999999999999998,0.055482242963078354,0.050400272851753795,1.1008321944262593,0.0601580065221875,27624806.160238184,-0.1226115171830574,-0.1611674452263655,0.037147737424424954,0.0,61.0,22985960.998715892,23219317.598507635,20285583.771435812,24562382.684515823,0.6721311475409836,0.6557377049180327,-0.16250105463056722,-0.07097581199131058,0.0,0.0,0.0
0.3,0.13,0.06,0.22,0.29,"(0.3, 0.13, 0.06, 0.22, 0.29)",0.08,0.05544445411015042,0.049937504491599186,1.1102768285002638,0.0601580065221875,27599197.15978651,-0.1201015804731792,-0.15893561084672767,0.03665265588506528,0.0,61.0,23013257.42255021,23289815.973077863,20459964.178798616,24660706.594539743,0.6721311475409836,0.7213114754098361,-0.15998959837602306,-0.07156511669550587,0.0,0.0,0.0
0.3,0.15,0.04,0.21,0.3,"(0.3, 0.15, 0.04, 0.21, 0.3)",0.1,0.055394292306364834,0.049538615609069414,1.1182042861977632,0.0601580065221875,27614177.600854125,-0.11936418485539113,-0.15519182371276494,0.036679063206650785,0.0,61.0,23047123.604244553,23321729.004868776,20206567.67106533,24611876.90000925,0.6721311475409836,0.819672131147541,-0.1565202247631794,-0.07048152654885087,0.0,0.0,0.0
0.26,0.14,0.05,0.26,0.29,"(0.26, 0.14, 0.05, 0.26, 0.29)",0.1,0.055214605711419784,0.05020080672216506,1.0998748688841486,0.0601580065221875,27550069.56905518,-0.12139158259837113,-0.1601485410787873,0.03725064498626316,0.0,61.0,22985586.39063645,23234587.881762262,20387992.924007118,24586288.944046788,0.6721311475409836,0.6721311475409836,-0.16131525028693408,-0.07033021456678946,0.0,0.0,0.0
0.28,0.12,0.06,0.24,0.3,"(0.28, 0.12, 0.06, 0.24, 0.3)",0.059999999999999956,0.055099432669089454,0.04944010950298351,1.114468257109431,0.0601580065221875,27505360.98709476,-0.11752575849854208,-0.1559809878946938,0.03631028321726014,0.0,61.0,23004429.039598394,23313919.14030812,20581065.31975728,24680815.05319693,0.6721311475409836,0.819672131147541,-0.1568705029110923,-0.0728737299070588,0.0,0.0,0.0
0.25,0.13,0.05,0.27,0.3,"(0.25, 0.13, 0.05, 0.27, 0.3)",0.1,0.054909423196946916,0.04951291978083306,1.1089918235483034,0.0601580065221875,27467481.780017473,-0.11829942863272147,-0.1563148881976031,0.03672884441729652,0.0,61.0,22985729.05066982,23245708.428321056,20498708.41033026,24600290.099645242,0.6721311475409836,0.819672131147541,-0.15732013005474996,-0.07034969458261732,0.0,0.0,0.0
0.26,0.15,0.04,0.28,0.27,"(0.26, 0.15, 0.04, 0.28, 0.27)",0.15999999999999998,0.05490891218181937,0.04950311780254058,1.1092010891281954,0.0601580065221875,27484807.653797075,-0.11894819160951087,-0.15578965369839945,0.03659921782585133,0.0,61.0,22958716.27858031,23211618.563295625,20331402.852085333,24524806.92708126,0.6721311475409836,0.819672131147541,-0.15706858524288134,-0.06744875845144833,0.0,0.0,0.0
0.27,0.13,0.05,0.26,0.29,"(0.27, 0.13, 0.05, 0.26, 0.29)",0.07999999999999999,0.054875358516065065,0.04895045356357575,1.1210388162143212,0.0601580065221875,27460309.10102296,-0.11642324203643173,-0.15351787063921904,0.036104136286491666,0.0,61.0,22986511.6971982,23251687.35830556,20506849.45083057,24590880.24125191,0.6721311475409836,0.8688524590163934,-0.15452565627259388,-0.06950582226445733,0.0,0.0,0.0
0.28,0.15,0.04,0.27,0.26,"(0.28, 0.15, 0.04, 0.27, 0.26)",0.13999999999999996,0.05487421083368149,0.04895267969770071,1.1209643919913728,0.0601580065221875,27477484.314000648,-0.11707470870807446,-0.15301861396279764,0.035974509695046474,0.0,61.0,22959442.938004192,23208780.202952392,20339395.323170207,24514433.013704993,0.6721311475409836,0.8688524590163934,-0.15429560123361813,-0.06639760146027637,0.0,0.0,0.0
0.3,0.15,0.04,0.26,0.25,"(0.3, 0.15, 0.04, 0.26, 0.25)",0.12,0.05483886958680917,0.04840859596578114,1.132833301456903,0.0601580065221875,27470003.604823757,-0.11519845691069464,-0.15025449565483154,0.035349801564241626,0.0,61.0,22960085.33776647,23205841.117137194,20347319.990689486,24503956.059348963,0.6721311475409836,0.9180327868852459,-0.15152893546651822,-0.06534585179124813,0.0,0.0,0.0
0.28,0.13,0.05,0.26,0.28,"(0.28, 0.13, 0.05, 0.26, 0.28)",0.07999999999999993,0.05480240352570087,0.048560744602748965,1.1285330151753599,0.0601580065221875,27442258.598232888,-0.11506723029522958,-0.15162125767444593,0.03565885605684832,0.0,61.0,22978273.279437684,23260593.58063091,20525120.55504885,24587625.59590157,0.6721311475409836,0.9016393442622951,-0.1526255387224526,-0.06861851388199193,0.0,0.0,0.0
0.25,0.14,0.04,0.29,0.28,"(0.25, 0.14, 0.04, 0.29, 0.28)",0.15999999999999995,0.05460589546832506,0.04876325908049171,1.1198163637542997,0.0601580065221875,27402913.11617112,-0.11584961057818866,-0.15197291774232438,0.036077417256884695,0.0,61.0,22958955.474180497,23209625.390057527,20442101.86615257,24509206.051320627,0.6721311475409836,0.8852459016393442,-0.15309048740240372,-0.06608443561589139,0.0,0.0,0.0
0.27,0.14,0.04,0.28,0.27,"(0.27, 0.14, 0.04, 0.28, 0.27)",0.13999999999999999,0.05457128498825581,0.04820250642173639,1.132125464821213,0.0601580065221875,27395629.87106944,-0.11397062547699588,-0.1491988914992054,0.03545270912607983,0.0,61.0,22959669.696011625,23206787.3570216,20450143.479206715,24498842.343609754,0.6721311475409836,0.9836065573770492,-0.15031626409463048,-0.06523890255007728,0.0,0.0,0.0
0.26,0.12,0.05,0.27,0.3,"(0.26, 0.12, 0.05, 0.27, 0.3)",0.07999999999999999,0.05456696930216798,0.04831016692013264,1.1295131600844852,0.0601580065221875,27377169.095580924,-0.11331856495548975,-0.14965763201202348,0.03558233571752502,0.0,61.0,22986351.24917746,23262380.280671228,20617876.616352856,24604366.95552594,0.6721311475409836,0.9836065573770492,-0.15051217479479873,-0.07086492551405273,0.0,0.0,0.0
0.3,0.13,0.07,0.2,0.3,"(0.3, 0.13, 0.07, 0.2, 0.3)",0.09999999999999999,0.05600368436616088,0.051710036397802125,1.0830331646902738,0.0601580065221875,27733758.571732495,-0.12665231816851308,-0.1687795766260448,0.03800531151560526,0.0,61.0,23029527.71989064,23341789.464477085,20414544.508430906,24745478.546779085,0.6557377049180327,0.5901639344262295,-0.1698922992753192,-0.07602547584558299,0.0,0.0,0.0
0.27,0.13,0.06,0.24,0.3,"(0.27, 0.13, 0.06, 0.24, 0.3)",0.07999999999999997,0.0554404797884811,0.050644200353084375,1.0947054036189283,0.0601580065221875,27595693.039203692,-0.1224902974111538,-0.16265298080664212,0.03745679191703165,0.0,61.0,23003560.824049238,23310311.72569564,20462023.817886014,24676448.561075557,0.6557377049180327,0.639344262295082,-0.16369778753766934,-0.07236319461168908,0.0,0.0,0.0
0.29,0.13,0.06,0.23,0.29,"(0.29, 0.13, 0.06, 0.23, 0.29)",0.08,0.05540653303510612,0.05009255455483745,1.1060831999384526,0.0601580065221875,27588511.85024071,-0.12062046654712,-0.159838919951382,0.03683208378622679,0.0,61.0,23004372.5016634,23306623.76569868,20470182.274566274,24667042.564215895,0.6557377049180327,0.6885245901639344,-0.16088692236193705,-0.07151870728533405,0.0,0.0,0.0
0.25,0.14,0.05,0.27,0.29,"(0.25, 0.14, 0.05, 0.27, 0.29)",0.12000000000000002,0.05517569149354595,0.0503740320710118,1.0953201327176927,0.0601580065221875,27539147.709676996,-0.12191087801116907,-0.161051256515993,0.03743007288742467,0.0,61.0,22976549.6559004,23237826.791612215,20398063.052867506,24592451.63293741,0.6557377049180327,0.6557377049180327,-0.16221244705682888,-0.07034189985164668,0.0,0.0,0.0
0.27,0.14,0.05,0.26,0.28,"(0.27, 0.14, 0.05, 0.26, 0.28)",0.09999999999999995,0.055141837911986125,0.04981726079852293,1.1068821735301244,0.0601580065221875,27532012.61561244,-0.12004101259828137,-0.15825329771817476,0.03680536475661982,0.0,61.0,22977376.986379318,23243530.19879802,20406190.211524215,24583089.21196522,0.6557377049180327,0.7377049180327869,-0.15941553852109178,-0.06929237595254545,0.0,0.0,0.0
0.29,0.14,0.05,0.25,0.27,"(0.29, 0.14, 0.05, 0.25, 0.27)",0.07999999999999999,0.055107343974438505,0.04926659087275949,1.1185540342493738,0.0601580065221875,27524719.602335315,-0.1181683787980975,-0.1554622975134208,0.03618065662581497,0.0,61.0,22978119.941491548,23235840.63471372,20414249.374724742,24573629.739424363,0.6557377049180327,0.819672131147541,-0.1566249778964238,-0.06824225937558742,0.0,0.0,0.0
0.3,0.12,0.06,0.23,0.29,"(0.3, 0.12, 0.06, 0.23, 0.29)",0.059999999999999984,0.05506493504348464,0.04888552514032168,1.1264057179589562,0.0601580065221875,27498061.72577012,-0.11564765773549013,-0.15317098155788994,0.03568557508645529,0.0,61.0,23005143.724746633,23317540.31076376,20589204.80506437,24671305.406577203,0.6557377049180327,0.8852459016393442,-0.15406484806834927,-0.07203208296347782,0.0,0.0,0.0
0.25,0.15,0.04,0.29,0.27,"(0.25, 0.15, 0.04, 0.29, 0.27)",0.17999999999999994,0.054869608186117746,0.04968632233168156,1.1043201752755034,0.0601580065221875,27473805.57924301,-0.11946954108930397,-0.1566839432311863,0.036778645727012844,0.0,61.0,22949592.68564593,23184993.215607066,20341396.318440463,24519039.268152043,0.6557377049180327,0.7540983606557377,-0.1579583572871534,-0.06746150903395129,0.0,0.0,0.0
0.26,0.13,0.05,0.27,0.29,"(0.26, 0.13, 0.05, 0.27, 0.29)",0.1,0.054836807199383886,0.04912116042852287,1.1163581381424807,0.0601580065221875,27449511.567357715,-0.11694536344981943,-0.154415227807545,0.036283564187653175,0.0,61.0,22977542.77766861,23254660.63213762,20517012.09333886,24597091.247207154,0.6557377049180327,0.8524590163934426,-0.15541730788782632,-0.06946161885161595,0.0,0.0,0.0
0.27,0.15,0.04,0.28,0.26,"(0.27, 0.15, 0.04, 0.28, 0.26)",0.15999999999999998,0.05483520799858743,0.04913202116292679,1.116078815824578,0.0601580065221875,27466559.509135257,-0.11759688557712678,-0.153909017616053,0.03615393759620799,0.0,61.0,22950351.530903198,23182200.415130753,20349424.193764325,24508714.762427647,0.6557377049180327,0.8360655737704918,-0.15518175371842605,-0.06641035891491133,0.0,0.0,0.0
0.29,0.15,0.04,0.27,0.25,"(0.29, 0.15, 0.04, 0.27, 0.25)",0.14,0.05480016793330167,0.04858396357482487,1.1279476580559988,0.0601580065221875,27459156.089354686,-0.1157214618926814,-0.15114101413792,0.035529229465403135,0.0,61.0,22951026.14930561,23179306.998220596,20357384.25675523,24498287.202150263,0.6557377049180327,0.9016393442622951,-0.15241146833089883,-0.06535861611801448,0.0,0.0,0.0
0.26,0.15,0.04,0.29,0.26,"(0.26, 0.15, 0.04, 0.29, 0.26)",0.17999999999999994,0.05479589699387266,0.04931675074270212,1.1111011201803749,0.0601580065221875,27455562.34337815,-0.11811907691848533,-0.1548013684132602,0.0363333654973695,0.0,61.0,22941240.00618282,23164512.58872648,20359424.248672307,24502949.52482418,0.6557377049180327,0.819672131147541,-0.15606974609273197,-0.0664233009668568,0.0,0.0,0.0
0.29,0.11,0.06,0.24,0.3,"(0.29, 0.11, 0.06, 0.24, 0.3)",0.04000000000000001,0.05475463009023662,0.04828221275156011,1.1340538672488114,0.0601580065221875,27414361.171105973,-0.11306249343108588,-0.15006731863614295,0.03534547043076862,0.0,61.0,23004896.71370549,23359919.17604272,20582693.01228785,24684561.804731645,0.6557377049180327,0.9672131147540983,-0.15082816137507413,-0.07337977371089202,0.0,0.0,0.0
0.25,0.15,0.03,0.28,0.29,"(0.25, 0.15, 0.03, 0.28, 0.29)",0.16000000000000003,0.05463275421410163,0.0487441104522305,1.1208072874289507,0.0601580065221875,27423900.551479038,-0.11589643415338702,-0.15064482360646625,0.036223547081918356,0.0,61.0,22984104.3449091,23215264.734089702,20300525.70513338,24588209.60902175,0.6557377049180327,0.9180327868852459,-0.15189939167408334,-0.06562516406139131,0.0,0.0,0.0
0.26,0.15,0.03,0.28,0.28,"(0.26, 0.15, 0.03, 0.28, 0.28)",0.15999999999999998,0.05455932626419324,0.04836174114728283,1.128150578740249,0.0601580065221875,27405761.167230178,-0.1145416654180722,-0.14877688114218,0.03577826685227501,0.0,61.0,22975691.657140132,23208985.04590291,20318534.153486334,24572113.078950986,0.6557377049180327,0.9836065573770492,-0.15002488883218892,-0.06458575583171307,0.0,0.0,0.0
0.26,0.14,0.04,0.29,0.27,"(0.26, 0.14, 0.04, 0.29, 0.27)",0.15999999999999995,0.054532344193359394,0.0483836022454181,1.1270831782378001,0.0601580065221875,27384752.094455015,-0.11449480671755063,-0.15008787436733828,0.03563213702724134,0.0,61.0,22950613.955417678,23188939.07373818,20460229.1041878,24503048.720618177,0.6557377049180327,0.9672131147540983,-0.15120054207474118,-0.065199785935577,0.0,0.0,0.0
0.25,0.12,0.05,0.28,0.3,"(0.25, 0.12, 0.05, 0.28, 0.3)",0.1,0.05452847977917541,0.048482104044200225,1.1247135588311683,0.0601580065221875,27366418.627380252,-0.11384269137217862,-0.15055351942481804,0.03576176361868653,0.0,61.0,22977418.009913046,23266414.870770745,20596696.43854374,24610584.89268558,0.6557377049180327,0.9672131147540983,-0.15140190313603336,-0.07081884603922772,0.0,0.0,0.0
0.25,0.15,0.03,0.29,0.28,"(0.25, 0.15, 0.03, 0.29, 0.28)",0.17999999999999994,0.05452063397202034,0.04853724715606262,1.1232741279438292,0.0601580065221875,27394933.932520986,-0.11506534171240546,-0.14965944329880923,0.03595769475343652,0.0,61.0,22966553.3711239,23211715.03928206,20328580.528314948,24566405.908538748,0.6557377049180327,0.9836065573770492,-0.15090347038803084,-0.0645987171925981,0.0,0.0,0.0
0.25,0.14,0.04,0.3,0.27,"(0.25, 0.14, 0.04, 0.3, 0.27)",0.17999999999999997,0.05449309540142,0.04857015599566295,1.1219460651163224,0.0601580065221875,27373802.177832283,-0.11501900191452663,-0.15097881216311249,0.03581156492840286,0.0,61.0,22941538.066582028,23205464.1520505,20470285.7746643,24509126.14316691,0.6557377049180327,0.9016393442622951,-0.15208666652303685,-0.06516068401784553,0.0,0.0,0.0
0.29,0.14,0.07,0.2,0.3,"(0.29, 0.14, 0.07, 0.2, 0.3)",0.12000000000000001,0.0563399145064547,0.05295252306404858,1.0639703501627091,0.0601580065221875,27823543.856761266,-0.13226330151453913,-0.17634592875609753,0.03915182021537676,0.0,61.0,23028079.17673797,23312391.142889977,20296018.175111093,24740246.592391327,0.639344262295082,0.45901639344262296,-0.17763653224048848,-0.07976151057159994,0.0,0.0,0.0
0.29,0.15,0.06,0.22,0.28,"(0.29, 0.15, 0.06, 0.22, 0.28)",0.11999999999999995,0.05604495926469499,0.052094582139296755,1.0758308630796816,0.0601580065221875,27760275.78470714,-0.1294309622720432,-0.17132847914425905,0.03850039305496493,0.0,61.0,23002550.130977437,23254536.163283844,20241144.98386563,24647362.69886229,0.639344262295082,0.4918032786885246,-0.17274285624368965,-0.0750676944820738,0.0,0.0,0.0
0.28,0.14,0.06,0.23,0.29,"(0.28, 0.14, 0.06, 0.23, 0.29)",0.09999999999999996,0.05574437082994321,0.05134288380749538,1.0857273042735724,0.0601580065221875,27678286.471539557,-0.12569877619242564,-0.16665163867003657,0.03797859248599829,0.0,61.0,23003200.823444672,23272298.134317588,20351452.425806895,24662160.149279714,0.639344262295082,0.5901639344262295,-0.16788362123879252,-0.07418898266973739,0.0,0.0,0.0
0.3,0.14,0.06,0.22,0.28,"(0.3, 0.14, 0.06, 0.22, 0.28)",0.09999999999999996,0.055710334896091895,0.0508005974209268,1.096647238899253,0.0601580065221875,27671065.67359355,-0.12380648365087488,-0.16380324182847866,0.037353884355193434,0.0,61.0,23004025.07700396,23265604.467222776,20359561.499780875,24652760.615429413,0.639344262295082,0.6229508196721312,-0.1650367458256367,-0.07314163089563977,0.0,0.0,0.0
0.26,0.15,0.05,0.26,0.28,"(0.26, 0.15, 0.05, 0.26, 0.28)",0.11999999999999994,0.05547751124252187,0.05111488308525169,1.0853494695467463,0.0601580065221875,27621089.33574956,-0.1249940266566959,-0.16486261477274552,0.03795187345639132,0.0,61.0,22976081.012604877,23220151.34643606,20287554.865761276,24577935.4352864,0.639344262295082,0.5901639344262295,-0.1661921527777134,-0.07170763818152104,0.0,0.0,0.0
0.28,0.15,0.05,0.25,0.27,"(0.28, 0.15, 0.05, 0.25, 0.27)",0.09999999999999992,0.05544356801646444,0.05056804947219895,1.0964150010758458,0.0601580065221875,27613914.825021304,-0.12312964389783454,-0.16206766576783918,0.03732716532558646,0.0,61.0,22976920.886043172,23212369.13967259,20295632.607398234,24568579.411250226,0.639344262295082,0.6229508196721312,-0.1633964883630994,-0.070841893176769,0.0,0.0,0.0
0.3,0.15,0.05,0.24,0.26,"(0.3, 0.15, 0.05, 0.24, 0.26)",0.09999999999999998,0.055408984017891294,0.05002744365251603,1.1075717640652343,0.0601580065221875,27606581.88637097,-0.1212624997255558,-0.1592796618170407,0.0367024571947816,0.0,61.0,22977676.360820323,23204487.53619769,20303642.66471677,24559126.33687945,0.639344262295082,0.6885245901639344,-0.16060716379525575,-0.0699772453446767,0.0,0.0,0.0
0.25,0.13,0.05,0.28,0.29,"(0.25, 0.13, 0.05, 0.28, 0.29)",0.12000000000000002,0.05479794776524116,0.04929731885107437,1.111580691249843,0.0601580065221875,27438641.612677228,-0.11746750013303242,-0.15531455321590665,0.03646299208881469,0.0,61.0,22968553.60739974,23257594.34527231,20527145.74003094,24603258.729220655,0.639344262295082,0.819672131147541,-0.15631081704222702,-0.0694174308630019,0.0,0.0,0.0
0.27,0.13,0.05,0.27,0.28,"(0.27, 0.13, 0.05, 0.27, 0.28)",0.09999999999999995,0.05476384503956577,0.048732964815679784,1.1237536079878636,0.0601580065221875,27431465.744611803,-0.11559019655276803,-0.15251665890322813,0.03583828395800983,0.0,61.0,22969316.32658639,23253714.3909804,20535289.94277029,24593834.319832,0.639344262295082,0.8852459016393442,-0.15351539685141088,-0.06857530807743387,0.0,0.0,0.0
0.26,0.15,0.03,0.27,0.29,"(0.26, 0.15, 0.03, 0.27, 0.29)",0.14,0.054671131350022106,0.04857563320194828,1.1254846874096816,0.0601580065221875,27434660.22659218,-0.11537361576878635,-0.14976227147375315,0.036044119180756846,0.0,61.0,22993234.635604933,23231944.98662444,20290457.306922957,24593871.99942239,0.639344262295082,0.9836065573770492,-0.15102087188537025,-0.06561257876726012,0.0,0.0,0.0
0.28,0.15,0.07,0.2,0.3,"(0.28, 0.15, 0.07, 0.2, 0.3)",0.13999999999999996,0.05667237342712683,0.05423439661037481,1.0449525940938678,0.0601580065221875,27912637.369926035,-0.13784556936505765,-0.1838795139563243,0.04029832891514826,0.0,61.0,23026229.382098947,23277319.4206323,20177786.781893477,24734392.611691717,0.6229508196721312,0.3442622950819672,-0.18535860137159088,-0.08023772234869252,0.0,0.0,0.0
0.25,0.15,0.06,0.24,0.3,"(0.25, 0.15, 0.06, 0.24, 0.3)",0.11999999999999998,0.05611128391552578,0.053178294064823495,1.055153891306235,0.0601580065221875,27774317.68425895,-0.13319363995634836,-0.17704051979808405,0.03974980931657464,0.0,61.0,23000622.62680633,23258694.39374219,20224822.61505153,24665855.66309481,0.6229508196721312,0.4426229508196721,-0.1784534049148508,-0.0768177702856279,0.0,0.0,0.0
0.27,0.15,0.06,0.23,0.29,"(0.27, 0.15, 0.06, 0.23, 0.29)",0.11999999999999995,0.05607844250377725,0.052633427171017856,1.0654529928588112,0.0601580065221875,27767376.568372063,-0.13131356942519368,-0.1741807988084,0.03912510118576979,0.0,61.0,23001628.66899128,23256657.0692939,20233017.547047336,24656658.014399286,0.6229508196721312,0.45901639344262296,-0.17559473580045273,-0.07594218555114274,0.0,0.0,0.0
0.26,0.14,0.06,0.24,0.3,"(0.26, 0.14, 0.06, 0.24, 0.3)",0.09999999999999999,0.05577776551207192,0.051891269722333495,1.0748969106081772,0.0601580065221875,27685348.276906747,-0.1275885230609719,-0.16950745763509162,0.03860330061680314,0.0,61.0,23002292.02512678,23278911.12886257,20343275.48746532,24671462.144588973,0.6229508196721312,0.5245901639344263,-0.17073730152453317,-0.07523574176597823,0.0,0.0,0.0
0.29,0.15,0.05,0.25,0.26,"(0.29, 0.15, 0.05, 0.25, 0.26)",0.09999999999999998,0.055370301849057446,0.05019661032266196,1.1030685437351084,0.0601580065221875,27595695.28766008,-0.12178146688924296,-0.16017793243639564,0.03688188509594312,0.0,61.0,22968648.243877567,23199862.39900657,20313698.14407157,24565320.766966015,0.6229508196721312,0.6721311475409836,-0.16150080687493418,-0.06984449812211842,0.0,0.0,0.0
0.28,0.14,0.05,0.26,0.27,"(0.28, 0.14, 0.05, 0.26, 0.27)",0.09999999999999995,0.05506872365388227,0.049437356651019046,1.1139091445081772,0.0601580065221875,27513879.82016973,-0.1186893429576622,-0.1563591461260213,0.03636008452697648,0.0,61.0,22969127.378497057,23241036.365528025,20424361.736442838,24579831.385747924,0.6229508196721312,0.819672131147541,-0.15751673925169848,-0.06825414300201905,0.0,0.0,0.0
0.3,0.14,0.05,0.25,0.26,"(0.3, 0.14, 0.05, 0.25, 0.26)",0.07999999999999999,0.055033890633560345,0.048888951421236594,1.1256917776652187,0.0601580065221875,27506506.4265875,-0.11681476625766252,-0.15357119348038692,0.03573537639617162,0.0,61.0,22969818.206963453,23234223.640596207,20432388.388926417,24570316.16817409,0.6229508196721312,0.8688524590163934,-0.15472888560037254,-0.06720344061933603,0.0,0.0,0.0
0.28,0.15,0.03,0.24,0.3,"(0.28, 0.15, 0.03, 0.24, 0.3)",0.09999999999999996,0.05485746713077888,0.04849557186905977,1.1311850755961084,0.0601580065221875,27484586.867268287,-0.11516229395343303,-0.14898755638257724,0.03595111570691566,0.0,61.0,23028925.71145135,23292444.512281936,20242073.336378083,24626629.984092683,0.6229508196721312,0.9836065573770492,-0.15026463205924692,-0.06661571023989965,0.0,0.0,0.0
0.27,0.15,0.03,0.25,0.3,"(0.27, 0.15, 0.03, 0.25, 0.3)",0.09999999999999996,0.05482002194827151,0.04864581142548081,1.1269217295768374,0.0601580065221875,27474040.23615249,-0.11568422294520231,-0.1498662228686257,0.036130543608077166,0.0,61.0,23019843.785608817,23264309.244825955,20252220.730082486,24621107.066595487,0.6229508196721312,0.9836065573770492,-0.15113942571966682,-0.06662755027265516,0.0,0.0,0.0
0.26,0.15,0.03,0.26,0.3,"(0.26, 0.15, 0.03, 0.26, 0.3)",0.11999999999999998,0.0547822684164192,0.0488016925308401,1.1225485341886388,0.0601580065221875,27463420.936320607,-0.11620616766481828,-0.15074682768059108,0.03630997150923868,0.0,61.0,23010741.6810402,23235489.18347814,20262339.607662335,24615536.846148726,0.6229508196721312,0.9180327868852459,-0.15201605231506088,-0.06663957490272117,0.0,0.0,0.0
0.28,0.15,0.04,0.28,0.25,"(0.28, 0.15, 0.04, 0.28, 0.25)",0.15999999999999998,0.0547611580904821,0.04876480919881153,1.1229646745304338,0.0601580065221875,27448236.17641739,-0.11624448138068022,-0.15202947956561733,0.035708657366564645,0.0,61.0,22941946.821547825,23160373.61738259,20367419.728432387,24492571.357541848,0.6229508196721312,0.8688524590163934,-0.15329584144828262,-0.06537156504209195,0.0,0.0,0.0
0.25,0.15,0.03,0.27,0.3,"(0.25, 0.15, 0.03, 0.27, 0.3)",0.14,0.054744206586860855,0.04896316130317553,1.1180692816766795,0.0601580065221875,27452729.056781907,-0.11672812781684427,-0.15162937123502065,0.036489399410400185,0.0,61.0,23001619.41985525,23226286.854518373,20272429.923202917,24609919.356934246,0.6229508196721312,0.9016393442622951,-0.15289451193065093,-0.06665178413009872,0.0,0.0,0.0
0.29,0.13,0.05,0.26,0.27,"(0.29, 0.13, 0.05, 0.26, 0.27)",0.07999999999999999,0.05472910255266372,0.04817467394728449,1.1360554845176838,0.0601580065221875,27424132.65441533,-0.11371011622389005,-0.1497257390653069,0.03521357582720498,0.0,61.0,22969994.741703548,23248913.937523536,20543365.771480273,24584312.93526837,0.6229508196721312,0.9836065573770492,-0.15072633471496238,-0.06773297454582818,0.0,0.0,0.0
0.27,0.15,0.03,0.26,0.29,"(0.27, 0.15, 0.03, 0.26, 0.29)",0.11999999999999998,0.054709200272313296,0.048412722754004565,1.1300583226913818,0.0601580065221875,27445347.465789586,-0.11485081225932503,-0.1488816586655428,0.03586469127959533,0.0,61.0,23002344.792132754,23233856.656017847,20280360.2765967,24599487.18919975,0.6229508196721312,0.9836065573770492,-0.15014418559694165,-0.06560017807043986,0.0,0.0,0.0
0.26,0.14,0.04,0.3,0.26,"(0.26, 0.14, 0.04, 0.3, 0.26)",0.17999999999999997,0.05441919174508447,0.04819591590978237,1.1291245475436427,0.0601580065221875,27355571.11251186,-0.11366394237293542,-0.14909292554766146,0.03536628469875951,0.0,61.0,22933168.675419036,23201878.123010162,20488393.761116963,24505724.466028217,0.6229508196721312,0.9836065573770492,-0.15019585875481078,-0.064278808865096,0.0,0.0,0.0
0.27,0.15,0.07,0.21,0.3,"(0.27, 0.15, 0.07, 0.21, 0.3)",0.13999999999999996,0.05663374912136421,0.054389207444406354,1.041268144590121,0.0601580065221875,27901665.795873675,-0.13848846349527044,-0.18498733284487595,0.040477756816309766,0.0,61.0,23017241.426680695,23294086.15599961,20187810.787269086,24740671.4194606,0.6065573770491803,0.3442622950819672,-0.18646118570869624,-0.08009326578107683,0.0,0.0,0.0
0.29,0.15,0.07,0.2,0.29,"(0.29, 0.15, 0.07, 0.2, 0.29)",0.14,0.056601030294445964,0.053854840972025024,1.0509924321166866,0.0601580065221875,27894719.19052943,-0.1366177491221433,-0.18211119570011686,0.03985304868550491,0.0,61.0,23018277.160086412,23287580.068291534,20196023.00227218,24731479.78892216,0.6065573770491803,0.36065573770491804,-0.1835869270067664,-0.07921093133683875,0.0,0.0,0.0
0.26,0.15,0.07,0.22,0.3,"(0.26, 0.15, 0.07, 0.22, 0.3)",0.13999999999999996,0.056594815836218615,0.05454903980332575,1.0375034288462057,0.0601580065221875,27890620.47980351,-0.13913120052265093,-0.18609736404690996,0.040657184717471276,0.0,61.0,23008233.182175726,23307304.946857825,20197806.204128306,24746906.381447524,0.6065573770491803,0.3442622950819672,-0.18756584736796716,-0.07994904765147157,0.0,0.0,0.0
0.28,0.15,0.07,0.21,0.29,"(0.28, 0.15, 0.07, 0.21, 0.29)",0.13999999999999996,0.05656239835685439,0.0540108734649729,1.047240948501531,0.0601580065221875,27883752.1054557,-0.13726160215909244,-0.1832172744185701,0.04003247658666642,0.0,61.0,23009301.019328445,23298123.99606093,20206053.69808769,24737756.292193744,0.6065573770491803,0.3442622950819672,-0.18468793257139562,-0.07906767900584039,0.0,0.0,0.0
0.3,0.15,0.07,0.2,0.28,"(0.3, 0.15, 0.07, 0.2, 0.28)",0.13999999999999996,0.056529338352481195,0.053478708827092186,1.057043814113993,0.0601580065221875,27876723.199300393,-0.13538947773579457,-0.18034460636451055,0.03940776845586157,0.0,61.0,23010284.18982431,23289845.697481982,20214233.754885722,24728508.07155609,0.6065573770491803,0.39344262295081966,-0.18181682593658816,-0.0781874034088105,0.0,0.0,0.0
0.28,0.14,0.07,0.21,0.3,"(0.28, 0.14, 0.07, 0.21, 0.3)",0.11999999999999998,0.05630165310990387,0.05310466265609425,1.0602016902830798,0.0601580065221875,27812697.2335174,-0.1329102133817781,-0.17744873884675383,0.03933124811653828,0.0,61.0,23019158.68526593,23322864.006299075,20306134.28166473,24746574.28726734,0.6065573770491803,0.4426229508196721,-0.17873383922836142,-0.07986191249207841,0.0,0.0,0.0
0.3,0.14,0.07,0.2,0.29,"(0.3, 0.14, 0.07, 0.2, 0.29)",0.12000000000000001,0.0562683794688168,0.05256714138757229,1.0704097271326902,0.0601580065221875,27805628.86662461,-0.13102986065010858,-0.17457651628626716,0.03870653998573342,0.0,61.0,23020096.973868776,23316053.13193205,20314328.531153873,24737277.626494378,0.6065573770491803,0.47540983606557374,-0.17586459417111902,-0.07884277920542772,0.0,0.0,0.0
0.27,0.14,0.07,0.22,0.3,"(0.27, 0.14, 0.07, 0.22, 0.3)",0.11999999999999998,0.056263082887875626,0.053261960526077734,1.0563464493637726,0.0601580065221875,27801777.05337974,-0.13355696666335903,-0.1785537719115677,0.03951067601769979,0.0,61.0,23010217.85255169,23314348.52580935,20316221.682954308,24752858.16988315,0.6065573770491803,0.4426229508196721,-0.17983323333930762,-0.0797181368055178,0.0,0.0,0.0
0.29,0.14,0.07,0.21,0.29,"(0.29, 0.14, 0.07, 0.21, 0.29)",0.12000000000000004,0.05623011047191273,0.05272053012079799,1.0665695193707891,0.0601580065221875,27794786.69051683,-0.13167773537038707,-0.17567758467346906,0.038885967886894926,0.0,61.0,23011188.295415077,23319021.486558706,20324451.392164018,24743603.008673742,0.6065573770491803,0.45901639344262296,-0.17696032215465998,-0.07884202363379714,0.0,0.0,0.0
0.26,0.14,0.07,0.23,0.3,"(0.26, 0.14, 0.07, 0.23, 0.3)",0.11999999999999998,0.05622420389225735,0.05342437111132214,1.0524074073815695,0.0601580065221875,27790783.407967445,-0.13420356109576304,-0.17966102766694128,0.0396901039188613,0.0,61.0,23001256.70003674,23317238.536402117,20326280.3331128,24759098.207038783,0.6065573770491803,0.4262295081967213,-0.18093471391637167,-0.07957459794006144,0.0,0.0,0.0
0.28,0.14,0.07,0.22,0.29,"(0.28, 0.14, 0.07, 0.22, 0.29)",0.11999999999999998,0.05619153268222865,0.05287910726430465,1.0626414776892426,0.0601580065221875,27783871.01167461,-0.13232545098107062,-0.17678087620385427,0.039065395788056435,0.0,61.0,23002259.275813036,23321949.103586346,20334545.523209065,24749884.584543366,0.6065573770491803,0.4426229508196721,-0.17805813762270783,-0.07869944372752309,0.0,0.0,0.0
0.3,0.14,0.07,0.21,0.28,"(0.3, 0.14, 0.07, 0.21, 0.28)",0.11999999999999998,0.0561582195456809,0.052339828791069784,1.0729538258494,0.0601580065221875,27776798.78081158,-0.13044480678349257,-0.1739081674477874,0.03844068765725159,0.0,61.0,23003177.252036933,23326572.848354682,20342742.898332465,24740572.902996704,0.6065573770491803,0.47540983606557374,-0.17518838437372838,-0.07782537574318983,0.0,0.0,0.0
0.26,0.15,0.06,0.24,0.29,"(0.26, 0.15, 0.06, 0.24, 0.29)",0.11999999999999998,0.056039487148802136,0.05279909370986543,1.0613721412860397,0.0601580065221875,27756369.0566545,-0.13196206264006805,-0.17527783223033075,0.0393045290869313,0.0,61.0,22992588.125674944,23260672.260676224,20243022.086188283,24662853.172813542,0.6065573770491803,0.4426229508196721,-0.17668717951688667,-0.07580267571286795,0.0,0.0,0.0
0.28,0.15,0.06,0.23,0.28,"(0.28, 0.15, 0.06, 0.23, 0.28)",0.1199999999999999,0.056006305204758355,0.05225639509550296,1.071759831546017,0.0601580065221875,27749346.200127553,-0.13008057842918352,-0.17242157392565596,0.038679820956126446,0.0,61.0,22993541.72732031,23256177.49464555,20251184.837880794,24653599.24599096,0.6065573770491803,0.47540983606557374,-0.1738316558074349,-0.07492913765599454,0.0,0.0,0.0
0.25,0.15,0.06,0.25,0.29,"(0.25, 0.15, 0.06, 0.25, 0.29)",0.11999999999999998,0.0560002231083665,0.05296986580778148,1.0572090801887561,0.0601580065221875,27745288.304987244,-0.13261039547623354,-0.17637707349236226,0.03948395698809281,0.0,61.0,22983527.364270948,23270831.464155912,20252997.937874213,24669004.614251412,0.6065573770491803,0.4426229508196721,-0.17778169716323622,-0.07566340234044733,0.0,0.0,0.0
0.3,0.15,0.06,0.22,0.27,"(0.3, 0.15, 0.06, 0.22, 0.27)",0.11999999999999995,0.055972481612788005,0.05171980758423755,1.0822252484529067,0.0601580065221875,27742163.861468635,-0.12819655830335008,-0.16957271932897428,0.038055112825321584,0.0,61.0,22994410.794630405,23251579.37302797,20259280.027389932,24644247.727345075,0.6065573770491803,0.5245901639344263,-0.170982923927446,-0.07405669476660713,0.0,0.0,0.0
0.27,0.15,0.06,0.24,0.28,"(0.27, 0.15, 0.06, 0.24, 0.28)",0.11999999999999993,0.05596734243991852,0.052423390912660274,1.067602485561505,0.0601580065221875,27738343.3377136,-0.13073003394634786,-0.17351687700379329,0.038859248857287955,0.0,61.0,22984513.083941516,23264285.256908905,20261196.025426105,24659792.114974488,0.6065573770491803,0.47540983606557374,-0.17492253032301883,-0.07479081703518393,0.0,0.0,0.0
0.29,0.13,0.07,0.21,0.3,"(0.29, 0.13, 0.07, 0.21, 0.3)",0.10000000000000002,0.05596578559917176,0.051859259033086254,1.0791859861218907,0.0601580065221875,27723036.53424719,-0.12730326755028243,-0.1698773231547918,0.038184739416766776,0.0,61.0,23020674.815208882,23344805.92379432,20424753.22928442,24751854.95856823,0.6065573770491803,0.5409836065573771,-0.17098428314663802,-0.0761329897602719,0.0,0.0,0.0
0.29,0.15,0.06,0.23,0.27,"(0.29, 0.15, 0.06, 0.23, 0.27)",0.11999999999999995,0.05593382014533632,0.05188292862057713,1.0780775417360033,0.0601580065221875,27731238.910395868,-0.12884713749607624,-0.17066408451483958,0.0382345407264831,0.0,61.0,22985414.302562784,23257658.312578574,20269326.542595245,24650481.969097167,0.6065573770491803,0.4918032786885246,-0.17207015485801963,-0.07391932390872079,0.0,0.0,0.0
0.26,0.15,0.06,0.25,0.28,"(0.26, 0.15, 0.06, 0.25, 0.28)",0.11999999999999993,0.05592807102229447,0.05259552022255123,1.063361875415282,0.0601580065221875,27727267.289678544,-0.13137932856153944,-0.17461438809184895,0.039038676758449464,0.0,61.0,22975464.222546525,23278622.0115446,20271178.500966184,24665941.273086563,0.6065573770491803,0.45901639344262296,-0.1760154791304885,-0.07465273238347077,0.0,0.0,0.0
0.28,0.13,0.07,0.22,0.3,"(0.28, 0.13, 0.07, 0.22, 0.3)",0.09999999999999996,0.05592757816100846,0.05201378064469427,1.0752453958893953,0.0601580065221875,27712241.127649352,-0.12795405685490935,-0.17097730329160102,0.038364167317928285,0.0,61.0,23011801.5177999,23347781.63379565,20434933.12829193,24758187.592749096,0.6065573770491803,0.5245901639344263,-0.17207836390731918,-0.07628546300683688,0.0,0.0,0.0
0.28,0.15,0.06,0.24,0.27,"(0.28, 0.15, 0.06, 0.24, 0.27)",0.11999999999999993,0.05589485000567307,0.05205126140873211,1.073842371787289,0.0601580065221875,27720240.73604264,-0.12949755552522368,-0.17175765816196759,0.03841396862764461,0.0,61.0,22976397.570912246,23274330.171434548,20279344.366838627,24656672.53888536,0.6065573770491803,0.47540983606557374,-0.17315946109820635,-0.07378218876198162,0.0,0.0,0.0
0.3,0.13,0.07,0.21,0.29,"(0.3, 0.13, 0.07, 0.21, 0.29)",0.10000000000000002,0.05589405201158604,0.05146933438702005,1.0859680366428413,0.0601580065221875,27705130.084318463,-0.12606515464823365,-0.16810508090725376,0.03773945918712343,0.0,61.0,23012674.6861961,23352374.631214898,20443144.564182583,24748827.702403717,0.6065573770491803,0.5901639344262295,-0.16921050849885164,-0.07521274823130956,0.0,0.0,0.0
0.27,0.13,0.07,0.23,0.3,"(0.27, 0.13, 0.07, 0.23, 0.3)",0.09999999999999996,0.055889062103346765,0.05217355415095778,1.0712143922884498,0.0601580065221875,27701372.442540485,-0.12860468581854645,-0.17207951678245867,0.0385435952190898,0.0,61.0,23002907.84892069,23350716.57745735,20445084.159206,24764476.415891718,0.6065573770491803,0.4918032786885246,-0.17317454092799664,-0.07643810331192126,0.0,0.0,0.0
0.3,0.15,0.06,0.23,0.26,"(0.3, 0.15, 0.06, 0.23, 0.26)",0.11999999999999995,0.05586098754215274,0.05151310529737679,1.0844034196672154,0.0601580065221875,27713054.908287738,-0.12761324827941212,-0.16890833460682755,0.037789260496839755,0.0,61.0,22977246.464218594,23267653.24814221,20287442.595391452,24647306.23332129,0.6065573770491803,0.5245901639344263,-0.1703102367076371,-0.0729127388124946,0.0,0.0,0.0
0.29,0.13,0.07,0.22,0.29,"(0.29, 0.13, 0.07, 0.22, 0.29)",0.10000000000000002,0.055855837036631995,0.05162516302467718,1.0819498431401084,0.0601580065221875,27694339.13672431,-0.12671691023792542,-0.16920331798212312,0.03791888708828495,0.0,61.0,23003813.199848868,23355347.215393502,20453331.25715233,24755158.02150374,0.6065573770491803,0.5737704918032787,-0.17030301038996978,-0.07536555100840578,0.0,0.0,0.0
0.26,0.13,0.07,0.24,0.3,"(0.26, 0.13, 0.07, 0.24, 0.3)",0.09999999999999999,0.055850237478002995,0.05233853145462138,1.0670959984123043,0.0601580065221875,27690430.57009444,-0.12925515417754596,-0.17318396336114739,0.03872302312025131,0.0,61.0,22993993.82987244,23353610.73795847,20455206.275893327,24770721.39478497,0.6065573770491803,0.4918032786885246,-0.17427281356752955,-0.07659091059120206,0.0,0.0,0.0
0.28,0.13,0.07,0.23,0.29,"(0.28, 0.13, 0.07, 0.23, 0.29)",0.09999999999999996,0.05581731347478014,0.05178627500314175,1.0778399000776526,0.0601580065221875,27683474.96468262,-0.1273685049609138,-0.17030378858361475,0.038098314989446457,0.0,61.0,22994931.34212806,23358279.021348495,20463489.05723024,24761444.535592705,0.6065573770491803,0.5409836065573771,-0.1713976089065704,-0.07551852074831848,0.0,0.0,0.0
0.25,0.14,0.06,0.25,0.3,"(0.25, 0.14, 0.06, 0.25, 0.3)",0.09999999999999999,0.05573887207359496,0.05205834420291292,1.070700056389348,0.0601580065221875,27674387.892337125,-0.128239931497239,-0.17060344251441853,0.03878272851796466,0.0,61.0,22993286.90381059,23292780.962540496,20353336.606660295,24677664.584482193,0.6065573770491803,0.4918032786885246,-0.17182813824674487,-0.07524646413894598,0.0,0.0,0.0
0.27,0.14,0.06,0.24,0.29,"(0.27, 0.14, 0.06, 0.24, 0.29)",0.09999999999999999,0.05570577854118075,0.05150609424831225,1.0815376190751664,0.0601580065221875,27667403.76441049,-0.126351312026041,-0.16774367243980887,0.038158020387159805,0.0,61.0,22994227.858534083,23289021.848665807,20361549.04888187,24668403.99054272,0.6065573770491803,0.5901639344262295,-0.16897080423483438,-0.07419971191483694,0.0,0.0,0.0
0.29,0.14,0.06,0.23,0.28,"(0.29, 0.14, 0.06, 0.23, 0.28)",0.09999999999999996,0.05567204377863044,0.05095984129353413,1.0924689395705438,0.0601580065221875,27660260.665092517,-0.12446014788031212,-0.1648913248041924,0.03753331225635495,0.0,61.0,22995084.30148774,23282358.855323356,20369693.618313048,24659045.802968685,0.6065573770491803,0.6065573770491803,-0.16612027466181895,-0.07315236701287102,0.0,0.0,0.0
0.26,0.14,0.06,0.25,0.29,"(0.26, 0.14, 0.06, 0.25, 0.29)",0.09999999999999999,0.05566687772039347,0.051674553873807115,1.077258990108282,0.0601580065221875,27656448.00158026,-0.1270036859849023,-0.16883792470525869,0.038337448288321314,0.0,61.0,22985234.623218037,23298734.378870655,20371616.867300563,24674604.14847696,0.6065573770491803,0.5573770491803278,-0.170060070959621,-0.07421062575724742,0.0,0.0,0.0
0.28,0.14,0.06,0.24,0.28,"(0.28, 0.14, 0.06, 0.24, 0.28)",0.09999999999999994,0.0556334441098183,0.051124415862640576,1.0881971592456416,0.0601580065221875,27649382.563970733,-0.12511364997204055,-0.16598162670301936,0.03771274015751646,0.0,61.0,22986123.234161615,23296604.405138306,20379796.953482933,24665287.34630289,0.6065573770491803,0.5901639344262295,-0.16720588822249344,-0.07316328772741318,0.0,0.0,0.0
0.25,0.14,0.06,0.26,0.29,"(0.25, 0.14, 0.06, 0.26, 0.29)",0.12000000000000001,0.05562766841963107,0.05184821151874845,1.0728946436178606,0.0601580065221875,27645419.27486023,-0.12765589780664865,-0.1699343951934874,0.038516876189482824,0.0,61.0,22976221.139104173,23306731.052395917,20381655.835289095,24680760.590330757,0.6065573770491803,0.5245901639344263,-0.17115142076612574,-0.07423193214929487,0.0,0.0,0.0
0.3,0.12,0.07,0.21,0.3,"(0.3, 0.12, 0.07, 0.21, 0.3)",0.08,0.05562615251935843,0.050655883580884936,1.098118295193434,0.0601580065221875,27632692.733943164,-0.1221783076696612,-0.16303855314821006,0.037038230716995274,0.0,61.0,23021789.81760738,23377703.907567237,20543665.345564075,24756513.556718297,0.6065573770491803,0.639344262295082,-0.16398256820147733,-0.07488755103849185,0.0,0.0,0.0
0.3,0.14,0.06,0.23,0.27,"(0.3, 0.14, 0.06, 0.23, 0.27)",0.09999999999999996,0.05559936944802413,0.050580365883557354,1.0992282969249605,0.0601580065221875,27642158.340420447,-0.12322106999768112,-0.16313275352841347,0.0370880320267116,0.0,61.0,22986927.379453786,23292371.44921299,20387909.099685114,24655873.025832433,0.6065573770491803,0.6229508196721312,-0.16435851220310996,-0.07211535701972235,0.0,0.0,0.0
0.27,0.14,0.06,0.25,0.28,"(0.27, 0.14, 0.06, 0.25, 0.28)",0.09999999999999994,0.05559453594156394,0.05129426981861777,1.083835214696542,0.0601580065221875,27638431.461424794,-0.12576698966374045,-0.16707414726752892,0.03789216805867797,0.0,61.0,22977141.896546993,23304636.1661142,20389871.45937574,24671485.212475613,0.6065573770491803,0.5901639344262295,-0.16829358587512994,-0.07317439303926658,0.0,0.0,0.0
0.29,0.12,0.07,0.22,0.3,"(0.29, 0.12, 0.07, 0.22, 0.3)",0.08,0.05558830758310407,0.05080736715362788,1.0940993540369826,0.0601580065221875,27622021.728908706,-0.12279345009307019,-0.16408535631317728,0.03721765861815678,0.0,61.0,23012984.176002283,23380724.569096304,20553938.25556337,24762894.770006645,0.6065573770491803,0.6229508196721312,-0.16503778941959762,-0.07483710820934487,0.0,0.0,0.0
0.29,0.14,0.06,0.24,0.27,"(0.29, 0.14, 0.06, 0.24, 0.27)",0.09999999999999999,0.0555607624338621,0.0507463134733602,1.0948728810227621,0.0601580065221875,27631284.883571446,-0.12387553855657141,-0.1642213244746938,0.037267459927873114,0.0,61.0,22977978.22128478,23302457.63702707,20398019.135136794,24662112.26133758,0.6065573770491803,0.6229508196721312,-0.1654425572575958,-0.07212646920370745,0.0,0.0,0.0
0.26,0.14,0.06,0.26,0.28,"(0.26, 0.14, 0.06, 0.26, 0.28)",0.11999999999999995,0.055555319325915065,0.051469350893993446,1.079386437966492,0.0601580065221875,27627407.449220594,-0.12642016669328804,-0.1681688862281512,0.03807159595983948,0.0,61.0,22968140.310209032,23312629.758988906,20399917.090191074,24677639.368749034,0.6065573770491803,0.5901639344262295,-0.1693833669754722,-0.07331191595151193,0.0,0.0,0.0
0.28,0.12,0.07,0.23,0.3,"(0.28, 0.12, 0.07, 0.23, 0.3)",0.07999999999999995,0.05555015418184128,0.050964245497229124,1.0899828622963033,0.0601580065221875,27611277.63476096,-0.12346649249663044,-0.16521200817736983,0.03739708651931829,0.0,61.0,23004158.11192893,23383704.44136897,20535022.28254932,24769232.207806688,0.6065573770491803,0.6229508196721312,-0.16615806417022852,-0.07478668150719463,0.0,0.0,0.0
0.28,0.14,0.06,0.25,0.27,"(0.28, 0.14, 0.06, 0.25, 0.27)",0.09999999999999994,0.055521846952854004,0.05091757059850225,1.0904260808249793,0.0601580065221875,27620338.47975409,-0.12452984419005653,-0.16531211425467643,0.037446887829034624,0.0,61.0,22969008.79296908,23310486.31140206,20408100.316722475,24668307.825938437,0.6065573770491803,0.6065573770491803,-0.16652868676582516,-0.07223741411781921,0.0,0.0,0.0
0.3,0.12,0.07,0.22,0.29,"(0.3, 0.12, 0.07, 0.22, 0.29)",0.08,0.05551637646052998,0.05041302581511468,1.1012307942818467,0.0601580065221875,27604124.729930695,-0.12139265034711222,-0.1620686276454967,0.03677237838851344,0.0,61.0,23004966.361799188,23388255.00443736,20572319.580365017,24759809.389802217,0.6065573770491803,0.6721311475409836,-0.16301937907259126,-0.07394640048537755,0.0,0.0,0.0
0.27,0.12,0.07,0.24,0.3,"(0.27, 0.12, 0.07, 0.24, 0.3)",0.07999999999999997,0.05551169236717546,0.05112646895117098,1.0857720766946108,0.0601580065221875,27600460.541657645,-0.12413939373662386,-0.1663410574355558,0.03757651442047981,0.0,61.0,22995311.64650368,23386643.50734461,20498260.545387167,24775525.836678043,0.6065573770491803,0.6065573770491803,-0.16728059464265654,-0.07473627075368125,0.0,0.0,0.0
0.3,0.14,0.06,0.24,0.26,"(0.3, 0.14, 0.06, 0.24, 0.26)",0.09999999999999999,0.05548773372890592,0.05037186760719711,1.1015619702966473,0.0601580065221875,27613110.931596555,-0.12263697943944829,-0.16246276979562288,0.036822179698229776,0.0,61.0,22969792.889268056,23308259.231595404,20416215.527807627,24658878.785401795,0.6065573770491803,0.639344262295082,-0.16368081510314697,-0.07116261977117944,0.0,0.0,0.0
0.29,0.12,0.07,0.23,0.29,"(0.29, 0.12, 0.07, 0.23, 0.29)",0.08,0.055478215585335944,0.05057127029689574,1.0970302952572146,0.0601580065221875,27593385.10611554,-0.12206679410717203,-0.16319315730810477,0.036951806289674954,0.0,61.0,22996152.106426083,23391231.74910983,20535518.952078953,24766144.510079764,0.6065573770491803,0.639344262295082,-0.1641377138902932,-0.07389697231854084,0.0,0.0,0.0
0.25,0.15,0.05,0.27,0.28,"(0.25, 0.15, 0.05, 0.27, 0.28)",0.13999999999999996,0.05543822661289832,0.05129179704116767,1.0808400136264023,0.0601580065221875,27610047.552945495,-0.12551134623565008,-0.1657686912502665,0.03813130135755283,0.0,61.0,22966988.557457514,23213236.277108967,20297539.61226412,24584047.37341094,0.6065573770491803,0.5901639344262295,-0.1670930658570058,-0.07165312418785877,0.0,0.0,0.0
0.27,0.15,0.05,0.26,0.27,"(0.27, 0.15, 0.05, 0.26, 0.27)",0.11999999999999994,0.05540458460654407,0.050741142060552864,1.0919065349460602,0.0601580065221875,27602950.623818077,-0.12364778690780043,-0.16296983897640432,0.03750659322674797,0.0,61.0,22967860.583474763,23206589.519383296,20305652.72456881,24574732.6228343,0.6065573770491803,0.6229508196721312,-0.16429376648520388,-0.07070820884682114,0.0,0.0,0.0
0.26,0.13,0.06,0.25,0.3,"(0.26, 0.13, 0.06, 0.25, 0.3)",0.07999999999999997,0.05540194925811459,0.05080867783544545,1.0904032857840822,0.0601580065221875,27584857.323311336,-0.12300837505219542,-0.16356220493009851,0.03763621981819316,0.0,61.0,22994623.354221046,23318390.725475557,20472177.35332714,24682699.5572953,0.6065573770491803,0.6229508196721312,-0.16460064077293335,-0.07231581581937976,0.0,0.0,0.0
0.28,0.13,0.06,0.24,0.29,"(0.28, 0.13, 0.06, 0.24, 0.29)",0.07999999999999997,0.05536830353017419,0.050253053987843965,1.1017898244267421,0.0601580065221875,27577753.58165487,-0.12113936975459783,-0.16074420262703154,0.0370115116873883,0.0,61.0,22995467.23734482,23316230.21348507,20480371.49491029,24673334.91853577,0.6065573770491803,0.6721311475409836,-0.1617861087512345,-0.07147231364931228,0.0,0.0,0.0
0.26,0.15,0.05,0.27,0.27,"(0.26, 0.15, 0.05, 0.27, 0.27)",0.13999999999999996,0.0553652927854591,0.05091949640452634,1.087310297525597,0.0601580065221875,27591913.648454502,-0.12416963719674401,-0.16387883695839944,0.03768602112790948,0.0,61.0,22958780.112837214,23223160.56017752,20315644.07739208,24580842.28676958,0.6065573770491803,0.6065573770491803,-0.1652191003738975,-0.07066521706096932,0.0,0.0,0.0
0.25,0.13,0.06,0.26,0.3,"(0.25, 0.13, 0.06, 0.26, 0.3)",0.09999999999999999,0.05536311036892361,0.050978468039592335,1.0860096918943494,0.0601580065221875,27573948.775402382,-0.1235264694949515,-0.16447340321410675,0.03781564771935467,0.0,61.0,22985665.583668485,23307383.48278321,20482301.945670977,24688906.865825407,0.6065573770491803,0.6229508196721312,-0.16550535610353947,-0.07226845252551614,0.0,0.0,0.0
0.3,0.13,0.06,0.23,0.28,"(0.3, 0.13, 0.06, 0.23, 0.28)",0.07999999999999995,0.05533401714723141,0.04970350353046886,1.1132820267551355,0.0601580065221875,27570491.546217646,-0.11926759449411051,-0.15793319765074904,0.03638680355658345,0.0,61.0,22996226.64578562,23313986.08791825,20488497.39367521,24663872.816679522,0.6065573770491803,0.7540983606557377,-0.1589779563918683,-0.07062858673943227,0.0,0.0,0.0
0.28,0.15,0.05,0.26,0.26,"(0.28, 0.15, 0.05, 0.26, 0.26)",0.11999999999999994,0.055331311249498416,0.05037112271589345,1.098472860364494,0.0601580065221875,27584735.87767198,-0.12230045008689916,-0.16107815590713712,0.03706131299710463,0.0,61.0,22959599.937242918,23216464.039592087,20323724.880249582,24571471.68828408,0.6065573770491803,0.6557377049180327,-0.1623962947579115,-0.0697168185346617,0.0,0.0,0.0
0.27,0.13,0.06,0.25,0.29,"(0.27, 0.13, 0.06, 0.25, 0.29)",0.07999999999999997,0.05532976564705305,0.05041895074945404,1.097400180380632,0.0601580065221875,27566922.444256164,-0.12165828979851989,-0.16165145927126354,0.03719093958854981,0.0,61.0,22986541.65097381,23308826.54820613,20490531.793561794,24679583.624300245,0.6065573770491803,0.6557377049180327,-0.16268715760677865,-0.07142593559784939,0.0,0.0,0.0
0.25,0.15,0.05,0.28,0.27,"(0.25, 0.15, 0.05, 0.28, 0.27)",0.15999999999999998,0.055325692605491694,0.0511030574121241,1.0826297956952724,0.0601580065221875,27580803.9913237,-0.12482455342096854,-0.16496563800980316,0.03786544902907099,0.0,61.0,22949679.496000163,23239702.68399003,20325606.62042691,24586908.370775476,0.6065573770491803,0.6065573770491803,-0.16630198271979682,-0.07062788583241444,0.0,0.0,0.0
0.3,0.15,0.05,0.25,0.25,"(0.3, 0.15, 0.05, 0.25, 0.25)",0.09999999999999998,0.05529668914114261,0.049828967775860246,1.1097297738511696,0.0601580065221875,27577399.886697643,-0.12043219219565016,-0.15828929467730224,0.03643660486629977,0.0,61.0,22960335.442862872,23209687.173133023,20331737.92392176,24562004.06033826,0.6065573770491803,0.7377049180327869,-0.15960604234655865,-0.06885030669085578,0.0,0.0,0.0
0.29,0.13,0.06,0.24,0.28,"(0.29, 0.13, 0.06, 0.24, 0.28)",0.07999999999999997,0.05529578029155813,0.04986540004920347,1.1089007656009249,0.0601580065221875,27559737.839956924,-0.11978734086540566,-0.1588365133410425,0.036566231457744965,0.0,61.0,22987333.276245184,23310208.554983407,20498693.390064146,24670162.864376985,0.6065573770491803,0.7377049180327869,-0.15987533869225326,-0.07058319209561208,0.0,0.0,0.0
0.27,0.15,0.05,0.27,0.26,"(0.27, 0.15, 0.05, 0.27, 0.26)",0.13999999999999996,0.055292012271354274,0.050550925468570186,1.0937883284794032,0.0601580065221875,27573703.748186134,-0.12293198019209706,-0.16212874423955112,0.037240740898266136,0.0,61.0,22950531.46270016,23233036.82264651,20333722.827669166,24577579.068348806,0.6065573770491803,0.639344262295082,-0.16346465568020174,-0.06968049717719314,0.0,0.0,0.0
0.26,0.13,0.06,0.26,0.29,"(0.26, 0.13, 0.06, 0.26, 0.29)",0.09999999999999999,0.05529091943758169,0.05059019174248602,1.092917767914842,0.0601580065221875,27556018.528840832,-0.12217722638186257,-0.16256069027174658,0.03737036748971133,0.0,61.0,22977595.76397371,23287132.049309403,20500663.124366343,24685788.648528554,0.6065573770491803,0.639344262295082,-0.16359006898171205,-0.07137957294172173,0.0,0.0,0.0
0.29,0.15,0.05,0.26,0.25,"(0.29, 0.15, 0.05, 0.26, 0.25)",0.12,0.055257691386204844,0.05000490766884906,1.1050453637899234,0.0601580065221875,27566445.30608317,-0.12103686388303092,-0.15929923914021296,0.03661603276746129,0.0,61.0,22951299.143618427,23226290.537546627,20341771.26731991,24568152.68161186,0.6065573770491803,0.6885245901639344,-0.1606341054164906,-0.0687342491199161,0.0,0.0,0.0
0.28,0.13,0.06,0.25,0.28,"(0.28, 0.13, 0.06, 0.25, 0.28)",0.07999999999999992,0.05525723509018521,0.05003272656197931,1.1044218232187268,0.0601580065221875,27548911.319106817,-0.12030710381075882,-0.15974180319039627,0.036745659358906474,0.0,61.0,22978419.584814973,23291664.68421069,20508860.440069623,24676409.2697487,0.6065573770491803,0.6885245901639344,-0.16077458387881394,-0.07053781293472193,0.0,0.0,0.0
0.26,0.15,0.05,0.28,0.26,"(0.26, 0.15, 0.05, 0.28, 0.26)",0.15999999999999998,0.055252404966905866,0.05073596233534155,1.0890185663910874,0.0601580065221875,27562598.991548494,-0.123587861803382,-0.1632138258491589,0.03742016879942765,0.0,61.0,22941442.842076253,23216146.695391648,20343691.94086287,24583642.87489315,0.6065573770491803,0.6229508196721312,-0.1645459796667482,-0.06964420066427647,0.0,0.0,0.0
0.25,0.13,0.06,0.27,0.29,"(0.25, 0.13, 0.06, 0.27, 0.29)",0.12000000000000001,0.05525176495373896,0.050766722887163454,1.0883461017671787,0.0601580065221875,27545041.926772736,-0.1226961792076725,-0.1634718960062135,0.03754979539087284,0.0,61.0,22968629.597811684,23289956.302649707,20510765.441284332,24691949.958458234,0.6065573770491803,0.6229508196721312,-0.16449484291945005,-0.07133322549206784,0.0,0.0,0.0
0.3,0.11,0.07,0.22,0.3,"(0.3, 0.11, 0.07, 0.22, 0.3)",0.06,0.055245277093625145,0.04964576497012591,1.1127893210401474,0.0601580065221875,27531127.91883462,-0.11892439270497535,-0.1590434532823188,0.03607114991838529,0.0,61.0,23013765.85119881,23413175.70983346,20533501.63258632,24766979.864950817,0.6065573770491803,0.7377049180327869,-0.15983576528727492,-0.07533761690357368,0.0,0.0,0.0
0.3,0.13,0.06,0.24,0.27,"(0.3, 0.13, 0.06, 0.24, 0.27)",0.07999999999999997,0.05522291028759496,0.04948132061989832,1.1160354977548381,0.0601580065221875,27541646.02146618,-0.11843421062526893,-0.15692991653072957,0.03612095122810162,0.0,61.0,22979159.009993102,23296110.735406067,20516989.437010862,24666932.44822614,0.6065573770491803,0.7868852459016393,-0.15796548050410258,-0.06969583221681105,0.0,0.0,0.0
0.28,0.15,0.05,0.27,0.25,"(0.28, 0.15, 0.05, 0.27, 0.25)",0.13999999999999996,0.055218385285275895,0.05018616640696356,1.1002710355978513,0.0601580065221875,27555418.060810503,-0.12169387632888018,-0.16038039834352666,0.03679546066862279,0.0,61.0,22942242.67665167,23213924.640994526,20351775.797580287,24574257.768116813,0.6065573770491803,0.6721311475409836,-0.16171180033886226,-0.06869895903352048,0.0,0.0,0.0
0.27,0.13,0.06,0.26,0.28,"(0.27, 0.13, 0.06, 0.26, 0.28)",0.09999999999999994,0.055218381594950294,0.05020542877696989,1.0998488199403633,0.0601580065221875,27538012.074418362,-0.12082688303317457,-0.16064906759070047,0.03692508726006798,0.0,61.0,22969485.592875775,23294526.46730259,20518998.497510336,24682611.999827415,0.6065573770491803,0.6721311475409836,-0.16167569200841028,-0.0704924490652877,0.0,0.0,0.0
0.29,0.11,0.07,0.23,0.3,"(0.29, 0.11, 0.07, 0.23, 0.3)",0.06,0.05520748606450976,0.04979946915095599,1.1085958747303224,0.0601580065221875,27520508.0368067,-0.11946266190378718,-0.1599836147815873,0.036250577819546805,0.0,61.0,23005007.510079544,23416200.50335497,20496808.99216684,24773365.742698748,0.6065573770491803,0.7049180327868853,-0.16076845233947265,-0.07528632573756534,0.0,0.0,0.0
0.29,0.13,0.06,0.25,0.27,"(0.29, 0.13, 0.06, 0.25, 0.27)",0.07999999999999997,0.055184357802344985,0.04965008701941861,1.1114654800254806,0.0601580065221875,27530824.15512003,-0.11895481697043442,-0.15783324027307144,0.03630037912926313,0.0,61.0,22970257.22488384,23299010.048953883,20527163.226482008,24673176.54325974,0.6065573770491803,0.7540983606557377,-0.1588629227349578,-0.06965145009188892,0.0,0.0,0.0
0.26,0.13,0.06,0.27,0.28,"(0.26, 0.13, 0.06, 0.27, 0.28)",0.11999999999999995,0.05517921985782959,0.050383451414407074,1.0951853894243373,0.0601580065221875,27527040.19720984,-0.12144014909570167,-0.1616827519775687,0.03710451516122949,0.0,61.0,22960531.321852386,23297347.576410264,20529107.51631987,24688771.021864455,0.6065573770491803,0.6557377049180327,-0.16272058126782088,-0.0704471002962049,0.0,0.0,0.0
0.28,0.11,0.07,0.24,0.3,"(0.28, 0.11, 0.07, 0.24, 0.3)",0.05999999999999997,0.05516938677666916,0.04995866313523582,1.1043007021090245,0.0601580065221875,27509815.34681581,-0.12000097514158992,-0.16092592631443858,0.036430005720708314,0.0,61.0,22996228.717098042,23419184.46840041,20460153.051917095,24779707.847964466,0.6065573770491803,0.6885245901639344,-0.1617031711820066,-0.07523505100174331,0.0,0.0,0.0
0.28,0.13,0.06,0.26,0.27,"(0.28, 0.13, 0.06, 0.26, 0.27)",0.09999999999999994,0.05514549705573413,0.04982426053718633,1.106800110251035,0.0601580065221875,27519929.619291484,-0.11954124969639279,-0.15882597632393944,0.03647980703042464,0.0,61.0,22961335.139410637,23301868.693416473,20537307.99870242,24679376.96933321,0.6065573770491803,0.7377049180327869,-0.15986727184809102,-0.06960708315378428,0.0,0.0,0.0
0.3,0.11,0.07,0.23,0.29,"(0.3, 0.11, 0.07, 0.23, 0.29)",0.06,0.05513535841726336,0.04940087774967788,1.116080542063301,0.0601580065221875,27502621.393972874,-0.11794880913122952,-0.15781533604354245,0.03580529758990345,0.0,61.0,22996972.252425347,23414352.397426493,20497240.937566098,24770222.407662183,0.6065573770491803,0.8032786885245902,-0.15859895742900276,-0.07439856318057288,0.0,0.0,0.0
0.26,0.14,0.05,0.27,0.28,"(0.26, 0.14, 0.05, 0.27, 0.28)",0.11999999999999997,0.05510291649663812,0.04999195965944102,1.102235576921056,0.0601580065221875,27521095.48089592,-0.12056114989671762,-0.1591540597202933,0.03698479265778133,0.0,61.0,22968352.221619423,23246465.508407887,20416267.021868102,24589249.62768209,0.6065573770491803,0.6885245901639344,-0.16031094292074546,-0.0693042527068454,0.0,0.0,0.0
0.25,0.14,0.05,0.28,0.28,"(0.25, 0.14, 0.05, 0.28, 0.28)",0.13999999999999999,0.05506368684281715,0.050171987542942977,1.0974986150526187,0.0601580065221875,27510105.793334488,-0.12108130268268613,-0.1600567825538063,0.03716422055894285,0.0,61.0,22959307.258088134,23249361.242424943,20426314.929241177,24595366.49091951,0.6065573770491803,0.6721311475409836,-0.161208198333781,-0.06931631405845616,0.0,0.0,0.0
0.27,0.12,0.06,0.25,0.3,"(0.27, 0.12, 0.06, 0.25, 0.3)",0.059999999999999956,0.05506126476267026,0.049601719001255165,1.1100676724787892,0.0601580065221875,27494649.567326315,-0.11804665932554748,-0.15688479939005462,0.036489711118421655,0.0,61.0,22995559.341547456,23315944.860385537,20584632.308591586,24687114.433896255,0.6065573770491803,0.819672131147541,-0.1577677585849228,-0.07282546857084686,0.0,0.0,0.0
0.27,0.14,0.05,0.27,0.27,"(0.27, 0.14, 0.05, 0.27, 0.27)",0.11999999999999997,0.05502979507525385,0.04961353883116144,1.1091689158180056,0.0601580065221875,27502967.44816576,-0.11921032263895648,-0.1572579553813512,0.03653951242813799,0.0,61.0,22960114.59518497,23245207.651382826,20434445.216470923,24585989.51848317,0.6065573770491803,0.7540983606557377,-0.158410351994233,-0.06826621122576151,0.0,0.0,0.0
0.29,0.12,0.06,0.24,0.29,"(0.29, 0.12, 0.06, 0.24, 0.29)",0.06000000000000001,0.055027068037314164,0.04904303587412345,1.1220159408269434,0.0601580065221875,27487427.520179186,-0.11616938756766382,-0.1540708415230585,0.03586500298761681,0.0,61.0,22996306.280183878,23319604.765515685,20599487.135993376,24677646.10078952,0.6065573770491803,0.8524590163934426,-0.15495842887423872,-0.07198480285227092,0.0,0.0,0.0
0.26,0.12,0.06,0.26,0.3,"(0.26, 0.12, 0.06, 0.26, 0.3)",0.07999999999999997,0.055022788651546195,0.04976878915934033,1.1055681599040836,0.0601580065221875,27483865.504086234,-0.11856757647632299,-0.15779059264568013,0.03666913901958317,0.0,61.0,22986669.291567177,23317929.232722852,20547775.24386829,24693370.162511922,0.6065573770491803,0.7540983606557377,-0.15866688328951495,-0.07277722323039691,0.0,0.0,0.0
0.29,0.14,0.05,0.26,0.26,"(0.29, 0.14, 0.05, 0.26, 0.26)",0.1,0.05499526315130132,0.04906117887976397,1.1209527452668888,0.0601580065221875,27495671.390476223,-0.11733657355919003,-0.15446608985045718,0.03591480429733313,0.0,61.0,22960837.636577632,23240457.51814214,20442507.432979,24576515.515243363,0.6065573770491803,0.819672131147541,-0.15561885559670668,-0.06721551571521019,0.0,0.0,0.0
0.26,0.14,0.05,0.28,0.27,"(0.26, 0.14, 0.05, 0.28, 0.27)",0.13999999999999999,0.05499055829062316,0.04979507992118486,1.1043371830643038,0.0601580065221875,27491982.57770218,-0.11973131754581823,-0.15815872566078354,0.036718940329299496,0.0,61.0,22951081.613241065,23236114.252759513,20444499.76898842,24592104.10512024,0.6065573770491803,0.7377049180327869,-0.15930581617170447,-0.06827846404681541,0.0,0.0,0.0
0.28,0.12,0.06,0.25,0.29,"(0.28, 0.12, 0.06, 0.25, 0.29)",0.059999999999999956,0.054988892807192435,0.049206096304736616,1.117521952293118,0.0601580065221875,27476720.635278292,-0.11669113375795448,-0.15497268302711822,0.03604443088877832,0.0,61.0,22987448.462594304,23321627.875605293,20585055.880634677,24683943.1823427,0.6065573770491803,0.819672131147541,-0.1558538790552974,-0.07193753882247003,0.0,0.0,0.0
0.25,0.12,0.06,0.27,0.3,"(0.25, 0.12, 0.06, 0.27, 0.3)",0.09999999999999999,0.054984004387487406,0.04994126517409409,1.1009733973661748,0.0601580065221875,27473008.887769587,-0.11908850965340756,-0.15869836806353657,0.03684856692074468,0.0,61.0,22977758.910982553,23319872.24592082,20510955.239798654,24699582.20603929,0.6065573770491803,0.7377049180327869,-0.15956787709111409,-0.07272899370203478,0.0,0.0,0.0
0.28,0.14,0.05,0.27,0.26,"(0.28, 0.14, 0.05, 0.27, 0.26)",0.11999999999999997,0.05495632744345724,0.04923885377800016,1.1161171153828044,0.0601580065221875,27484763.81913507,-0.11785839612039117,-0.1553629470507811,0.03609423219849464,0.0,61.0,22951836.846081365,23233861.816225044,20452597.570860337,24582671.35518125,0.6065573770491803,0.819672131147541,-0.15651067739775984,-0.06722777540839588,0.0,0.0,0.0
0.3,0.12,0.06,0.24,0.28,"(0.3, 0.12, 0.06, 0.24, 0.28)",0.059999999999999956,0.05495435690387529,0.048649445927926575,1.1295988239062238,0.0601580065221875,27469418.173281163,-0.11481191271181179,-0.1521617866316744,0.03541972275797346,0.0,61.0,22988143.23031474,23325237.594649937,20617883.045168962,24674418.816542182,0.6065573770491803,0.8852459016393442,-0.15304726460720414,-0.0710976332463084,0.0,0.0,0.0
0.25,0.14,0.05,0.29,0.27,"(0.25, 0.14, 0.05, 0.29, 0.27)",0.15999999999999995,0.05495101335220198,0.04998192152826988,1.0994177829101983,0.0601580065221875,27480925.300722618,-0.12025232738215386,-0.15906145733580884,0.03689836823046101,0.0,61.0,22942028.45439464,23244015.036998395,20454525.348289534,24598175.113367215,0.6065573770491803,0.6885245901639344,-0.1602031318221028,-0.06829090146518023,0.0,0.0,0.0
0.27,0.12,0.06,0.26,0.29,"(0.27, 0.12, 0.06, 0.26, 0.29)",0.07999999999999997,0.05495040940474727,0.04937465144835339,1.1129275406070704,0.0601580065221875,27465941.160851017,-0.11721289600885632,-0.15587650648620352,0.036223858789939826,0.0,61.0,22978570.293216266,23323609.629438594,20548196.980474386,24690196.618027728,0.6065573770491803,0.819672131147541,-0.15675119869122447,-0.0718902906877978,0.0,0.0,0.0
0.3,0.14,0.05,0.26,0.25,"(0.3, 0.14, 0.05, 0.26, 0.25)",0.1,0.05492145661815595,0.04868881385661875,1.128009747370133,0.0601580065221875,27477387.53467227,-0.11598270428588375,-0.15257413243460738,0.03546952406768979,0.0,61.0,22952507.830296133,23231526.148673616,20460627.235445045,24573141.650583956,0.6065573770491803,0.8688524590163934,-0.15372189067066294,-0.06617649409211923,0.0,0.0,0.0
0.27,0.14,0.05,0.28,0.26,"(0.27, 0.14, 0.05, 0.28, 0.26)",0.13999999999999999,0.0549170835620969,0.04942191736431602,1.1111888508346004,0.0601580065221875,27473783.80389628,-0.1183802336451315,-0.15626176546691856,0.03627366009965615,0.0,61.0,22942815.857117802,23241797.569988843,20462658.756723303,24588783.65549157,0.6065573770491803,0.819672131147541,-0.15740435105489814,-0.06724021969889249,0.0,0.0,0.0
0.29,0.12,0.06,0.25,0.28,"(0.29, 0.12, 0.06, 0.25, 0.28)",0.059999999999999956,0.05491617438421548,0.04881396911215766,1.1250094057714721,0.0601580065221875,27458715.860815797,-0.11533450476494445,-0.15306165883109987,0.03559915065913497,0.0,61.0,22979297.304452866,23327258.091807634,20585427.28466315,24680713.58887727,0.6065573770491803,0.8852459016393442,-0.15394091000697285,-0.07105136467659784,0.0,0.0,0.0
0.26,0.12,0.06,0.27,0.29,"(0.26, 0.12, 0.06, 0.27, 0.29)",0.09999999999999999,0.05491161788174681,0.04954864522907436,1.108236514396675,0.0601580065221875,27455089.18724737,-0.1177346740229328,-0.1567823123065084,0.036403286691101336,0.0,61.0,22969671.79333233,23325550.01563078,20511375.14966211,24696406.374853704,0.6065573770491803,0.819672131147541,-0.15765038785198476,-0.0718430582623312,0.0,0.0,0.0
0.29,0.14,0.05,0.27,0.25,"(0.29, 0.14, 0.05, 0.27, 0.25)",0.12000000000000002,0.05488251381503417,0.0488679904298461,1.1230769534880383,0.0601580065221875,27466484.801843673,-0.11650537022386975,-0.15346903827518907,0.0356489519688513,0.0,61.0,22943519.04388032,23239496.835426286,20470724.01931702,24579295.18790115,0.6065573770491803,0.8688524590163934,-0.15461192224838585,-0.06618894525474765,0.0,0.0,0.0
0.28,0.12,0.06,0.26,0.28,"(0.28, 0.12, 0.06, 0.26, 0.28)",0.07999999999999992,0.054877683724627646,0.04898402104937925,1.120318065952715,0.0601580065221875,27447941.012946766,-0.11585711261546316,-0.1539635131793049,0.03577857856029648,0.0,61.0,22970431.02696842,23329237.224274553,20548566.64934289,24686964.72164928,0.6065573770491803,0.8688524590163934,-0.15483642528530955,-0.07100511190061623,0.0,0.0,0.0
0.26,0.14,0.05,0.29,0.26,"(0.26, 0.14, 0.05, 0.29, 0.26)",0.15999999999999995,0.05487753155942965,0.049610309985467727,1.1061719141747923,0.0601580065221875,27462731.43665642,-0.11890208583734307,-0.15716254547454686,0.03645308800081767,0.0,61.0,22933774.691373598,23249695.232233033,20472690.944835655,24594852.383896004,0.6065573770491803,0.7540983606557377,-0.15829987660980122,-0.06725284858669982,0.0,0.0,0.0
0.25,0.12,0.06,0.28,0.29,"(0.25, 0.12, 0.06, 0.28, 0.29)",0.12000000000000001,0.054872518290098204,0.04972802055905583,1.103452694742452,0.0601580065221875,27444164.805382974,-0.11825646750281782,-0.15769010088427157,0.036582714592262845,0.0,61.0,22960752.98426908,23327449.023005847,20474590.43005186,24702572.420047693,0.6065573770491803,0.7540983606557377,-0.1585514465977978,-0.07179584136050982,0.0,0.0,0.0
0.28,0.14,0.05,0.28,0.25,"(0.28, 0.14, 0.05, 0.28, 0.25)",0.13999999999999999,0.05484326287089658,0.049052585343012316,1.118050404222153,0.0601580065221875,27455509.679855596,-0.11702805086330126,-0.15436590552229495,0.03582837987001281,0.0,61.0,22934510.059186682,23247429.461074747,20480791.826694928,24585405.19215062,0.6065573770491803,0.819672131147541,-0.15550380610293316,-0.06620158101468698,0.0,0.0,0.0
0.3,0.12,0.06,0.25,0.27,"(0.3, 0.12, 0.06, 0.25, 0.27)",0.059999999999999956,0.05484310970766226,0.048425422338627906,1.1325272358836014,0.0601580065221875,27440635.450563025,-0.11397677222810954,-0.15115173039145663,0.03515387042949163,0.0,61.0,22971105.936228167,23331513.452175606,20585746.542607408,24677425.703275938,0.6065573770491803,0.9180327868852459,-0.1520288545879885,-0.07016694837253913,0.0,0.0,0.0
0.27,0.12,0.06,0.27,0.28,"(0.27, 0.12, 0.06, 0.27, 0.28)",0.09999999999999994,0.0548388849768775,0.049159544364693775,1.1155287479894263,0.0601580065221875,27437093.719979137,-0.1163797359659583,-0.15486735008671362,0.035958006461458,0.0,61.0,22961544.419101503,23329975.42870314,20511743.09193891,24693172.18188099,0.6065573770491803,0.819672131147541,-0.15573381051590066,-0.07095887473019978,0.0,0.0,0.0
0.29,0.12,0.06,0.26,0.27,"(0.29, 0.12, 0.06, 0.26, 0.27)",0.07999999999999997,0.05480461182498231,0.04859698253951378,1.127736928530926,0.0601580065221875,27429865.266899,-0.1145002261775655,-0.15205161631796799,0.03533329833065314,0.0,61.0,22962251.561825663,23334416.837990653,20548884.272349108,24683674.52314496,0.6065573770491803,0.8852459016393442,-0.15292256622235353,-0.07012168910387634,0.0,0.0,0.0
0.25,0.15,0.04,0.3,0.26,"(0.25, 0.15, 0.04, 0.3, 0.26)",0.19999999999999996,0.05475627787184223,0.049506808121472054,1.1060353100828042,0.0601580065221875,27444492.908726305,-0.11864128243682392,-0.15569566672536192,0.036512793398531015,0.0,61.0,22932108.385832116,23180984.41003501,20369395.44243392,24500921.745925445,0.6065573770491803,0.819672131147541,-0.15695957839511168,-0.06643642761611379,0.0,0.0,0.0
0.26,0.13,0.05,0.28,0.28,"(0.26, 0.13, 0.05, 0.28, 0.28)",0.11999999999999997,0.054724978468334795,0.04891066907510133,1.1188760960171227,0.0601580065221875,27420600.524129372,-0.11611317781736596,-0.15341402856481323,0.03601771185917134,0.0,61.0,22960339.12315671,23252841.943471443,20545430.310033612,24599999.526174348,0.6065573770491803,0.8688524590163934,-0.15440711294155485,-0.0685321175902608,0.0,0.0,0.0
0.27,0.15,0.04,0.29,0.25,"(0.27, 0.15, 0.04, 0.29, 0.25)",0.17999999999999994,0.05472184011051362,0.048951072123580644,1.1178884902125175,0.0601580065221875,27437243.957398087,-0.11676751507932392,-0.15291989232283168,0.035888085267726154,0.0,61.0,22932847.37639638,23174219.402033076,20377426.36012007,24491492.15953202,0.6065573770491803,0.8688524590163934,-0.1541820548705345,-0.06538469856348034,0.0,0.0,0.0
0.28,0.11,0.06,0.25,0.3,"(0.28, 0.11, 0.06, 0.25, 0.3)",0.03999999999999995,0.05471682452092286,0.04844066013824681,1.1295639730087128,0.0601580065221875,27403773.66547964,-0.11360490208977769,-0.15099519278944368,0.035468662825393134,0.0,61.0,22996094.90469232,23361984.203998316,20545905.980399407,24690909.394703537,0.6065573770491803,0.9508196721311475,-0.15174919156687355,-0.07333063792569894,0.0,0.0,0.0
0.28,0.13,0.05,0.27,0.27,"(0.28, 0.13, 0.05, 0.27, 0.27)",0.09999999999999995,0.05469053693093162,0.04834841878353438,1.1311752960482986,0.0601580065221875,27413344.518404283,-0.11423392782380226,-0.15061918504516097,0.03539300372836649,0.0,61.0,22961049.766785353,23244925.969037067,20553541.89250829,24590519.367232274,0.6065573770491803,0.9344262295081968,-0.15161440007151994,-0.0676907644816753,0.0,0.0,0.0
0.25,0.13,0.05,0.29,0.28,"(0.25, 0.13, 0.05, 0.29, 0.28)",0.13999999999999993,0.05468580386400901,0.049093797829428305,1.1139045313627924,0.0601580065221875,27409663.02776287,-0.11663617379242153,-0.15431336705478074,0.036197139760332855,0.0,61.0,22951341.690736245,23245808.15234069,20555541.610778823,24606121.182394493,0.6065573770491803,0.8524590163934426,-0.15530068705357963,-0.06848894222372977,0.0,0.0,0.0
0.26,0.15,0.04,0.3,0.25,"(0.26, 0.15, 0.04, 0.3, 0.25)",0.19999999999999996,0.05468221404569995,0.049142690750450496,1.1127232394208832,0.0601580065221875,27426179.52424608,-0.11729056269331184,-0.15381225278465904,0.03606751316888766,0.0,61.0,22923727.83579755,23190692.86195305,20387404.10633184,24497516.783565406,0.6065573770491803,0.8360655737704918,-0.15507010863989446,-0.06539801668218005,0.0,0.0,0.0
0.27,0.13,0.05,0.28,0.27,"(0.27, 0.13, 0.05, 0.28, 0.27)",0.11999999999999997,0.05465166325648374,0.04852768008161718,1.1261956715129762,0.0601580065221875,27402484.069862135,-0.11475775416794409,-0.15151459964958475,0.035572431629528,0.0,61.0,22952084.541474517,23237939.35603546,20563688.968468383,24596682.288050815,0.6065573770491803,0.9016393442622951,-0.1525043238108692,-0.06764856962732432,0.0,0.0,0.0
0.26,0.13,0.05,0.29,0.27,"(0.26, 0.13, 0.05, 0.29, 0.27)",0.13999999999999993,0.05461248158131893,0.04871239693994197,1.121120803163335,0.0601580065221875,27391551.399719894,-0.11528159495974055,-0.15241198327835484,0.03575185953068952,0.0,61.0,22943099.08731607,23230908.8356763,20573806.95327378,24602801.665203385,0.6065573770491803,0.8852459016393442,-0.1533961059974039,-0.06760638978380275,0.0,0.0,0.0
0.28,0.13,0.05,0.28,0.26,"(0.28, 0.13, 0.05, 0.28, 0.26)",0.11999999999999997,0.054578002342722476,0.048148439228012666,1.1335362727805536,0.0601580065221875,27384292.456791498,-0.11340122906717454,-0.14961627002922218,0.035127151399884655,0.0,61.0,22943789.931699477,23234199.730355363,20581921.64928358,24593307.064838454,0.6065573770491803,0.9836065573770492,-0.15060245277530762,-0.06676678917051604,0.0,0.0,0.0
0.25,0.13,0.05,0.3,0.27,"(0.25, 0.13, 0.05, 0.3, 0.27)",0.15999999999999995,0.054572991957577255,0.04890250753754932,1.1159548805482808,0.0601580065221875,27380546.59947118,-0.11580544990268504,-0.1533113363213444,0.035931287431851026,0.0,61.0,22934093.42589874,23232564.85267267,20562502.013894193,24608877.46638734,0.6065573770491803,0.8688524590163934,-0.1542897466858139,-0.06756422475252197,0.0,0.0,0.0
0.27,0.13,0.05,0.29,0.26,"(0.27, 0.13, 0.05, 0.29, 0.26)",0.13999999999999993,0.05453881363047808,0.04833475485830345,1.128356061603338,0.0601580065221875,27373364.650691673,-0.1139259151736346,-0.15051169948889584,0.035306579301046165,0.0,61.0,22934816.46700465,23236988.825304676,20592046.306275062,24599424.153152432,0.6065573770491803,0.9344262295081968,-0.15149244375192436,-0.06672560297643124,0.0,0.0,0.0
0.29,0.09,0.07,0.25,0.3,"(0.29, 0.09, 0.07, 0.25, 0.3)",0.04000000000000002,0.05443583495922266,0.047926637186599674,1.13581586680659,0.0601580065221875,27316018.417457554,-0.11294702408212953,-0.15191612559244408,0.03530383279701114,0.0,61.0,22988197.187583063,23192994.460852973,20346353.902693663,24792600.21492513,0.6065573770491803,0.9016393442622951,-0.15241552046867646,-0.07616614901539145,0.0,0.0,0.0
0.25,0.12,0.05,0.29,0.29,"(0.25, 0.12, 0.05, 0.29, 0.29)",0.11999999999999997,0.05441686532764711,0.048264903871533045,1.1274624201570727,0.0601580065221875,27337642.042452507,-0.11300901055070345,-0.14954643890971753,0.0354959112902047,0.0,61.0,22960273.27020547,23277192.118984014,20560129.448659312,24613501.08668554,0.6065573770491803,0.9836065573770492,-0.15038668437627187,-0.06988866244312893,0.0,0.0,0.0
0.28,0.09,0.07,0.26,0.3,"(0.28, 0.09, 0.07, 0.26, 0.3)",0.059999999999999984,0.05439784411989068,0.04809026628755793,1.131161216588328,0.0601580065221875,27305428.794605315,-0.11348970224079902,-0.15285637629705232,0.03542702519163565,0.0,61.0,22979513.04397161,23186179.2779278,20309983.993642546,24798951.24483858,0.6065573770491803,0.8852459016393442,-0.15334731637570592,-0.07611320474452422,0.0,0.0,0.0
0.28,0.14,0.08,0.2,0.3,"(0.28, 0.14, 0.08, 0.2, 0.3)",0.13999999999999996,0.05674296527215583,0.05469492203085147,1.0374448516472725,0.0601580065221875,27917318.86226703,-0.13949703461575247,-0.18766629096446352,0.040418051418596425,0.0,61.0,23017531.088337533,23387242.771765962,20288609.189309403,24833609.017777115,0.5901639344262295,0.3442622950819672,-0.1889946784235678,-0.0828612540753281,0.0,0.0,0.0
0.25,0.15,0.07,0.23,0.3,"(0.25, 0.15, 0.07, 0.23, 0.3)",0.13999999999999996,0.05655557362378927,0.05471384967989258,1.0336610191874969,0.0601580065221875,27879501.514355112,-0.13977378018400932,-0.18720960724938826,0.040836612618632785,0.0,61.0,22999204.670209445,23297274.76676168,20207772.98698288,24753097.464683563,0.5901639344262295,0.3442622950819672,-0.18867258566497164,-0.07980506773161826,0.0,0.0,0.0
0.27,0.15,0.07,0.22,0.29,"(0.27, 0.15, 0.07, 0.22, 0.29)",0.13999999999999996,0.05652345747267273,0.05417195542964496,1.0434081070985475,0.0601580065221875,27872711.332573447,-0.13790529757128012,-0.18432556561933477,0.04021190448782794,0.0,61.0,23000304.589532547,23288142.58727373,20216055.780756444,24743988.95557057,0.5901639344262295,0.3442622950819672,-0.18579101581836824,-0.07892466461319621,0.0,0.0,0.0
0.29,0.15,0.07,0.21,0.28,"(0.29, 0.15, 0.07, 0.21, 0.28)",0.13999999999999996,0.05649069881875368,0.05363597020403466,1.0532241442423704,0.0601580065221875,27865760.642281123,-0.13603428989102095,-0.18144894582165488,0.03958719635702308,0.0,61.0,23001319.87572337,23292765.917320147,20224271.129453346,24734782.260482248,0.5901639344262295,0.39344262295081966,-0.18291625365292177,-0.07804535153913394,0.0,0.0,0.0
0.26,0.15,0.07,0.23,0.29,"(0.26, 0.15, 0.07, 0.23, 0.29)",0.13999999999999996,0.05648420769399731,0.05433804195946412,1.039496559999976,0.0601580065221875,27861596.964477785,-0.13854883509575278,-0.18543606899271492,0.04039133238898945,0.0,61.0,22991287.89228169,23290904.2367324,20226029.204763606,24750177.746097453,0.5901639344262295,0.3442622950819672,-0.18689617606603456,-0.07878188792903473,0.0,0.0,0.0
0.28,0.15,0.07,0.22,0.28,"(0.28, 0.15, 0.07, 0.22, 0.28)",0.1399999999999999,0.05645175037124073,0.05379830896913207,1.049322022438124,0.0601580065221875,27854724.451844435,-0.13667894389945423,-0.18255549792796932,0.03976662425818459,0.0,61.0,22992335.27265792,23295645.41224147,20234279.866275247,24741012.615491327,0.5901639344262295,0.36065573770491804,-0.18401775941035875,-0.07790353710920882,0.0,0.0,0.0
0.25,0.15,0.07,0.24,0.29,"(0.25, 0.15, 0.07, 0.24, 0.29)",0.14,0.0564446490730659,0.05450908730845201,1.0355089740112704,0.0601580065221875,27850409.0943376,-0.1391922144697577,-0.18654878421685347,0.04057076029015096,0.0,61.0,22982250.9492026,23293705.408413045,20235973.92470834,24756322.63103876,0.5901639344262295,0.3442622950819672,-0.18800341262100678,-0.07863934872288506,0.0,0.0,0.0
0.3,0.15,0.07,0.21,0.27,"(0.3, 0.15, 0.07, 0.21, 0.27)",0.13999999999999996,0.05641865072542407,0.053264570103090145,1.059215358656409,0.0601580065221875,27847691.615672976,-0.13480652833773,-0.17968235111984776,0.03914191612737974,0.0,61.0,22993298.065045226,23300299.814362876,20242463.015220728,24731749.373538975,0.5901639344262295,0.4262295081967213,-0.18114615273665058,-0.07702627785898766,0.0,0.0,0.0
0.27,0.15,0.07,0.23,0.28,"(0.27, 0.15, 0.07, 0.23, 0.28)",0.1399999999999999,0.056412493062038216,0.05396567930123011,1.0453401827326267,0.0601580065221875,27843614.72054022,-0.13732343949837877,-0.18366426237709635,0.03994605215934611,0.0,61.0,22983330.402168505,23298484.165696174,20244259.919810258,24747199.10364185,0.5901639344262295,0.3442622950819672,-0.18512134253003035,-0.07776195988755466,0.0,0.0,0.0
0.29,0.13,0.08,0.2,0.3,"(0.29, 0.13, 0.08, 0.2, 0.3)",0.12,0.05640924876589115,0.05344714413043371,1.0554211957186834,0.0601580065221875,27827910.31598874,-0.13434551308750575,-0.1807324255227525,0.03927154271882492,0.0,61.0,23019430.07309245,23421058.148333408,20407281.117509983,24839284.317819487,0.5901639344262295,0.4426229508196721,-0.18189735254784922,-0.0815029238704982,0.0,0.0,0.0
0.29,0.15,0.07,0.22,0.27,"(0.29, 0.15, 0.07, 0.22, 0.27)",0.13999999999999996,0.056379694750153586,0.05342817255030425,1.0552428065375132,0.0601580065221875,27836660.04683749,-0.13545214115255766,-0.18078716504201997,0.03932134402854125,0.0,61.0,22984325.300627206,23303176.15104589,20252478.39450781,24737977.41041434,0.5901639344262295,0.39344262295081966,-0.18224608192979358,-0.07688565962424854,0.0,0.0,0.0
0.25,0.14,0.07,0.24,0.3,"(0.25, 0.14, 0.07, 0.24, 0.3)",0.12000000000000001,0.05618501617507632,0.05359184792945656,1.0483873638586445,0.0601580065221875,27779716.389473375,-0.13484999641567086,-0.1807705058170944,0.039869531820022806,0.0,61.0,22992275.24920651,23320087.78792733,20336310.186387237,24765294.365753412,0.5901639344262295,0.39344262295081966,-0.18203828029084226,-0.07943129567019165,0.0,0.0,0.0
0.27,0.14,0.07,0.23,0.29,"(0.27, 0.14, 0.07, 0.23, 0.29)",0.11999999999999998,0.056152646151650165,0.05304282628420758,1.0586284722231791,0.0601580065221875,27772881.921673026,-0.1329730072188775,-0.17788639059717104,0.03924482368921795,0.0,61.0,22993309.936461754,23324835.966228165,20344610.878395308,24756122.32091698,0.5901639344262295,0.4426229508196721,-0.179158039921096,-0.07855710014686879,0.0,0.0,0.0
0.29,0.14,0.07,0.22,0.28,"(0.29, 0.14, 0.07, 0.22, 0.28)",0.11999999999999998,0.056119634223700254,0.052499693449755906,1.0689516554493554,0.0601580065221875,27765887.642025564,-0.13109348493407946,-0.1750097183561617,0.038620115558413104,0.0,61.0,22994260.05734956,23329497.3233007,20352843.747370213,24746852.162225574,0.5901639344262295,0.47540983606557374,-0.17628462212535015,-0.07768398786897875,0.0,0.0,0.0
0.26,0.14,0.07,0.24,0.29,"(0.26, 0.14, 0.07, 0.24, 0.29)",0.12000000000000001,0.0561134509322021,0.05321163971969221,1.0545333920885738,0.0601580065221875,27761819.51265975,-0.13362040382072493,-0.1789941275609835,0.03942425159037946,0.0,61.0,22984340.298804224,23327682.05789993,20354647.411942992,24762316.184827533,0.5901639344262295,0.4426229508196721,-0.18026002838389782,-0.07841499266471424,0.0,0.0,0.0
0.28,0.14,0.07,0.23,0.28,"(0.28, 0.14, 0.07, 0.23, 0.28)",0.11999999999999993,0.05608074019353326,0.0526647291178176,1.0648633560437313,0.0601580065221875,27754903.146375883,-0.13174200318798823,-0.17611349229785572,0.03879954345957461,0.0,61.0,22985322.542989142,23332381.03202177,20362915.795852996,24753087.588013086,0.5901639344262295,0.45901639344262296,-0.1773829470701075,-0.07754283582594845,0.0,0.0,0.0
0.3,0.12,0.08,0.2,0.3,"(0.3, 0.12, 0.08, 0.2, 0.3)",0.09999999999999998,0.056071761940327036,0.05224000552923067,1.0733490812697621,0.0601580065221875,27737811.633205466,-0.12990629909601537,-0.1749028739042251,0.03812503401905343,0.0,61.0,23020927.643955287,23419823.56208276,20521523.25939106,24844335.06770076,0.5901639344262295,0.47540983606557374,-0.17590130457394737,-0.07772788855587784,0.0,0.0,0.0
0.25,0.15,0.06,0.26,0.28,"(0.25, 0.15, 0.06, 0.26, 0.28)",0.13999999999999996,0.05588849100414528,0.052772732793317755,1.059041062418167,0.0601580065221875,27716118.148806017,-0.13202846201295904,-0.1757141068908837,0.03921810465961098,0.0,61.0,22966395.16488419,23286574.344085973,20281132.219079617,24672046.687819634,0.5901639344262295,0.4426229508196721,-0.17711050155818772,-0.07451488346409715,0.0,0.0,0.0
0.27,0.15,0.06,0.25,0.27,"(0.27, 0.15, 0.06, 0.25, 0.27)",0.11999999999999993,0.055855571245915225,0.052224755552585836,1.0695228853617795,0.0601580065221875,27709169.430576142,-0.13014781212903448,-0.17285343998685768,0.038593396528806126,0.0,61.0,22967360.62134154,23284510.05969687,20289333.454558164,24662819.403996915,0.5901639344262295,0.47540983606557374,-0.1742508419908229,-0.07364528908863188,0.0,0.0,0.0
0.29,0.15,0.06,0.24,0.26,"(0.29, 0.15, 0.06, 0.24, 0.26)",0.11999999999999998,0.055822010062577476,0.05168278238406742,1.0800891029385848,0.0601580065221875,27702061.46065073,-0.12826462902894253,-0.17000017973919565,0.03796868839800127,0.0,61.0,22968241.655982822,23282362.141576488,20297467.044594906,24653494.494141396,0.5901639344262295,0.4918032786885246,-0.17139797560034092,-0.07277678540310678,0.0,0.0,0.0
0.26,0.15,0.06,0.26,0.27,"(0.26, 0.15, 0.06, 0.26, 0.27)",0.13999999999999996,0.055815983918320766,0.05240335978837085,1.0651222391795427,0.0601580065221875,27698025.08673394,-0.13079790704594652,-0.17395142969389363,0.038772824429967635,0.0,61.0,22958303.475557137,23292459.296209995,20299293.760306235,24668922.531937994,0.5901639344262295,0.45901639344262296,-0.17534429686698214,-0.0735086246503339,0.0,0.0,0.0
0.25,0.13,0.07,0.25,0.3,"(0.25, 0.13, 0.07, 0.25, 0.3)",0.09999999999999999,0.055811104336932704,0.0525086635061756,1.0628932562789128,0.0601580065221875,27679415.602056187,-0.12990546166846495,-0.17429064274923647,0.03890245102141282,0.0,61.0,22985059.482000418,23356464.098681036,20465299.432335198,24776922.496436875,0.5901639344262295,0.47540983606557374,-0.17537318117299097,-0.07674388476037379,0.0,0.0,0.0
0.3,0.13,0.07,0.22,0.28,"(0.3, 0.13, 0.07, 0.22, 0.28)",0.09999999999999996,0.055783748142832046,0.05123998262055474,1.088676172197892,0.0601580065221875,27676360.22382843,-0.12547931362171105,-0.16743107767273982,0.037473606858641595,0.0,61.0,22995784.32324894,23362860.410447378,20471703.644795477,24752069.69172516,0.5901639344262295,0.5901639344262295,-0.16852924217663934,-0.07444583749101383,0.0,0.0,0.0
0.28,0.15,0.06,0.25,0.26,"(0.28, 0.15, 0.06, 0.25, 0.26)",0.11999999999999993,0.05578272399561124,0.05185764860494571,1.075689420871489,0.0601580065221875,27690994.936587423,-0.1289158478296708,-0.17109423321519152,0.03814811629916278,0.0,61.0,22959216.629947778,23290346.456988472,20307462.732787814,24659639.056569688,0.5901639344262295,0.4918032786885246,-0.17248778950458826,-0.07264106697244672,0.0,0.0,0.0
0.27,0.13,0.07,0.24,0.29,"(0.27, 0.13, 0.07, 0.24, 0.29)",0.09999999999999999,0.0557784813778448,0.05195262116941232,1.073641331704068,0.0601580065221875,27672537.659322597,-0.1280199385537898,-0.1714064924488618,0.038277742890607966,0.0,61.0,22986029.13429249,23361170.032275856,20473617.918256164,24767687.21147322,0.5901639344262295,0.5245901639344263,-0.17249430341030056,-0.07567165736674683,0.0,0.0,0.0
0.3,0.15,0.06,0.24,0.25,"(0.3, 0.15, 0.06, 0.24, 0.25)",0.11999999999999998,0.055748822826858335,0.05131803247336853,1.0863398329970886,0.0601580065221875,27683805.720947,-0.1270312561119592,-0.16824444576064684,0.03752340816835792,0.0,61.0,22960045.40863813,23286644.49161118,20315563.99295992,24650258.030625004,0.5901639344262295,0.5737704918032787,-0.16963807758023156,-0.07177460146886815,0.0,0.0,0.0
0.25,0.14,0.06,0.27,0.28,"(0.25, 0.14, 0.06, 0.27, 0.28)",0.13999999999999996,0.055515794315059264,0.05164960593235735,1.074854169996287,0.0601580065221875,27616310.619692385,-0.12707318079876107,-0.16926584330316985,0.03825102386100099,0.0,61.0,22959118.49675646,23319953.337930795,20409933.800242897,24683749.78260373,0.5901639344262295,0.5409836065573771,-0.17047523086753652,-0.07346643726991169,0.0,0.0,0.0
0.27,0.14,0.06,0.26,0.27,"(0.27, 0.14, 0.06, 0.26, 0.27)",0.11999999999999995,0.05548262305704621,0.05109408386951762,1.0858913372189214,0.0601580065221875,27609319.220688533,-0.12518398663625252,-0.16640512260212026,0.03762631573019614,0.0,61.0,22960019.116029307,23310605.10741628,20418152.598615114,24674459.686910804,0.5901639344262295,0.5901639344262295,-0.16761690008631494,-0.07239209819192739,0.0,0.0,0.0
0.26,0.12,0.07,0.25,0.3,"(0.26, 0.12, 0.07, 0.25, 0.3)",0.07999999999999997,0.055472922190851204,0.05129398680179946,1.0814702784792143,0.0601580065221875,27589570.540326566,-0.12481215346096941,-0.16747250421680676,0.03775594232164132,0.0,61.0,22986444.80088728,23389541.750185627,20461535.74187153,24781775.623399165,0.5901639344262295,0.5901639344262295,-0.16840538056143725,-0.07468587577079382,0.0,0.0,0.0
0.29,0.14,0.06,0.25,0.26,"(0.29, 0.14, 0.06, 0.25, 0.26)",0.09999999999999999,0.055448810969728646,0.050544536364892034,1.0970287781340318,0.0601580065221875,27602169.264851294,-0.12329225122236764,-0.16355182971096452,0.037001607599391285,0.0,61.0,22960835.381745093,23301158.39394904,20426303.373273198,24665072.038612515,0.5901639344262295,0.6229508196721312,-0.1647653773971794,-0.07131746666452733,0.0,0.0,0.0
0.25,0.15,0.05,0.29,0.26,"(0.25, 0.15, 0.05, 0.29, 0.26)",0.17999999999999994,0.05521248938857215,0.050926176262825494,1.0841671894552887,0.0601580065221875,27551421.700670235,-0.12424357843800538,-0.16430111088965046,0.03759959670058916,0.0,61.0,22932334.097241405,23224003.336897768,20353632.17447789,24589663.075868417,0.5901639344262295,0.6065573770491803,-0.1656293742659655,-0.06960792875838383,0.0,0.0,0.0
0.27,0.15,0.05,0.28,0.25,"(0.27, 0.15, 0.05, 0.28, 0.25)",0.15999999999999998,0.055178770890634166,0.05037268657297993,1.0954105219440933,0.0601580065221875,27544318.24317831,-0.12235072353367038,-0.1614637614294808,0.03697488856978431,0.0,61.0,22933166.06374691,23221816.249644935,20361751.46920924,24580319.28759987,0.5901639344262295,0.6557377049180327,-0.16279156689371624,-0.0686636935803826,0.0,0.0,0.0
0.26,0.15,0.05,0.29,0.25,"(0.26, 0.15, 0.05, 0.29, 0.25)",0.17999999999999994,0.05513884825469728,0.050564409942437015,1.0904675505452917,0.0601580065221875,27533145.946049903,-0.1230074052372383,-0.16254932811641196,0.03715431647094582,0.0,61.0,22924069.326731738,23229669.754256327,20371698.23682788,24586337.208025854,0.5901639344262295,0.6229508196721312,-0.16387340442481657,-0.0686284525213999,0.0,0.0,0.0
0.27,0.11,0.07,0.25,0.3,"(0.27, 0.11, 0.07, 0.25, 0.3)",0.05999999999999997,0.05513097928163746,0.050123294615356646,1.099907332602725,0.0601580065221875,27499049.938575473,-0.12053933204322276,-0.1618703886719168,0.03660943362186982,0.0,61.0,22987429.49322994,23404278.475684382,20423533.85405957,24786006.147297945,0.5901639344262295,0.6721311475409836,-0.16263992224012708,-0.07518379252099536,0.0,0.0,0.0
0.3,0.13,0.06,0.25,0.26,"(0.3, 0.13, 0.06, 0.25, 0.26)",0.07999999999999997,0.05511113399808343,0.04927111563691269,1.1185282347614542,0.0601580065221875,27512661.15994891,-0.11763979999526697,-0.1559766493513396,0.03585509889961978,0.0,61.0,22962054.640408278,23305642.226432033,20545440.08652627,24669885.494738463,0.5901639344262295,0.819672131147541,-0.1570207858840436,-0.06876684931010525,0.0,0.0,0.0
0.29,0.11,0.07,0.24,0.29,"(0.29, 0.11, 0.07, 0.24, 0.29)",0.060000000000000026,0.05509725171765312,0.049561497783759,1.1116946456712644,0.0601580065221875,27491933.18510921,-0.11848807703693087,-0.1587552836281506,0.03598472549106496,0.0,61.0,22988205.265378654,23396830.17340496,20460583.136698637,24776562.192907065,0.5901639344262295,0.7540983606557377,-0.15953149614722198,-0.07434828346340068,0.0,0.0,0.0
0.3,0.1,0.07,0.23,0.3,"(0.3, 0.1, 0.07, 0.23, 0.3)",0.039999999999999994,0.05486106370008215,0.048682421659038896,1.1269173108173853,0.0601580065221875,27429072.734925054,-0.11566641253552434,-0.1550232695659366,0.035547363726925234,0.0,61.0,23005456.090292253,23319667.115542326,20458201.61208261,24776877.22375292,0.5901639344262295,0.8524590163934426,-0.15567013770795737,-0.0757814686267881,0.0,0.0,0.0
0.25,0.14,0.05,0.3,0.26,"(0.25, 0.14, 0.05, 0.3, 0.26)",0.17999999999999997,0.05483767148780361,0.04980397116734801,1.1010702601112206,0.0601580065221875,27451606.809874956,-0.11942395240102766,-0.15806528743944545,0.036632515901979176,0.0,61.0,22924713.37057879,23252670.968846448,20482694.089580458,24600877.50833422,0.5901639344262295,0.7377049180327869,-0.159197254094449,-0.06726566207181849,0.0,0.0,0.0
0.29,0.1,0.07,0.24,0.3,"(0.29, 0.1, 0.07, 0.24, 0.3)",0.04000000000000002,0.054823326652530424,0.0488382888660235,1.1225480647556159,0.0601580065221875,27418504.062402625,-0.11620686345094433,-0.15596240242575812,0.03567055612154975,0.0,61.0,22996745.085547656,23309841.5572867,20421652.029921003,24783267.62846351,0.5901639344262295,0.819672131147541,-0.15660136475755543,-0.07572933797240526,0.0,0.0,0.0
0.27,0.14,0.05,0.29,0.25,"(0.27, 0.14, 0.05, 0.29, 0.25)",0.15999999999999995,0.0548037038379503,0.04924253766115635,1.1129341914720356,0.0601580065221875,27444462.260557123,-0.11755074590813808,-0.15526473455578915,0.03600780777117432,0.0,61.0,22925480.897859175,23254078.292798903,20490830.611820094,24591471.631067544,0.5901639344262295,0.819672131147541,-0.15639754227967373,-0.06621440137193725,0.0,0.0,0.0
0.26,0.12,0.06,0.28,0.28,"(0.26, 0.12, 0.06, 0.28, 0.28)",0.11999999999999995,0.054799778192871296,0.04934048066666434,1.1106454062150106,0.0601580065221875,27426174.072782796,-0.11690237451908969,-0.15577316995379412,0.03613743436261951,0.0,61.0,22952637.5021364,23332800.533365037,20474956.654277187,24699335.936813228,0.5901639344262295,0.819672131147541,-0.15663306576268685,-0.07091265297755206,0.0,0.0,0.0
0.27,0.11,0.06,0.26,0.3,"(0.27, 0.11, 0.06, 0.26, 0.3)",0.05999999999999997,0.054678710901426175,0.048604719805449656,1.1249671044353082,0.0601580065221875,27393113.707520224,-0.11414735343176652,-0.15192520913287955,0.03559185522001765,0.0,61.0,22987272.693218246,23364007.83247936,20509155.774168935,24697213.36931859,0.5901639344262295,0.8852459016393442,-0.15267224712822028,-0.07328151862360952,0.0,0.0,0.0
0.26,0.11,0.06,0.27,0.3,"(0.26, 0.11, 0.06, 0.27, 0.3)",0.07999999999999999,0.05464028928330489,0.048774335120002656,1.1202672296581766,0.0601580065221875,27382381.3866113,-0.11468984708160568,-0.1528573684726163,0.03571504761464217,0.0,61.0,22978430.10042302,23359096.262411878,20472442.435800876,24703473.69534479,0.5901639344262295,0.8852459016393442,-0.1535973284995322,-0.07323241562387471,0.0,0.0,0.0
0.28,0.11,0.06,0.26,0.29,"(0.28, 0.11, 0.06, 0.26, 0.29)",0.05999999999999997,0.054606144249326194,0.04820480425235159,1.1327946476758555,0.0601580065221875,27375196.198303785,-0.11262760299931296,-0.14976863544897362,0.03528793555003029,0.0,61.0,22979144.764734026,23351877.531756822,20509513.08628058,24693984.67921951,0.5901639344262295,0.9836065573770492,-0.15051410390857545,-0.07239654294309786,0.0,0.0,0.0
0.25,0.11,0.06,0.28,0.3,"(0.25, 0.11, 0.06, 0.28, 0.3)",0.1,0.05460155971825875,0.048949448329121084,1.1154683368673453,0.0601580065221875,27371576.792701308,-0.11523238266387903,-0.15379167160491686,0.035881486122134695,0.0,61.0,22969567.147490695,23334827.995106064,20435766.00724907,24709690.33976796,0.5901639344262295,0.8688524590163934,-0.15452443611145475,-0.07318332874609303,0.0,0.0,0.0
0.27,0.11,0.06,0.27,0.29,"(0.27, 0.11, 0.06, 0.27, 0.29)",0.07999999999999999,0.05456771540063032,0.04837597107684314,1.1279921453969755,0.0601580065221875,27364468.47599822,-0.11317105521274018,-0.15069844594673273,0.03541112794465481,0.0,61.0,22970314.049282797,23339998.12922834,20472798.050412744,24700242.709783796,0.5901639344262295,0.9508196721311475,-0.15143701963692385,-0.07234843361336366,0.0,0.0,0.0
0.26,0.11,0.06,0.28,0.29,"(0.26, 0.11, 0.06, 0.28, 0.29)",0.1,0.05452897863729489,0.04855266983948989,1.1230891898954694,0.0601580065221875,27353668.534490444,-0.11371454916377255,-0.15163040010645282,0.03553432033927933,0.0,61.0,22961462.973796256,23301756.220561862,20436119.932830434,24706457.06504953,0.5901639344262295,0.9016393442622951,-0.15236196175402156,-0.07230034030293425,0.0,0.0,0.0
0.26,0.13,0.05,0.3,0.26,"(0.26, 0.13, 0.05, 0.3, 0.26)",0.15999999999999995,0.05449931700204802,0.04852649380107599,1.123083757616125,0.0601580065221875,27362364.768898096,-0.11445061516840216,-0.1514090985619467,0.03548600720220768,0.0,61.0,22925822.79517656,23239737.35774534,20562755.71538133,24605497.672056798,0.5901639344262295,0.9016393442622951,-0.15238429365900283,-0.06668443148182829,0.0,0.0,0.0
0.3,0.09,0.07,0.24,0.3,"(0.3, 0.09, 0.07, 0.24, 0.3)",0.04000000000000002,0.05447351795275246,0.047768683661145644,1.1403604574739503,0.0601580065221875,27326535.7980132,-0.11240438869395619,-0.1509780434960431,0.03518064040238662,0.0,61.0,22996860.82158784,23205839.825408615,20382760.213217333,24786205.421196662,0.5901639344262295,0.9508196721311475,-0.15148577207335934,-0.07621911031166485,0.0,0.0,0.0
0.3,0.09,0.07,0.25,0.29,"(0.3, 0.09, 0.07, 0.25, 0.29)",0.04000000000000002,0.054363317275160306,0.04752022839462173,1.144003703511515,0.0601580065221875,27298155.179958016,-0.11142619187896974,-0.1497371183675811,0.034999913127023774,0.0,61.0,22980127.77127136,23178207.916218158,20346654.266221672,24789341.48968183,0.5901639344262295,0.9836065573770492,-0.15023815821785272,-0.07528428550760055,0.0,0.0,0.0
0.27,0.09,0.07,0.27,0.3,"(0.27, 0.09, 0.07, 0.27, 0.3)",0.08,0.054359545486149186,0.04825951323309654,1.1264006170884713,0.0601580065221875,27294767.018279564,-0.11403242279405945,-0.15379879643120037,0.035550217586260174,0.0,61.0,22970808.41144747,23179320.22183802,20273650.527926486,24805258.477469694,0.5901639344262295,0.8852459016393442,-0.15428116024586971,-0.0760602773303849,0.0,0.0,0.0
0.25,0.1,0.06,0.29,0.3,"(0.25, 0.1, 0.06, 0.29, 0.3)",0.09999999999999996,0.054215781953234066,0.04800583065911964,1.1293582718776416,0.0601580065221875,27269661.06130873,-0.11196895524997119,-0.14976205911314716,0.035471516684728074,0.0,61.0,22961090.57199046,23243130.948361292,20360435.592635468,24719231.03736447,0.5901639344262295,0.9836065573770492,-0.15035434505989112,-0.07363146131910964,0.0,0.0,0.0
0.27,0.15,0.08,0.2,0.3,"(0.27, 0.15, 0.08, 0.2, 0.3)",0.15999999999999995,0.057072905528375406,0.055980621812183835,1.0195118182119556,0.0601580065221875,28006028.23612076,-0.1450405042997719,-0.19522032028412903,0.04156456011836792,0.0,61.0,23015230.709593795,23352937.7264422,20170233.73314315,24827309.068496823,0.5737704918032787,0.2459016393442623,-0.19674376221437234,-0.08311003409797801,0.0,0.0,0.0
0.27,0.14,0.08,0.21,0.3,"(0.27, 0.14, 0.08, 0.21, 0.3)",0.13999999999999999,0.05670410162234041,0.054852722332857345,1.0337518214364736,0.0601580065221875,27906292.54347752,-0.14013883611719125,-0.18878487803018423,0.04059747931975794,0.0,61.0,23008614.29951766,23390159.02604785,20298665.21817823,24839886.76141347,0.5737704918032787,0.3442622950819672,-0.1901068595602554,-0.08271419178606404,0.0,0.0,0.0
0.25,0.11,0.1,0.24,0.3,"(0.25, 0.11, 0.1, 0.24, 0.3)",0.12,0.05637410104533713,0.05537760039998585,1.0179946519559113,0.0601580065221875,27788408.46129182,-0.14486720191273106,-0.200346775891327,0.040228699330367296,0.0,61.0,22967118.09969103,23176869.811807513,20092184.369333263,25061146.980269723,0.5737704918032787,0.2459016393442623,-0.2011848355933912,-0.08558377135390757,0.0,0.0,0.0
0.26,0.15,0.07,0.24,0.28,"(0.26, 0.15, 0.07, 0.24, 0.28)",0.13999999999999996,0.056372926943380364,0.054138034534356276,1.04128137322026,0.0601580065221875,27832431.541491743,-0.13796777642527736,-0.18477523885051803,0.04012548006050762,0.0,61.0,22974305.285839368,23301282.16133743,20254211.244631,24753341.692212053,0.5737704918032787,0.3442622950819672,-0.18622700232133435,-0.07762061964210082,0.0,0.0,0.0
0.28,0.13,0.08,0.21,0.3,"(0.28, 0.13, 0.08, 0.21, 0.3)",0.11999999999999997,0.05637074807839526,0.05360226910582912,1.0516485406074922,0.0601580065221875,27817009.241833176,-0.13500941834758728,-0.18187551877138433,0.03945097061998643,0.0,61.0,23010580.599014256,23424019.52766347,20417429.48971883,24845611.07619392,0.5737704918032787,0.4262295081967213,-0.1830337068328017,-0.08165403567049828,0.0,0.0,0.0
0.27,0.11,0.1,0.23,0.29,"(0.27, 0.11, 0.1, 0.23, 0.29)",0.11999999999999997,0.05634314066753632,0.05482207183776453,1.0277455553718053,0.0601580065221875,27781895.659877457,-0.1428374436423595,-0.19709364989453057,0.03960399119956244,0.0,61.0,22968239.108145863,23178423.130457636,20128968.630801976,25052054.453433603,0.5737704918032787,0.26229508196721313,-0.1979444304657239,-0.08452035772782719,0.0,0.0,0.0
0.28,0.15,0.07,0.23,0.27,"(0.28, 0.15, 0.07, 0.23, 0.27)",0.1399999999999999,0.056340429946009296,0.05359683350868857,1.0511895247855634,0.0601580065221875,27825554.99166124,-0.1360975950359803,-0.1818941914752248,0.039500771929702756,0.0,61.0,22975332.26884085,23306011.73446838,20262465.06591424,24744161.586513173,0.5737704918032787,0.39344262295081966,-0.1833480888452919,-0.07674527809863041,0.0,0.0,0.0
0.3,0.13,0.08,0.2,0.29,"(0.3, 0.13, 0.08, 0.2, 0.29)",0.12,0.05633794539230874,0.05306138869967307,1.0617503004148827,0.0601580065221875,27810047.873290148,-0.1329582637773744,-0.1787063661618394,0.03882626248918158,0.0,61.0,23011547.646741595,23428737.26897172,20425729.395897217,24836339.954505987,0.5737704918032787,0.4426229508196721,-0.17986913470904964,-0.0805858075742288,0.0,0.0,0.0
0.25,0.15,0.07,0.25,0.28,"(0.25, 0.15, 0.07, 0.25, 0.28)",0.13999999999999996,0.056333052067642386,0.054315327213761734,1.03714835125525,0.0601580065221875,27821175.008394554,-0.13861195441783614,-0.18588842701754554,0.04030490796166913,0.0,61.0,22965259.94529861,23304039.383021835,20264133.795424435,24759440.348700125,0.5737704918032787,0.3442622950819672,-0.18733473808191467,-0.07747951614018095,0.0,0.0,0.0
0.27,0.13,0.08,0.22,0.3,"(0.27, 0.13, 0.08, 0.22, 0.3)",0.11999999999999997,0.05633193861450647,0.05376248726745264,1.0477926427449602,0.0601580065221875,27806034.62676744,-0.1356731863249051,-0.18302100387883063,0.03963039852114795,0.0,61.0,23001710.725731604,23424005.024398766,20427548.977396406,24851893.834699262,0.5737704918032787,0.39344262295081966,-0.18417231101362677,-0.08180531447717392,0.0,0.0,0.0
0.3,0.15,0.07,0.22,0.26,"(0.3, 0.15, 0.07, 0.22, 0.26)",0.13999999999999996,0.05630729082735031,0.053061619627109986,1.0611679632670326,0.0601580065221875,27818518.327182397,-0.13422489097818058,-0.17902057102152208,0.03887606379889791,0.0,61.0,22976274.742606696,23310654.510009788,20270651.299372498,24734883.38983431,0.5737704918032787,0.4426229508196721,-0.1804759871554532,-0.07587102664349105,0.0,0.0,0.0
0.26,0.11,0.1,0.24,0.29,"(0.26, 0.11, 0.1, 0.24, 0.29)",0.12,0.05630322983597136,0.054998257826070235,1.0237275154065433,0.0601580065221875,27770671.558255043,-0.14349603064384342,-0.1982736730780887,0.03978341910072395,0.0,61.0,22959481.350134704,23153513.572620902,20092818.73919219,25058243.11479547,0.5737704918032787,0.26229508196721313,-0.19911452726791717,-0.08467119472040391,0.0,0.0,0.0
0.27,0.15,0.07,0.24,0.27,"(0.27, 0.15, 0.07, 0.24, 0.27)",0.13999999999999996,0.05630085636522408,0.053770505377446424,1.0470583449051791,0.0601580065221875,27814376.5432216,-0.13674288972571913,-0.1830034301042834,0.03968019983086427,0.0,61.0,22966318.99122807,23308806.548300713,20272422.983986266,24750301.86912745,0.5737704918032787,0.36065573770491804,-0.18445217279531992,-0.07660513304846236,0.0,0.0,0.0
0.29,0.13,0.08,0.21,0.29,"(0.29, 0.13, 0.08, 0.21, 0.29)",0.12000000000000002,0.05629943704704132,0.053217773853479984,1.0579066535561188,0.0601580065221875,27799151.245222997,-0.1336232608379596,-0.17984732824488234,0.039005690390343094,0.0,61.0,23002709.911091212,23427932.14272091,20435884.54305368,24842664.384992123,0.5737704918032787,0.4426229508196721,-0.18100353910314582,-0.08073724831089894,0.0,0.0,0.0
0.26,0.13,0.08,0.23,0.3,"(0.26, 0.13, 0.08, 0.23, 0.3)",0.11999999999999997,0.05629282042615569,0.053927753220092606,1.0438562162308274,0.0601580065221875,27794986.56286804,-0.13633681666776476,-0.18416888092696668,0.03980982642230946,0.0,61.0,22992820.474424347,23425964.33996521,20437639.534518722,24858132.560126994,0.5737704918032787,0.39344262295081966,-0.18531316477047902,-0.08195676020627086,0.0,0.0,0.0
0.29,0.15,0.07,0.23,0.26,"(0.29, 0.15, 0.07, 0.23, 0.26)",0.13999999999999996,0.05626801856371855,0.053231577687807424,1.0570420980892064,0.0601580065221875,27807417.98736818,-0.13487130335485753,-0.18012586035061814,0.039055491700059425,0.0,61.0,22967293.561360862,23313486.91754945,20280644.576962322,24741065.24419777,0.5737704918032787,0.4262295081967213,-0.1815764187930667,-0.07573183705413983,0.0,0.0,0.0
0.26,0.15,0.07,0.25,0.27,"(0.26, 0.15, 0.07, 0.25, 0.27)",0.13999999999999996,0.05626097406017139,0.053949139763566446,1.0428521067571535,0.0601580065221875,27803124.795167632,-0.13738802495969427,-0.18411488060184092,0.03985962773202578,0.0,61.0,22957285.489374593,23311560.576416515,20282352.1033846,24756398.225769036,0.5737704918032787,0.3442622950819672,-0.18555833308030478,-0.07646522423948596,0.0,0.0,0.0
0.28,0.13,0.08,0.22,0.29,"(0.28, 0.13, 0.08, 0.22, 0.29)",0.11999999999999997,0.056260619958106384,0.05337928140577952,1.0539785938747182,0.0601580065221875,27788181.13027943,-0.134288120121688,-0.18099068202776794,0.03918511829150461,0.0,61.0,22993851.776249442,23429930.399012588,20446010.780778386,24848944.821535833,0.5737704918032787,0.4426229508196721,-0.18214019347498567,-0.08088885595855116,0.0,0.0,0.0
0.28,0.15,0.07,0.24,0.26,"(0.28, 0.15, 0.07, 0.24, 0.26)",0.13999999999999996,0.056228437556273825,0.05340657258342804,1.0528374100104938,0.0601580065221875,27796244.30895144,-0.1355175560160905,-0.1812333620451426,0.039234919601220934,0.0,61.0,22958292.13432667,23316278.54380271,20290609.076629464,24747203.211263,0.5737704918032787,0.39344262295081966,-0.1826789278266817,-0.07559288344055373,0.0,0.0,0.0
0.3,0.13,0.08,0.21,0.28,"(0.3, 0.13, 0.08, 0.21, 0.28)",0.11999999999999997,0.05622777748759855,0.05283667226280139,1.064180900869955,0.0601580065221875,27781215.726287887,-0.13223626665007138,-0.17782140329277019,0.03856041016069975,0.0,61.0,22994798.492715202,23433806.938802984,20454313.884825666,24839658.57812073,0.5737704918032787,0.45901639344262296,-0.1789754552523293,-0.07982065869128373,0.0,0.0,0.0
0.25,0.15,0.07,0.26,0.27,"(0.25, 0.15, 0.07, 0.26, 0.27)",0.15999999999999998,0.056220783083363424,0.05413268753910685,1.038573653723512,0.0601580065221875,27791799.841718867,-0.1380330004760284,-0.18522854262836133,0.0400390556331873,0.0,61.0,22948231.784909848,23314273.802892663,20292252.37888457,24762450.62416994,0.5737704918032787,0.3442622950819672,-0.18666656898891015,-0.0763255514368566,0.0,0.0,0.0
0.3,0.1,0.1,0.2,0.3,"(0.3, 0.1, 0.1, 0.2, 0.3)",0.09999999999999999,0.05619187332981168,0.053574828306469015,1.0488484070984259,0.0601580065221875,27742170.362752646,-0.1378390174159616,-0.18973524834363453,0.038364479025949756,0.0,61.0,23003665.922031697,23131902.58165959,20200229.811231963,25040801.13895273,0.5737704918032787,0.36065573770491804,-0.1904466038400655,-0.08168524415665306,0.0,0.0,0.0
0.29,0.1,0.1,0.21,0.3,"(0.29, 0.1, 0.1, 0.21, 0.3)",0.10000000000000002,0.05615325883337796,0.05373200845997226,1.045061601879435,0.0601580065221875,27731287.322724614,-0.13850008491531063,-0.19090738312011873,0.038543906927111266,0.0,61.0,22995025.19534382,23114536.13203021,20164075.234796766,25047174.45621448,0.5737704918032787,0.3442622950819672,-0.19160866623554773,-0.08153775745943251,0.0,0.0,0.0
0.28,0.1,0.1,0.22,0.3,"(0.28, 0.1, 0.1, 0.22, 0.3)",0.09999999999999996,0.05611433581490988,0.053894257435392355,1.0411932269811661,0.0601580065221875,27720330.97350744,-0.139161016342902,-0.1920819572037622,0.038723334828272775,0.0,61.0,22986363.902748898,23098620.434608664,20127956.954947606,25053503.435959958,0.5737704918032787,0.3442622950819672,-0.1927730174005903,-0.08152073863092106,0.0,0.0,0.0
0.3,0.1,0.1,0.21,0.29,"(0.3, 0.1, 0.1, 0.21, 0.29)",0.10000000000000002,0.0560822178385989,0.053343937505612886,1.0513325498834407,0.0601580065221875,27713540.403167445,-0.13712081594778436,-0.1888380323210398,0.03809862669746792,0.0,61.0,22987323.69592398,23093173.445222903,20164652.094620828,25044220.63351964,0.5737704918032787,0.36065573770491804,-0.1895426741917874,-0.08063968021273592,0.0,0.0,0.0
0.27,0.1,0.1,0.23,0.3,"(0.27, 0.1, 0.1, 0.23, 0.3)",0.09999999999999996,0.056075104326216874,0.05406152959524059,1.03724598149649,0.0601580065221875,27709301.407053564,-0.1398218113463624,-0.1932589706626576,0.03890276272943429,0.0,61.0,22977682.0647217,23113196.856406048,20091875.013036184,25059788.044734884,0.5737704918032787,0.3442622950819672,-0.19393965699748592,-0.08167171952768963,0.0,0.0,0.0
0.25,0.14,0.07,0.25,0.29,"(0.25, 0.14, 0.07, 0.25, 0.29)",0.12000000000000001,0.05607394707605007,0.05338549924272456,1.050359140056031,0.0601580065221875,27750683.877354458,-0.13426764052373374,-0.18010408679066495,0.03960367949154098,0.0,61.0,22975350.38432743,23330487.36222078,20364655.07818688,24768466.1435276,0.5737704918032787,0.4262295081967213,-0.1813641023334215,-0.07827312105334136,0.0,0.0,0.0
0.3,0.14,0.07,0.22,0.27,"(0.3, 0.14, 0.07, 0.22, 0.27)",0.11999999999999998,0.05604738772958995,0.05212379419062834,1.0752745190538537,0.0601580065221875,27747827.153034866,-0.12986107017531934,-0.17324030244419641,0.03817483532876975,0.0,61.0,22986220.266208056,23336993.15931926,20371116.289054904,24743760.95229765,0.5737704918032787,0.47540983606557374,-0.17451269063822988,-0.07667176374418082,0.0,0.0,0.0
0.29,0.1,0.1,0.22,0.29,"(0.29, 0.1, 0.1, 0.22, 0.29)",0.10000000000000002,0.05604328711242146,0.053507498218105125,1.047391281199133,0.0601580065221875,27702588.509314798,-0.1377828336693826,-0.19001043548627716,0.03827805459862943,0.0,61.0,22978673.991022017,23107781.901695117,20128531.6575057,25050547.252613124,0.5737704918032787,0.36065573770491804,-0.1907050434096913,-0.08060567934053132,0.0,0.0,0.0
0.27,0.14,0.07,0.24,0.28,"(0.27, 0.14, 0.07, 0.24, 0.28)",0.11999999999999995,0.05604153750720342,0.052834887338602185,1.0606919088906317,0.0601580065221875,27743845.385965154,-0.13239036128237336,-0.17721948898377723,0.03897897136073612,0.0,61.0,22976364.730356324,23335223.95795079,20372958.997974504,24759279.147405926,0.5737704918032787,0.4426229508196721,-0.17848335854485714,-0.07740191938538105,0.0,0.0,0.0
0.29,0.12,0.08,0.21,0.3,"(0.29, 0.12, 0.08, 0.21, 0.3)",0.1,0.05603362393622868,0.052392209359008325,1.0695029780528669,0.0601580065221875,27727035.43761453,-0.1305733892605644,-0.17604320530446577,0.03830446192021494,0.0,61.0,23012145.606660686,23402302.510661516,20484821.216222387,24850710.67001629,0.5737704918032787,0.47540983606557374,-0.17703450194335293,-0.07787964087176975,0.0,0.0,0.0
0.29,0.14,0.07,0.23,0.27,"(0.29, 0.14, 0.07, 0.23, 0.27)",0.11999999999999998,0.056008486235075816,0.052290154399750245,1.0711095975525238,0.0601580065221875,27736847.290577196,-0.13051055065473394,-0.1743423368481975,0.03835426322993126,0.0,61.0,22977294.588561773,23339873.708149265,20381195.01907125,24749994.057686806,0.5737704918032787,0.47540983606557374,-0.17560943915688432,-0.07653179949825961,0.0,0.0,0.0
0.26,0.14,0.07,0.25,0.28,"(0.26, 0.14, 0.07, 0.25, 0.28)",0.11999999999999995,0.05600202621687389,0.053010118783184984,1.0564403080462055,0.0601580065221875,27732714.453467384,-0.13303855895459216,-0.17832770811264362,0.03915839926189763,0.0,61.0,22967386.640895784,23338026.08472391,20382973.308042824,24765426.80767042,0.5737704918032787,0.4426229508196721,-0.17958585587469303,-0.07726123831796357,0.0,0.0,0.0
0.28,0.12,0.08,0.22,0.3,"(0.28, 0.12, 0.08, 0.22, 0.3)",0.09999999999999995,0.055995177310179445,0.05254964102291459,1.065567265925992,0.0601580065221875,27716185.889316745,-0.13124034112222105,-0.17718594016416536,0.03848388982137645,0.0,61.0,23003343.1190019,23384748.27033007,20448155.93616211,24857042.30749388,0.5737704918032787,0.47540983606557374,-0.17816995954991255,-0.0780315602629313,0.0,0.0,0.0
0.28,0.14,0.07,0.24,0.27,"(0.28, 0.14, 0.07, 0.24, 0.27)",0.11999999999999995,0.055969276117118216,0.05246166524012916,1.066860456314795,0.0601580065221875,27725794.21778905,-0.13115987045096023,-0.17544659416817088,0.03853369113109278,0.0,61.0,22968348.612701748,23342713.462445512,20391244.878035292,24756183.30284008,0.5737704918032787,0.45901639344262296,-0.17670827456967844,-0.07639207035981119,0.0,0.0,0.0
0.25,0.14,0.07,0.26,0.28,"(0.25, 0.14, 0.07, 0.26, 0.28)",0.13999999999999996,0.05596220637484817,0.05319037331159554,1.0521115549803515,0.0601580065221875,27721510.442126356,-0.13368659594220267,-0.17943814937096275,0.03933782716305914,0.0,61.0,22958388.296096146,23340787.396180496,20392958.680480916,24771530.536292672,0.5737704918032787,0.4426229508196721,-0.18069043837292492,-0.07712079239379077,0.0,0.0,0.0
0.3,0.12,0.08,0.21,0.29,"(0.3, 0.12, 0.08, 0.21, 0.29)",0.1,0.055962121301630585,0.05200223395707463,1.0761484083130861,0.0601580065221875,27709181.382378157,-0.12918233421016423,-0.1740122745498874,0.03785918169057159,0.0,61.0,23004245.098845314,23377452.21880273,20485390.93601864,24847707.66163776,0.5737704918032787,0.5081967213114754,-0.17500269241906743,-0.07696101831434304,0.0,0.0,0.0
0.27,0.12,0.08,0.23,0.3,"(0.27, 0.12, 0.08, 0.23, 0.3)",0.09999999999999995,0.055956422113900395,0.05271225368025097,1.0615448630469935,0.0601580065221875,27705263.07936851,-0.1319071543288196,-0.17833107859125816,0.03866331772253796,0.0,61.0,22994520.201974384,23367160.936610326,20411527.4613804,24863329.94669437,0.5737704918032787,0.45901639344262296,-0.17930767709759726,-0.07818364664507067,0.0,0.0,0.0
0.3,0.14,0.07,0.23,0.26,"(0.3, 0.14, 0.07, 0.23, 0.26)",0.11999999999999998,0.05593588449315812,0.05191917836894635,1.0773645934006963,0.0601580065221875,27718714.563183367,-0.129278651272965,-0.17257292831820062,0.03790898300028792,0.0,61.0,22969226.142212894,23347313.9692532,20399448.481731012,24746841.77958704,0.5737704918032787,0.4918032786885246,-0.17383751996781097,-0.07552398568519123,0.0,0.0,0.0
0.27,0.14,0.07,0.25,0.27,"(0.27, 0.14, 0.07, 0.25, 0.27)",0.11999999999999995,0.05592975742787876,0.05263827636501742,1.0625301831700706,0.0601580065221875,27714668.02729836,-0.131809029301592,-0.1765530741061742,0.038713119032254294,0.0,61.0,22959382.36003035,23345512.405861285,20401265.82022868,24762328.655037593,0.5737704918032787,0.45901639344262296,-0.17780919620448662,-0.07625257609793565,0.0,0.0,0.0
0.29,0.14,0.07,0.24,0.26,"(0.29, 0.14, 0.07, 0.24, 0.26)",0.12000000000000001,0.05589666697869622,0.05209204930420861,1.0730364369477825,0.0601580065221875,27707666.21693597,-0.12992893297903974,-0.17367544718765593,0.03808841090144944,0.0,61.0,22960292.014769983,23350150.54602619,20409504.98577475,24753028.70077085,0.5737704918032787,0.47540983606557374,-0.17493478024722056,-0.07538544011605428,0.0,0.0,0.0
0.26,0.14,0.07,0.26,0.27,"(0.26, 0.14, 0.07, 0.26, 0.27)",0.13999999999999996,0.05588993021965849,0.052819936613815066,1.0581218722068755,0.0601580065221875,27703468.8123026,-0.1324580269444252,-0.17766177635206096,0.0388925469334158,0.0,61.0,22950395.851993915,23348270.522253033,20411257.800047934,24768430.08177916,0.5737704918032787,0.4426229508196721,-0.17891220337740374,-0.07611331648114551,0.0,0.0,0.0
0.28,0.14,0.07,0.25,0.26,"(0.28, 0.14, 0.07, 0.25, 0.26)",0.11999999999999995,0.05585714092568361,0.05227004749579486,1.068626175060915,0.0601580065221875,27696544.807549667,-0.13057905321599328,-0.17478018884823535,0.03826783880261095,0.0,61.0,22951337.610556897,23352946.300274495,20419532.548362195,24759171.735261824,0.5737704918032787,0.47540983606557374,-0.17603412711413494,-0.07524712892796388,0.0,0.0,0.0
0.3,0.14,0.07,0.24,0.25,"(0.3, 0.14, 0.07, 0.24, 0.25)",0.12000000000000001,0.055823710308401386,0.05172611683585919,1.079217109715484,0.0601580065221875,27689461.5926126,-0.1286975505213771,-0.1719060521065071,0.037643130671806094,0.0,61.0,22952195.00558065,23357535.18361133,20427739.254938215,24749815.39112774,0.5737704918032787,0.4918032786885246,-0.17316287935923372,-0.07438202318261398,0.0,0.0,0.0
0.25,0.15,0.06,0.27,0.27,"(0.25, 0.15, 0.06, 0.27, 0.27)",0.15999999999999998,0.05577608807528689,0.05258702204904227,1.0606435942174197,0.0601580065221875,27686807.79782187,-0.13144784001459797,-0.17505162697533105,0.038952252331129145,0.0,61.0,22949226.15530877,23295272.703341514,20309225.238749515,24674981.89043376,0.5737704918032787,0.4426229508196721,-0.1764398250460846,-0.07337219520816807,0.0,0.0,0.0
0.26,0.11,0.09,0.26,0.28,"(0.26, 0.11, 0.09, 0.26, 0.28)",0.11999999999999994,0.05575663562034294,0.05310658484932258,1.0499006060837701,0.0601580065221875,27638905.352218818,-0.13510080267661384,-0.18511277691571848,0.03843076347018397,0.0,61.0,22944206.58484871,23121386.549181942,20143438.051046424,24974323.01088304,0.5737704918032787,0.4098360655737705,-0.18592439384427667,-0.07855326521445707,0.0,0.0,0.0
0.29,0.13,0.07,0.23,0.28,"(0.29, 0.13, 0.07, 0.23, 0.28)",0.09999999999999996,0.05574521711181801,0.05140244241200274,1.0844857655791316,0.0601580065221875,27665500.603300653,-0.12613187431410589,-0.16852980630092965,0.03765303475980311,0.0,61.0,22986914.288295463,23365789.072605763,20481868.202199228,24758353.886820063,0.5737704918032787,0.5901639344262295,-0.16962226311793863,-0.07459913662268315,0.0,0.0,0.0
0.27,0.15,0.06,0.26,0.26,"(0.27, 0.15, 0.06, 0.26, 0.26)",0.13999999999999996,0.05574312939350978,0.052037651647668555,1.0712076281022425,0.0601580065221875,27679855.42878852,-0.12956690442027452,-0.17219049474251993,0.03832754420032429,0.0,61.0,22950171.40777728,23285984.6939741,20317429.614496123,24665739.88812594,0.5737704918032787,0.47540983606557374,-0.1735796777542629,-0.07250558328060289,0.0,0.0,0.0
0.26,0.13,0.07,0.25,0.29,"(0.26, 0.13, 0.07, 0.25, 0.29)",0.09999999999999999,0.05573934079777976,0.05212415141121083,1.0693572804293439,0.0601580065221875,27661527.312344357,-0.12867121075334798,-0.17251142930278596,0.038457170791769475,0.0,61.0,22977106.597645115,23359232.7816684,20483717.794184487,24773886.01616711,0.5737704918032787,0.4918032786885246,-0.17359309325102304,-0.0758249607794053,0.0,0.0,0.0
0.25,0.11,0.09,0.27,0.28,"(0.25, 0.11, 0.09, 0.27, 0.28)",0.13999999999999996,0.05571639344638135,0.05329454651043818,1.0454426783698934,0.0601580065221875,27627646.364911854,-0.135766224889321,-0.1862791555290073,0.038610191371345484,0.0,61.0,22935395.872176103,23103783.7051081,20107226.194284376,24980427.535337638,0.5737704918032787,0.39344262295081966,-0.1870816723216948,-0.07870612220723999,0.0,0.0,0.0
0.29,0.15,0.06,0.25,0.25,"(0.29, 0.15, 0.06, 0.25, 0.25)",0.11999999999999998,0.05570952948747876,0.0514942776083017,1.0818586467265539,0.0601580065221875,27672744.01701923,-0.12768343731660914,-0.16933677180547557,0.03770283606951943,0.0,61.0,22951032.3177461,23276598.213840544,20325566.26988849,24656400.28067923,0.5737704918032787,0.5245901639344263,-0.1707263254250503,-0.07164006055189483,0.0,0.0,0.0
0.28,0.13,0.07,0.24,0.28,"(0.28, 0.13, 0.07, 0.24, 0.28)",0.09999999999999994,0.05570637757833263,0.05157016675538949,1.0802054963785992,0.0601580065221875,27654567.90365333,-0.12678427335081177,-0.16963076836680435,0.03783246266096462,0.0,61.0,22978023.903306413,23360687.911780797,20492003.795757573,24764594.24983778,0.5737704918032787,0.5573770491803278,-0.17071738041320547,-0.07475260253713217,0.0,0.0,0.0
0.26,0.15,0.06,0.27,0.26,"(0.26, 0.15, 0.06, 0.27, 0.26)",0.15999999999999998,0.05570322630866831,0.05222273839496635,1.066646982151312,0.0601580065221875,27668643.030513007,-0.13021779853962667,-0.173288964016755,0.0385069721014858,0.0,61.0,22941106.011178695,23275847.607378513,20327367.644360404,24671796.956549067,0.5737704918032787,0.47540983606557374,-0.1746736396715289,-0.07237033408708664,0.0,0.0,0.0
0.25,0.13,0.07,0.26,0.29,"(0.25, 0.13, 0.07, 0.26, 0.29)",0.12000000000000001,0.055699891786679334,0.05230081472214473,1.0649909008605827,0.0601580065221875,27650444.01601751,-0.1293223212965816,-0.1736185988580748,0.03863659869293099,0.0,61.0,22968163.75353317,23357641.43979,20462904.68630748,24780040.91691569,0.5737704918032787,0.47540983606557374,-0.17469397776680026,-0.07597843090202515,0.0,0.0,0.0
0.3,0.11,0.08,0.21,0.3,"(0.3, 0.11, 0.08, 0.21, 0.3)",0.08,0.0556927351358234,0.05122540572800632,1.0872092537741418,0.0601580065221875,27636380.19335633,-0.12612274134743473,-0.17017975450962347,0.037157953220443435,0.0,61.0,23013309.325547036,23366550.208290596,20447120.614214174,24855185.682087824,0.5737704918032787,0.5901639344262295,-0.1710123935201404,-0.0772425375626172,0.0,0.0,0.0
0.27,0.11,0.09,0.26,0.27,"(0.27, 0.11, 0.09, 0.26, 0.27)",0.11999999999999994,0.05568462993216472,0.05273099638782328,1.0560132321911424,0.0601580065221875,27620973.3683615,-0.1337194361398517,-0.1830565147663297,0.03798548324054063,0.0,61.0,22936382.665827807,23096750.42832183,20143898.274453375,24971214.119006746,0.5737704918032787,0.4426229508196721,-0.18386991555084764,-0.07763830628221037,0.0,0.0,0.0
0.3,0.13,0.07,0.23,0.27,"(0.3, 0.13, 0.07, 0.23, 0.27)",0.09999999999999996,0.05567277323070563,0.05102213416153446,1.0911494422096768,0.0601580065221875,27647449.566272583,-0.12489479553732785,-0.16675757402009145,0.03720775453015977,0.0,61.0,22978856.756335568,23363339.073869552,20500221.527492434,24755204.51909499,0.5737704918032787,0.5901639344262295,-0.16784850736070198,-0.07367995211278171,0.0,0.0,0.0
0.28,0.15,0.06,0.26,0.25,"(0.28, 0.15, 0.06, 0.26, 0.25)",0.13999999999999996,0.05566992764567935,0.051675686179855344,1.0772944059595493,0.0601580065221875,27661609.38417419,-0.12833545578780825,-0.17043130606884074,0.037882263970680945,0.0,61.0,22941999.030821692,23266510.017778244,20335539.715851318,24662498.806249775,0.5737704918032787,0.4918032786885246,-0.17181664797574447,-0.07150575387855164,0.0,0.0,0.0
0.27,0.13,0.07,0.25,0.28,"(0.27, 0.13, 0.07, 0.25, 0.28)",0.09999999999999994,0.055667229594327905,0.0517431044558888,1.07583861037531,0.0601580065221875,27643562.216541257,-0.12743651046886129,-0.17073396359863524,0.03801189056212614,0.0,61.0,22969113.18954245,23361517.331974704,20500204.892837882,24770790.747813873,0.5737704918032787,0.5409836065573771,-0.17181459341508895,-0.07490623515009705,0.0,0.0,0.0
0.25,0.15,0.06,0.28,0.26,"(0.25, 0.15, 0.06, 0.28, 0.26)",0.18,0.0556630147936219,0.05241285499025025,1.0620107377088357,0.0601580065221875,27657357.835586686,-0.1308685299268041,-0.17438964072133642,0.03868640000264731,0.0,61.0,22932020.46190279,23265668.681396157,20337276.77713604,24677810.22979711,0.5737704918032787,0.45901639344262296,-0.1757696745668335,-0.07223531915083507,0.0,0.0,0.0
0.29,0.11,0.08,0.22,0.3,"(0.29, 0.11, 0.08, 0.22, 0.3)",0.08,0.05565465106637957,0.051379789298396615,1.083201231969948,0.0601580065221875,27625655.3388162,-0.12679288621550822,-0.17131969082669438,0.03733738112160495,0.0,61.0,23004574.34321075,23349074.113775745,20410560.068609115,24861566.025471613,0.5737704918032787,0.5409836065573771,-0.17214466232463055,-0.07718910804089055,0.0,0.0,0.0
0.29,0.11,0.09,0.25,0.26,"(0.29, 0.11, 0.09, 0.25, 0.26)",0.09999999999999998,0.055652225362847085,0.05217306209847281,1.0666850501856229,0.0601580065221875,27614141.41442977,-0.13166950097773622,-0.1798428958717626,0.037360775109735775,0.0,61.0,22937285.143409308,23089615.376895245,20180559.65318772,24961901.81601827,0.5737704918032787,0.45901639344262296,-0.18066647150348106,-0.07657020259431367,0.0,0.0,0.0
0.29,0.13,0.07,0.24,0.27,"(0.29, 0.13, 0.07, 0.24, 0.27)",0.09999999999999999,0.05563392629558095,0.05119124566998757,1.086785944890535,0.0601580065221875,27636521.510863964,-0.1255481602265185,-0.16785679520416757,0.03738718243132128,0.0,61.0,22969978.205723282,23365304.048379682,20510363.841744877,24761442.559391774,0.5737704918032787,0.5901639344262295,-0.16894204837733218,-0.07383374727986453,0.0,0.0,0.0
0.27,0.15,0.06,0.27,0.25,"(0.27, 0.15, 0.06, 0.27, 0.25)",0.15999999999999998,0.055630017353852645,0.051862204004572164,1.0726504671677337,0.0601580065221875,27650401.915623464,-0.12898731126466745,-0.1715280482496346,0.038061691871842454,0.0,61.0,22932945.569529824,23256379.962094817,20345484.28546271,24668553.575089283,0.5737704918032787,0.4918032786885246,-0.17290904455724276,-0.07137168120678701,0.0,0.0,0.0
0.26,0.13,0.07,0.26,0.28,"(0.26, 0.13, 0.07, 0.26, 0.28)",0.11999999999999995,0.055627773211895715,0.05192120342001208,1.071388364439469,0.0601580065221875,27632483.634188525,-0.1280885854054855,-0.17183939171246107,0.038191318463287646,0.0,61.0,22960182.16830858,23363401.992710922,20463408.111750174,24776943.3480034,0.5737704918032787,0.5245901639344263,-0.17291390146444036,-0.07506003437733164,0.0,0.0,0.0
0.28,0.13,0.07,0.25,0.27,"(0.28, 0.13, 0.07, 0.25, 0.27)",0.09999999999999994,0.05559477094256127,0.05136559975691257,1.0823346988191167,0.0601580065221875,27625520.522323173,-0.12620136247161318,-0.16895824972947832,0.03756661033248279,0.0,61.0,22961079.326398,23367227.535152264,20500658.259647913,24767636.740882274,0.5737704918032787,0.5901639344262295,-0.17003768546876166,-0.07398770904969558,0.0,0.0,0.0
0.26,0.15,0.06,0.28,0.25,"(0.26, 0.15, 0.06, 0.28, 0.25)",0.18,0.05558979866453284,0.05205377616042611,1.0679301823024128,0.0601580065221875,27639121.705145173,-0.12963900348649826,-0.1726269980346128,0.03824111977300397,0.0,61.0,22923871.955578916,23255376.42725837,20355399.933452144,24674564.555169594,0.5737704918032787,0.47540983606557374,-0.17400351448275686,-0.07123784229397837,0.0,0.0,0.0
0.25,0.13,0.07,0.27,0.28,"(0.25, 0.13, 0.07, 0.27, 0.28)",0.13999999999999996,0.05558800848326784,0.052104410722379806,1.066858020512873,0.0601580065221875,27621332.2493865,-0.12874049789811937,-0.1729470524120782,0.038370746364449156,0.0,61.0,22951230.860953867,23365245.152208608,20426648.55681373,24783052.017881,0.5737704918032787,0.4918032786885246,-0.17401530389029946,-0.07521400013460394,0.0,0.0,0.0
0.3,0.13,0.07,0.24,0.26,"(0.3, 0.13, 0.07, 0.24, 0.26)",0.09999999999999999,0.05556112774541955,0.05081593695457651,1.093379972410716,0.0601580065221875,27618398.68913368,-0.12431160084103188,-0.1660845770409163,0.03694190220167794,0.0,61.0,22961892.110442273,23370963.885198444,20528697.98966176,24758232.18993694,0.5737704918032787,0.6065573770491803,-0.16716831109665603,-0.0729150927728697,0.0,0.0,0.0
0.25,0.15,0.06,0.29,0.25,"(0.25, 0.15, 0.06, 0.29, 0.25)",0.19999999999999996,0.05554927163039225,0.05225034705341724,1.0631368931119713,0.0601580065221875,27627768.84708231,-0.1302905321928125,-0.1737281550983774,0.03842054767416548,0.0,61.0,22914778.21072085,23258017.21647215,20365286.614664182,24680531.71468189,0.5737704918032787,0.47540983606557374,-0.17510005705376258,-0.07110423689693875,0.0,0.0,0.0
0.26,0.14,0.06,0.27,0.27,"(0.26, 0.14, 0.06, 0.27, 0.27)",0.13999999999999996,0.055443090798624306,0.05127579900471623,1.0812720986273618,0.0601580065221875,27598227.19866264,-0.1258379656334736,-0.16750034923863474,0.03780574363135765,0.0,61.0,22951009.212031774,23300510.11253638,20428175.935102284,24680567.811749164,0.5737704918032787,0.5901639344262295,-0.1687071965658526,-0.07254694876765926,0.0,0.0,0.0
0.28,0.12,0.07,0.24,0.29,"(0.28, 0.12, 0.07, 0.24, 0.29)",0.07999999999999997,0.05543974632924287,0.050734892661194006,1.0927340814430755,0.0601580065221875,27582572.53731015,-0.12274079620575729,-0.16432008420652255,0.037131234190836464,0.0,61.0,22987317.449800663,23394167.67565375,20498755.224252112,24772435.827532213,0.5737704918032787,0.6229508196721312,-0.1652583045143545,-0.0738475600027237,0.0,0.0,0.0
0.25,0.12,0.07,0.26,0.3,"(0.25, 0.12, 0.07, 0.26, 0.3)",0.09999999999999999,0.055433843704752794,0.05146674735133572,1.0770807668558466,0.0601580065221875,27578607.722064275,-0.12548477131779756,-0.16860634863799687,0.03793537022280283,0.0,61.0,22977557.596284833,23392399.15325739,20424847.91390331,24787981.534967598,0.5737704918032787,0.5901639344262295,-0.16953242163928703,-0.07463549638086599,0.0,0.0,0.0
0.3,0.08,0.1,0.22,0.3,"(0.3, 0.08, 0.1, 0.22, 0.3)",0.1,0.055424526550659214,0.051755544307007156,1.0708906126440896,0.0601580065221875,27537381.784859486,-0.13033557743138313,-0.18018202192641733,0.03688934412380723,0.0,61.0,22988614.629896488,23117745.538947564,20053667.136460956,25061180.23513566,0.5737704918032787,0.47540983606557374,-0.18056412904162725,-0.0822780406489306,0.0,0.0,0.0
0.28,0.14,0.06,0.26,0.26,"(0.28, 0.14, 0.06, 0.26, 0.26)",0.11999999999999995,0.05540957982835981,0.050722490206433185,1.0924065360917978,0.0601580065221875,27591154.797445748,-0.1239473592927598,-0.16464310836312485,0.037181035500552795,0.0,61.0,22951857.625722144,23291112.33112056,20436362.29446206,24671221.594555397,0.5737704918032787,0.6065573770491803,-0.16585202386658907,-0.07147248004802606,0.0,0.0,0.0
0.3,0.12,0.07,0.23,0.28,"(0.3, 0.12, 0.07, 0.23, 0.28)",0.07999999999999995,0.05540592973601499,0.050181736927309255,1.1041054600456186,0.0601580065221875,27575416.099816103,-0.12066625493665228,-0.16117657767355711,0.03650652606003161,0.0,61.0,22988105.637304284,23398706.6366311,20535963.48369682,24762998.123402428,0.5737704918032787,0.6721311475409836,-0.1621194502503133,-0.07300901128201642,0.0,0.0,0.0
0.25,0.14,0.06,0.28,0.27,"(0.25, 0.14, 0.06, 0.28, 0.27)",0.15999999999999998,0.05540325022991399,0.05146266090063486,1.0765718145994763,0.0601580065221875,27587062.506530747,-0.12649178092023505,-0.16859779387366772,0.037985171532519166,0.0,61.0,22941979.10258653,23290373.202792313,20438170.28058662,24686632.16816686,0.5737704918032787,0.5737704918032787,-0.16979957553948027,-0.07270196576077521,0.0,0.0,0.0
0.27,0.12,0.07,0.25,0.29,"(0.27, 0.12, 0.07, 0.25, 0.29)",0.07999999999999997,0.055400968743994694,0.050903841048971755,1.0883455472583397,0.0601580065221875,27571687.114197932,-0.1234146562908418,-0.16544940847340867,0.03731066209199798,0.0,61.0,22978462.413041413,23397062.76724841,20462028.43900848,24778683.308951885,0.5737704918032787,0.6229508196721312,-0.1663811506723861,-0.07379816335765459,0.0,0.0,0.0
0.3,0.14,0.06,0.25,0.25,"(0.3, 0.14, 0.06, 0.25, 0.25)",0.09999999999999999,0.05537542820736907,0.0501752488612708,1.1036403299259403,0.0601580065221875,27583924.02539613,-0.12205421242140257,-0.1617932976714561,0.03655632736974794,0.0,61.0,22952621.732224427,23281616.213104878,20444480.56305653,24661777.900531303,0.5737704918032787,0.6557377049180327,-0.16300366152756723,-0.07039772004868348,0.0,0.0,0.0
0.3,0.09,0.09,0.22,0.3,"(0.3, 0.09, 0.09, 0.22, 0.3)",0.08,0.055370114202991205,0.05096047909569604,1.0865304876552386,0.0601580065221875,27536536.961401742,-0.12633926167830456,-0.17274198628482906,0.0365642584330261,0.0,61.0,22997021.27027447,23169060.488768544,20212626.11329435,24963534.308230173,0.5737704918032787,0.5409836065573771,-0.1732765316455892,-0.07999136797472856,0.0,0.0,0.0
0.27,0.14,0.06,0.27,0.26,"(0.27, 0.14, 0.06, 0.27, 0.26)",0.13999999999999996,0.055370040356983674,0.05090567370575154,1.08769880302611,0.0601580065221875,27580067.621621285,-0.12460230338917866,-0.16573660547704,0.037360463401714304,0.0,61.0,22942859.642723184,23281024.33345699,20446392.245635416,24677327.42073866,0.5737704918032787,0.6065573770491803,-0.16694075386092977,-0.07162765983743977,0.0,0.0,0.0
0.29,0.12,0.07,0.24,0.28,"(0.29, 0.12, 0.07, 0.24, 0.28)",0.07999999999999997,0.055367453073194905,0.050346768719857646,1.099722077126213,0.0601580065221875,27564608.09344348,-0.12134135837817628,-0.1623013839145698,0.036685953961193125,0.0,61.0,22979282.800894883,23401639.417613745,20499197.865486376,24769287.11945024,0.5737704918032787,0.6721311475409836,-0.16323810269671843,-0.07296059557020189,0.0,0.0,0.0
0.26,0.12,0.07,0.26,0.29,"(0.26, 0.12, 0.07, 0.26, 0.29)",0.09999999999999999,0.05536188288147348,0.05107806261038102,1.0838681040776559,0.0601580065221875,27560728.928030718,-0.12408837401060968,-0.16658113022922766,0.03749008999315949,0.0,61.0,22969587.017311256,23397718.51336295,20425338.63822089,24784886.921350017,0.5737704918032787,0.6065573770491803,-0.16750625208015676,-0.0737487822034152,0.0,0.0,0.0
0.29,0.14,0.06,0.26,0.25,"(0.29, 0.14, 0.06, 0.26, 0.25)",0.12000000000000001,0.05533618985490918,0.05035465122784836,1.0989290662449431,0.0601580065221875,27572914.388070628,-0.12271028632224124,-0.16288284754969284,0.03673575527090945,0.0,61.0,22943655.90853354,23283428.680055678,20454546.111728933,24667925.141708337,0.5737704918032787,0.6229508196721312,-0.16408874207712504,-0.07055306269771451,0.0,0.0,0.0
0.29,0.09,0.09,0.23,0.3,"(0.29, 0.09, 0.09, 0.23, 0.3)",0.08,0.05533184577598438,0.05111943523907218,1.0824033074155037,0.0601580065221875,27525810.48377802,-0.12700942561018014,-0.17389735093814776,0.03668745082765062,0.0,61.0,22988403.68940954,23150677.84463964,20176479.584660247,24969918.102993112,0.5737704918032787,0.5409836065573771,-0.17442222587473566,-0.07993417083184441,0.0,0.0,0.0
0.26,0.14,0.06,0.28,0.26,"(0.26, 0.14, 0.06, 0.28, 0.26)",0.15999999999999998,0.055330192607924156,0.051094030614408315,1.0829091371844377,0.0601580065221875,27568907.83018511,-0.125257083250376,-0.16683232076548246,0.037539891302875814,0.0,61.0,22933841.45431582,23281655.455395766,20456393.181169555,24683389.484889403,0.5737704918032787,0.5901639344262295,-0.1680315667180152,-0.07178300594854986,0.0,0.0,0.0
0.28,0.12,0.07,0.25,0.28,"(0.28, 0.12, 0.07, 0.25, 0.28)",0.07999999999999992,0.055328668113735935,0.050517158137754724,1.095245064317766,0.0601580065221875,27553727.28686384,-0.12201631930817525,-0.16342858736801003,0.036865381862354635,0.0,61.0,22970439.58443398,23390369.36881169,20462469.19866943,24775532.28567279,0.5737704918032787,0.639344262295082,-0.16435901076379583,-0.07291219542848194,0.0,0.0,0.0
0.25,0.12,0.07,0.27,0.29,"(0.25, 0.12, 0.07, 0.27, 0.29)",0.12000000000000001,0.05532248879370205,0.051257503575729696,1.0793051735726185,0.0601580065221875,27549698.070627417,-0.12476194901345694,-0.16771524958223147,0.037669517894321,0.0,61.0,22960691.28381743,23380018.521468963,20388685.863511626,24791046.631957192,0.5737704918032787,0.5901639344262295,-0.16863360844158587,-0.0736994163604387,0.0,0.0,0.0
0.28,0.14,0.06,0.27,0.25,"(0.28, 0.14, 0.06, 0.27, 0.25)",0.13999999999999996,0.05529664320506211,0.050539310922894085,1.0941313246123618,0.0601580065221875,27561832.097044628,-0.12336619572400809,-0.16397461606037286,0.03691518317207096,0.0,61.0,22934669.857973203,23286195.579222698,20464582.665807795,24674028.659589887,0.5737704918032787,0.6229508196721312,-0.16517590651605588,-0.07070857165689787,0.0,0.0,0.0
0.3,0.12,0.07,0.24,0.27,"(0.3, 0.12, 0.07, 0.24, 0.27)",0.07999999999999997,0.055294812814227434,0.04996217758443809,1.1067334429284428,0.0601580065221875,27546567.417207006,-0.11994108191127806,-0.16028496019654886,0.03624067373154977,0.0,61.0,22971207.768563617,23382917.34395477,20499588.490605064,24766079.762105,0.5737704918032787,0.6885245901639344,-0.16121999253727165,-0.07207537973138317,0.0,0.0,0.0
0.28,0.09,0.09,0.24,0.3,"(0.28, 0.09, 0.09, 0.24, 0.3)",0.07999999999999997,0.05529326918991839,0.0512837073051026,1.078183932003232,0.0601580065221875,27515011.238014393,-0.12767944961410405,-0.17505516054697873,0.03681064322227514,0.0,61.0,22979765.54157283,23130090.67284405,20140369.29219213,24976257.752908792,0.5737704918032787,0.5409836065573771,-0.17557021478941187,-0.07987699026555174,0.0,0.0,0.0
0.25,0.14,0.06,0.29,0.26,"(0.25, 0.14, 0.06, 0.29, 0.26)",0.17999999999999994,0.05529003663364396,0.05128750393332339,1.0780410898047228,0.0601580065221875,27557675.516509075,-0.12591169861530405,-0.1679302539290494,0.03771931920403732,0.0,61.0,22924803.08211137,23284344.131954674,20466365.05555615,24689407.754953753,0.5737704918032787,0.5901639344262295,-0.16912446176390558,-0.07193851829715259,0.0,0.0,0.0
0.27,0.12,0.07,0.26,0.28,"(0.27, 0.12, 0.07, 0.26, 0.28)",0.09999999999999994,0.05528957490951858,0.05069285115668596,1.0906779486248397,0.0601580065221875,27542773.77128375,-0.1226911373748869,-0.16455818815792642,0.037044809763516144,0.0,61.0,22961576.009042293,23372721.11053109,20425777.52509091,24781733.589095086,0.5737704918032787,0.6229508196721312,-0.1654821741703672,-0.07286381067469033,0.0,0.0,0.0
0.27,0.14,0.06,0.28,0.25,"(0.27, 0.14, 0.06, 0.28, 0.25)",0.15999999999999998,0.05525678831015002,0.05072917053469916,1.0892507748052758,0.0601580065221875,27550677.245078042,-0.12402194036569303,-0.16506860291959222,0.03709461107323247,0.0,61.0,22925663.60206869,23288921.777808554,20474590.179643143,24680088.421916835,0.5737704918032787,0.6065573770491803,-0.16626515418493892,-0.07086424684203509,0.0,0.0,0.0
0.29,0.12,0.07,0.25,0.27,"(0.29, 0.12, 0.07, 0.25, 0.27)",0.07999999999999997,0.05525602051514178,0.050134018194744646,1.102166203803988,0.0601580065221875,27535691.265373528,-0.12061714416891445,-0.161410044540272,0.03642010163271129,0.0,61.0,22962376.38373914,23365320.869086817,20462858.042315263,24772322.603226926,0.5737704918032787,0.6721311475409836,-0.16233896418492766,-0.07202797425419878,0.0,0.0,0.0
0.26,0.14,0.06,0.29,0.25,"(0.26, 0.14, 0.06, 0.29, 0.25)",0.17999999999999994,0.055216625222634264,0.050924171903047516,1.0842910774820056,0.0601580065221875,27539449.925495014,-0.12467751998648569,-0.1661648078312729,0.037274038974393985,0.0,61.0,22916637.162389014,23291607.26004719,20484568.60770043,24686104.396648955,0.5737704918032787,0.5901639344262295,-0.16735648441260018,-0.07102008816894557,0.0,0.0,0.0
0.26,0.1,0.08,0.26,0.3,"(0.26, 0.1, 0.08, 0.26, 0.3)",0.07999999999999999,0.05515639655456073,0.05091420431056111,1.0833204073685123,0.0601580065221875,27491321.99470259,-0.12502278715019255,-0.1699949912466649,0.0369085840264795,0.0,61.0,22970529.889541227,23233028.88765034,20227113.424401965,24890741.07075462,0.5737704918032787,0.5901639344262295,-0.1706355324388641,-0.07746099577960207,0.0,0.0,0.0
0.25,0.13,0.06,0.28,0.28,"(0.25, 0.13, 0.06, 0.28, 0.28)",0.13999999999999996,0.05513974993093962,0.05056673828191173,1.0904351715060827,0.0601580065221875,27515995.779365364,-0.12209706043643864,-0.1627769137867869,0.037283943062391,0.0,61.0,22951556.793213353,23300127.995294612,20513097.704092924,24694886.303329352,0.5737704918032787,0.639344262295082,-0.16380925992282727,-0.07040176643673723,0.0,0.0,0.0
0.28,0.1,0.08,0.25,0.29,"(0.28, 0.1, 0.08, 0.25, 0.29)",0.05999999999999997,0.055123438076850606,0.050346607223753934,1.0948789028000863,0.0601580065221875,27484387.981402308,-0.12295353043937518,-0.16680324366948712,0.03630483025613116,0.0,61.0,22971366.75895168,23224231.71352003,20263855.51648255,24881363.644653354,0.5737704918032787,0.6065573770491803,-0.16745449183354838,-0.07663160214121867,0.0,0.0,0.0
0.25,0.1,0.08,0.27,0.3,"(0.25, 0.1, 0.08, 0.27, 0.3)",0.1,0.05511713397069262,0.05109202359107198,1.0787815806991055,0.0601580065221875,27480357.955968194,-0.12569542709564951,-0.1711442158909204,0.03708801192764101,0.0,61.0,22961760.086146697,23204709.029927664,20190840.7247841,24896949.982589487,0.5737704918032787,0.5737704918032787,-0.17177597049584634,-0.07740680190104329,0.0,0.0,0.0
0.27,0.13,0.06,0.27,0.27,"(0.27, 0.13, 0.06, 0.27, 0.27)",0.11999999999999995,0.0551063280997377,0.05000378467090188,1.1020431445823158,0.0601580065221875,27508962.505253147,-0.1201992945832201,-0.15991617764115726,0.03665923493158615,0.0,61.0,22952392.774955835,23304686.65236939,20547423.707579,24685533.693711597,0.5737704918032787,0.6885245901639344,-0.16095229089533247,-0.06956273120915248,0.0,0.0,0.0
0.25,0.15,0.05,0.3,0.25,"(0.25, 0.15, 0.05, 0.3, 0.25)",0.19999999999999996,0.055098617430023644,0.05076127755847849,1.0854458374604226,0.0601580065221875,27521901.262852293,-0.12366392117962122,-0.16363709811056612,0.037333744372107326,0.0,61.0,22914952.487476975,23237485.113878533,20381616.055172425,24592311.497578073,0.5737704918032787,0.6229508196721312,-0.16495731226424232,-0.06859323561786633,0.0,0.0,0.0
0.27,0.1,0.08,0.26,0.29,"(0.27, 0.1, 0.08, 0.26, 0.29)",0.07999999999999999,0.05508447614428191,0.050520671336484725,1.0903353951375805,0.0601580065221875,27473501.04866201,-0.12362741143953515,-0.16794789660513856,0.036463303796836155,0.0,61.0,22962629.13427934,23195951.205927975,20227544.37375909,24887614.29267444,0.5737704918032787,0.6065573770491803,-0.1685906935494391,-0.07657838468166668,0.0,0.0,0.0
0.29,0.13,0.06,0.26,0.26,"(0.29, 0.13, 0.06, 0.26, 0.26)",0.09999999999999999,0.055072266034357,0.04944677015473894,1.113768722648893,0.0601580065221875,27501771.371013302,-0.11829897942686352,-0.15706289048596556,0.03603452680078129,0.0,61.0,22953144.472702876,23295645.53447691,20555591.56163814,24676083.60694328,0.5737704918032787,0.7868852459016393,-0.15810214487863788,-0.06872347744367106,0.0,0.0,0.0
0.26,0.13,0.06,0.28,0.27,"(0.26, 0.13, 0.06, 0.28, 0.27)",0.13999999999999996,0.05506685098647002,0.05018860200329691,1.097198343616996,0.0601580065221875,27497922.904842798,-0.12085717424984144,-0.16100860767477998,0.03683866283274766,0.0,61.0,22943430.15294566,23295065.14891765,20513476.30833544,24691646.683878176,0.5737704918032787,0.6721311475409836,-0.16203940228606864,-0.06951839406502289,0.0,0.0,0.0
0.29,0.1,0.08,0.25,0.28,"(0.29, 0.1, 0.08, 0.25, 0.28)",0.05999999999999997,0.05505117812946447,0.0499550070195837,1.1020152215749452,0.0601580065221875,27466486.301168032,-0.12155621974978137,-0.16476058814250905,0.036000910586143804,0.0,61.0,22963413.83720095,23187132.924515095,20264236.89993173,24878180.27472717,0.5737704918032787,0.6229508196721312,-0.1654137154496041,-0.0757497282264419,0.0,0.0,0.0
0.26,0.1,0.08,0.27,0.29,"(0.26, 0.1, 0.08, 0.27, 0.29)",0.1,0.055045206190162954,0.050700013332643054,1.0857039785968312,0.0601580065221875,27462541.65193946,-0.12430114982752782,-0.16909497668774323,0.036642731697997664,0.0,61.0,22953871.0624546,23167678.160843704,20191269.832119185,24893820.888202414,0.5737704918032787,0.5901639344262295,-0.1697291748468427,-0.07652518312538105,0.0,0.0,0.0
0.28,0.13,0.06,0.27,0.26,"(0.28, 0.13, 0.06, 0.27, 0.26)",0.11999999999999995,0.05503308989375855,0.049627805388310874,1.1089164524434283,0.0601580065221875,27490809.058355026,-0.11895799337304591,-0.1581513607709325,0.0362139547019428,0.0,61.0,22944214.026143443,23295825.847155612,20550698.942815483,24682238.02388918,0.5737704918032787,0.7540983606557377,-0.15918559722133188,-0.06868012046308526,0.0,0.0,0.0
0.25,0.13,0.06,0.29,0.27,"(0.25, 0.13, 0.06, 0.29, 0.27)",0.15999999999999992,0.05502706576818617,0.05037865427908602,1.0922694652252725,0.0601580065221875,27486810.910462536,-0.12151488843465219,-0.16210326615153708,0.03701809073390917,0.0,61.0,22934447.294850353,23293941.400825374,20476619.317437176,24697715.90753528,0.5737704918032787,0.6557377049180327,-0.16312860537105137,-0.06947407152880604,0.0,0.0,0.0
0.28,0.1,0.08,0.26,0.28,"(0.28, 0.1, 0.08, 0.26, 0.28)",0.07999999999999993,0.055012208828809195,0.05013057495442069,1.0973783739529606,0.0601580065221875,27455603.995046478,-0.12223120017092659,-0.16590309837644734,0.03612410298076832,0.0,61.0,22954687.95536696,23158899.20815195,20227924.005483083,24884428.590357818,0.5737704918032787,0.6229508196721312,-0.1665479619918691,-0.07569750137438853,0.0,0.0,0.0
0.25,0.1,0.08,0.28,0.29,"(0.25, 0.1, 0.08, 0.28, 0.29)",0.12000000000000002,0.05500562826648969,0.050884577406775953,1.0809882103720678,0.0601580065221875,27451509.883050103,-0.12497474525136931,-0.17024448401975362,0.036822159599159174,0.0,61.0,22945092.564286377,23147109.8676688,20155031.93260236,24899983.398452323,0.5737704918032787,0.5901639344262295,-0.17086993542100573,-0.07647199730517902,0.0,0.0,0.0
0.3,0.13,0.06,0.26,0.25,"(0.3, 0.13, 0.06, 0.26, 0.25)",0.09999999999999999,0.05499868874496183,0.0490730425045551,1.120751556006675,0.0601580065221875,27483537.537530314,-0.11705626391986557,-0.1553015652375894,0.035589246571137954,0.0,61.0,22944913.661965344,23299434.695476983,20573849.120109577,24672731.962840665,0.5737704918032787,0.819672131147541,-0.15633861744252842,-0.06784163415033681,0.0,0.0,0.0
0.27,0.13,0.06,0.28,0.26,"(0.27, 0.13, 0.06, 0.28, 0.26)",0.13999999999999996,0.054993605628401054,0.04981416267367596,1.1039753089629296,0.0601580065221875,27479774.313765425,-0.11961684157224639,-0.15924205994849736,0.03639338260310431,0.0,61.0,22935263.322113946,23297677.80139683,20513802.94220896,24688348.713073425,0.5737704918032787,0.7049180327868853,-0.1602711422774179,-0.06863677817315318,0.0,0.0,0.0
0.3,0.1,0.08,0.25,0.27,"(0.3, 0.1, 0.08, 0.25, 0.27)",0.05999999999999997,0.054978571456673286,0.04956691310713725,1.1091788455302616,0.0601580065221875,27448508.681301564,-0.12015807468027218,-0.16272023100247626,0.03569699091615644,0.0,61.0,22955420.54876877,23150059.925195493,20264566.888359617,24874938.040331867,0.5737704918032787,0.6721311475409836,-0.16337504810206924,-0.07486958617532191,0.0,0.0,0.0
0.27,0.1,0.08,0.27,0.28,"(0.27, 0.1, 0.08, 0.27, 0.28)",0.09999999999999995,0.054972931539049696,0.050311451087101854,1.092652474759228,0.0601580065221875,27444649.278770715,-0.12290603748285689,-0.1670480356088672,0.03624729537539284,0.0,61.0,22945941.626344368,23146680.587563593,20191647.720662903,24890632.85977092,0.5737704918032787,0.6065573770491803,-0.16768448820991194,-0.07564529032388453,0.0,0.0,0.0
0.29,0.13,0.06,0.27,0.25,"(0.29, 0.13, 0.06, 0.27, 0.25)",0.12000000000000001,0.0549595054539076,0.049255598008412456,1.1158022169281339,0.0601580065221875,27472580.064361114,-0.11771624713089268,-0.15638830541531598,0.035768674472299464,0.0,61.0,22935995.144525025,23301325.35658287,20550975.175093062,24678884.062572632,0.5737704918032787,0.819672131147541,-0.15742050401420768,-0.06779927026914226,0.0,0.0,0.0
0.26,0.13,0.06,0.29,0.26,"(0.26, 0.13, 0.06, 0.29, 0.26)",0.15999999999999992,0.054953813290537834,0.050005782509563446,1.0989491721288052,0.0601580065221875,27468667.22959946,-0.12027552376309669,-0.1603349877487187,0.03657281050426583,0.0,61.0,22926292.38204222,23299488.39399977,20476944.312822,24694415.64221182,0.5737704918032787,0.6885245901639344,-0.1613587794004153,-0.06859345037905562,0.0,0.0,0.0
0.29,0.1,0.08,0.26,0.27,"(0.29, 0.1, 0.08, 0.26, 0.27)",0.07999999999999999,0.05493959482239896,0.04974399601452024,1.1044467518524674,0.0601580065221875,27437631.03995621,-0.12083415500252381,-0.16386060025048751,0.03582018331078096,0.0,61.0,22946706.420877762,23137297.611353166,20228252.341098025,24881184.01366573,0.5737704918032787,0.639344262295082,-0.16450734115361237,-0.07481834811073335,0.0,0.0,0.0
0.26,0.1,0.08,0.28,0.28,"(0.26, 0.1, 0.08, 0.28, 0.28)",0.11999999999999997,0.05493334631218039,0.05049757837771838,1.0878412010430039,0.0601580065221875,27433622.24411061,-0.12358073133364011,-0.1681953999458506,0.036376879369515835,0.0,61.0,22937174.870900266,23114270.677885707,20155408.086482912,24896793.050195392,0.5737704918032787,0.5901639344262295,-0.16882329380206204,-0.07559309490551344,0.0,0.0,0.0
0.3,0.09,0.08,0.23,0.3,"(0.3, 0.09, 0.08, 0.23, 0.3)",0.06,0.05492465965327353,0.049334252843642845,1.1133169448688847,0.0601580065221875,27432035.875599477,-0.11880655331424506,-0.1610047845334777,0.03587244941770636,0.0,61.0,22997213.21037703,23228088.618981488,20297874.483257197,24875173.292912617,0.5737704918032787,0.6885245901639344,-0.16152079150396234,-0.07810715049323978,0.0,0.0,0.0
0.28,0.13,0.06,0.28,0.25,"(0.28, 0.13, 0.06, 0.28, 0.25)",0.13999999999999996,0.054920014070621415,0.04944350428492802,1.1107629781686572,0.0601580065221875,27461550.213877518,-0.11837606406806245,-0.1574772746598257,0.03594810237346097,0.0,61.0,22927056.36972495,23303174.658583205,20514077.627810042,24684992.441082515,0.5737704918032787,0.7540983606557377,-0.15850448366772135,-0.06775692096801475,0.0,0.0,0.0
0.25,0.13,0.06,0.3,0.26,"(0.25, 0.13, 0.06, 0.3, 0.26)",0.17999999999999994,0.05491371293256009,0.050202604635646034,1.0938419098193355,0.0601580065221875,27457487.898774605,-0.12093403968443239,-0.16143014388944893,0.036752238405427344,0.0,61.0,22917301.227400113,23301257.614445064,20440123.09584765,24700438.77923936,0.5737704918032787,0.6721311475409836,-0.1624485079320634,-0.06855013688635805,0.0,0.0,0.0
0.28,0.1,0.08,0.27,0.27,"(0.28, 0.1, 0.08, 0.27, 0.27)",0.09999999999999995,0.054900310231480676,0.04992641735904583,1.0996244700809412,0.0601580065221875,27426681.04246201,-0.12151009171834382,-0.16500339634703493,0.035943375705405484,0.0,61.0,22937971.845787287,23119403.005180802,20191974.411884967,24887385.947148133,0.5737704918032787,0.6229508196721312,-0.16564191397426692,-0.07476712574521742,0.0,0.0,0.0
0.25,0.1,0.08,0.29,0.28,"(0.25, 0.1, 0.08, 0.29, 0.28)",0.13999999999999993,0.054893453200334674,0.050688898980276696,1.082948225442695,0.0601580065221875,27422522.983398363,-0.1242552813715585,-0.1693451914810942,0.03655630727067735,0.0,61.0,22928387.709846847,23081349.07735958,20119205.143707357,24902909.12908048,0.5737704918032787,0.5901639344262295,-0.16996437845465417,-0.07554091495019921,0.0,0.0,0.0
0.29,0.09,0.08,0.24,0.3,"(0.29, 0.09, 0.08, 0.24, 0.3)",0.060000000000000026,0.05488668368347316,0.04949282094444174,1.1089827299415063,0.0601580065221875,27421413.97146672,-0.11934509320835707,-0.16195745805272604,0.03599564181233088,0.0,61.0,22988572.447438423,23196796.48990933,20261597.608194634,24881562.707283974,0.5737704918032787,0.6721311475409836,-0.16246435402601356,-0.07805207103549316,0.0,0.0,0.0
0.27,0.13,0.06,0.29,0.25,"(0.27, 0.13, 0.06, 0.29, 0.25)",0.15999999999999992,0.05488021464735304,0.049636700565972185,1.1056378450137252,0.0601580065221875,27450448.078387126,-0.11903571447024686,-0.15856847270450886,0.03612753027462248,0.0,61.0,22918097.358950626,23304982.59076375,20477217.46007686,24691057.06609994,0.5737704918032787,0.7377049180327869,-0.15959055575935688,-0.06771458604992098,0.0,0.0,0.0
0.3,0.1,0.08,0.26,0.26,"(0.3, 0.1, 0.08, 0.26, 0.26)",0.07999999999999999,0.054866634339027165,0.04936101715913633,1.1115377578655061,0.0601580065221875,27419582.389889024,-0.11943627759603304,-0.16182040590743907,0.0355162636407936,0.0,61.0,22938684.59897563,23117900.49634505,20228529.402435932,24877880.612748034,0.5737704918032787,0.6721311475409836,-0.16246883441483725,-0.07394092712279905,0.0,0.0,0.0
0.27,0.1,0.08,0.28,0.27,"(0.27, 0.1, 0.08, 0.28, 0.27)",0.11999999999999997,0.05486071773591106,0.05011411884311225,1.0947158007039604,0.0601580065221875,27415658.780542783,-0.1221858844758501,-0.16614861940182188,0.03606656810003,0.0,61.0,22929216.844222654,23081442.82488604,20155733.14170452,24893543.808021784,0.5737704918032787,0.6229508196721312,-0.16677876626543597,-0.07471591890713263,0.0,0.0,0.0
0.28,0.09,0.08,0.25,0.3,"(0.28, 0.09, 0.08, 0.25, 0.3)",0.05999999999999997,0.0548483997111171,0.049656881625123994,1.1045478071938866,0.0601580065221875,27410719.560647856,-0.11988367685034762,-0.16291230889784275,0.03611883420695539,0.0,61.0,22979911.146145068,23158834.931873035,20225357.052728187,24887908.16696517,0.5737704918032787,0.6721311475409836,-0.16341690449008098,-0.07799700837767207,0.0,0.0,0.0
0.3,0.09,0.08,0.24,0.29,"(0.3, 0.09, 0.08, 0.24, 0.29)",0.060000000000000026,0.05481458935993477,0.04909127213625572,1.1165852294027674,0.0601580065221875,27403590.528032668,-0.11783207186737787,-0.1597619025973388,0.03569172214234352,0.0,61.0,22980619.137925196,23163887.182809584,20261968.467292685,24878384.7824874,0.5737704918032787,0.7377049180327869,-0.1602711940653171,-0.07716941742888672,0.0,0.0,0.0
0.27,0.09,0.08,0.26,0.3,"(0.27, 0.09, 0.08, 0.26, 0.3)",0.07999999999999999,0.054809807787713716,0.04982638063033979,1.1000158368785764,0.0601580065221875,27399952.73285819,-0.1205589120788485,-0.1640552328102841,0.036242026601579914,0.0,61.0,22971229.327072196,23120907.068951096,20189152.858490296,24894209.638489004,0.5737704918032787,0.639344262295082,-0.1645518311489901,-0.07794196235701421,0.0,0.0,0.0
0.28,0.1,0.07,0.25,0.3,"(0.28, 0.1, 0.07, 0.25, 0.3)",0.039999999999999966,0.05478528155265505,0.04899973965674479,1.118072910926454,0.0601580065221875,27407862.86419674,-0.11674735777173129,-0.15690369460125972,0.03579374851617426,0.0,61.0,22988013.59989446,23299973.876841456,20385138.998719566,24789614.26458323,0.5737704918032787,0.819672131147541,-0.15753463145810323,-0.07567722404767842,0.0,0.0,0.0
0.29,0.09,0.08,0.25,0.29,"(0.29, 0.09, 0.08, 0.25, 0.29)",0.060000000000000026,0.054776297982032096,0.049256816921487125,1.1120551713551192,0.0601580065221875,27392900.608678613,-0.11848153832160924,-0.16086361451741535,0.035814914536968036,0.0,61.0,22971969.565188646,23125983.12048939,20225726.18057506,24884727.90492301,0.5737704918032787,0.6885245901639344,-0.16137241033427127,-0.07711534389063882,0.0,0.0,0.0
0.26,0.09,0.08,0.27,0.3,"(0.26, 0.09, 0.08, 0.27, 0.3)",0.1,0.05477090796490969,0.05000126265408045,1.0953904973125714,0.0601580065221875,27389113.578377813,-0.12123475812545037,-0.16520162027996696,0.03636521899620443,0.0,61.0,22962527.01084024,23104773.21235415,20152985.06686622,24900467.08860764,0.5737704918032787,0.6229508196721312,-0.16568904768150156,-0.07788693281107831,0.0,0.0,0.0
0.28,0.12,0.06,0.27,0.27,"(0.28, 0.12, 0.06, 0.27, 0.27)",0.09999999999999994,0.05476580588654811,0.04877404680270081,1.1228472820408972,0.0601580065221875,27419022.692390785,-0.11502369536373525,-0.15295348500065836,0.03551272623181465,0.0,61.0,22953376.857189164,23336747.127941106,20512059.08844929,24689879.67688187,0.5737704918032787,0.8852459016393442,-0.15381814823598683,-0.07007644533638677,0.0,0.0,0.0
0.26,0.14,0.05,0.3,0.25,"(0.26, 0.14, 0.05, 0.3, 0.25)",0.17999999999999997,0.05476383676854191,0.049437785630853374,1.1077323967836583,0.0601580065221875,27433342.63635997,-0.11807345506240907,-0.1561655257456404,0.03618723567233584,0.0,61.0,22916431.581585385,23229096.17575348,20500840.329049315,24597494.472605377,0.5737704918032787,0.8032786885245902,-0.15729313081427518,-0.06622740632649843,0.0,0.0,0.0
0.3,0.1,0.07,0.24,0.29,"(0.3, 0.1, 0.07, 0.24, 0.29)",0.04000000000000002,0.05475100348631545,0.04843565870360888,1.1303862681284444,0.0601580065221875,27400628.675289474,-0.114689520926327,-0.1537887578294451,0.035366636451562385,0.0,61.0,22988692.62694414,23290391.149731472,20422017.873827346,24780066.510765497,0.5737704918032787,0.8852459016393442,-0.15442793188801077,-0.07484452351636357,0.0,0.0,0.0
0.27,0.1,0.07,0.26,0.3,"(0.27, 0.1, 0.07, 0.26, 0.3)",0.059999999999999984,0.05474692845191931,0.049166719026098316,1.113495664066153,0.0601580065221875,27397149.229576077,-0.11728789512235072,-0.15784714689859852,0.035916940910798785,0.0,61.0,22979261.65416753,23265876.103768878,20348662.56052045,24795917.098653134,0.5737704918032787,0.8032786885245902,-0.1584699382479193,-0.07562512668072308,0.0,0.0,0.0
0.28,0.09,0.08,0.26,0.29,"(0.28, 0.09, 0.08, 0.26, 0.29)",0.07999999999999999,0.054737698685422886,0.04942783398868293,1.107426611045827,0.0601580065221875,27382138.32599199,-0.11915862966394108,-0.162005414445833,0.03593810693159256,0.0,61.0,22963299.47469824,23099143.67351036,20189520.263587397,24891027.045434967,0.5737704918032787,0.6721311475409836,-0.16250537768992782,-0.07706128689327132,0.0,0.0,0.0
0.3,0.12,0.06,0.26,0.26,"(0.3, 0.12, 0.06, 0.26, 0.26)",0.07999999999999997,0.05473119391932868,0.04821362242132109,1.135181120411425,0.0601580065221875,27411714.129626393,-0.11314223657692757,-0.1501408194901577,0.0348880181010098,0.0,61.0,22954031.966878124,23340333.956092186,20549149.871680602,24680326.072568472,0.5737704918032787,0.9672131147540983,-0.15100962464953627,-0.06924002451158708,0.0,0.0,0.0
0.29,0.1,0.07,0.25,0.29,"(0.29, 0.1, 0.07, 0.25, 0.29)",0.04000000000000002,0.0547129510361406,0.04859859572773757,1.125813415322889,0.0601580065221875,27389991.968475975,-0.11523097188304465,-0.15472768078482585,0.0354898288461869,0.0,61.0,22979972.944057453,23270975.196989797,20385503.11963242,24786410.824310154,0.5737704918032787,0.8524590163934426,-0.15535901526356136,-0.07479340109276213,0.0,0.0,0.0
0.3,0.09,0.08,0.25,0.28,"(0.3, 0.09, 0.08, 0.25, 0.28)",0.05999999999999997,0.054703849792084425,0.048860172072991676,1.1196000233147552,0.0601580065221875,27375005.918018688,-0.11707931729885068,-0.15881824687504664,0.03551099486698067,0.0,61.0,22963987.63329252,23093433.554138474,20226044.037809126,24881488.811032113,0.5737704918032787,0.7704918032786885,-0.15933002685619083,-0.07623540711080407,0.0,0.0,0.0
0.25,0.1,0.07,0.29,0.29,"(0.25, 0.1, 0.07, 0.29, 0.29)",0.11999999999999998,0.05455766206670387,0.04930540396629564,1.1065249988418833,0.0601580065221875,27346722.215431534,-0.11739720031404821,-0.1585049804312539,0.03598259842468497,0.0,61.0,22944889.821434613,23128927.225474257,20239810.534420505,24811349.789374236,0.5737704918032787,0.7540983606557377,-0.1591037553837229,-0.07458907426759415,0.0,0.0,0.0
0.25,0.11,0.06,0.29,0.29,"(0.25, 0.11, 0.06, 0.29, 0.29)",0.11999999999999997,0.05448993401115598,0.04873484036859437,1.1180899249701923,0.0601580065221875,27342796.46424716,-0.11425808447687513,-0.15256449871894034,0.03565751273390384,0.0,61.0,22952591.559460428,23265075.546831787,20399478.77520943,24712627.712234322,0.5737704918032787,0.8852459016393442,-0.15328893068471136,-0.07225226282952084,0.0,0.0,0.0
0.26,0.1,0.07,0.29,0.28,"(0.26, 0.1, 0.07, 0.29, 0.28)",0.11999999999999993,0.054484956382247374,0.04891404649148285,1.1138918222955558,0.0601580065221875,27328794.383237172,-0.1158831050986564,-0.15632111125877954,0.035678678754697615,0.0,61.0,22936856.148463998,23114170.487057682,20240116.60011678,24808078.535026807,0.5737704918032787,0.819672131147541,-0.1569208220384181,-0.07371094963728243,0.0,0.0,0.0
0.27,0.11,0.06,0.28,0.28,"(0.27, 0.11, 0.06, 0.28, 0.28)",0.09999999999999995,0.054456051667201244,0.04815941534757104,1.1307456968525633,0.0601580065221875,27335684.950203527,-0.11219517768669529,-0.14947074276283176,0.035230400669291964,0.0,61.0,22953318.638486512,23268695.785552952,20436422.137794767,24703165.49918217,0.5737704918032787,0.9836065573770492,-0.15020089514413373,-0.07141909993419941,0.0,0.0,0.0
0.28,0.1,0.07,0.28,0.27,"(0.28, 0.1, 0.07, 0.28, 0.27)",0.09999999999999996,0.05445120317478569,0.0483381522227651,1.1264643076104515,0.0601580065221875,27321707.487213388,-0.11382394147561836,-0.1531960354878474,0.03525156669008574,0.0,61.0,22937560.07330196,23106349.107386537,20276742.619828004,24798584.43664235,0.5737704918032787,0.8852459016393442,-0.15380442029271524,-0.07288364144926374,0.0,0.0,0.0
0.25,0.1,0.07,0.3,0.28,"(0.25, 0.1, 0.07, 0.3, 0.28)",0.13999999999999996,0.05444535745212331,0.0491058814592417,1.108733940501881,0.0601580065221875,27317801.464685816,-0.11643958097642615,-0.15728719324309504,0.03580187114932213,0.0,61.0,22928046.188574024,23107139.555420298,20203783.686678134,24814201.238647785,0.5737704918032787,0.819672131147541,-0.1578885003795541,-0.07366089694405016,0.0,0.0,0.0
0.27,0.13,0.05,0.3,0.25,"(0.27, 0.13, 0.05, 0.3, 0.25)",0.15999999999999995,0.05442529662464768,0.04815433769715659,1.1302262522418904,0.0601580065221875,27344108.062435757,-0.11309467986096089,-0.14950796504156746,0.035040726972564336,0.0,61.0,22917512.228017036,23246857.843598675,20562957.43989102,24602059.92344105,0.5737704918032787,0.9836065573770492,-0.1504797632848043,-0.06580640413636735,0.0,0.0,0.0
0.3,0.1,0.07,0.27,0.26,"(0.3, 0.1, 0.07, 0.27, 0.26)",0.08,0.05441681082464189,0.047768097228491,1.139187323379197,0.0601580065221875,27314463.973429423,-0.1117613679099353,-0.15007948153219725,0.03482445462547386,0.0,61.0,22938179.8366377,23098429.03595098,20313356.971524607,24788992.630407173,0.5737704918032787,0.9672131147540983,-0.15069583734395603,-0.07205611540313789,0.0,0.0,0.0
0.27,0.1,0.07,0.29,0.27,"(0.27, 0.1, 0.07, 0.29, 0.27)",0.11999999999999993,0.05441190482064928,0.048526274422444816,1.12128749771654,0.0601580065221875,27310791.317186903,-0.11436747549254911,-0.15413886810127564,0.03537475908471025,0.0,61.0,22928782.31485033,23099365.03672192,20240371.43953806,24804748.744160548,0.5737704918032787,0.8688524590163934,-0.15473930608128714,-0.0728345605306139,0.0,0.0,0.0
0.29,0.1,0.07,0.28,0.26,"(0.29, 0.1, 0.07, 0.28, 0.26)",0.10000000000000002,0.05437781306765932,0.04795239473826976,1.1339957756950472,0.0601580065221875,27303624.573065944,-0.11230581891018931,-0.15101778683964742,0.03494764702009837,0.0,61.0,22929434.31137268,23091491.826400492,20276947.647865184,24795198.486402724,0.5737704918032787,0.9508196721311475,-0.15162650280380682,-0.0720080044574721,0.0,0.0,0.0
0.29,0.09,0.07,0.26,0.29,"(0.29, 0.09, 0.07, 0.26, 0.29)",0.06000000000000004,0.05432531914631311,0.04768540355137263,1.1392441942488154,0.0601580065221875,27287570.058238644,-0.11196982864150651,-0.15067499458686096,0.035123105521648296,0.0,61.0,22971455.426856317,23171395.81971631,20310282.770418532,24795690.194410846,0.5737704918032787,0.9672131147540983,-0.15116776761053088,-0.07523232921955424,0.0,0.0,0.0
0.26,0.15,0.08,0.21,0.3,"(0.26, 0.15, 0.08, 0.21, 0.3)",0.15999999999999998,0.05703367864003739,0.05614086999338036,1.0159030069673358,0.0601580065221875,27994876.316307954,-0.14567831334817782,-0.1963438946783346,0.041743988019529436,0.0,61.0,23006246.731081314,23355808.855102636,20180197.932325423,24833537.630014908,0.5573770491803278,0.2459016393442623,-0.1978612080579394,-0.0829625075510494,0.0,0.0,0.0
0.28,0.15,0.08,0.2,0.29,"(0.28, 0.15, 0.08, 0.2, 0.29)",0.15999999999999995,0.057001988208677634,0.055605959255764045,1.0251057435497595,0.0601580065221875,27988160.670828484,-0.1438202556763306,-0.19343940120164616,0.041119279888724575,0.0,61.0,23007408.644567147,23360687.04132014,20188533.114817318,24824477.845319483,0.5573770491803278,0.26229508196721313,-0.19496031515258966,-0.08207631225292301,0.0,0.0,0.0
0.25,0.15,0.08,0.22,0.3,"(0.25, 0.15, 0.08, 0.22, 0.3)",0.15999999999999998,0.05699414266760927,0.056305952572027716,1.0122223328821442,0.0601580065221875,27983650.48716751,-0.1463159672449963,-0.19746968503902437,0.041923415920690946,0.0,61.0,22997242.4576922,23358639.10245706,20190133.481810194,24839722.12500705,0.5573770491803278,0.2459016393442623,-0.19898073287229634,-0.08281522024054473,0.0,0.0,0.0
0.27,0.15,0.08,0.21,0.29,"(0.27, 0.15, 0.08, 0.21, 0.29)",0.15999999999999998,0.05696275359804659,0.0557674135627299,1.0214343818181941,0.0601580065221875,27977013.279542882,-0.14445901889396784,-0.19456122700233902,0.041298707789886084,0.0,61.0,22998436.40696464,23363554.988130186,20198503.960639387,24830704.094834693,0.5573770491803278,0.2459016393442623,-0.19607617463529067,-0.08192999976990392,0.0,0.0,0.0
0.29,0.15,0.08,0.2,0.28,"(0.29, 0.15, 0.08, 0.2, 0.28)",0.15999999999999995,0.05693072135018307,0.05523467816769428,1.0307061295322397,0.0601580065221875,27970214.728527356,-0.14259955698802318,-0.19166021118054952,0.040673999659081236,0.0,61.0,22999545.672409113,23368383.79761035,20206807.046988007,24821587.361031905,0.5573770491803278,0.26229508196721313,-0.1931784421152996,-0.08104586563893594,0.0,0.0,0.0
0.26,0.15,0.08,0.22,0.29,"(0.26, 0.15, 0.08, 0.22, 0.29)",0.15999999999999998,0.05692320993624267,0.05593372750402325,1.0176902644678607,0.0601580065221875,27965792.03306106,-0.14509762644002544,-0.19568526894539884,0.04147813569104759,0.0,61.0,22989443.874408834,23366382.0415303,20208446.1320058,24836886.28362297,0.5573770491803278,0.2459016393442623,-0.1971941134540747,-0.08178392601692552,0.0,0.0,0.0
0.28,0.15,0.08,0.21,0.28,"(0.28, 0.15, 0.08, 0.21, 0.28)",0.15999999999999992,0.056891479053516436,0.05539734495984079,1.0269712220821916,0.0601580065221875,27959071.90561052,-0.14323927458668118,-0.19278028929003474,0.040853427560242746,0.0,61.0,22990585.187888905,23371248.5567139,20216784.527843725,24827811.288877223,0.5573770491803278,0.26229508196721313,-0.19429271615823338,-0.08090076342238796,0.0,0.0,0.0
0.25,0.15,0.08,0.23,0.29,"(0.25, 0.15, 0.08, 0.23, 0.29)",0.15999999999999998,0.056883357275619106,0.05610485786281808,1.013875793335125,0.0601580065221875,27954497.02546237,-0.14573607805124378,-0.19681152667702154,0.0416575635922091,0.0,61.0,22980431.068404563,23369168.185218148,20218359.5836243,24843024.378954332,0.5573770491803278,0.2459016393442623,-0.19831413088468358,-0.08163809076766959,0.0,0.0,0.0
0.3,0.15,0.08,0.2,0.27,"(0.3, 0.15, 0.08, 0.2, 0.27)",0.15999999999999995,0.05685910517257087,0.054866847194676355,1.0363107792730584,0.0601580065221875,27952190.619042035,-0.14137840987558747,-0.18988275431580737,0.04022871942943789,0.0,61.0,22991641.861960378,23376027.969076436,20225055.463228244,24818637.664730962,0.5573770491803278,0.29508196721311475,-0.19139814690928555,-0.08001868871607569,0.0,0.0,0.0
0.27,0.15,0.08,0.22,0.28,"(0.27, 0.15, 0.08, 0.22, 0.28)",0.15999999999999992,0.05685192773860703,0.05556489657333443,1.023162666443084,0.0601580065221875,27947855.281811256,-0.14387883599366402,-0.19390258371578986,0.04103285546140426,0.0,61.0,22981604.408363365,23374072.410384346,20226733.30951708,24833991.16188577,0.5573770491803278,0.26229508196721313,-0.19540906990112158,-0.08075589943057403,0.0,0.0,0.0
0.29,0.15,0.08,0.21,0.27,"(0.29, 0.15, 0.08, 0.21, 0.27)",0.15999999999999998,0.05681985522599242,0.05503073253176608,1.032511337064132,0.0601580065221875,27941052.404232714,-0.14201908206576563,-0.19100108563989215,0.0404081473305994,0.0,61.0,22982693.142590303,23378889.53461666,20235039.567479726,24824859.26123098,0.5573770491803278,0.26229508196721313,-0.19251083643603925,-0.07987479297530506,0.0,0.0,0.0
0.26,0.15,0.08,0.23,0.28,"(0.26, 0.15, 0.08, 0.23, 0.28)",0.15999999999999992,0.056812067457805426,0.05573728895547417,1.0192829346829166,0.0601580065221875,27936564.95116353,-0.14451824094594767,-0.19502709410736752,0.04121228336256577,0.0,61.0,22972603.355295207,23376855.342336647,20236653.346689597,24840126.94734143,0.5573770491803278,0.2459016393442623,-0.1965275026225038,-0.08061127343555913,0.0,0.0,0.0
0.29,0.14,0.08,0.2,0.29,"(0.29, 0.14, 0.08, 0.2, 0.29)",0.14,0.05667185446048495,0.05431470994691595,1.0433979029966787,0.0601580065221875,27899453.38296287,-0.1382711941861804,-0.18588427501604624,0.03997277118895308,0.0,61.0,23009678.722452704,23394957.066935506,20306983.007025428,24830721.138628144,0.5573770491803278,0.3442622950819672,-0.1872109750068817,-0.08183326534275587,0.0,0.0,0.0
0.26,0.14,0.08,0.22,0.3,"(0.26, 0.14, 0.08, 0.22, 0.3)",0.13999999999999999,0.05666492904208553,0.05501548459284067,1.0299814581558646,0.0601580065221875,27895192.498228967,-0.14078048099438956,-0.18990569181667952,0.04077690722091945,0.0,61.0,22999677.163323022,23393034.373540334,20308692.47985197,24846120.471283592,0.5573770491803278,0.29508196721311475,-0.1912211295544263,-0.08256736733472658,0.0,0.0,0.0
0.28,0.14,0.08,0.21,0.29,"(0.28, 0.14, 0.08, 0.21, 0.29)",0.13999999999999999,0.056632983120898706,0.05447374425877308,1.03963815763918,0.0601580065221875,27888431.551687248,-0.13891395378700822,-0.18700111195498456,0.04015219909011459,0.0,61.0,23000773.673528433,23397870.150018457,20317045.746557146,24836996.562419564,0.5573770491803278,0.3442622950819672,-0.18832156956111185,-0.08168740910311416,0.0,0.0,0.0
0.25,0.14,0.08,0.23,0.3,"(0.25, 0.14, 0.08, 0.23, 0.3)",0.13999999999999999,0.05662544758353416,0.05518316490506456,1.0261362805295937,0.0601580065221875,27884018.819620706,-0.14142196898352066,-0.19102873199624362,0.04095633512208096,0.0,61.0,22990719.701117374,23395868.797702532,20318690.92868656,24852310.114410795,0.5573770491803278,0.2786885245901639,-0.19233748770653228,-0.08242078049994137,0.0,0.0,0.0
0.3,0.14,0.08,0.2,0.28,"(0.3, 0.14, 0.08, 0.2, 0.28)",0.13999999999999996,0.05660039459837374,0.05393788296303843,1.0493625535351438,0.0601580065221875,27881509.934354044,-0.13704490404487935,-0.1841039952592293,0.039527490959309734,0.0,61.0,23001785.531620525,23402618.773401305,20325331.250188068,24827774.075445414,0.5573770491803278,0.36065573770491804,-0.1854288506966492,-0.08080853345168816,0.0,0.0,0.0
0.27,0.14,0.08,0.22,0.29,"(0.27, 0.14, 0.08, 0.22, 0.29)",0.13999999999999999,0.05659380288369431,0.054637767677841044,1.0358000571580188,0.0601580065221875,27877336.048036344,-0.13955655624160124,-0.18812017579078902,0.0403316269912761,0.0,61.0,22991848.277197566,23400742.314243346,20327079.694064297,24843227.958307814,0.5573770491803278,0.3442622950819672,-0.1894342533393848,-0.08154179020085393,0.0,0.0,0.0
0.29,0.14,0.08,0.21,0.28,"(0.29, 0.14, 0.08, 0.21, 0.28)",0.13999999999999999,0.05656151560492462,0.05409815857379075,1.0455349515783205,0.0601580065221875,27870492.629932042,-0.13768862195624898,-0.18521908297927162,0.03970691886047125,0.0,61.0,22992892.23454485,23405528.67930811,20335400.688670192,24834047.169586807,0.5573770491803278,0.3442622950819672,-0.18653785959321406,-0.0806638794903629,0.0,0.0,0.0
0.26,0.14,0.08,0.23,0.29,"(0.26, 0.14, 0.08, 0.23, 0.29)",0.13999999999999999,0.05655431380101228,0.054806735410532964,1.0318861975154874,0.0601580065221875,27866166.965064507,-0.1401990012863672,-0.18924146619911514,0.040511054892437615,0.0,61.0,22982902.55478165,23403573.543086577,20337084.803876076,24849415.293329984,0.5573770491803278,0.3442622950819672,-0.19054902564495285,-0.08139640841298364,0.0,0.0,0.0
0.28,0.14,0.08,0.22,0.28,"(0.28, 0.14, 0.08, 0.22, 0.28)",0.13999999999999993,0.056522327746690415,0.054263450405503205,1.041627971024823,0.0601580065221875,27859401.707400218,-0.13833218219928767,-0.1863363977702854,0.03988634676163276,0.0,61.0,22983978.59005549,23404783.09278933,20345441.310329746,24840276.24177897,0.5573770491803278,0.3442622950819672,-0.1876489580789552,-0.08051946236693239,0.0,0.0,0.0
0.28,0.11,0.1,0.21,0.3,"(0.28, 0.11, 0.1, 0.21, 0.3)",0.11999999999999997,0.05649288474640213,0.054867684403076,1.0296203559710462,0.0601580065221875,27821874.549051274,-0.14289428038190632,-0.1968074880571804,0.03969041562688276,0.0,61.0,22993364.697311904,23251677.236992113,20200736.893691827,25042440.68762277,0.5573770491803278,0.26229508196721313,-0.19767544036621684,-0.08513274477562235,0.0,0.0,0.0
0.3,0.14,0.08,0.21,0.27,"(0.3, 0.14, 0.08, 0.21, 0.27)",0.13999999999999999,0.05648969929302394,0.05372603642406482,1.0514399172711208,0.0601580065221875,27852475.987319455,-0.13646284227189365,-0.18343879520805242,0.03926163863082791,0.0,61.0,22984970.051276997,23397583.045992747,20353729.977851868,24831038.63216964,0.5573770491803278,0.39344262295081966,-0.18475573347099292,-0.07964359744418806,0.0,0.0,0.0
0.3,0.11,0.1,0.2,0.29,"(0.3, 0.11, 0.1, 0.2, 0.29)",0.12,0.05646102171495104,0.05432299355154197,1.0393577014746158,0.0601580065221875,27815128.043344814,-0.1408608665083988,-0.19356814497223393,0.039065707496077906,0.0,61.0,22994389.45397785,23253149.326596282,20237637.590403125,25033221.999762867,0.5573770491803278,0.32786885245901637,-0.19444780747684753,-0.08406884672725315,0.0,0.0,0.0
0.27,0.11,0.1,0.22,0.3,"(0.27, 0.11, 0.1, 0.22, 0.3)",0.11999999999999997,0.05645359878672962,0.05503276893720341,1.025817887723358,0.0601580065221875,27810792.560509875,-0.14355205642350044,-0.197984823079014,0.03986984352804427,0.0,61.0,22984636.31927583,23226741.838945217,20164516.180743422,25048720.53603685,0.5573770491803278,0.26229508196721313,-0.19884296096040702,-0.08528292020972374,0.0,0.0,0.0
0.29,0.11,0.1,0.21,0.29,"(0.29, 0.11, 0.1, 0.21, 0.29)",0.12000000000000002,0.05642203665911505,0.054484394030162454,1.0355632592312565,0.0601580065221875,27804123.99564038,-0.14151986122289717,-0.19474088588082272,0.039245135397239415,0.0,61.0,22985693.18070764,23228241.068206638,20201378.097536508,25039543.862820204,0.5573770491803278,0.2786885245901639,-0.1956110702055403,-0.08421918364712307,0.0,0.0,0.0
0.26,0.11,0.1,0.23,0.3,"(0.26, 0.11, 0.1, 0.23, 0.3)",0.11999999999999997,0.05641400420232112,0.05520275598491988,1.0219418069947834,0.0601580065221875,27799637.166740477,-0.14420969705100195,-0.19916458568061765,0.040049271429205786,0.0,61.0,22975887.44650071,23201806.010289315,20128331.992279466,25054955.977919154,0.5573770491803278,0.2459016393442623,-0.20001275949405983,-0.08543326243053273,0.0,0.0,0.0
0.28,0.11,0.1,0.22,0.29,"(0.28, 0.11, 0.1, 0.22, 0.29)",0.11999999999999997,0.05638274295930401,0.05465076855417543,1.0316916751758334,0.0601580065221875,27793046.503507137,-0.14217872038483303,-0.19591605417310715,0.039424563298400925,0.0,61.0,22976976.39189118,23203332.315894097,20165155.097251866,25045821.35844653,0.5573770491803278,0.26229508196721313,-0.19677661132137414,-0.0843696873420271,0.0,0.0,0.0
0.3,0.11,0.1,0.21,0.28,"(0.3, 0.11, 0.1, 0.21, 0.28)",0.11999999999999997,0.05635083956631326,0.05410443489375512,1.0415197881092262,0.0601580065221875,27786295.619881257,-0.14014461372763298,-0.19267657430891527,0.03879985516759608,0.0,61.0,22977980.78097917,23204797.82595349,20201967.804984074,25036587.346683,0.5573770491803278,0.3442622950819672,-0.19354880509270375,-0.0833058223488366,0.0,0.0,0.0
0.29,0.11,0.1,0.22,0.28,"(0.29, 0.11, 0.1, 0.22, 0.28)",0.11999999999999997,0.056311538162365116,0.05427210730650333,1.0375778822138606,0.0601580065221875,27775222.663697835,-0.1408045564887873,-0.19384957758326146,0.038979283068757586,0.0,61.0,22969275.593053985,23179915.72345164,20165742.61673224,25042862.47975758,0.5573770491803278,0.32786885245901637,-0.19471236841710077,-0.08345665426127499,0.0,0.0,0.0
0.28,0.11,0.1,0.23,0.28,"(0.28, 0.11, 0.1, 0.23, 0.28)",0.11999999999999991,0.056271928199253196,0.054444734677464926,1.0335605184342014,0.0601580065221875,27764076.409930747,-0.1414643628550437,-0.1950250081346538,0.0391587109699191,0.0,61.0,22960549.91003539,23155033.18531868,20129553.971539743,25049093.2181772,0.5573770491803278,0.2786885245901639,-0.19587820985815488,-0.08360765276874509,0.0,0.0,0.0
0.25,0.11,0.1,0.25,0.29,"(0.25, 0.11, 0.1, 0.25, 0.29)",0.12,0.05626301051690774,0.05517927974806933,1.0196401760549678,0.0601580065221875,27759374.292713366,-0.14415448103787598,-0.19945612374432364,0.03996284700188547,0.0,61.0,22950703.138566174,23128603.70303211,20056705.463180397,25064387.309768565,0.5573770491803278,0.2459016393442623,-0.20028690134522464,-0.08482219823565242,0.0,0.0,0.0
0.25,0.13,0.08,0.24,0.3,"(0.25, 0.13, 0.08, 0.24, 0.3)",0.12,0.05625339356541503,0.05409802070174404,1.0398419911803078,0.0601580065221875,27783865.142784342,-0.1370003090246853,-0.18531914998544669,0.039989254323470974,0.0,61.0,22983909.86631681,23427882.02753046,20411926.78677421,24864327.21948893,0.5573770491803278,0.36065573770491804,-0.18645626777165653,-0.08202710131759135,0.0,0.0,0.0
0.3,0.11,0.1,0.22,0.27,"(0.3, 0.11, 0.1, 0.22, 0.27)",0.11999999999999997,0.056239984613937866,0.05389685557317146,1.0434743180441264,0.0601580065221875,27757321.24900812,-0.13942956637270099,-0.1917853970407059,0.03853400283911424,0.0,61.0,22961533.990404293,23156492.133984786,20166278.759702347,25039843.949461628,0.5573770491803278,0.3442622950819672,-0.19265023566643688,-0.08254382214321818,0.0,0.0,0.0
0.27,0.11,0.1,0.24,0.28,"(0.27, 0.11, 0.1, 0.24, 0.28)",0.11999999999999994,0.056232009729134,0.05462227002794202,1.029470391845094,0.0601580065221875,27752856.952038262,-0.1421240324748222,-0.19620286599975142,0.03933813887108061,0.0,61.0,22951803.752544858,23130150.27221878,20093401.910383638,25055279.52896984,0.5573770491803278,0.26229508196721313,-0.1970463290483016,-0.08375881778714754,0.0,0.0,0.0
0.27,0.13,0.08,0.23,0.29,"(0.27, 0.13, 0.08, 0.23, 0.29)",0.11999999999999997,0.05622149417743327,0.053545865005335175,1.0499689223776945,0.0601580065221875,27777137.620491486,-0.13495284127692064,-0.18213642759597343,0.03936454619266612,0.0,61.0,22984973.263354007,23431887.029761706,20449252.61081607,24855181.230942562,0.5573770491803278,0.4262295081967213,-0.18327909750779034,-0.08104063043295312,0.0,0.0,0.0
0.29,0.11,0.1,0.23,0.27,"(0.29, 0.11, 0.1, 0.23, 0.27)",0.11999999999999997,0.05620036701536302,0.05407081457564906,1.0393845081940565,0.0601580065221875,27746179.624724306,-0.14009045632495976,-0.1929586641350881,0.03871343074027575,0.0,61.0,22952819.91970631,23131636.247164104,20130088.034958053,25046072.321633115,0.5573770491803278,0.3442622950819672,-0.19381410109196107,-0.08269514872877518,0.0,0.0,0.0
0.3,0.15,0.07,0.23,0.25,"(0.3, 0.15, 0.07, 0.23, 0.25)",0.13999999999999996,0.05619525913268464,0.05286998624331395,1.0628952856932359,0.0601580065221875,27789203.917593513,-0.1336445661035146,-0.17835927305760027,0.03861021147041607,0.0,61.0,22959214.34888121,23320909.689716425,20298798.386937037,24737910.12647147,0.5573770491803278,0.4426229508196721,-0.17980633614751407,-0.07472163124642003,0.0,0.0,0.0
0.26,0.11,0.1,0.25,0.28,"(0.26, 0.11, 0.1, 0.25, 0.28)",0.11999999999999994,0.05619178280430437,0.054804665660928786,1.0253102017254798,0.0601580065221875,27741564.384048216,-0.14278356499676004,-0.19738315120275504,0.03951756677224212,0.0,61.0,22943037.141249344,23105267.044740673,20057286.4739937,25061421.379385944,0.5573770491803278,0.26229508196721313,-0.1982167256079225,-0.08391014923240006,0.0,0.0,0.0
0.27,0.15,0.07,0.25,0.26,"(0.27, 0.15, 0.07, 0.25, 0.26)",0.13999999999999996,0.05618854785738603,0.053586554968385276,1.0485568234519995,0.0601580065221875,27784997.38553453,-0.1361636487000376,-0.1823430757810788,0.039414347502382444,0.0,61.0,22949270.48304741,23319029.37266013,20300544.753008336,24753297.25855552,0.5573770491803278,0.39344262295081966,-0.18378351355950204,-0.07545416556688501,0.0,0.0,0.0
0.28,0.11,0.1,0.24,0.27,"(0.28, 0.11, 0.1, 0.24, 0.27)",0.11999999999999994,0.05616044094258421,0.054249706758360085,1.03522109700491,0.0601580065221875,27734964.850362822,-0.14075120904013438,-0.19413435839327736,0.03889285864143726,0.0,61.0,22944085.374355495,23106779.982817356,20093933.90332059,25052256.27226759,0.5573770491803278,0.32786885245901637,-0.194980244356911,-0.08284664172936769,0.0,0.0,0.0
0.29,0.15,0.07,0.24,0.25,"(0.29, 0.15, 0.07, 0.24, 0.25)",0.14,0.05615567073391592,0.05304631017264136,1.058615963130235,0.0601580065221875,27778035.048510607,-0.13429177694360617,-0.1794650387308964,0.03878963937157758,0.0,61.0,22950224.784183748,23323698.122619774,20308769.45651161,24744045.7683862,0.5573770491803278,0.4262295081967213,-0.1809072711920407,-0.0745838653174111,0.0,0.0,0.0
0.25,0.11,0.1,0.26,0.28,"(0.25, 0.11, 0.1, 0.26, 0.28)",0.13999999999999996,0.05615124747720146,0.05499187321506587,1.0210826472050047,0.0601580065221875,27730198.800556544,-0.1434429600697148,-0.19856586375539004,0.03969699467340363,0.0,61.0,22934250.096861422,23103775.458342075,20021207.702852845,25067518.736898717,0.5573770491803278,0.26229508196721313,-0.19938939914532647,-0.08406164702043652,0.0,0.0,0.0
0.26,0.15,0.07,0.26,0.26,"(0.26, 0.15, 0.07, 0.26, 0.26)",0.15999999999999998,0.05614834951956693,0.0537714747607456,1.0442032651958526,0.0601580065221875,27773677.311289854,-0.13680958114505637,-0.18345500122222388,0.03959377540354395,0.0,61.0,22940228.629110347,23321739.38821597,20310451.560848102,24759347.35382118,0.5573770491803278,0.36065573770491804,-0.18489017528297028,-0.07531568319670608,0.0,0.0,0.0
0.3,0.11,0.1,0.23,0.26,"(0.3, 0.11, 0.1, 0.23, 0.26)",0.11999999999999997,0.05612845733346594,0.053700382912126664,1.0452152161617263,0.0601580065221875,27728205.512493603,-0.13871572569153345,-0.19089462162020057,0.03826815051063241,0.0,61.0,22945049.204789117,23108232.388217486,20130570.841831632,25042991.81357872,0.5573770491803278,0.3442622950819672,-0.19175210758045316,-0.08178284678382665,0.0,0.0,0.0
0.27,0.11,0.1,0.25,0.27,"(0.27, 0.11, 0.1, 0.25, 0.27)",0.11999999999999994,0.056120206447895615,0.05443348348357665,1.0309868642676134,0.0601580065221875,27723677.01990546,-0.14141182416691256,-0.19531247984313385,0.039072286542598776,0.0,61.0,22935330.374977425,23098453.779881783,20057816.40549164,25058395.768629555,0.5573770491803278,0.2786885245901639,-0.196148665084771,-0.08299830106093414,0.0,0.0,0.0
0.28,0.15,0.07,0.25,0.25,"(0.28, 0.15, 0.07, 0.25, 0.25)",0.13999999999999996,0.05611577367654297,0.05322764645173464,1.054259908474954,0.0601580065221875,27766792.98922102,-0.1349388272847889,-0.18057301661652886,0.03896906727273909,0.0,61.0,22941214.995261736,23326445.746528644,20318711.67821521,24750137.496818848,0.5573770491803278,0.4262295081967213,-0.18201028329858784,-0.07444633462811344,0.0,0.0,0.0
0.26,0.1,0.1,0.24,0.3,"(0.26, 0.1, 0.1, 0.24, 0.3)",0.09999999999999999,0.05603556441924851,0.05423377846081464,1.03322257842934,0.0601580065221875,27698198.71588603,-0.1404824695735376,-0.1944384235524266,0.0390821906305958,0.0,61.0,22968979.701782774,23127741.39070526,20055829.450167324,25066028.2493069,0.5573770491803278,0.3114754098360656,-0.1951085846764586,-0.08182286719542493,0.0,0.0,0.0
0.28,0.1,0.1,0.23,0.29,"(0.28, 0.1, 0.1, 0.23, 0.29)",0.09999999999999996,0.05600404794870273,0.05367611022431889,1.0433700898715483,0.0601580065221875,27691563.451905165,-0.13844471447552897,-0.19118527787408524,0.03845748249979094,0.0,61.0,22970003.740542676,23122358.523157507,20092447.567478005,25056829.5066927,0.5573770491803278,0.3442622950819672,-0.191869701147809,-0.08075698880003103,0.0,0.0,0.0
0.25,0.1,0.1,0.25,0.3,"(0.25, 0.1, 0.1, 0.25, 0.3)",0.09999999999999999,0.05599571614609422,0.0544109567678357,1.0291257399685227,0.0601580065221875,27687022.99309723,-0.14114299067249225,-0.19562031591619986,0.03926161853175731,0.0,61.0,22960256.83449826,23142253.968250535,20019820.30719926,25072224.01666554,0.5573770491803278,0.2786885245901639,-0.1962798000756529,-0.08197418154996365,0.0,0.0,0.0
0.3,0.1,0.1,0.22,0.28,"(0.3, 0.1, 0.1, 0.22, 0.28)",0.09999999999999996,0.055971889927143526,0.05312408143082415,1.0536067338882398,0.0601580065221875,27684768.672971938,-0.13640382271949691,-0.18794121355285143,0.03783277436898609,0.0,61.0,22970943.290373106,23116894.629730318,20129055.105442815,25047531.449057575,0.5573770491803278,0.39344262295081966,-0.18863918118717315,-0.07969082167071456,0.0,0.0,0.0
0.27,0.1,0.1,0.24,0.29,"(0.27, 0.1, 0.1, 0.24, 0.29)",0.09999999999999999,0.05596450039939049,0.05384972607507726,1.039271774964367,0.0601580065221875,27680465.323417127,-0.1391064580141168,-0.19236255954375242,0.038636910400952455,0.0,61.0,22961312.964964956,23136903.24023337,20056399.865614682,25063067.362539962,0.5573770491803278,0.3442622950819672,-0.1930366470594789,-0.0809084649346061,0.0,0.0,0.0
0.25,0.11,0.09,0.25,0.3,"(0.25, 0.11, 0.09, 0.25, 0.3)",0.09999999999999998,0.05593952204045283,0.053687989819194586,1.0419373537515697,0.0601580065221875,27685734.13630617,-0.13719766264188593,-0.18806392783917839,0.03914189602830914,0.0,61.0,22968546.202340383,23188169.258123673,20178608.428711638,24974209.295672104,0.5573770491803278,0.36065573770491804,-0.18888074368475005,-0.08023175312514676,0.0,0.0,0.0
0.29,0.12,0.08,0.22,0.29,"(0.29, 0.12, 0.08, 0.22, 0.29)",0.1,0.055923667081920536,0.05216098112797851,1.0721360272098825,0.0601580065221875,27698336.29232334,-0.12985038058179832,-0.17515287392152412,0.0380386095917331,0.0,61.0,22995454.347751833,23359916.503115013,20448723.509976313,24854036.968974072,0.5573770491803278,0.47540983606557374,-0.17613619774167052,-0.07711326694508559,0.0,0.0,0.0
0.26,0.12,0.08,0.24,0.3,"(0.26, 0.12, 0.08, 0.24, 0.3)",0.09999999999999998,0.05591735839925116,0.05287999953441748,1.0574387082370678,0.0601580065221875,27694267.09939819,-0.13257382852840738,-0.17947862068143197,0.03884274562369947,0.0,61.0,22985676.87661832,23349540.605130367,20374935.833797015,24869573.554398563,0.5573770491803278,0.4426229508196721,-0.18044765427849627,-0.07833589993391331,0.0,0.0,0.0
0.28,0.12,0.08,0.23,0.29,"(0.28, 0.12, 0.08, 0.23, 0.29)",0.09999999999999995,0.0558849043246088,0.05232493969643206,1.0680357139220837,0.0601580065221875,27687417.994555637,-0.13051828780331898,-0.17629587670314395,0.03821803749289461,0.0,61.0,22986643.167305578,23342347.73195314,20412092.89839219,24860322.28403718,0.5573770491803278,0.47540983606557374,-0.17727196308964904,-0.07726568247103349,0.0,0.0,0.0
0.25,0.12,0.08,0.25,0.3,"(0.25, 0.12, 0.08, 0.25, 0.3)",0.09999999999999998,0.05587798621823192,0.05305282989401952,1.0532517554644314,0.0601580065221875,27683198.0416045,-0.13324036336924594,-0.18062856651810888,0.03902217352486098,0.0,61.0,22976813.164018467,23331887.37162367,20338381.09508142,24875773.097607292,0.5573770491803278,0.4426229508196721,-0.18158989077279902,-0.07848832004520018,0.0,0.0,0.0
0.26,0.11,0.09,0.25,0.29,"(0.26, 0.11, 0.09, 0.25, 0.29)",0.09999999999999998,0.055868219863706825,0.053304088665054886,1.048103837113961,0.0601580065221875,27667951.411077753,-0.13581686709175178,-0.1860052275841681,0.038696615798665804,0.0,61.0,22960791.88668637,23163579.396979813,20179173.21069264,24971221.42027334,0.5573770491803278,0.39344262295081966,-0.1868240129131004,-0.0793160636485933,0.0,0.0,0.0
0.3,0.12,0.08,0.22,0.28,"(0.3, 0.12, 0.08, 0.22, 0.28)",0.09999999999999995,0.05585180884569074,0.05177572224594848,1.078725827915635,0.0601580065221875,27680409.619578972,-0.12845958341029295,-0.17312208237115603,0.03759332936208976,0.0,61.0,22987524.94070136,23335052.01559355,20449239.077756252,24850972.58418999,0.5573770491803278,0.5245901639344263,-0.174104526502489,-0.07619517315550015,0.0,0.0,0.0
0.25,0.14,0.07,0.27,0.27,"(0.25, 0.14, 0.07, 0.27, 0.27)",0.15999999999999998,0.0558497945448988,0.053006594074604035,1.0536386183630873,0.0601580065221875,27692196.666567337,-0.13310686311745523,-0.17877270058345857,0.03907197483457731,0.0,61.0,22941389.11008283,23350987.795680743,20421220.772004794,24774487.550784618,0.5573770491803278,0.4426229508196721,-0.18001729539273534,-0.07597429127736866,0.0,0.0,0.0
0.27,0.12,0.08,0.24,0.29,"(0.27, 0.12, 0.08, 0.24, 0.29)",0.09999999999999998,0.05584583308155344,0.05249406083103201,1.0638505041800848,0.0601580065221875,27676426.58065885,-0.13118605552282636,-0.17744128299404247,0.03839746539405612,0.0,61.0,22977811.578504615,23324746.00083802,20375499.14315767,24866563.573621776,0.5573770491803278,0.47540983606557374,-0.17840998815816206,-0.0774182648079327,0.0,0.0,0.0
0.28,0.11,0.09,0.24,0.28,"(0.28, 0.11, 0.09, 0.24, 0.28)",0.09999999999999992,0.055836195175830605,0.05274559627545348,1.05859444424966,0.0601580065221875,27661204.94696135,-0.13376953881627063,-0.18278728383629625,0.03807190766786094,0.0,61.0,22961766.77614737,23156494.982071117,20215971.98493123,24961981.081489846,0.5573770491803278,0.4426229508196721,-0.18361665622520634,-0.07824805049744755,0.0,0.0,0.0
0.25,0.11,0.09,0.26,0.29,"(0.25, 0.11, 0.09, 0.26, 0.29)",0.12,0.055828293420979946,0.05348565237448356,1.0437994292393449,0.0601580065221875,27656760.474327184,-0.13648134032840498,-0.18717133685400442,0.03887604369982731,0.0,61.0,22951989.905221116,23145990.355637807,20142926.616354972,24977372.5799751,0.5573770491803278,0.36065573770491804,-0.18798098343863773,-0.0794684257244116,0.0,0.0,0.0
0.27,0.14,0.07,0.26,0.26,"(0.27, 0.14, 0.07, 0.26, 0.26)",0.13999999999999996,0.05581730638641891,0.052453120746130226,1.064136996854222,0.0601580065221875,27685350.428175204,-0.13122901172185664,-0.17588715299312935,0.03844726670377246,0.0,61.0,22942362.950977743,23355701.21587181,20429531.123863533,24765270.85057347,0.5573770491803278,0.45901639344262296,-0.1771355598874295,-0.07510905188785763,0.0,0.0,0.0
0.29,0.12,0.08,0.23,0.28,"(0.29, 0.12, 0.08, 0.23, 0.28)",0.09999999999999995,0.05581303856258657,0.05194103600891595,1.074546117120305,0.0601580065221875,27669495.872698177,-0.12912858512940184,-0.17426295121099056,0.03777275726325128,0.0,61.0,22978725.50840224,23317501.837227862,20412606.42952551,24857255.56521783,0.5573770491803278,0.4918032786885246,-0.17523834132567048,-0.07634791778202489,0.0,0.0,0.0
0.3,0.09,0.1,0.21,0.3,"(0.3, 0.09, 0.1, 0.21, 0.3)",0.10000000000000002,0.05580987010368488,0.052641741202070574,1.0601828288591961,0.0601580065221875,27640022.086924784,-0.13409143136509594,-0.18497588865335823,0.03739739822733977,0.0,61.0,22996284.085339203,23154608.891118437,20127021.673090067,25051278.66167559,0.5573770491803278,0.4426229508196721,-0.18551888046125384,-0.08187157096047679,0.0,0.0,0.0
0.26,0.12,0.08,0.25,0.29,"(0.26, 0.12, 0.08, 0.25, 0.29)",0.09999999999999998,0.055806453404752654,0.05266829479984941,1.0595834480085011,0.0601580065221875,27665362.142786987,-0.13185368338863424,-0.17858909288125402,0.038576893295217636,0.0,61.0,22968959.60239175,23307111.405395634,20338942.2859141,24872760.804742593,0.5573770491803278,0.45901639344262296,-0.17955027263046988,-0.0775710138715459,0.0,0.0,0.0
0.3,0.11,0.09,0.23,0.27,"(0.3, 0.11, 0.09, 0.23, 0.27)",0.09999999999999995,0.0558035292102117,0.052192826335362645,1.0691800603333617,0.0601580065221875,27654299.29315271,-0.13171906170439418,-0.1795783577079924,0.03744719953705609,0.0,61.0,22962657.239678457,23149308.52964355,20252759.98144993,24952641.890056312,0.5573770491803278,0.47540983606557374,-0.18041760984981514,-0.07717974828654466,0.0,0.0,0.0
0.27,0.11,0.09,0.25,0.28,"(0.27, 0.11, 0.09, 0.25, 0.28)",0.09999999999999992,0.055796569547599484,0.05292358422535511,1.0542855395056172,0.0601580065221875,27650091.577466004,-0.13443524053515998,-0.18394881970012664,0.03825133556902245,0.0,61.0,22952996.8931165,23138957.006583624,20179686.661498837,24968174.182088945,0.5573770491803278,0.4262295081967213,-0.18476938835927595,-0.07840057461648083,0.0,0.0,0.0
0.29,0.14,0.07,0.25,0.25,"(0.29, 0.14, 0.07, 0.25, 0.25)",0.12000000000000001,0.05578417692662163,0.05190550908145958,1.074725552524202,0.0601580065221875,27678345.003325395,-0.12934863235126337,-0.17300905640657846,0.0378225585729676,0.0,61.0,22943252.461391434,23360327.7428816,20437773.426157124,24755956.098264415,0.5573770491803278,0.4918032786885246,-0.1742606523878562,-0.07424489134320844,0.0,0.0,0.0
0.26,0.14,0.07,0.27,0.26,"(0.26, 0.14, 0.07, 0.27, 0.26)",0.15999999999999998,0.05577716341334216,0.052641216105809165,1.0595720908352444,0.0601580065221875,27674083.17253111,-0.1318788082348632,-0.17699633930331116,0.03862669460493397,0.0,61.0,22933368.05748073,23358415.276895333,20439500.666764308,24771326.01443955,0.5573770491803278,0.4426229508196721,-0.17823907787418944,-0.07497120876208921,0.0,0.0,0.0
0.28,0.12,0.08,0.24,0.28,"(0.28, 0.12, 0.08, 0.24, 0.28)",0.09999999999999992,0.05577395982637867,0.05211154167326388,1.0702803646853882,0.0601580065221875,27658509.063761298,-0.12979744685132477,-0.175406223404857,0.03795218516441279,0.0,61.0,22969905.66774731,23299918.736733727,20376010.646669324,24863494.52687571,0.5573770491803278,0.47540983606557374,-0.1763744159557958,-0.07650082912369631,0.0,0.0,0.0
0.29,0.09,0.1,0.22,0.3,"(0.29, 0.09, 0.1, 0.22, 0.3)",0.10000000000000002,0.05577130974663813,0.05280089539378409,1.056256893575402,0.0601580065221875,27629191.00198256,-0.13475552719939732,-0.18614765297679023,0.03757682612850128,0.0,61.0,22987689.996278003,23169295.530990876,20091006.39143257,25057656.598481216,0.5573770491803278,0.4262295081967213,-0.18668001955871635,-0.08181225684545976,0.0,0.0,0.0
0.25,0.12,0.08,0.26,0.29,"(0.25, 0.12, 0.08, 0.26, 0.29)",0.12,0.05576676534634428,0.052847591033182546,1.055237604138452,0.0601580065221875,27654224.773662835,-0.13252117104926986,-0.17973930643953115,0.038756321196379145,0.0,61.0,22960087.260054465,23289444.04135662,20302422.368052904,24878913.94463473,0.5573770491803278,0.4426229508196721,-0.1806928161779315,-0.07772392957765258,0.0,0.0,0.0
0.29,0.11,0.09,0.24,0.27,"(0.29, 0.11, 0.09, 0.24, 0.27)",0.09999999999999998,0.05576420441866459,0.0523671429521557,1.0648700936312785,0.0601580065221875,27643263.515327353,-0.13238599301936504,-0.1807353222307325,0.037626627438217604,0.0,61.0,22953919.487601425,23131821.670468915,20216436.051262088,24958876.876812246,0.5573770491803278,0.45901639344262296,-0.18156610474321122,-0.07733243451262287,0.0,0.0,0.0
0.25,0.12,0.09,0.29,0.25,"(0.25, 0.12, 0.09, 0.29, 0.25)",0.19999999999999996,0.055754283271631566,0.053799371911117264,1.0363370666063545,0.0601580065221875,27640182.159048237,-0.13737386298129128,-0.18833966166450125,0.03877971518450997,0.0,61.0,22892224.47449865,23074869.999472402,20072601.204134207,24977950.561135266,0.5573770491803278,0.36065573770491804,-0.18929442708641891,-0.079043295253169,0.0,0.0,0.0
0.3,0.1,0.09,0.21,0.3,"(0.3, 0.1, 0.09, 0.21, 0.3)",0.08,0.05575397288264239,0.05188853743497431,1.074494977865047,0.0601580065221875,27638823.60480773,-0.1301131245863174,-0.1775176556957451,0.0372776757238916,0.0,61.0,23004807.99947347,23222607.453898143,20286576.92662202,24953443.071554404,0.5573770491803278,0.47540983606557374,-0.1782118299133817,-0.0795705044124319,0.0,0.0,0.0
0.28,0.09,0.1,0.23,0.3,"(0.28, 0.09, 0.1, 0.23, 0.3)",0.09999999999999996,0.055732441074272554,0.052965195537067584,1.0522464895889663,0.0601580065221875,27618286.890420236,-0.13541948559666284,-0.18732186845554907,0.037756254029662796,0.0,61.0,22979075.311761446,23162677.305846483,20055027.260964394,25063990.201017085,0.5573770491803278,0.39344262295081966,-0.18784345755564877,-0.08175295908578423,0.0,0.0,0.0
0.28,0.11,0.09,0.25,0.27,"(0.28, 0.11, 0.09, 0.25, 0.27)",0.09999999999999992,0.05572457130858921,0.05254655028985834,1.060480107660735,0.0601580065221875,27632154.84270373,-0.13305278461501058,-0.18189470789618561,0.03780605533937911,0.0,61.0,22945161.28940276,23114302.271684166,20180148.801953197,24965067.63070974,0.5573770491803278,0.4426229508196721,-0.18271687342469395,-0.07748528720588817,0.0,0.0,0.0
0.3,0.09,0.1,0.22,0.29,"(0.3, 0.09, 0.1, 0.22, 0.29)",0.10000000000000002,0.05570006909790881,0.052409507437250924,1.0627855864624873,0.0601580065221875,27611453.073241487,-0.13337248959836434,-0.18407339115348811,0.037131545898857934,0.0,61.0,22979970.341292474,23153890.457601182,20091517.2224338,25054643.59021395,0.5573770491803278,0.4426229508196721,-0.18461043464626414,-0.08092814563084849,0.0,0.0,0.0
0.27,0.09,0.1,0.24,0.3,"(0.27, 0.09, 0.1, 0.24, 0.3)",0.09999999999999999,0.05569326413832654,0.05313459389577748,1.0481545082958166,0.0601580065221875,27607309.843737982,-0.13608330620426412,-0.18849853517168821,0.0379356819308243,0.0,61.0,22970440.05212549,23157184.35198071,20019084.32286045,25070279.435819462,0.5573770491803278,0.39344262295081966,-0.18900919412639572,-0.0816936775305592,0.0,0.0,0.0
0.3,0.11,0.09,0.24,0.26,"(0.3, 0.11, 0.09, 0.24, 0.26)",0.09999999999999998,0.05569186591954911,0.051992227080112856,1.0711575373321789,0.0601580065221875,27625245.35106089,-0.1310016190280232,-0.1786856586915774,0.03718134720857426,0.0,61.0,22946031.645408314,23107116.169079185,20216848.729233757,24955713.41851115,0.5573770491803278,0.47540983606557374,-0.17951766459022483,-0.0764170213708355,0.0,0.0,0.0
0.28,0.1,0.09,0.23,0.3,"(0.28, 0.1, 0.09, 0.23, 0.3)",0.07999999999999995,0.055677019430884656,0.05220764558361135,1.066453367289223,0.0601580065221875,27617194.119288262,-0.13144721753345534,-0.17983163411635472,0.03763653152621462,0.0,61.0,22987458.533912104,23187776.620234713,20214039.012931153,24966157.425136782,0.5573770491803278,0.47540983606557374,-0.18050739871870208,-0.07945774751750027,0.0,0.0,0.0
0.29,0.09,0.1,0.23,0.29,"(0.29, 0.09, 0.1, 0.23, 0.29)",0.10000000000000002,0.055661192782330726,0.052575168086252566,1.0586973814523115,0.0601580065221875,27600553.42922344,-0.13403753697435616,-0.18524543137873462,0.037310973800019444,0.0,61.0,22971367.242391396,23151975.411856834,20055536.0727769,25060974.830052692,0.5573770491803278,0.4426229508196721,-0.1857718883248944,-0.08086983910745775,0.0,0.0,0.0
0.26,0.09,0.1,0.25,0.3,"(0.26, 0.09, 0.1, 0.25, 0.3)",0.09999999999999999,0.05565377899067814,0.05330904186865021,1.0439838541425148,0.0601580065221875,27596259.954004526,-0.13674698866979307,-0.18967765319474952,0.038115109831985815,0.0,61.0,22961784.237752005,23138580.620476644,19983177.61804983,25076524.269646324,0.5573770491803278,0.36065573770491804,-0.19017722893319983,-0.08163441202919992,0.0,0.0,0.0
0.26,0.11,0.09,0.27,0.27,"(0.26, 0.11, 0.09, 0.27, 0.27)",0.13999999999999996,0.055644380341709265,0.052920428560581094,1.0514725948980157,0.0601580065221875,27609719.185946237,-0.13438594724262942,-0.18422074289074333,0.03816491114170214,0.0,61.0,22927583.63766702,23079166.235516742,20107684.509445027,24977316.30918272,0.5573770491803278,0.4262295081967213,-0.18502523076625002,-0.0777914916574751,0.0,0.0,0.0
0.3,0.1,0.09,0.22,0.29,"(0.3, 0.1, 0.09, 0.22, 0.29)",0.08,0.05564417962093393,0.051652436818787215,1.0772808225128079,0.0601580065221875,27610253.657563135,-0.1293912977526438,-0.17661845227435624,0.03701182339540977,0.0,61.0,22988324.573683567,23180542.61176999,20250796.646042865,24956784.961528976,0.5573770491803278,0.47540983606557374,-0.17730602077598642,-0.07862779600548661,0.0,0.0,0.0
0.27,0.1,0.09,0.24,0.3,"(0.27, 0.1, 0.09, 0.24, 0.3)",0.07999999999999997,0.05563808020814087,0.052375002118834994,1.06230220443528,0.0601580065221875,27606269.891081788,-0.13211405582369595,-0.18099227314914348,0.03781595942737614,0.0,61.0,22978753.015167933,23170312.018803146,20177824.672063693,24972448.345557302,0.5573770491803278,0.4426229508196721,-0.18165860969703726,-0.07940139332188893,0.0,0.0,0.0
0.28,0.09,0.1,0.24,0.29,"(0.28, 0.09, 0.1, 0.24, 0.29)",0.09999999999999999,0.05562200823575836,0.05274595600683599,1.054526497321418,0.0601580065221875,27589580.90366723,-0.13470244606840864,-0.18641992269030214,0.03749040170118095,0.0,61.0,22962743.568229057,23143789.100197732,20019591.124407414,25067261.708192453,0.5573770491803278,0.4262295081967213,-0.18693564066812646,-0.08081154869381628,0.0,0.0,0.0
0.28,0.11,0.08,0.23,0.3,"(0.28, 0.11, 0.08, 0.23, 0.3)",0.07999999999999995,0.05561625858133423,0.051539490208880795,1.0790998971066843,0.0601580065221875,27614857.41244025,-0.12746289140500955,-0.17246204232280785,0.03751680902276646,0.0,61.0,22995818.880832642,23331564.91519727,20374036.138569962,24867902.406510726,0.5573770491803278,0.5409836065573771,-0.17327920141103637,-0.077135694717561,0.0,0.0,0.0
0.28,0.11,0.09,0.26,0.26,"(0.28, 0.11, 0.09, 0.26, 0.26)",0.11999999999999994,0.05561227657248513,0.05235896185952407,1.0621348208104184,0.0601580065221875,27602964.73029159,-0.13233724236311006,-0.1810025541081,0.037540203010897284,0.0,61.0,22928518.21591981,23072082.177487478,20144307.30765423,24968045.954220522,0.5573770491803278,0.4426229508196721,-0.18181755195422222,-0.07672355010490947,0.0,0.0,0.0
0.29,0.1,0.09,0.23,0.29,"(0.29, 0.1, 0.09, 0.23, 0.29)",0.08,0.0556055411255183,0.05181597744109303,1.0731350419613994,0.0601580065221875,27599406.85822647,-0.13005936804429652,-0.17777450057126706,0.03719125129657128,0.0,61.0,22979651.231986284,23163129.181356214,20214543.86778777,24963117.71650495,0.5573770491803278,0.47540983606557374,-0.17845297801127988,-0.07857241937845014,0.0,0.0,0.0
0.25,0.11,0.09,0.28,0.27,"(0.25, 0.11, 0.09, 0.28, 0.27)",0.15999999999999998,0.05560382258968111,0.05311479346014084,1.046861316168124,0.0601580065221875,27598392.389668208,-0.1350523175723003,-0.18538739230657866,0.03834433904286365,0.0,61.0,22918764.22575616,23073756.513741802,20071507.547363143,24983374.168938953,0.5573770491803278,0.4098360655737705,-0.18618281870344902,-0.07794484324758469,0.0,0.0,0.0
0.26,0.1,0.09,0.25,0.3,"(0.26, 0.1, 0.09, 0.25, 0.3)",0.07999999999999997,0.05559883272321864,0.052547494543573485,1.058068195375422,0.0601580065221875,27595272.794556197,-0.1327807548552209,-0.18215534552070065,0.03799538732853765,0.0,61.0,22970026.999953907,23152814.75409406,20141646.797042016,24978695.050675534,0.5573770491803278,0.4426229508196721,-0.18281210464089862,-0.07934505508122117,0.0,0.0,0.0
0.3,0.11,0.08,0.22,0.29,"(0.3, 0.11, 0.08, 0.22, 0.29)",0.08,0.0555829501895575,0.050985747648980534,1.0901664240020004,0.0601580065221875,27607810.58300634,-0.12539802292232238,-0.1692838925474375,0.036892100891961606,0.0,61.0,22996655.993858647,23324221.69182811,20411062.882690042,24858504.53983191,0.5573770491803278,0.5901639344262295,-0.1701092693738573,-0.0763005873366319,0.0,0.0,0.0
0.3,0.11,0.09,0.25,0.25,"(0.3, 0.11, 0.09, 0.25, 0.25)",0.09999999999999998,0.055579531926257086,0.05180319634306091,1.072897733147349,0.0601580065221875,27596051.500685807,-0.13028539127330263,-0.1777933873165492,0.03691549488009242,0.0,61.0,22929368.523091897,23064896.506694082,20180919.23664331,24958676.788188368,0.5573770491803278,0.47540983606557374,-0.17861818598246182,-0.07565532195967435,0.0,0.0,0.0
0.27,0.11,0.08,0.24,0.3,"(0.27, 0.11, 0.08, 0.24, 0.3)",0.07999999999999997,0.05557755773233608,0.05170445918806155,1.0749084045185957,0.0601580065221875,27603986.504838407,-0.12813275656351453,-0.17360680911983012,0.03769623692392798,0.0,61.0,22987042.959268138,23314022.707799073,20337548.86608711,24874194.791755967,0.5573770491803278,0.5245901639344263,-0.17441601049535163,-0.0770822974235134,0.0,0.0,0.0
0.27,0.11,0.09,0.27,0.26,"(0.27, 0.11, 0.09, 0.27, 0.26)",0.13999999999999996,0.05557201960077984,0.052549872612386125,1.0575100725873385,0.0601580065221875,27591715.3922452,-0.1330048428329338,-0.1821646334537992,0.037719630912058794,0.0,61.0,22919730.883688826,23068325.57715624,20108091.73328777,24974145.800611366,0.5573770491803278,0.4426229508196721,-0.18297090559010684,-0.07687706381852914,0.0,0.0,0.0
0.28,0.1,0.09,0.24,0.29,"(0.28, 0.1, 0.09, 0.24, 0.29)",0.07999999999999997,0.05556659434864941,0.05198473384877367,1.0689021609747116,0.0601580065221875,27588487.15265608,-0.13072729893541057,-0.1789329819637481,0.03737067919773279,0.0,61.0,22970957.37311697,23145683.03035896,20178327.522982296,24969406.29547265,0.5573770491803278,0.47540983606557374,-0.17960221961750628,-0.07851705877032544,0.0,0.0,0.0
0.25,0.1,0.09,0.26,0.3,"(0.25, 0.1, 0.09, 0.26, 0.3)",0.09999999999999999,0.05555927702809127,0.05272507245097644,1.0537543989105005,0.0601580065221875,27584202.921905745,-0.1334473142759276,-0.18332085130833856,0.03817481522969916,0.0,61.0,22961280.508956164,23135284.92107946,20105505.428952217,24984897.50747625,0.5573770491803278,0.4426229508196721,-0.18396788322156213,-0.07928873263617502,0.0,0.0,0.0
0.27,0.13,0.07,0.26,0.27,"(0.27, 0.13, 0.07, 0.26, 0.27)",0.11999999999999995,0.055555307223735584,0.051545143222466366,1.0777990660334678,0.0601580065221875,27614446.692828123,-0.1268544020100819,-0.17006193731541103,0.0377460382336443,0.0,61.0,22952160.13962237,23369109.523084454,20463859.575951625,24773787.03083519,0.5573770491803278,0.5409836065573771,-0.17113541797862492,-0.07414183733804917,0.0,0.0,0.0
0.29,0.11,0.08,0.23,0.29,"(0.29, 0.11, 0.08, 0.23, 0.29)",0.08,0.05554455017425486,0.05114682015098483,1.0859824718386788,0.0601580065221875,27597017.126484383,-0.12606912533274606,-0.17042410424073598,0.03707152879312312,0.0,61.0,22987912.265779134,23306731.026848663,20374536.946294706,24864838.588418636,0.5573770491803278,0.5737704918032787,-0.17124185379460247,-0.07624817012952102,0.0,0.0,0.0
0.26,0.11,0.08,0.25,0.3,"(0.26, 0.11, 0.08, 0.25, 0.3)",0.07999999999999997,0.05553854857117457,0.05187464597627094,1.0706299296303556,0.0601580065221875,27593042.7071901,-0.12880248133881333,-0.1747539913273377,0.037875664825089486,0.0,61.0,22978246.599417597,23296447.586930953,20301098.292901658,24880443.147977985,0.5573770491803278,0.5081967213114754,-0.17555508928164984,-0.0770289159899652,0.0,0.0,0.0
0.3,0.1,0.09,0.23,0.28,"(0.3, 0.1, 0.09, 0.23, 0.28)",0.07999999999999995,0.055533715093585734,0.05142768768113031,1.0798407938913028,0.0601580065221875,27581542.819302745,-0.12867068616627697,-0.17571966343850456,0.03674597106692794,0.0,61.0,22971803.31208388,23138449.395525005,20214997.33681518,24960018.745682146,0.5573770491803278,0.5245901639344263,-0.17640066518814157,-0.07768881334623384,0.0,0.0,0.0
0.27,0.1,0.09,0.25,0.29,"(0.27, 0.1, 0.09, 0.25, 0.29)",0.07999999999999997,0.055527339342159365,0.05215865541570954,1.0645853291194163,0.0601580065221875,27577494.632433772,-0.13139509007371786,-0.18009389654518126,0.03755010709889431,0.0,61.0,22962243.017674603,23128204.2535396,20142147.65293198,24975650.665209774,0.5573770491803278,0.45901639344262296,-0.18075374528106716,-0.07846171401922053,0.0,0.0,0.0
0.29,0.13,0.07,0.25,0.26,"(0.29, 0.13, 0.07, 0.25, 0.26)",0.09999999999999999,0.0555219650581793,0.0509917159870286,1.088842844047514,0.0601580065221875,27607402.437767994,-0.12496576842042639,-0.16718429177877556,0.037121330102839446,0.0,61.0,22953005.077007487,23372884.70500209,20501059.586313248,24764424.04516595,0.5573770491803278,0.5901639344262295,-0.1682623732084955,-0.07306938365586454,0.0,0.0,0.0
0.26,0.13,0.07,0.27,0.27,"(0.26, 0.13, 0.07, 0.27, 0.27)",0.13999999999999996,0.05551553519133412,0.051729822032911724,1.0731824121879607,0.0601580065221875,27603300.115123976,-0.12750727857959665,-0.17116785766911133,0.03792546613480581,0.0,61.0,22943220.66670335,23365457.744064093,20427098.127233494,24779893.396738995,0.5573770491803278,0.5409836065573771,-0.1722352452387493,-0.07429613206071593,0.0,0.0,0.0
0.28,0.11,0.08,0.24,0.29,"(0.28, 0.11, 0.08, 0.24, 0.29)",0.07999999999999997,0.05550584182753182,0.05131319232014092,1.0817070487689233,0.0601580065221875,27586150.74257615,-0.1267400872161547,-0.17156673107910406,0.03725095669428463,0.0,61.0,22979148.07853225,23289207.390903715,20338047.676406864,24871128.647292346,0.5573770491803278,0.5409836065573771,-0.17237670829989327,-0.07619576885504752,0.0,0.0,0.0
0.25,0.11,0.08,0.26,0.3,"(0.25, 0.11, 0.08, 0.26, 0.3)",0.09999999999999999,0.05549923114977817,0.05204999939185284,1.0662676618295066,0.0601580065221875,27582026.111242905,-0.12947206537891098,-0.17590358904259837,0.038055092726250996,0.0,61.0,22969429.822226204,23278839.64804774,20264684.460505452,24886647.442167338,0.5573770491803278,0.47540983606557374,-0.17669643746207428,-0.07697555024846685,0.0,0.0,0.0
0.29,0.1,0.09,0.24,0.28,"(0.29, 0.1, 0.09, 0.24, 0.28)",0.07999999999999997,0.05549476079771365,0.05159785403452194,1.075524589851827,0.0601580065221875,27570627.675016467,-0.129339710138336,-0.1768759889063651,0.036925398968089454,0.0,61.0,22963121.12441994,23121021.724879567,20178779.08704009,24966304.973296333,0.5573770491803278,0.47540983606557374,-0.17754793910853192,-0.07763444452333781,0.0,0.0,0.0
0.26,0.1,0.09,0.26,0.29,"(0.26, 0.1, 0.09, 0.26, 0.29)",0.09999999999999999,0.055487776158019475,0.05233769064944052,1.0601877054468896,0.0601580065221875,27566429.389708713,-0.13206274110716598,-0.18125724439652946,0.03772953500005582,0.0,61.0,22953508.18630368,23110692.945763618,20106004.29869522,24981850.792714957,0.5573770491803278,0.4426229508196721,-0.18190755467633946,-0.0784063849635654,0.0,0.0,0.0
0.28,0.13,0.07,0.26,0.26,"(0.28, 0.13, 0.07, 0.26, 0.26)",0.11999999999999995,0.05548249403776895,0.05117271241909106,1.08422030834289,0.0601580065221875,27596333.399912592,-0.12561977276789504,-0.16828623975387919,0.037300758004000956,0.0,61.0,22944097.736166976,23358156.760899007,20464259.100336067,24770572.01519669,0.5573770491803278,0.5901639344262295,-0.1693585311082889,-0.07322384096158141,0.0,0.0,0.0
0.25,0.13,0.07,0.28,0.27,"(0.25, 0.13, 0.07, 0.28, 0.27)",0.15999999999999998,0.05547545489772632,0.051919581388757234,1.068488100517295,0.0601580065221875,27592080.882521793,-0.12815999191803207,-0.17227601048546906,0.03810489403596732,0.0,61.0,22934260.928992134,23347684.36597106,20390373.954734564,24785955.806302052,0.5573770491803278,0.5245901639344263,-0.1733371665691427,-0.07445059313350223,0.0,0.0,0.0
0.3,0.11,0.08,0.23,0.28,"(0.3, 0.11, 0.08, 0.23, 0.28)",0.07999999999999995,0.055472494277104545,0.05075755759867873,1.0928913230164674,0.0601580065221875,27579100.210923024,-0.12467452268173129,-0.16838844998801045,0.03662624856347977,0.0,61.0,22979965.109731343,23281864.692208685,20374985.993184622,24861715.794504065,0.5573770491803278,0.5901639344262295,-0.16920660344386493,-0.07536238064315832,0.0,0.0,0.0
0.27,0.11,0.08,0.25,0.29,"(0.27, 0.11, 0.08, 0.25, 0.29)",0.07999999999999997,0.05546682520117496,0.051484812779161074,1.0773434379395401,0.0601580065221875,27575211.52241647,-0.12741090822039092,-0.17271177317573586,0.03743038459544614,0.0,61.0,22970363.452976324,23271650.879236005,20301595.114739593,24877374.683237582,0.5573770491803278,0.5409836065573771,-0.17351383259687925,-0.07614338334217295,0.0,0.0,0.0
0.28,0.1,0.09,0.25,0.28,"(0.28, 0.1, 0.09, 0.25, 0.28)",0.07999999999999992,0.055455498304790796,0.05177321477369065,1.0711233317690627,0.0601580065221875,27559639.769924402,-0.1300085938633292,-0.1780347474118941,0.03710482686925096,0.0,61.0,22954418.44010505,23103561.465885155,20142597.32080467,24972546.997842614,0.5573770491803278,0.47540983606557374,-0.17869749717714306,-0.077580091458754,0.0,0.0,0.0
0.3,0.13,0.07,0.25,0.25,"(0.3, 0.13, 0.07, 0.25, 0.25)",0.09999999999999999,0.05544881215659769,0.05062153337737182,1.0953601848296382,0.0601580065221875,27589208.17135243,-0.12372972997633758,-0.16541209382074182,0.03667604987319611,0.0,61.0,22944890.51025636,23350752.985809647,20501408.89462542,24761152.710746557,0.5573770491803278,0.6065573770491803,-0.16648866042362195,-0.07215126014668774,0.0,0.0,0.0
0.25,0.1,0.09,0.27,0.29,"(0.25, 0.1, 0.09, 0.27, 0.29)",0.12000000000000001,0.05544790484834161,0.05252178725589276,1.055712452780642,0.0601580065221875,27555291.51719605,-0.13273025168392028,-0.1824230255863201,0.03790896290121733,0.0,61.0,22944752.899694048,23112269.189584028,20069897.50108322,24988006.645208176,0.5573770491803278,0.4426229508196721,-0.18306364746566284,-0.07835107144211874,0.0,0.0,0.0
0.27,0.13,0.07,0.27,0.26,"(0.27, 0.13, 0.07, 0.27, 0.26)",0.13999999999999996,0.055442714736416265,0.05135887109007678,1.0795158374719132,0.0601580065221875,27585191.668266118,-0.1262736136213467,-0.16939042067671878,0.03748018590516247,0.0,61.0,22935170.10918556,23340435.05980767,20427495.858037032,24776676.067531392,0.5573770491803278,0.5737704918032787,-0.17045678413064344,-0.07337846460583206,0.0,0.0,0.0
0.29,0.11,0.08,0.24,0.28,"(0.29, 0.11, 0.08, 0.24, 0.28)",0.07999999999999997,0.055433778467566475,0.05092534333215385,1.0885302845384262,0.0601580065221875,27568238.389100358,-0.12534658177224933,-0.16952893857676576,0.036805676464641286,0.0,61.0,22971212.668175492,23264359.65764226,20338494.82551494,24868003.51706268,0.5573770491803278,0.5901639344262295,-0.17033950504862352,-0.07531097357031351,0.0,0.0,0.0
0.26,0.11,0.08,0.26,0.29,"(0.26, 0.11, 0.08, 0.26, 0.29)",0.09999999999999999,0.05542750034711186,0.051661629223454436,1.0728949353759,0.0601580065221875,27564199.55770821,-0.12808158799351232,-0.17385923063152098,0.03760981249660765,0.0,61.0,22961558.41001463,23254061.587192964,20265179.302756798,24883576.663258675,0.5573770491803278,0.5245901639344263,-0.17465322638078157,-0.07609101342019749,0.0,0.0,0.0
0.3,0.1,0.09,0.24,0.27,"(0.3, 0.1, 0.09, 0.24, 0.27)",0.07999999999999997,0.05542257977099907,0.051214439466501636,1.082167067497632,0.0601580065221875,27552691.664869398,-0.12795129108358672,-0.17482129769181873,0.0364801187384461,0.0,61.0,22955244.336921707,23096328.2868421,20179179.385405403,24963144.428789318,0.5573770491803278,0.5409836065573771,-0.1754957715767477,-0.07675355287391031,0.0,0.0,0.0
0.27,0.1,0.09,0.26,0.28,"(0.27, 0.1, 0.09, 0.26, 0.28)",0.09999999999999994,0.055415927666786935,0.05195371730042505,1.066640281894392,0.0601580065221875,27548579.196130663,-0.130677336989253,-0.17919593903970016,0.03728425477041247,0.0,61.0,22945695.279742062,23106809.104856018,20106452.079139303,24978744.78633371,0.5573770491803278,0.47540983606557374,-0.17984933907144704,-0.07752575398867205,0.0,0.0,0.0
0.29,0.13,0.07,0.26,0.25,"(0.29, 0.13, 0.07, 0.26, 0.25)",0.12000000000000001,0.05540933386928182,0.05080399082837446,1.0906492377038859,0.0601580065221875,27578143.963816907,-0.12438469933866103,-0.1665123031055679,0.03685547777435762,0.0,61.0,22935995.026724678,23333083.012011915,20464606.706640173,24767298.35116158,0.5573770491803278,0.6065573770491803,-0.16758324464523255,-0.072306046425751,0.0,0.0,0.0
0.26,0.13,0.07,0.28,0.26,"(0.26, 0.13, 0.07, 0.28, 0.26)",0.15999999999999998,0.05540262720648892,0.05155013607413823,1.074732899381878,0.0601580065221875,27573977.336092412,-0.12692729071889297,-0.17049683424553047,0.03765961380632398,0.0,61.0,22926222.21737227,23322680.645484146,20390769.900629092,24782736.169892192,0.5573770491803278,0.5409836065573771,-0.17155713159835193,-0.07353325450444605,0.0,0.0,0.0
0.28,0.11,0.08,0.25,0.28,"(0.28, 0.11, 0.08, 0.25, 0.28)",0.07999999999999992,0.05539475441093855,0.05109840780207561,1.0840798528499047,0.0601580065221875,27557303.785000347,-0.12601849948745902,-0.17067184227010754,0.036985104365802796,0.0,61.0,22962439.788312763,23246821.785117872,20302040.37486334,24874247.22287796,0.5573770491803278,0.5737704918032787,-0.17147467653387163,-0.07525958215938819,0.0,0.0,0.0
0.29,0.08,0.1,0.23,0.3,"(0.29, 0.08, 0.1, 0.23, 0.3)",0.1,0.05538602041252383,0.051916597891606846,1.0668268465541706,0.0601580065221875,27526602.746233042,-0.13100270824080362,-0.1813533905182363,0.037012536518431755,0.0,61.0,22980067.214639578,23079883.05999192,20017791.3755039,25067562.654893287,0.5573770491803278,0.47540983606557374,-0.18172432278846887,-0.08221793462314643,0.0,0.0,0.0
0.29,0.1,0.09,0.25,0.27,"(0.29, 0.1, 0.09, 0.25, 0.27)",0.07999999999999997,0.055383309826648075,0.05139124908474989,1.0776797764793542,0.0601580065221875,27541708.413634118,-0.12862126787372308,-0.1759779018385253,0.03665954663960762,0.0,61.0,22946553.33498759,23101268.195026893,20142995.82177468,24969384.09832702,0.5573770491803278,0.5245901639344263,-0.17664336373751902,-0.07670018968843689,0.0,0.0,0.0
0.26,0.1,0.09,0.27,0.28,"(0.26, 0.1, 0.09, 0.27, 0.28)",0.11999999999999995,0.05537604893581105,0.0521393082132587,1.062078704790511,0.0601580065221875,27537446.046304435,-0.1313459391643249,-0.18035956386196303,0.03746368267157398,0.0,61.0,22936951.66397926,23121274.0907516,20070343.40282753,24984898.306003362,0.5573770491803278,0.45901639344262296,-0.18100346445688192,-0.07747143194961009,0.0,0.0,0.0
0.28,0.13,0.07,0.27,0.25,"(0.28, 0.13, 0.07, 0.27, 0.25)",0.13999999999999996,0.055369547333671276,0.05099163728492801,1.0858554516357386,0.0601580065221875,27567007.117085565,-0.12503950468180636,-0.16761474551608785,0.03703490567551913,0.0,61.0,22927079.257079605,23315380.266730774,20427841.770906184,24773400.080323838,0.5573770491803278,0.5901639344262295,-0.16867992436025459,-0.07246099894751547,0.0,0.0,0.0
0.25,0.13,0.07,0.29,0.26,"(0.25, 0.13, 0.07, 0.29, 0.26)",0.17999999999999994,0.05536223150049424,0.05174645074951642,1.0698749517813375,0.0601580065221875,27562690.49721964,-0.12758080379884718,-0.17160548014627997,0.03783904170748549,0.0,61.0,22917254.0820804,23304893.614128467,20354081.26907448,24788752.29022132,0.5573770491803278,0.5245901639344263,-0.17265957282237357,-0.07368821057326677,0.0,0.0,0.0
0.3,0.11,0.08,0.24,0.27,"(0.3, 0.11, 0.08, 0.24, 0.27)",0.07999999999999997,0.05536136786787105,0.050540990910070784,1.0953755925834006,0.0601580065221875,27550249.651343636,-0.12395224188605625,-0.16749343528853564,0.03636039623499795,0.0,61.0,22963236.796509173,23239479.69360639,20338890.334752392,24864819.450784493,0.5573770491803278,0.6065573770491803,-0.16830440411856482,-0.07442791385350024,0.0,0.0,0.0
0.28,0.1,0.09,0.26,0.27,"(0.28, 0.1, 0.09, 0.26, 0.27)",0.09999999999999994,0.05534373176979801,0.0515732285338873,1.0731096994137805,0.0601580065221875,27530652.54767625,-0.1292911035704135,-0.17713693895839755,0.03683897454076913,0.0,61.0,22937841.856911197,23115765.20780968,20106848.79134576,24975579.53807721,0.5573770491803278,0.47540983606557374,-0.17779323981703693,-0.07664684199574714,0.0,0.0,0.0
0.25,0.1,0.09,0.28,0.28,"(0.25, 0.1, 0.09, 0.28, 0.28)",0.13999999999999996,0.055335862164113125,0.05232993337351774,1.0574418616041383,0.0601580065221875,27526240.413679373,-0.1320144000369785,-0.18152562193840846,0.03764311057273549,0.0,61.0,22928187.613510396,23110288.61775541,20034271.332406312,24991007.524306946,0.5573770491803278,0.4426229508196721,-0.18215987298683387,-0.07741712517842236,0.0,0.0,0.0
0.27,0.13,0.07,0.28,0.25,"(0.27, 0.13, 0.07, 0.28, 0.25)",0.15999999999999998,0.05532945260213107,0.05118441567704648,1.0809824019724703,0.0601580065221875,27555797.724374846,-0.1256941457441213,-0.1687194207538809,0.037214333576680636,0.0,61.0,22918143.22258804,23297644.84595457,20391114.128608298,24779457.865969226,0.5573770491803278,0.5901639344262295,-0.16977869889425692,-0.07261611762783107,0.0,0.0,0.0
0.3,0.1,0.09,0.25,0.26,"(0.3, 0.1, 0.09, 0.25, 0.26)",0.07999999999999997,0.05531077412298169,0.051012836406526575,1.084252082793523,0.0601580065221875,27523700.7705715,-0.12723311375810686,-0.17392336353302126,0.03621426640996428,0.0,61.0,22938647.770156216,23110175.514625434,20143343.177264813,24966162.016707007,0.5573770491803278,0.5409836065573771,-0.17459134836328505,-0.0758220109759654,0.0,0.0,0.0
0.27,0.1,0.09,0.27,0.27,"(0.27, 0.1, 0.09, 0.27, 0.27)",0.11999999999999995,0.05530384565255675,0.05176032328551712,1.0684602054645809,0.0601580065221875,27519524.159619212,-0.12996079782192405,-0.1782984091272588,0.03701840244193064,0.0,61.0,22929109.92329928,23105730.5971138,20070738.334874433,24981730.715287633,0.5573770491803278,0.47540983606557374,-0.17894539948382912,-0.0765935096301275,0.0,0.0,0.0
0.26,0.13,0.07,0.29,0.25,"(0.26, 0.13, 0.07, 0.29, 0.25)",0.17999999999999994,0.055289049727167194,0.05138226824205622,1.0760336516618254,0.0601580065221875,27544515.879465014,-0.12634862226415822,-0.1698263285082618,0.037393761477842145,0.0,61.0,22909186.944561273,23279876.845774397,20354423.820680577,24785471.676053792,0.5573770491803278,0.5737704918032787,-0.17087956756098113,-0.07277140238256442,0.0,0.0,0.0
0.29,0.1,0.09,0.26,0.26,"(0.29, 0.1, 0.09, 0.26, 0.26)",0.09999999999999999,0.05527118868217418,0.0511963020416981,1.0795933783880949,0.0601580065221875,27512649.65125301,-0.1279040425024065,-0.17508024786341977,0.03639369431112579,0.0,61.0,22929947.98554277,23099775.20288123,20107194.45668335,24972355.09798147,0.5573770491803278,0.5409836065573771,-0.17573926031594683,-0.07576965124815516,0.0,0.0,0.0
0.26,0.1,0.09,0.28,0.27,"(0.26, 0.1, 0.09, 0.28, 0.27)",0.13999999999999996,0.05526365152717094,0.05195247807495655,1.063734658574651,0.0601580065221875,27508323.34265011,-0.13063035027673864,-0.17946231240848515,0.03719783034309215,0.0,61.0,22920357.55480402,23077485.694607645,20034664.492869783,24987837.597427513,0.5573770491803278,0.47540983606557374,-0.18009984239437865,-0.07654019242620427,0.0,0.0,0.0
0.3,0.09,0.09,0.23,0.29,"(0.3, 0.09, 0.09, 0.23, 0.29)",0.08,0.05526017712669118,0.050722918432749245,1.0894518461108984,0.0601580065221875,27508028.80739075,-0.12561669217156235,-0.1718374896167051,0.03638353115766326,0.0,61.0,22980566.968912013,23124488.62899374,20176920.601124942,24966822.08315622,0.5573770491803278,0.5737704918032787,-0.17236619483132992,-0.07905076792230478,0.0,0.0,0.0
0.27,0.09,0.09,0.25,0.3,"(0.27, 0.09, 0.09, 0.25, 0.3)",0.07999999999999997,0.055254384496416176,0.05145324437821284,1.073875615894357,0.0601580065221875,27504139.314718384,-0.12834933333728638,-0.17621541522748416,0.036933835616899655,0.0,61.0,22971106.847220164,23119705.428112965,20104295.2772933,24982553.224511154,0.5573770491803278,0.5245901639344263,-0.1767204980970263,-0.07981982611902202,0.0,0.0,0.0
0.26,0.12,0.07,0.27,0.28,"(0.26, 0.12, 0.07, 0.27, 0.28)",0.11999999999999995,0.055250173512564116,0.05087379282860511,1.086024265945791,0.0601580065221875,27531747.638476584,-0.12336581222676202,-0.1656901863961613,0.03722423766467766,0.0,61.0,22952692.095884953,23355039.955111295,20389122.886345085,24787890.99696156,0.5573770491803278,0.6065573770491803,-0.16660759262340516,-0.07281544112701817,0.0,0.0,0.0
0.28,0.1,0.09,0.27,0.26,"(0.28, 0.1, 0.09, 0.27, 0.26)",0.11999999999999995,0.055231295213569176,0.05138490978434658,1.0748543773914403,0.0601580065221875,27501526.063946094,-0.12857482930703146,-0.17623956509585822,0.0365731222122873,0.0,61.0,22921227.745283496,23076275.00128491,20071082.31853864,24978503.92308881,0.5573770491803278,0.5245901639344263,-0.1768894559510907,-0.07571730674271099,0.0,0.0,0.0
0.25,0.1,0.09,0.29,0.27,"(0.25, 0.1, 0.09, 0.29, 0.27)",0.15999999999999992,0.0552231494460278,0.0521496369683563,1.0589364117632587,0.0601580065221875,27497050.190518513,-0.13129976058356085,-0.18062864885298763,0.03737725824425366,0.0,61.0,22911584.772123136,23049248.488629416,19998627.305594604,24993900.15218785,0.5573770491803278,0.45901639344262296,-0.18125656819310765,-0.07648689021893736,0.0,0.0,0.0
0.29,0.09,0.09,0.24,0.29,"(0.29, 0.09, 0.09, 0.24, 0.29)",0.08000000000000003,0.05522159301718599,0.05088861243654664,1.0851463691615129,0.0601580065221875,27497234.04190307,-0.1262878119697507,-0.1729931374216119,0.036506723552287776,0.0,61.0,22971940.47843724,23114396.01383853,20140808.43325636,24973159.38332451,0.5573770491803278,0.5409836065573771,-0.17351221192021088,-0.07899457756020936,0.0,0.0,0.0
0.28,0.12,0.07,0.26,0.27,"(0.28, 0.12, 0.07, 0.26, 0.27)",0.09999999999999994,0.055216920003826164,0.05031119277077381,1.0975076710147516,0.0601580065221875,27524742.458772212,-0.12129306306512433,-0.1625375260665661,0.0365995295338728,0.0,61.0,22953524.640049074,23347691.439221043,20426164.59592008,24778521.58785999,0.5573770491803278,0.6557377049180327,-0.1634601912609136,-0.07198058406127886,0.0,0.0,0.0
0.26,0.09,0.09,0.26,0.3,"(0.26, 0.09, 0.09, 0.26, 0.3)",0.09999999999999999,0.05521519174723988,0.05162799459041252,1.0694816288195226,0.0601580065221875,27493194.805064157,-0.12901907642715138,-0.17737811508337573,0.03705702801152417,0.0,61.0,22962427.626852915,23111069.762103114,20068257.581120417,24988804.48455473,0.5573770491803278,0.47540983606557374,-0.1778730754929394,-0.07976267823573471,0.0,0.0,0.0
0.25,0.12,0.07,0.28,0.28,"(0.25, 0.12, 0.07, 0.28, 0.28)",0.13999999999999996,0.05521046397503282,0.05105992735440059,1.0812875543637943,0.0601580065221875,27520648.980780937,-0.1240403435124624,-0.1668245821823273,0.03740366556583917,0.0,61.0,22943787.866171516,23337325.998483498,20352505.323775865,24794004.476736102,0.5573770491803278,0.6065573770491803,-0.1677352658180158,-0.07276708660401404,0.0,0.0,0.0
0.3,0.1,0.09,0.26,0.25,"(0.3, 0.1, 0.09, 0.26, 0.25)",0.09999999999999999,0.055198298618751584,0.05082301708223478,1.0860885832385223,0.0601580065221875,27494570.7141681,-0.1265161554405294,-0.17302586945580856,0.036027345380750496,0.0,61.0,22922013.73345966,23081369.203428913,20107489.09682762,24969071.516372886,0.5573770491803278,0.5409836065573771,-0.1736874039636954,-0.07489418398840933,0.0,0.0,0.0
0.27,0.1,0.08,0.25,0.3,"(0.27, 0.1, 0.08, 0.25, 0.3)",0.05999999999999997,0.05519535108444584,0.05074163253995065,1.0877724724561952,0.0601580065221875,27502213.51580445,-0.12435000508944682,-0.1688481938963636,0.03672915612531799,0.0,61.0,22979279.245844916,23260444.447261356,20263422.716433913,24884488.10024155,0.5573770491803278,0.5901639344262295,-0.16949737386819802,-0.07751520566237863,0.0,0.0,0.0
0.27,0.1,0.09,0.28,0.26,"(0.27, 0.1, 0.09, 0.28, 0.26)",0.13999999999999996,0.05519109376941134,0.051578603224990596,1.0700385492926732,0.0601580065221875,27490330.101791054,-0.12924547382051654,-0.1774013152973592,0.03675255011344881,0.0,61.0,22912487.069989033,23040561.11961225,20035006.803311955,24984608.459512185,0.5573770491803278,0.47540983606557374,-0.17804193492829323,-0.07566497729203518,0.0,0.0,0.0
0.3,0.12,0.07,0.25,0.26,"(0.3, 0.12, 0.07, 0.25, 0.26)",0.07999999999999997,0.055183026162995974,0.04975450306904077,1.1091061664593942,0.0601580065221875,27517579.257175058,-0.1193236835192103,-0.15955554463638014,0.03597482140306795,0.0,61.0,22954272.879720654,23340240.257486418,20463194.991718955,24769054.311567087,0.5573770491803278,0.7049180327868853,-0.16046846168020698,-0.0711455020846621,0.0,0.0,0.0
0.28,0.09,0.09,0.25,0.29,"(0.28, 0.09, 0.09, 0.25, 0.29)",0.07999999999999997,0.055182700832707265,0.0510596028518993,1.0807506864627836,0.0601580065221875,27486366.65249481,-0.12695879099209573,-0.17415123014633338,0.03662991594691229,0.0,61.0,22963293.441388335,23116223.862868026,20104732.551669184,24979452.511314254,0.5573770491803278,0.5409836065573771,-0.17466052349315542,-0.07893840352236749,0.0,0.0,0.0
0.27,0.12,0.07,0.27,0.27,"(0.27, 0.12, 0.07, 0.27, 0.27)",0.11999999999999995,0.055177511332299645,0.05049364516431602,1.0927614980606257,0.0601580065221875,27513721.089130342,-0.12196883824841054,-0.16366740489085516,0.036778957435034315,0.0,61.0,22944652.558616392,23330029.15007589,20389508.192985617,24784676.68326248,0.5573770491803278,0.6229508196721312,-0.1645836734752479,-0.07193320896857812,0.0,0.0,0.0
0.25,0.14,0.06,0.3,0.25,"(0.25, 0.14, 0.06, 0.3, 0.25)",0.19999999999999996,0.05517615399511655,0.05112425619193492,1.0792558778355554,0.0601580065221875,27528150.23218257,-0.1253329343257763,-0.16726323048714756,0.037453466875555494,0.0,61.0,22907590.56054696,23279345.12907128,20478121.477088135,24692076.551965658,0.5573770491803278,0.5901639344262295,-0.16844989651610556,-0.07117609555346416,0.0,0.0,0.0
0.25,0.09,0.09,0.27,0.3,"(0.25, 0.09, 0.09, 0.27, 0.3)",0.12000000000000001,0.05517569099429287,0.05180790518932563,1.065005249539816,0.0601580065221875,27482177.800791465,-0.12968867853134358,-0.17854326020590403,0.03720773443108917,0.0,61.0,22953727.901018232,23093643.644971874,20032256.244584087,24995011.50001501,0.5573770491803278,0.47540983606557374,-0.17902794666044808,-0.0797055464594834,0.0,0.0,0.0
0.25,0.11,0.08,0.29,0.27,"(0.25, 0.11, 0.08, 0.29, 0.27)",0.15999999999999992,0.055163129502580066,0.05146556989977168,1.0718453057065007,0.0601580065221875,27494874.46296492,-0.12731589067019977,-0.17322142176285013,0.037257535740805495,0.0,61.0,22919227.216409735,23151557.57795461,20156977.21512401,24895585.51918173,0.5573770491803278,0.5409836065573771,-0.17399319941439956,-0.0741760703094405,0.0,0.0,0.0
0.29,0.1,0.08,0.24,0.29,"(0.29, 0.1, 0.08, 0.24, 0.29)",0.060000000000000026,0.05516209193601296,0.05017787592048623,1.0993309486321203,0.0601580065221875,27495202.358909275,-0.12227950717924763,-0.16566101776596967,0.036181637861506646,0.0,61.0,22980083.91570797,23252519.624757633,20300203.21900256,24875068.977144383,0.5573770491803278,0.6229508196721312,-0.16632056999194084,-0.07668483567155462,0.0,0.0,0.0
0.3,0.09,0.09,0.24,0.28,"(0.3, 0.09, 0.09, 0.24, 0.28)",0.07999999999999997,0.05514956963487028,0.050496904833254835,1.0921376234242266,0.0601580065221875,27479380.515421655,-0.12489534200037755,-0.17093341989557156,0.03620280388230042,0.0,61.0,22964074.892058708,23121308.065612465,20141196.431897722,24970001.82388867,0.5573770491803278,0.5901639344262295,-0.17145632365330163,-0.0781138833452904,0.0,0.0,0.0
0.29,0.12,0.07,0.26,0.26,"(0.29, 0.12, 0.07, 0.26, 0.26)",0.09999999999999999,0.05514391837905119,0.049933168925095674,1.104354471509151,0.0601580065221875,27506635.197843455,-0.11998175356227969,-0.1606524215628815,0.03615424930422946,0.0,61.0,22945432.97899237,23322629.685634013,20426499.872426413,24775250.967589695,0.5573770491803278,0.6885245901639344,-0.16155929886453807,-0.07109910460873196,0.0,0.0,0.0
0.27,0.09,0.09,0.26,0.29,"(0.27, 0.09, 0.09, 0.26, 0.29)",0.09999999999999999,0.05514350062501627,0.05123583665136379,1.076268179248098,0.0601580065221875,27475426.7302958,-0.127629628886075,-0.17531176789824374,0.03675310834153681,0.0,61.0,22954625.878225163,23084450.142197087,20068692.997492563,24985701.433894064,0.5573770491803278,0.5409836065573771,-0.175811129248628,-0.07888224565001598,0.0,0.0,0.0
0.26,0.12,0.07,0.28,0.27,"(0.26, 0.12, 0.07, 0.28, 0.27)",0.13999999999999996,0.055137794552721386,0.05068131837508437,1.08793133881513,0.0601580065221875,27502627.24874042,-0.12264446936748863,-0.16479968111633986,0.036958385336195824,0.0,61.0,22935760.160608623,23312334.097474013,20352888.874827966,24790787.856912047,0.5573770491803278,0.6229508196721312,-0.16570941052608854,-0.0718858487924118,0.0,0.0,0.0
0.27,0.11,0.08,0.28,0.26,"(0.27, 0.11, 0.08, 0.28, 0.26)",0.13999999999999996,0.05513060642006429,0.05089561867407955,1.0832092792329402,0.0601580065221875,27488048.58568379,-0.12525266179992012,-0.17002924277664597,0.03663282761000065,0.0,61.0,22920100.691808317,23144370.040199134,20193623.3223735,24886268.20927944,0.5573770491803278,0.5901639344262295,-0.1708101098018361,-0.07334904823447971,0.0,0.0,0.0
0.29,0.09,0.09,0.25,0.28,"(0.29, 0.09, 0.09, 0.25, 0.28)",0.07999999999999997,0.055110669994208106,0.050669359686139774,1.0876527813964703,0.0601580065221875,27468517.698234245,-0.1255674168014923,-0.17208935238556336,0.036325996276924934,0.0,61.0,22955439.52345276,23083408.280314185,20105118.782062195,24976292.598319594,0.5573770491803278,0.5737704918032787,-0.17260266518142758,-0.07805869761677665,0.0,0.0,0.0
0.28,0.12,0.07,0.27,0.26,"(0.28, 0.12, 0.07, 0.27, 0.26)",0.11999999999999995,0.05510450246743637,0.05011714166282839,1.0995140712166167,0.0601580065221875,27495618.629835334,-0.12063965860146375,-0.1617515421930597,0.03633367720539097,0.0,61.0,22936572.740569707,23304986.292379566,20389841.805096727,24781403.740797035,0.5573770491803278,0.6721311475409836,-0.16265224104607395,-0.07105272212636947,0.0,0.0,0.0
0.26,0.09,0.09,0.27,0.29,"(0.26, 0.09, 0.09, 0.27, 0.29)",0.12000000000000001,0.05510399244601305,0.05141725991952217,1.0717022364136348,0.0601580065221875,27464414.36700046,-0.1283003252993804,-0.17647475077225042,0.03687630073616133,0.0,61.0,22945937.80945314,23074487.282785006,20032689.811609335,24991906.118053153,0.5573770491803278,0.5245901639344263,-0.17696402887302948,-0.07882610378471182,0.0,0.0,0.0
0.25,0.12,0.07,0.29,0.27,"(0.25, 0.12, 0.07, 0.29, 0.27)",0.15999999999999992,0.05509776971738911,0.050874154624803256,1.0830208408126878,0.0601580065221875,27491461.03045831,-0.12331995607128987,-0.16593435483398247,0.037137813237357334,0.0,61.0,22926847.467237588,23294606.377341498,20316306.682513095,24796855.076506093,0.5573770491803278,0.6065573770491803,-0.16683740209971948,-0.071838503349459,0.0,0.0,0.0
0.26,0.11,0.07,0.26,0.3,"(0.26, 0.11, 0.07, 0.26, 0.3)",0.07999999999999999,0.05509226363108888,0.050293310193609525,1.0954193195676576,0.0601580065221875,27488211.90236678,-0.12107773223355955,-0.16281700263511492,0.03678886152303133,0.0,61.0,22978609.859495483,23386671.334337015,20386951.440566573,24792260.607467853,0.5573770491803278,0.6557377049180327,-0.16357870592926876,-0.07513255012055052,0.0,0.0,0.0
0.26,0.11,0.08,0.29,0.26,"(0.26, 0.11, 0.08, 0.29, 0.26)",0.15999999999999992,0.055090335399910595,0.05109239241787775,1.0782492812106783,0.0601580065221875,27476833.55514489,-0.12592620138931088,-0.17117753496291405,0.036812255511162156,0.0,61.0,22911269.79243525,23126739.436841737,20157312.740291998,24892330.881504275,0.5573770491803278,0.5737704918032787,-0.17195045784937818,-0.0732996996242553,0.0,0.0,0.0
0.3,0.1,0.08,0.24,0.28,"(0.3, 0.1, 0.08, 0.24, 0.28)",0.05999999999999997,0.05508983938916212,0.04978480344128558,1.1065593430359348,0.0601580065221875,27477296.105929594,-0.12088109657156809,-0.16362050478860612,0.03587771819151929,0.0,61.0,22972119.251124475,23215374.02955348,20300586.36274942,24871887.945870295,0.5573770491803278,0.639344262295082,-0.1642817488728089,-0.07580197104979451,0.0,0.0,0.0
0.3,0.12,0.07,0.26,0.25,"(0.3, 0.12, 0.07, 0.26, 0.25)",0.09999999999999999,0.055070570249568185,0.04955886279008477,1.111215373985259,0.0601580065221875,27488452.196240675,-0.11874104834684751,-0.15887742567509205,0.035708969074586115,0.0,61.0,22937301.094622288,23297536.035830755,20426783.37663928,24771921.77851644,0.5573770491803278,0.7377049180327869,-0.15978378055481635,-0.07021937454160117,0.0,0.0,0.0
0.27,0.12,0.07,0.28,0.26,"(0.27, 0.12, 0.07, 0.28, 0.26)",0.13999999999999996,0.055064778480307996,0.05030636305972432,1.0945887385047977,0.0601580065221875,27484529.64539619,-0.12129739837455422,-0.16285290625479984,0.03651310510655248,0.0,61.0,22927692.185578026,23287310.173437193,20353220.831017792,24787512.598680533,0.5573770491803278,0.639344262295082,-0.16374728757522047,-0.07100635445166772,0.0,0.0,0.0
0.28,0.11,0.07,0.25,0.29,"(0.28, 0.11, 0.07, 0.25, 0.29)",0.05999999999999997,0.05505883684326163,0.04972758941468404,1.1072090461518194,0.0601580065221875,27481172.311861727,-0.11902738841292904,-0.15969738190105248,0.03616415339222647,0.0,61.0,22979417.847548112,23379274.81230199,20423962.086961236,24782858.1783995,0.5573770491803278,0.7213114754098361,-0.16046606722387236,-0.07429801990387941,0.0,0.0,0.0
0.28,0.11,0.08,0.28,0.25,"(0.28, 0.11, 0.08, 0.28, 0.25)",0.13999999999999996,0.05505747287644813,0.0505245634693027,1.0897169435199474,0.0601580065221875,27469926.953028873,-0.12386104762031735,-0.16798979493860797,0.0361875473803573,0.0,61.0,22912091.219957843,23119501.30815406,20193909.304112975,24882957.021147717,0.5573770491803278,0.5901639344262295,-0.16877143308875253,-0.07247342026694968,0.0,0.0,0.0
0.25,0.11,0.07,0.27,0.3,"(0.25, 0.11, 0.07, 0.27, 0.3)",0.1,0.05505323987683619,0.05046865545720762,1.0908402329742237,0.0601580065221875,27477301.329037596,-0.12169007090389206,-0.16386527518161778,0.03696828942419284,0.0,61.0,22969769.836959556,23363683.151723705,20350405.853160534,24798471.195461877,0.5573770491803278,0.6229508196721312,-0.16463145379297103,-0.07508132362597766,0.0,0.0,0.0
0.25,0.11,0.08,0.3,0.26,"(0.25, 0.11, 0.08, 0.3, 0.26)",0.17999999999999994,0.055049756458799726,0.05129421869999021,1.0732156148195748,0.0601580065221875,27465546.314281892,-0.12659959685382893,-0.172328242377329,0.03699168341232367,0.0,61.0,22902418.559173495,23106873.562558334,20121039.09686393,24898349.387063302,0.5573770491803278,0.5409836065573771,-0.17309307435483567,-0.07325036559073503,0.0,0.0,0.0
0.29,0.12,0.07,0.27,0.25,"(0.29, 0.12, 0.07, 0.27, 0.25)",0.12000000000000001,0.05503114713221913,0.04974436506966689,1.1062790138169039,0.0601580065221875,27477440.46823313,-0.11939992183066117,-0.15997480629474545,0.03588839697574763,0.0,61.0,22928452.710392162,23279911.567899078,20390123.7446523,24778072.219789524,0.5573770491803278,0.6885245901639344,-0.16087514922758606,-0.0701739828206816,0.0,0.0,0.0
0.3,0.11,0.07,0.24,0.28,"(0.3, 0.11, 0.07, 0.24, 0.28)",0.05999999999999997,0.05502476992023708,0.04916777790524256,1.1191225689776396,0.0601580065221875,27473974.989626557,-0.11697364383065101,-0.15658625359022432,0.03555263250073816,0.0,61.0,22980141.445217278,23371775.53884569,20460961.330459878,24773357.919510093,0.5573770491803278,0.819672131147541,-0.15736122756135318,-0.07346326033253057,0.0,0.0,0.0
0.26,0.12,0.07,0.29,0.26,"(0.26, 0.12, 0.07, 0.29, 0.26)",0.15999999999999992,0.05502474646996225,0.050500774117200414,1.0895822377348663,0.0601580065221875,27473368.33733494,-0.12195497261954169,-0.16395651346369025,0.03669253300771399,0.0,61.0,22918791.335187208,23269601.424624283,20316636.991227787,24793577.508951437,0.5573770491803278,0.6229508196721312,-0.16484443779053415,-0.07096000139908203,0.0,0.0,0.0
0.27,0.11,0.07,0.26,0.29,"(0.27, 0.11, 0.07, 0.26, 0.29)",0.07999999999999999,0.05502011384576044,0.049899098005035725,1.102627423048968,0.0601580065221875,27470338.86446714,-0.11961306422015228,-0.1607038658013141,0.03634358129338799,0.0,61.0,22970610.01991175,23361686.40956095,20387377.830298316,24789110.330921873,0.5573770491803278,0.6885245901639344,-0.161477518411721,-0.07424777232499007,0.0,0.0,0.0
0.27,0.11,0.08,0.29,0.25,"(0.27, 0.11, 0.08, 0.29, 0.25)",0.15999999999999992,0.05501719466033839,0.05072291910090221,1.0846614436936024,0.0601580065221875,27458716.87122603,-0.12453568337204246,-0.16913595326515307,0.03636697528151881,0.0,61.0,22903272.099750802,23101889.58286128,20157597.164619714,24889017.359602142,0.5573770491803278,0.5901639344262295,-0.16990983374246438,-0.07242505984636768,0.0,0.0,0.0
0.28,0.12,0.07,0.28,0.25,"(0.28, 0.12, 0.07, 0.28, 0.25)",0.13999999999999996,0.05499141597190915,0.04993514371279069,1.1012567879688173,0.0601580065221875,27466356.37828811,-0.12005862952144275,-0.16107443052745177,0.03606782487690914,0.0,61.0,22919584.009624317,23262254.412065558,20353501.214264136,24784178.75225801,0.5573770491803278,0.6721311475409836,-0.16196862262284278,-0.07012860579780986,0.0,0.0,0.0
0.29,0.11,0.07,0.25,0.28,"(0.29, 0.11, 0.07, 0.25, 0.28)",0.05999999999999997,0.05498634770085875,0.04933534145167218,1.1145427614952697,0.0601580065221875,27463218.68919613,-0.11753286786870032,-0.1575514014658634,0.03571887316258314,0.0,61.0,22971365.844648406,23354238.907988317,20424338.528588217,24779651.58113067,0.5573770491803278,0.8032786885245902,-0.15833182750343655,-0.07341398986362935,0.0,0.0,0.0
0.3,0.08,0.09,0.23,0.3,"(0.3, 0.08, 0.09, 0.23, 0.3)",0.07999999999999999,0.05498291974413272,0.050081067312864644,1.0978783539225592,0.0601580065221875,27433764.60162686,-0.12255709024194616,-0.1679319288341494,0.03619753510848749,0.0,61.0,22988947.710324816,23136278.873780724,20138531.824927513,24973051.783687044,0.5573770491803278,0.6065573770491803,-0.1683143319136602,-0.08040608959351211,0.0,0.0,0.0
0.26,0.11,0.08,0.3,0.25,"(0.26, 0.11, 0.08, 0.3, 0.25)",0.17999999999999994,0.05497660855584674,0.05092635149669237,1.0795316558151125,0.0601580065221875,27447434.63337183,-0.12521017450251348,-0.17028452667983146,0.03654640318268032,0.0,61.0,22894432.645524044,23074013.38485304,20121321.97206168,24895033.537917003,0.5573770491803278,0.5901639344262295,-0.1710505029554398,-0.0723767138894306,0.0,0.0,0.0
0.29,0.08,0.09,0.24,0.3,"(0.29, 0.08, 0.09, 0.24, 0.3)",0.08000000000000002,0.05494470550962949,0.05024196119996871,1.0936019255089053,0.0601580065221875,27423089.950548507,-0.12323030902615262,-0.1690868602922389,0.03632072750311201,0.0,61.0,22980377.047595832,23126483.705364104,20102526.13527424,24979439.98491406,0.5573770491803278,0.5901639344262295,-0.16945905630852282,-0.08034809063900634,0.0,0.0,0.0
0.28,0.08,0.09,0.25,0.3,"(0.28, 0.08, 0.09, 0.25, 0.3)",0.07999999999999996,0.054906183322829705,0.05040825104620831,1.0892300800616594,0.0601580065221875,27412342.81530636,-0.12390338650470889,-0.1702442485389962,0.03644391989773653,0.0,61.0,22971785.78897726,23116646.78773273,20066556.534733377,24985784.045947827,0.5573770491803278,0.5901639344262295,-0.17060608549856332,-0.0802901085594106,0.0,0.0,0.0
0.3,0.08,0.09,0.24,0.29,"(0.3, 0.08, 0.09, 0.24, 0.29)",0.08000000000000002,0.05487283994299541,0.04984222547561983,1.1009307754493485,0.0601580065221875,27405319.229649298,-0.12183378230146591,-0.16702211789326182,0.036016807833124644,0.0,61.0,22972522.80892434,23107248.35074152,20102901.914376922,24976285.48174493,0.5573770491803278,0.6065573770491803,-0.16739945401994263,-0.07946760973188075,0.0,0.0,0.0
0.26,0.13,0.06,0.3,0.25,"(0.26, 0.13, 0.06, 0.3, 0.25)",0.17999999999999994,0.05484010723649324,0.049835125328157724,1.1004308080972682,0.0601580065221875,27439273.750759438,-0.1196951980765173,-0.15966189927054467,0.03630695817578399,0.0,61.0,22909118.133631624,23306749.1426195,20440394.71305847,24697077.90557351,0.5573770491803278,0.6885245901639344,-0.1606787196336227,-0.06767226531821283,0.0,0.0,0.0
0.26,0.08,0.09,0.27,0.3,"(0.26, 0.08, 0.09, 0.27, 0.3)",0.12,0.05482821529868831,0.050756804756201014,1.0802140828612716,0.0601580065221875,27390631.453523465,-0.1252491161329069,-0.17256639590707276,0.03669030468698556,0.0,61.0,22954541.56538206,23096847.933938462,19994725.76564736,24998339.61375808,0.5573770491803278,0.5409836065573771,-0.17290705713031213,-0.08017419441035886,0.0,0.0,0.0
0.29,0.1,0.08,0.27,0.26,"(0.29, 0.1, 0.08, 0.27, 0.26)",0.1,0.05482734248130372,0.049544994413054044,1.1066171897045949,0.0601580065221875,27408637.14941075,-0.12011331419424132,-0.162961062585263,0.03563945603541811,0.0,61.0,22929961.78884499,23086528.96251657,20192249.927562766,24884080.200475942,0.5573770491803278,0.6721311475409836,-0.16360145552181865,-0.07389069161720595,0.0,0.0,0.0
0.26,0.1,0.08,0.29,0.27,"(0.26, 0.1, 0.08, 0.29, 0.27)",0.13999999999999993,0.05482081738782196,0.050307041364290546,1.0897245375820377,0.0601580065221875,27404564.346484274,-0.1228615329233802,-0.16729626951217838,0.03618976049465451,0.0,61.0,22920441.436954297,23090197.571363993,20119528.571293335,24899657.563749734,0.5573770491803278,0.6065573770491803,-0.16791789771653504,-0.07466472742518286,0.0,0.0,0.0
0.28,0.1,0.08,0.28,0.26,"(0.28, 0.1, 0.08, 0.28, 0.26)",0.11999999999999997,0.054787742751401414,0.0497342806732889,1.1016092322981281,0.0601580065221875,27397619.698643126,-0.12079020633680371,-0.16410414607352536,0.035762648430042634,0.0,61.0,22921218.55221295,23084580.508617055,20156007.119989935,24890235.72206537,0.5573770491803278,0.6229508196721312,-0.16473635619478405,-0.07384047153359942,0.0,0.0,0.0
0.25,0.1,0.08,0.3,0.27,"(0.25, 0.1, 0.08, 0.3, 0.27)",0.15999999999999995,0.05478060923948447,0.050505125091719345,1.084654461106683,0.0601580065221875,27393397.83313319,-0.12353703670948324,-0.1684463467630297,0.03631295288927903,0.0,61.0,22911645.644797955,23097355.17127376,20083360.74114099,24905727.1820157,0.5573770491803278,0.5901639344262295,-0.16905930800496952,-0.07461355112841353,0.0,0.0,0.0
0.25,0.12,0.06,0.29,0.28,"(0.25, 0.12, 0.06, 0.29, 0.28)",0.1399999999999999,0.05476036342465429,0.04952677062948459,1.1056719977630443,0.0601580065221875,27415182.162791457,-0.11742502797758914,-0.15668097317104537,0.03631686226378102,0.0,61.0,22943710.29740149,23334926.32087019,20438207.377932966,24705455.953905296,0.5573770491803278,0.819672131147541,-0.1575341910798471,-0.07086644645523549,0.0,0.0,0.0
0.3,0.1,0.08,0.27,0.25,"(0.3, 0.1, 0.08, 0.27, 0.25)",0.1,0.05475402850208555,0.04916726628285947,1.11362767633013,0.0601580065221875,27390517.806408755,-0.11871570657435326,-0.16092103799683788,0.035335536365430756,0.0,61.0,22921911.523668874,23078882.90694002,20192474.2897807,24880715.67018429,0.5573770491803278,0.6885245901639344,-0.16156311622717667,-0.073015990146876,0.0,0.0,0.0
0.27,0.1,0.08,0.29,0.26,"(0.27, 0.1, 0.08, 0.29, 0.26)",0.13999999999999993,0.0547478352014501,0.049928815558596185,1.096517804176595,0.0601580065221875,27386530.129825283,-0.12146695367210614,-0.1652496564731747,0.03588584082466715,0.0,61.0,22912454.909808233,23090971.18396545,20119801.020426475,24896347.14499328,0.5573770491803278,0.6229508196721312,-0.16587353612622038,-0.0737902666984662,0.0,0.0,0.0
0.25,0.09,0.08,0.28,0.3,"(0.25, 0.09, 0.08, 0.28, 0.3)",0.12000000000000002,0.05473170029449248,0.05018147141704891,1.0906754774013592,0.0601580065221875,27378202.18805064,-0.12191046067304623,-0.16635044685461206,0.03648841139082895,0.0,61.0,22953804.218115162,23119299.550018728,20116853.718994178,24906680.48429317,0.5573770491803278,0.6229508196721312,-0.16682855380381892,-0.07783191957774241,0.0,0.0,0.0
0.27,0.12,0.06,0.28,0.27,"(0.27, 0.12, 0.06, 0.28, 0.27)",0.11999999999999995,0.054726691944263495,0.0489565554075571,1.1178623881658083,0.0601580065221875,27408107.81786262,-0.11554717948930393,-0.1538573368442251,0.03569215413297616,0.0,61.0,22944481.843560643,23338640.85622714,20475271.03270606,24696041.13174143,0.5573770491803278,0.8688524590163934,-0.15471560069654614,-0.07003121688004398,0.0,0.0,0.0
0.26,0.1,0.07,0.27,0.3,"(0.26, 0.1, 0.07, 0.27, 0.3)",0.08,0.0547082674019268,0.049339170842736556,1.1088201619014573,0.0601580065221875,27386363.248374805,-0.11782847512730155,-0.15879276011394977,0.03604013330542331,0.0,61.0,22970489.269246623,23227762.47061437,20312222.757116936,24802176.09743282,0.5573770491803278,0.7540983606557377,-0.15940728555547942,-0.07557304569998798,0.0,0.0,0.0
0.27,0.09,0.08,0.27,0.29,"(0.27, 0.09, 0.08, 0.27, 0.29)",0.1,0.05469879152175361,0.049604266738695134,1.1027033583601862,0.0601580065221875,27371303.77020852,-0.11983557736187955,-0.16314965320499758,0.03606129932621707,0.0,61.0,22954608.88703265,23113701.963564448,20153350.757687446,24897282.17078924,0.5573770491803278,0.6721311475409836,-0.1636406350137101,-0.0770072462721049,0.0,0.0,0.0
0.29,0.12,0.06,0.27,0.26,"(0.29, 0.12, 0.06, 0.27, 0.26)",0.09999999999999999,0.05469238082414729,0.04839223865600696,1.1301891035239033,0.0601580065221875,27400876.31130145,-0.11366655209785592,-0.15104072063982757,0.03506744600217131,0.0,61.0,22945169.176582582,23342266.44456158,20512323.161325306,24686528.9099025,0.5573770491803278,0.9180327868852459,-0.15190340416195885,-0.06919577229065635,0.0,0.0,0.0
0.26,0.12,0.06,0.29,0.27,"(0.26, 0.12, 0.06, 0.29, 0.27)",0.1399999999999999,0.054687270050172154,0.04914444769787615,1.112786339290482,0.0601580065221875,27397120.73470172,-0.11607067825703088,-0.15476317224339892,0.03587158203413767,0.0,61.0,22935566.542226184,23333250.11556876,20438520.146666676,24702158.855196506,0.5573770491803278,0.819672131147541,-0.15561492366193297,-0.06998600354518472,0.0,0.0,0.0
0.29,0.09,0.08,0.26,0.28,"(0.29, 0.09, 0.08, 0.26, 0.28)",0.07999999999999999,0.05466524315652799,0.04903271989362035,1.1148727477310614,0.0601580065221875,27364248.21820318,-0.11775751127168732,-0.15995789996175488,0.035634187261605194,0.0,61.0,22955329.282375373,23108023.728836436,20189836.496631965,24887785.61049839,0.5573770491803278,0.7213114754098361,-0.16046103659425862,-0.07618233732481487,0.0,0.0,0.0
0.26,0.09,0.08,0.28,0.29,"(0.26, 0.09, 0.08, 0.28, 0.29)",0.12000000000000002,0.054659576542808175,0.04978605759496679,1.0978892321117244,0.0601580065221875,27360397.03212706,-0.12051238106296946,-0.1642963309237363,0.036184491720841594,0.0,61.0,22945897.82281592,23128228.403587434,20117217.70398588,24903493.24797184,0.5573770491803278,0.639344262295082,-0.1647781820249098,-0.07695322186278697,0.0,0.0,0.0
0.28,0.12,0.06,0.28,0.26,"(0.28, 0.12, 0.06, 0.28, 0.26)",0.11999999999999995,0.05465325975753643,0.048576330487070246,1.1251006243068054,0.0601580065221875,27389966.24734126,-0.1141908822948835,-0.151942605150569,0.035246873903332816,0.0,61.0,22936286.07742628,23338406.55142401,20475533.58741498,24692688.054870587,0.5573770491803278,0.8852459016393442,-0.15279905455163018,-0.0691515352735118,0.0,0.0,0.0
0.25,0.12,0.06,0.3,0.27,"(0.25, 0.12, 0.06, 0.3, 0.27)",0.15999999999999992,0.05464754025645746,0.04933766216573579,1.107623220429145,0.0601580065221875,27386061.534857504,-0.11659419136974358,-0.15567099158291953,0.03605100993529919,0.0,61.0,22926630.97451608,23294917.770592447,20401806.471627697,24708232.814938918,0.5573770491803278,0.819672131147541,-0.15651611718027109,-0.0699408051425204,0.0,0.0,0.0
0.28,0.09,0.08,0.27,0.28,"(0.28, 0.09, 0.08, 0.27, 0.28)",0.09999999999999995,0.05462632868626405,0.04921071602430741,1.1100494587252423,0.0601580065221875,27353418.29906157,-0.11843556110206699,-0.16109999172870276,0.035757379656229715,0.0,61.0,22946650.43429231,23122582.106194876,20153665.37489234,24894038.40114497,0.5573770491803278,0.6885245901639344,-0.1615943363940397,-0.07612928381574154,0.0,0.0,0.0
0.27,0.12,0.06,0.29,0.26,"(0.27, 0.12, 0.06, 0.29, 0.26)",0.1399999999999999,0.054613830771537586,0.04876583590315174,1.1199199144253342,0.0601580065221875,27378984.02908666,-0.11471522687079339,-0.15284647342133978,0.035426301804494326,0.0,61.0,22927382.690653108,23300098.056908675,20438781.191469003,24698803.47495966,0.5573770491803278,0.8688524590163934,-0.15369657588016863,-0.06910731326827282,0.0,0.0,0.0
0.3,0.09,0.08,0.26,0.27,"(0.3, 0.09, 0.08, 0.26, 0.27)",0.07999999999999999,0.05459244141437525,0.04864112199343058,1.1223516065634431,0.0601580065221875,27346282.61495498,-0.11635555856704893,-0.1579126930564255,0.03533026759161784,0.0,61.0,22947318.81814324,23116855.175981484,20190101.57943567,24884485.383697927,0.5573770491803278,0.8032786885245902,-0.1584188112563586,-0.07530511588220298,0.0,0.0,0.0
0.3,0.07,0.09,0.24,0.3,"(0.3, 0.07, 0.09, 0.24, 0.3)",0.08,0.054592395144632766,0.0492529079115046,1.1084095835056462,0.0601580065221875,27330515.1886104,-0.11876662260451987,-0.16308748577477536,0.03583081178394888,0.0,61.0,22980587.606913254,23128949.838216532,20064297.89108758,24981995.31722681,0.5573770491803278,0.6721311475409836,-0.16332529696911677,-0.08081467423089056,0.0,0.0,0.0
0.29,0.12,0.06,0.28,0.25,"(0.29, 0.12, 0.06, 0.28, 0.25)",0.12000000000000001,0.054579481845675515,0.04819989347566097,1.1323568977021907,0.0601580065221875,27371749.568328172,-0.11283348281759242,-0.15002897846279728,0.03480855737849301,0.0,61.0,22928050.272705823,23305207.918336708,20475744.340791322,24689276.75652427,0.5573770491803278,0.9672131147540983,-0.15088343047677663,-0.06827361034256738,0.0,0.0,0.0
0.29,0.07,0.09,0.25,0.3,"(0.29, 0.07, 0.09, 0.25, 0.3)",0.08,0.054554235177134425,0.04941563955153564,1.1039872330345888,0.0601580065221875,27319892.446897615,-0.11944290290256898,-0.164241958778639,0.0359540041785734,0.0,61.0,22972063.895874154,23119162.632866707,20028433.25226748,24988387.78726971,0.5573770491803278,0.639344262295082,-0.16446902957574133,-0.08075588220821031,0.0,0.0,0.0
0.3,0.08,0.08,0.24,0.3,"(0.3, 0.08, 0.08, 0.24, 0.3)",0.06000000000000001,0.054535622224957336,0.04846308699388938,1.125302278656612,0.0601580065221875,27329140.270314198,-0.11555685506257019,-0.15693876908280968,0.03550572609316775,0.0,61.0,22988735.97052509,23130619.493916646,20223038.72370315,24884309.86069599,0.5573770491803278,0.819672131147541,-0.1573148239718148,-0.07853019460575883,0.0,0.0,0.0
0.27,0.1,0.07,0.28,0.28,"(0.27, 0.1, 0.07, 0.28, 0.28)",0.09999999999999996,0.05452424758339225,0.048727569616672975,1.1189609498754036,0.0601580065221875,27339715.33543466,-0.1153405284415786,-0.15537591185518376,0.0355554863600731,0.0,61.0,22945645.731969137,23123943.364858005,20276486.28891997,24801911.91041934,0.5573770491803278,0.819672131147541,-0.15598375643783416,-0.07376101799102706,0.0,0.0,0.0
0.28,0.07,0.09,0.26,0.3,"(0.28, 0.07, 0.09, 0.26, 0.3)",0.09999999999999996,0.054515767464218934,0.049583844880468395,1.0994663200411325,0.0601580065221875,27309197.506088004,-0.12011904051366717,-0.16539890042872374,0.03607719657319792,0.0,61.0,22963519.560376283,23109333.70437878,19992604.555227894,24994736.12266455,0.5573770491803278,0.6229508196721312,-0.16561507709804363,-0.08069710735502571,0.0,0.0,0.0
0.29,0.08,0.08,0.25,0.3,"(0.29, 0.08, 0.08, 0.25, 0.3)",0.06000000000000001,0.05449770041618285,0.048623623424216736,1.1208070599905264,0.0601580065221875,27318569.967390157,-0.11609757232058493,-0.15789039553015183,0.03562891848779227,0.0,61.0,22980142.368986107,23145318.949392766,20186904.006587505,24890703.60408426,0.5573770491803278,0.8032786885245902,-0.15825690423601368,-0.07847430337342683,0.0,0.0,0.0
0.3,0.07,0.09,0.25,0.29,"(0.3, 0.07, 0.09, 0.25, 0.29)",0.08,0.054482173701797976,0.04901298998633306,1.11158641243862,0.0601580065221875,27302133.577639874,-0.11804258047888039,-0.16217233957051672,0.03565008450858603,0.0,61.0,22964192.38023418,23099875.864358757,20028744.406776298,24985174.97912193,0.5573770491803278,0.6721311475409836,-0.16240586466018772,-0.07987832630579587,0.0,0.0,0.0
0.27,0.07,0.09,0.27,0.3,"(0.27, 0.07, 0.09, 0.27, 0.3)",0.11999999999999998,0.05447699205736867,0.04975746838684951,1.0948505585900445,0.0601580065221875,27298430.45588796,-0.1207950350845155,-0.1665583108694694,0.03620038896782243,0.0,61.0,22954954.620596275,23099463.109913684,19956811.84101803,25001040.289928958,0.5573770491803278,0.6229508196721312,-0.16676343926778167,-0.08063834952069467,0.0,0.0,0.0
0.29,0.07,0.09,0.26,0.29,"(0.29, 0.07, 0.09, 0.26, 0.29)",0.10000000000000002,0.054443698589841105,0.04918271926023835,1.1069680450518722,0.0601580065221875,27291443.13819878,-0.11871981928699304,-0.1633271108067371,0.035773276903210555,0.0,61.0,22955659.69574649,23090053.68062237,19992914.105177265,24991520.960125037,0.5573770491803278,0.6721311475409836,-0.16354993566169154,-0.0798205346954881,0.0,0.0,0.0
0.26,0.11,0.06,0.29,0.28,"(0.26, 0.11, 0.06, 0.29, 0.28)",0.11999999999999991,0.05441699990894233,0.048343217201771975,1.125638777448757,0.0601580065221875,27324817.62390644,-0.11273967192473688,-0.1504024937416785,0.035353593063916486,0.0,61.0,22944459.112806186,23230545.785488382,20399779.399074145,24709333.853679877,0.5573770491803278,0.9672131147540983,-0.15112570017931218,-0.07137201407790826,0.0,0.0,0.0
0.25,0.11,0.06,0.3,0.28,"(0.25, 0.11, 0.06, 0.3, 0.28)",0.13999999999999993,0.054377640372152536,0.04853246087424849,1.1204385558162684,0.0601580065221875,27313878.313786156,-0.11328420695418906,-0.15133638983204548,0.03547678545854101,0.0,61.0,22935579.269549344,23199607.124772966,20363173.670029327,24715458.4739539,0.5573770491803278,0.9016393442622951,-0.15205253259936038,-0.07132494376885001,0.0,0.0,0.0
0.26,0.1,0.07,0.3,0.27,"(0.26, 0.1, 0.07, 0.3, 0.27)",0.13999999999999996,0.054372298769870264,0.04871978452978369,1.1160209203435834,0.0601580065221875,27299803.234741855,-0.11503607590198495,-0.15525259785504122,0.03549795147933477,0.0,61.0,22919984.180002447,23092337.36329109,20204037.042766314,24810869.13718271,0.5573770491803278,0.819672131147541,-0.1558555115313888,-0.07278549516484369,0.0,0.0,0.0
0.28,0.1,0.07,0.29,0.26,"(0.28, 0.1, 0.07, 0.29, 0.26)",0.11999999999999993,0.05433850759437009,0.048142174397652934,1.1287090430427098,0.0601580065221875,27292713.223055854,-0.11294884318339393,-0.1520909323107124,0.03507083941472289,0.0,61.0,22920668.38887901,23084511.0040007,20240575.074815534,24801360.46701063,0.5573770491803278,0.8852459016393442,-0.15270266116947287,-0.07195990913574128,0.0,0.0,0.0
0.26,0.09,0.07,0.28,0.3,"(0.26, 0.09, 0.07, 0.28, 0.3)",0.10000000000000002,0.05432093910953051,0.048434319130937785,1.121538200272389,0.0601580065221875,27284033.177867062,-0.11457518536603539,-0.1547433868062072,0.03567340998088469,0.0,61.0,22962083.31074979,23172417.33300543,20237353.54716,24811521.879569508,0.5573770491803278,0.8524590163934426,-0.15521705252072568,-0.07600736660461851,0.0,0.0,0.0
0.28,0.09,0.07,0.27,0.29,"(0.28, 0.09, 0.07, 0.27, 0.29)",0.08,0.05428701325527796,0.04785623327563953,1.1343770610319204,0.0601580065221875,27276912.836706847,-0.1125135076045981,-0.1516150401019748,0.03524629791627281,0.0,61.0,22962762.593638215,23164539.880976688,20273947.726241395,24801995.108188555,0.5573770491803278,0.9180327868852459,-0.15209942511343252,-0.07518038969120694,0.0,0.0,0.0
0.25,0.09,0.07,0.29,0.3,"(0.25, 0.09, 0.07, 0.29, 0.3)",0.11999999999999998,0.05428202504170754,0.04861462401535724,1.1165781108285437,0.0601580065221875,27273227.363316346,-0.11511798958088215,-0.15569014822335417,0.035796602375509204,0.0,61.0,22953337.762662835,23165470.652083024,20201093.092709936,24817741.418108042,0.5573770491803278,0.819672131147541,-0.15615499363194696,-0.07595447239919917,0.0,0.0,0.0
0.27,0.09,0.07,0.28,0.29,"(0.27, 0.09, 0.07, 0.28, 0.29)",0.10000000000000002,0.054248399653585855,0.048032657235494595,1.129406590762129,0.0601580065221875,27266183.60470484,-0.11305722839222054,-0.15255725572876094,0.03536949031089733,0.0,61.0,22954049.292314097,23157640.140399832,20237649.175277386,24808256.197779957,0.5573770491803278,0.8852459016393442,-0.15303313117214085,-0.07512846675197697,0.0,0.0,0.0
0.3,0.06,0.09,0.25,0.3,"(0.3, 0.06, 0.09, 0.25, 0.3)",0.08,0.0541985460458716,0.04847862759292274,1.1179884567067218,0.0601580065221875,27226797.390711997,-0.11638095006377436,-0.160153215710701,0.035464088459410265,0.0,61.0,22971941.26431656,23125030.047763664,19989928.13016003,24990364.764183007,0.5573770491803278,0.7377049180327869,-0.16025302125925425,-0.08121712731634308,0.0,0.0,0.0
0.3,0.07,0.08,0.25,0.3,"(0.3, 0.07, 0.08, 0.25, 0.3)",0.06,0.05414325917653651,0.047645208146515246,1.1363841461252284,0.0601580065221875,27225773.892751325,-0.11316109579457057,-0.1540153293734559,0.03513900276862914,0.0,61.0,22979973.008805867,23213141.853133757,20148066.300287552,24892874.710811075,0.5573770491803278,0.8852459016393442,-0.15425819654841907,-0.07894707033522509,0.0,0.0,0.0
0.29,0.07,0.08,0.26,0.3,"(0.29, 0.07, 0.08, 0.26, 0.3)",0.08000000000000002,0.0541053916003047,0.04780760343054409,1.1317319362998433,0.0601580065221875,27215255.26964016,-0.11341969300786192,-0.15458002222671732,0.03526219516325366,0.0,61.0,22971426.601102162,23203347.396228783,20112073.946267128,24899272.644979455,0.5573770491803278,0.8688524590163934,-0.1548123420671115,-0.0788903761198024,0.0,0.0,0.0
0.28,0.07,0.08,0.27,0.3,"(0.28, 0.07, 0.08, 0.27, 0.3)",0.09999999999999998,0.054067216435037535,0.04797565818740267,1.1269718535979225,0.0601580065221875,27204664.70938914,-0.11367850019425507,-0.1551460734787875,0.03538538755787818,0.0,61.0,22962859.59812459,23193511.056282725,20076117.614760406,24905626.635663155,0.5573770491803278,0.8524590163934426,-0.15536777322152526,-0.07883369929092232,0.0,0.0,0.0
0.3,0.07,0.08,0.26,0.29,"(0.3, 0.07, 0.08, 0.26, 0.29)",0.08000000000000002,0.0540329078495958,0.0473996896680661,1.1399422280605902,0.0601580065221875,27197456.718659192,-0.11211437891766707,-0.15266529073307167,0.03495827549326629,0.0,61.0,22963439.300294,23183902.00605607,20112315.31807247,24895978.987927873,0.5573770491803278,0.8852459016393442,-0.15290334150741064,-0.07801360131124407,0.0,0.0,0.0
0.27,0.07,0.08,0.28,0.3,"(0.27, 0.07, 0.08, 0.28, 0.3)",0.12,0.05402873373210282,0.048149313157632254,1.1221080881304037,0.0601580065221875,27194002.30081708,-0.11393751717320433,-0.1557134844036005,0.03550857995250269,0.0,61.0,22954272.020167958,23183632.890515786,20040197.347043898,24911936.649379715,0.5573770491803278,0.8360655737704918,-0.15592449105334943,-0.07877703969209393,0.0,0.0,0.0
0.28,0.08,0.08,0.3,0.26,"(0.28, 0.08, 0.08, 0.3, 0.26)",0.15999999999999992,0.05401209768674109,0.04794259001979511,1.1265994946130347,0.0601580065221875,27193033.271148946,-0.11318768072848373,-0.1544424948805546,0.03502920178096541,0.0,61.0,22904978.05690868,23083747.185797587,20007661.741817523,24908669.75950425,0.5573770491803278,0.8688524590163934,-0.15478425986697897,-0.07470625547150915,0.0,0.0,0.0
0.29,0.07,0.08,0.27,0.29,"(0.29, 0.07, 0.08, 0.27, 0.29)",0.10000000000000003,0.05399472540073269,0.047569337381965636,1.1350741543270484,0.0601580065221875,27186870.66936728,-0.11237366409959026,-0.15322903246406858,0.03508146788789081,0.0,61.0,22954884.018527415,23174072.47414042,20076357.52492088,24902330.63634982,0.5573770491803278,0.8852459016393442,-0.15345661573295066,-0.07795790660157759,0.0,0.0,0.0
0.26,0.07,0.08,0.29,0.3,"(0.26, 0.07, 0.08, 0.29, 0.3)",0.13999999999999996,0.05398994354300646,0.04832850797287142,1.1171448448876802,0.0601580065221875,27183268.133302968,-0.11447500470672456,-0.15666306614772438,0.03563177234712721,0.0,61.0,22945663.88757264,23173712.956354998,20004313.1841489,24918202.652865477,0.5573770491803278,0.819672131147541,-0.15686490242028422,-0.07872039716713233,0.0,0.0,0.0
0.28,0.07,0.08,0.28,0.29,"(0.28, 0.07, 0.08, 0.28, 0.29)",0.12,0.053956235446355194,0.04774462151472658,1.1301008099878365,0.0601580065221875,27176212.825184174,-0.11263315913724814,-0.15379413328068953,0.03520466028251533,0.0,61.0,22946308.161814753,23164201.15498298,20040435.803620495,24908638.314189766,0.5573770491803278,0.8852459016393442,-0.15401117632423175,-0.0779022290260471,0.0,0.0,0.0
0.25,0.07,0.08,0.3,0.3,"(0.25, 0.07, 0.08, 0.3, 0.3)",0.15999999999999998,0.05395084591939514,0.04851318124500776,1.112086334782404,0.0601580065221875,27172462.296785012,-0.11501806971576678,-0.1576224123635824,0.03575496474175172,0.0,61.0,22937035.22072501,23163751.311434433,19968465.16686211,24924424.613076545,0.5573770491803278,0.819672131147541,-0.15781376527195465,-0.07866377156015962,0.0,0.0,0.0
0.3,0.07,0.08,0.27,0.28,"(0.3, 0.07, 0.08, 0.27, 0.28)",0.09999999999999998,0.053921888926089734,0.04716645227981624,1.143225456224621,0.0601580065221875,27169001.779587287,-0.11106792126180398,-0.15131396413677392,0.03477754821790345,0.0,61.0,22946868.278604828,23154591.969397403,20076546.654383413,24898975.953249957,0.5573770491803278,0.9508196721311475,-0.15154724857249896,-0.07708383409126682,0.0,0.0,0.0
0.27,0.07,0.08,0.29,0.29,"(0.27, 0.07, 0.08, 0.29, 0.29)",0.13999999999999996,0.05391743803796856,0.047925480221951124,1.125026557652999,0.0601580065221875,27165483.275444575,-0.11295790423746654,-0.1544495254353475,0.03532785267713985,0.0,61.0,22937711.750454858,23154288.105966944,20004550.19517553,24914901.988198046,0.5573770491803278,0.8852459016393442,-0.15465724825533292,-0.07784656842624976,0.0,0.0,0.0
0.29,0.07,0.08,0.28,0.28,"(0.29, 0.07, 0.08, 0.28, 0.28)",0.12,0.0538833917538839,0.047343380644788956,1.1381399262161647,0.0601580065221875,27158348.53694343,-0.11132789458709846,-0.15187675709233434,0.03490074061252797,0.0,61.0,22938304.153747328,23144727.521829337,20040623.576999854,24905281.285091173,0.5573770491803278,0.9016393442622951,-0.15209965406291104,-0.07702913673335314,0.0,0.0,0.0
0.26,0.07,0.08,0.3,0.29,"(0.26, 0.07, 0.08, 0.3, 0.29)",0.15999999999999998,0.05387833322721658,0.048111850637027886,1.1198557634727666,0.0601580065221875,27154682.110041656,-0.1135019269082147,-0.1554064707373395,0.035451045071764366,0.0,61.0,22929094.804792356,23144333.384682048,19968700.74034557,24921121.625344522,0.5573770491803278,0.8524590163934426,-0.1556039044092223,-0.07779092464409293,0.0,0.0,0.0
0.28,0.07,0.08,0.29,0.28,"(0.28, 0.07, 0.08, 0.29, 0.28)",0.1399999999999999,0.05384458715983542,0.04752591826977666,1.1329520632129904,0.0601580065221875,27147623.642303564,-0.11158807765056356,-0.15244090982422565,0.03502393300715249,0.0,61.0,22929719.474259663,23134821.382989146,20004736.62038325,24911542.61958984,0.5573770491803278,0.8852459016393442,-0.15265334665271432,-0.07697445625228973,0.0,0.0,0.0
0.3,0.07,0.08,0.28,0.27,"(0.3, 0.07, 0.08, 0.28, 0.27)",0.12,0.053810202865979484,0.04694567902832374,1.1462226978017331,0.0601580065221875,27140409.640073683,-0.11002172372139529,-0.14996135792886445,0.03459682094254061,0.0,61.0,22930260.06372911,23125212.148287546,20040760.68945002,24901865.612397015,0.5573770491803278,0.9836065573770492,-0.1501899260390788,-0.07615776499173335,0.0,0.0,0.0
0.27,0.07,0.08,0.3,0.28,"(0.27, 0.07, 0.08, 0.3, 0.28)",0.15999999999999992,0.05380547519558698,0.047714000777429266,1.1276663939075768,0.0601580065221875,27136827.18551585,-0.11198424908239213,-0.15319216624689805,0.035147125401777,0.0,61.0,22921114.260444876,23124873.610422194,19968885.825266022,24917759.92372979,0.5573770491803278,0.8852459016393442,-0.15339546694932196,-0.07691979248777922,0.0,0.0,0.0
0.29,0.07,0.08,0.29,0.27,"(0.29, 0.07, 0.08, 0.29, 0.27)",0.13999999999999996,0.05377139111977258,0.047129910264358504,1.1409185975140002,0.0601580065221875,27129689.43776115,-0.11028238536449275,-0.15052320446647766,0.03472001333716513,0.0,61.0,22921687.126649342,23115312.944556154,20004872.48198479,24908124.597346507,0.5573770491803278,0.9672131147540983,-0.15074146536231642,-0.07610406281880704,0.0,0.0,0.0
0.3,0.06,0.08,0.26,0.3,"(0.3, 0.06, 0.08, 0.26, 0.3)",0.08000000000000002,0.0537475761400763,0.04688340515238737,1.1464093950807965,0.0601580065221875,27121945.392950047,-0.11097072270496944,-0.15135739038767623,0.034772279444090524,0.0,61.0,22970924.646113034,23204868.36316232,20072961.047845244,24900867.718668375,0.5573770491803278,0.9508196721311475,-0.1514740363827172,-0.07935778315823877,0.0,0.0,0.0
0.29,0.06,0.08,0.27,0.3,"(0.29, 0.06, 0.08, 0.27, 0.3)",0.10000000000000003,0.05370976286595508,0.04704752807167417,1.1416064789659381,0.0601580065221875,27111478.524231296,-0.11123049268422414,-0.15192079278603735,0.03489547183871504,0.0,61.0,22962425.463152755,23195082.280241925,20037111.254631612,24907269.70495286,0.5573770491803278,0.9016393442622951,-0.1520266575062697,-0.0793002947472189,0.0,0.0,0.0
0.28,0.06,0.08,0.28,0.3,"(0.28, 0.06, 0.08, 0.28, 0.3)",0.12,0.05367164220974008,0.04721738941239714,1.1366922838738802,0.0601580065221875,27100940.00473957,-0.11149047249351629,-0.15248555891242374,0.03501866423333956,0.0,61.0,22953905.6569833,23185254.34188584,20001297.334998183,24913627.754684746,0.5573770491803278,0.9016393442622951,-0.15258056876124793,-0.0792428240104566,0.0,0.0,0.0
0.3,0.06,0.08,0.27,0.29,"(0.3, 0.06, 0.08, 0.27, 0.29)",0.10000000000000003,0.053637085897566994,0.04663698652873593,1.1500975918441443,0.0601580065221875,27093693.747528862,-0.10992379878177239,-0.15000286886998102,0.03459155216872768,0.0,61.0,22954421.53180391,23175586.520762756,20037288.80520694,24903918.454200547,0.5573770491803278,0.9672131147540983,-0.15011578198992087,-0.07842646350810263,0.0,0.0,0.0
0.27,0.06,0.08,0.29,0.3,"(0.27, 0.06, 0.08, 0.29, 0.3)",0.13999999999999996,0.053633214222728265,0.047392927473240726,1.1316712657813968,0.0601580065221875,27090329.922844492,-0.11175066195202066,-0.153051690053267,0.035141856627964076,0.0,61.0,22945365.247758947,23175384.605246365,19965519.33004414,24919941.83437452,0.5573770491803278,0.8852459016393442,-0.15313577119998323,-0.07918537079456449,0.0,0.0,0.0
0.29,0.06,0.08,0.28,0.29,"(0.29, 0.06, 0.08, 0.28, 0.29)",0.12000000000000005,0.053598958017710085,0.046808492000239205,1.1450691045000163,0.0601580065221875,27083159.74796146,-0.11018425725106029,-0.150565321594313,0.034714744563352204,0.0,61.0,22945913.442573674,23165765.419264767,20001473.556681294,24910274.159080777,0.5573770491803278,0.9672131147540983,-0.15066753428645183,-0.0783699713891813,0.0,0.0,0.0
0.26,0.06,0.08,0.3,0.3,"(0.26, 0.06, 0.08, 0.3, 0.3)",0.15999999999999998,0.053594478956356495,0.047574079416639,1.1265478935912288,0.0601580065221875,27079648.367474142,-0.11201106087873158,-0.15361918749047587,0.0352650490225886,0.0,61.0,22936804.25568012,23165473.127682913,19929777.280624706,24926211.910751905,0.5573770491803278,0.8852459016393442,-0.15369226587017254,-0.07912793494645402,0.0,0.0,0.0
0.28,0.06,0.08,0.29,0.29,"(0.28, 0.06, 0.08, 0.29, 0.29)",0.13999999999999996,0.05356052283911694,0.04698571145025193,1.1399321450272466,0.0601580065221875,27072554.23931401,-0.11044492543286732,-0.15112913874494138,0.03483793695797672,0.0,61.0,22937384.7503256,23155902.558104165,19965694.230679333,24916585.90037941,0.5573770491803278,0.9508196721311475,-0.15122057745488485,-0.07831349669540115,0.0,0.0,0.0
0.25,0.15,0.1,0.2,0.3,"(0.25, 0.15, 0.1, 0.2, 0.3)",0.19999999999999996,0.057854072394665224,0.059641528106211976,0.9700300148520075,0.0601580065221875,28188775.487988744,-0.15968134137026202,-0.21890633003374294,0.04409702252480724,0.0,61.0,22991682.044483904,23479918.790419273,20153086.090809707,25011081.062680546,0.5409836065573771,0.09836065573770492,-0.22053169839972486,-0.08890397228392048,0.0,0.0,0.0
0.26,0.15,0.1,0.2,0.29,"(0.26, 0.15, 0.1, 0.2, 0.29)",0.19999999999999996,0.057784013197038187,0.05927682255998164,0.9748163059611893,0.0601580065221875,28171015.308439557,-0.1583251673116871,-0.21685299785608944,0.0436517422951639,0.0,61.0,22984121.241428565,23463182.265520204,20171510.64808896,25008416.299771737,0.5409836065573771,0.09836065573770492,-0.2184759188395217,-0.08785636255269436,0.0,0.0,0.0
0.25,0.15,0.1,0.21,0.29,"(0.25, 0.15, 0.1, 0.21, 0.29)",0.2,0.057743574112647966,0.0594476720513235,0.9713344883008317,0.0601580065221875,28159506.036028225,-0.15897161400173787,-0.21803635980347874,0.04383117019632541,0.0,61.0,22975157.66041994,23443909.717814278,20181361.165027104,25014540.12487146,0.5409836065573771,0.09836065573770492,-0.21965148478670646,-0.08770384432348258,0.0,0.0,0.0
0.26,0.14,0.1,0.2,0.3,"(0.26, 0.14, 0.1, 0.2, 0.3)",0.18,0.05752919334525708,0.05835259600888599,0.9858891854013913,0.0601580065221875,28100864.21720595,-0.15534173976166943,-0.21313544244174948,0.042950513825035744,0.0,61.0,22994882.14962631,23496945.19480887,20271739.897083316,25018284.59377394,0.5409836065573771,0.09836065573770492,-0.21456157018540406,-0.08862113133101952,0.0,0.0,0.0
0.25,0.14,0.1,0.21,0.3,"(0.25, 0.14, 0.1, 0.21, 0.3)",0.18,0.05748912604907552,0.05852020523829512,0.9823808001865163,0.0601580065221875,28089477.20638315,-0.15599023581381433,-0.21431837592521352,0.04312994172619725,0.0,61.0,22985973.613726214,23477698.443023678,20281675.133244544,25024460.510693092,0.5409836065573771,0.09836065573770492,-0.2157360963809393,-0.08846788477646167,0.0,0.0,0.0
0.26,0.15,0.09,0.2,0.3,"(0.26, 0.15, 0.09, 0.2, 0.3)",0.17999999999999994,0.057466808638861666,0.05778475045254556,0.9944978249245016,0.0601580065221875,28098080.189497687,-0.15218761310517204,-0.20668152995569156,0.04283079132158758,0.0,61.0,23003714.895280432,23413022.854467455,20162000.21869929,24919542.226282507,0.5409836065573771,0.11475409836065574,-0.20824564257911343,-0.08599882384721666,0.0,0.0,0.0
0.27,0.14,0.1,0.2,0.29,"(0.27, 0.14, 0.1, 0.2, 0.29)",0.18,0.05745893745910857,0.05798289241941527,0.9909636284351476,0.0601580065221875,28083103.89826103,-0.15398074603114598,-0.21107931567758134,0.042505233595392405,0.0,61.0,22987290.418406688,23467484.061402015,20290239.48924349,25015562.15050879,0.5409836065573771,0.11475409836065574,-0.21250411793308954,-0.08757930878375678,0.0,0.0,0.0
0.25,0.15,0.09,0.21,0.3,"(0.25, 0.15, 0.09, 0.21, 0.3)",0.18,0.057426979457237515,0.057949942229423304,0.9909756118459034,0.0601580065221875,28086747.492970355,-0.15282036683504618,-0.20782093596207743,0.04301021922274909,0.0,61.0,22994735.17830006,23404158.63785284,20171904.400579598,24925719.901697285,0.5409836065573771,0.11475409836065574,-0.20937801585296023,-0.08584819880246577,0.0,0.0,0.0
0.26,0.14,0.1,0.21,0.29,"(0.26, 0.14, 0.1, 0.21, 0.29)",0.18,0.05741886228926574,0.05815169145489568,0.987397973347029,0.0601580065221875,28071721.450538173,-0.1546303161903948,-0.21226009519639694,0.042684661496553915,0.0,61.0,22978393.473879144,23448260.917304136,20300181.346755892,25021735.731324214,0.5409836065573771,0.11475409836065574,-0.21367667202793084,-0.08742728795466241,0.0,0.0,0.0
0.27,0.15,0.09,0.2,0.29,"(0.27, 0.15, 0.09, 0.2, 0.29)",0.17999999999999994,0.05739631929492406,0.057415055838884045,0.9996736649701681,0.0601580065221875,28080265.290165283,-0.15097489928386276,-0.20488796613129434,0.04238551109194424,0.0,61.0,22996023.305844795,23408349.24029201,20180362.38104552,24916793.689686988,0.5409836065573771,0.18032786885245902,-0.20645038184726072,-0.08495816230451253,0.0,0.0,0.0
0.28,0.14,0.1,0.2,0.28,"(0.28, 0.14, 0.1, 0.2, 0.28)",0.17999999999999994,0.05738833105975272,0.05761649457340183,0.9960399619008679,0.0601580065221875,28065264.48509545,-0.15261892477583017,-0.209025455484591,0.04205995336574906,0.0,61.0,22979657.546979345,23438000.00986896,20308713.545875296,25012779.789692033,0.5409836065573771,0.18032786885245902,-0.21044875395727117,-0.08654076722075955,0.0,0.0,0.0
0.25,0.14,0.1,0.22,0.29,"(0.25, 0.14, 0.1, 0.22, 0.29)",0.18,0.057378478013932144,0.05832510926782914,0.9837697474418768,0.0601580065221875,28060265.00747663,-0.15527975381154602,-0.21344326670909114,0.04286408939771543,0.0,61.0,22969476.16920702,23429007.276828576,20272653.230604474,25027864.84399885,0.5409836065573771,0.09836065573770492,-0.21485147296190096,-0.08727550609744981,0.0,0.0,0.0
0.26,0.15,0.09,0.21,0.29,"(0.26, 0.15, 0.09, 0.21, 0.29)",0.18,0.05735648229885193,0.0575814336579134,0.9960933352163844,0.0601580065221875,28068937.159978654,-0.15160860246335994,-0.20602561511907003,0.04256493899310575,0.0,61.0,22987055.255264655,23410254.60762907,20190273.16519265,24922969.0449364,0.5409836065573771,0.14754098360655737,-0.20758116115854433,-0.08480876119272474,0.0,0.0,0.0
0.28,0.15,0.09,0.2,0.28,"(0.28, 0.15, 0.09, 0.2, 0.28)",0.17999999999999988,0.05732547967964363,0.057048699988356544,1.0048516388864879,0.0601580065221875,28062371.449695863,-0.14976173647627022,-0.20309613142088553,0.04194023086230089,0.0,61.0,22988290.651742004,23414394.53693922,20198699.113166664,24913985.525588177,0.5409836065573771,0.18032786885245902,-0.2046566958083024,-0.08392078810437645,0.0,0.0,0.0
0.25,0.15,0.09,0.22,0.29,"(0.25, 0.15, 0.09, 0.22, 0.29)",0.18,0.05731633614762388,0.057752490106610196,0.9924478761317272,0.0601580065221875,28057535.012663495,-0.1522421519111098,-0.20716548375981217,0.042744366894267256,0.0,61.0,22978066.9037388,23412118.29601224,20200155.214830004,24929100.119611897,0.5409836065573771,0.11475409836065574,-0.20871402131286387,-0.084659599624105,0.0,0.0,0.0
0.27,0.15,0.09,0.21,0.28,"(0.27, 0.15, 0.09, 0.21, 0.28)",0.17999999999999994,0.057285634905950955,0.05721626937391145,1.0012123393013654,0.0601580065221875,28051047.926463824,-0.15039638931742494,-0.2042320242858086,0.0421196587634624,0.0,61.0,22979334.2799099,23416297.17657402,20208616.4880564,24920158.55118951,0.5409836065573771,0.18032786885245902,-0.20578588207501586,-0.0837726071059441,0.0,0.0,0.0
0.29,0.15,0.09,0.2,0.27,"(0.29, 0.15, 0.09, 0.2, 0.27)",0.17999999999999994,0.05725429001389526,0.056685747635547526,1.010029723555965,0.0601580065221875,28044398.87829898,-0.14854812631592018,-0.20130602995228747,0.04149495063265755,0.0,61.0,22980517.001364958,23420386.420486607,20217010.34832293,24911117.782953333,0.5409836065573771,0.19672131147540983,-0.2028645882949829,-0.08288669569571937,0.0,0.0,0.0
0.26,0.15,0.09,0.22,0.28,"(0.26, 0.15, 0.09, 0.22, 0.28)",0.17999999999999994,0.05724548101015903,0.057388540128403706,0.9975071831776067,0.0601580065221875,28039650.440335773,-0.15103088790866348,-0.205370136984685,0.04229908666462392,0.0,61.0,22970357.606955267,23418158.128288794,20218505.10358254,24926287.30201824,0.5409836065573771,0.18032786885245902,-0.2069171495537615,-0.08362466513859398,0.0,0.0,0.0
0.28,0.15,0.09,0.21,0.27,"(0.28, 0.15, 0.09, 0.21, 0.27)",0.17999999999999994,0.05721443749927513,0.05685451381636683,1.0063306087546682,0.0601580065221875,28033080.00253127,-0.14918372902948196,-0.20244016759363478,0.04167437853381906,0.0,61.0,22971572.320524193,23422286.329989262,20226934.302399382,24917288.46941506,0.5409836065573771,0.18032786885245902,-0.2039921824376132,-0.08273973099780911,0.0,0.0,0.0
0.25,0.15,0.09,0.23,0.28,"(0.25, 0.15, 0.09, 0.23, 0.28)",0.17999999999999994,0.05720501804487532,0.057565470043818144,0.9937383991016064,0.0601580065221875,28028179.08683161,-0.1516652319866726,-0.2065104691226114,0.04247851456578543,0.0,61.0,22961360.654262956,23419977.38126801,20228364.91465079,24932371.745587163,0.5409836065573771,0.14754098360655737,-0.2080504974801706,-0.08347696197796779,0.0,0.0,0.0
0.27,0.13,0.1,0.2,0.3,"(0.27, 0.13, 0.1, 0.2, 0.3)",0.15999999999999998,0.05720052798151287,0.05709901303319268,1.001777875709711,0.0601580065221875,28012239.036789194,-0.15098771856977267,-0.20733278492384405,0.04180400512526425,0.0,61.0,22997680.644877575,23496867.882461127,20309334.693901855,25024858.302107874,0.5409836065573771,0.18032786885245902,-0.20856783958750963,-0.08833802805722318,0.0,0.0,0.0
0.3,0.15,0.09,0.2,0.26,"(0.3, 0.15, 0.09, 0.2, 0.26)",0.17999999999999994,0.05718275051825494,0.05632626457435806,1.0152058005331812,0.0601580065221875,28026347.786603477,-0.1473340704385422,-0.19951766584411698,0.04104967040301421,0.0,61.0,22972702.423200347,23426324.87652218,20235296.01986944,24908190.51104439,0.5409836065573771,0.2459016393442623,-0.2010740631329444,-0.08185587952786498,0.0,0.0,0.0
0.27,0.15,0.09,0.22,0.27,"(0.27, 0.15, 0.09, 0.22, 0.27)",0.17999999999999994,0.05717427589562374,0.057028004032096596,1.0025649129056808,0.0601580065221875,28021687.218282763,-0.14981917697485903,-0.20357652524793748,0.04185380643498057,0.0,61.0,22962607.338408753,23424144.54268834,20236829.47229019,24923414.886997204,0.5409836065573771,0.18032786885245902,-0.20512185815984776,-0.08259300481999128,0.0,0.0,0.0
0.26,0.13,0.1,0.21,0.3,"(0.26, 0.13, 0.1, 0.21, 0.3)",0.15999999999999998,0.057160824295989565,0.05726434873243889,0.9981921660030916,0.0601580065221875,28000978.55129752,-0.15163934395070133,-0.20851309168739512,0.04198343302642576,0.0,61.0,22988838.87463545,23481505.721755072,20272873.981522515,25031083.820216134,0.5409836065573771,0.18032786885245902,-0.20973931378935795,-0.08818528853938563,0.0,0.0,0.0
0.29,0.15,0.09,0.21,0.26,"(0.29, 0.15, 0.09, 0.21, 0.26)",0.18,0.057142890299265,0.056496232465386806,1.0114460346408831,0.0601580065221875,28015033.598705404,-0.14797062323397614,-0.20065004916468138,0.04122909830417572,0.0,61.0,22963769.445489816,23428222.05345729,20245226.541545242,24914358.84886638,0.5409836065573771,0.21311475409836064,-0.2022000660744688,-0.08171012732441682,0.0,0.0,0.0
0.27,0.14,0.09,0.2,0.3,"(0.27, 0.14, 0.09, 0.2, 0.3)",0.15999999999999998,0.05713939500672627,0.056496782356786845,1.0113743229814613,0.0601580065221875,28009764.90453419,-0.14708981842278157,-0.1997550744421981,0.04168428262181608,0.0,61.0,23006465.385979075,23451042.434826892,20280516.484456137,24926292.03256998,0.5409836065573771,0.2459016393442623,-0.2011401027749402,-0.08573302872662246,0.0,0.0,0.0
0.26,0.15,0.09,0.23,0.27,"(0.26, 0.15, 0.09, 0.23, 0.27)",0.17999999999999994,0.057133805255546566,0.05720617530275141,0.9987349259617193,0.0601580065221875,28010220.62102696,-0.15045446988897082,-0.2047151025236603,0.04203323433614209,0.0,61.0,22953622.07636162,23425153.203338597,20246695.812874913,24929497.00322651,0.5409836065573771,0.18032786885245902,-0.2062536147001218,-0.08244651693629204,0.0,0.0,0.0
0.28,0.13,0.1,0.2,0.29,"(0.28, 0.13, 0.1, 0.2, 0.29)",0.15999999999999998,0.057130076348352654,0.05672431732592014,1.0071531759492345,0.0601580065221875,27994479.53787619,-0.14962189682257276,-0.20527387601972538,0.0413587248956209,0.0,61.0,22990058.219018824,23470217.01067097,20310108.16609724,25022078.34585627,0.5409836065573771,0.18032786885245902,-0.2065087279072288,-0.08730197352837585,0.0,0.0,0.0
0.25,0.13,0.1,0.22,0.3,"(0.25, 0.13, 0.1, 0.22, 0.3)",0.15999999999999998,0.05712081162544469,0.057434394994906685,0.9945401467275872,0.0601580065221875,27989644.19754076,-0.15229083627994666,-0.20969580240588512,0.04216286092758727,0.0,61.0,22979976.692018848,23462278.25792744,20236450.124933656,25037264.896857165,0.5409836065573771,0.18032786885245902,-0.2109130452827418,-0.08803278709678869,0.0,0.0,0.0
0.28,0.15,0.09,0.22,0.26,"(0.28, 0.15, 0.09, 0.22, 0.26)",0.17999999999999994,0.05710272102432423,0.05667094697426879,1.0076189665623814,0.0601580065221875,28003645.556924008,-0.1486070207428548,-0.20178465267521248,0.04140852620533723,0.0,61.0,22954816.16637727,23414815.64873802,20255128.254245073,24920482.923793394,0.5409836065573771,0.18032786885245902,-0.20332815096174078,-0.08156461313116467,0.0,0.0,0.0
0.26,0.14,0.09,0.21,0.3,"(0.26, 0.14, 0.09, 0.21, 0.3)",0.15999999999999998,0.05709992938719899,0.05665972310583964,1.0077692981403572,0.0601580065221875,27998558.44682452,-0.1477444080079544,-0.20091938648669525,0.0418637105229776,0.0,61.0,22997552.582783747,23452990.147758782,20290512.22113856,24932519.182030275,0.5409836065573771,0.21311475409836064,-0.20229704873710685,-0.08558288850093737,0.0,0.0,0.0
0.25,0.15,0.09,0.24,0.27,"(0.25, 0.15, 0.09, 0.24, 0.27)",0.17999999999999994,0.05709302563178942,0.057388984029588294,0.9948429406304476,0.0601580065221875,27998680.30681124,-0.1510896075089413,-0.2058558990169652,0.0422126622373036,0.0,61.0,22944616.555770088,23405851.12396314,20256533.279148202,24935534.78585204,0.5409836065573771,0.18032786885245902,-0.20738745128501518,-0.08230026712013656,0.0,0.0,0.0
0.27,0.13,0.1,0.21,0.29,"(0.27, 0.13, 0.1, 0.21, 0.29)",0.15999999999999998,0.05709036482327945,0.05689086893399791,1.0035066416284304,0.0601580065221875,27983223.57575681,-0.15027459947506117,-0.20645202460680073,0.04153815279678241,0.0,61.0,22981228.03993306,23452002.823147837,20273644.893630914,25028301.520545494,0.5409836065573771,0.18032786885245902,-0.2076782275106611,-0.08715045165509502,0.0,0.0,0.0
0.3,0.15,0.09,0.21,0.25,"(0.3, 0.15, 0.09, 0.21, 0.25)",0.18,0.05707099352606537,0.05614149183563558,1.0165564123794764,0.0601580065221875,27996908.925927028,-0.1467570735675504,-0.1988616731118512,0.04078381807453237,0.0,61.0,22955925.723282646,23404377.7940958,20263493.13891323,24911369.73909092,0.5409836065573771,0.2459016393442623,-0.20040953680659396,-0.08068379054229768,0.0,0.0,0.0
0.28,0.14,0.09,0.2,0.29,"(0.28, 0.14, 0.09, 0.2, 0.29)",0.15999999999999998,0.057068710576315684,0.05612181575083881,1.0168721345310843,0.0601580065221875,27991950.981577955,-0.14571817870120118,-0.19771539920293002,0.04123900239217274,0.0,61.0,22998743.179909438,23457108.21115213,20298953.38258895,24923486.327570204,0.5409836065573771,0.2459016393442623,-0.19909813520602634,-0.08469812739878851,0.0,0.0,0.0
0.27,0.15,0.09,0.23,0.26,"(0.27, 0.15, 0.09, 0.23, 0.26)",0.17999999999999994,0.057062242746035885,0.05685036433860964,1.003726948980736,0.0601580065221875,27992183.756686118,-0.14924326270233257,-0.20292147598754262,0.04158795410649874,0.0,61.0,22945842.60716375,23395567.770642,20265001.112822462,24926562.70336624,0.5409836065573771,0.18032786885245902,-0.20445831703599956,-0.0814193367205258,0.0,0.0,0.0
0.25,0.14,0.09,0.22,0.3,"(0.25, 0.14, 0.09, 0.22, 0.3)",0.15999999999999998,0.05706015473287063,0.0568274385705146,1.004095137282446,0.0601580065221875,27987278.098520245,-0.14839886344555053,-0.20208608479561635,0.042043138424139107,0.0,61.0,22988619.42600605,23454896.134239946,20300479.129953288,24938702.077194933,0.5409836065573771,0.19672131147540983,-0.2034562379122008,-0.08543298692640683,0.0,0.0,0.0
0.29,0.13,0.1,0.2,0.28,"(0.29, 0.13, 0.1, 0.2, 0.28)",0.15999999999999998,0.057059274694136075,0.056352935540917394,1.0125342033460851,0.0601580065221875,27976641.355139542,-0.14825524711453697,-0.2032172411195195,0.040913444665977565,0.0,61.0,22982394.73418124,23441626.866944604,20310829.75867977,25019238.549499743,0.5409836065573771,0.19672131147540983,-0.20445170953272737,-0.08626918160972372,0.0,0.0,0.0
0.26,0.13,0.1,0.22,0.29,"(0.26, 0.13, 0.1, 0.22, 0.29)",0.15999999999999998,0.05705034434616052,0.057062154764203316,0.9997930253757223,0.0601580065221875,27971893.799246278,-0.15092716858750665,-0.20763257699861914,0.04171758069794392,0.0,61.0,22972377.448235605,23432799.006557234,20237218.486741316,25034480.259516675,0.5409836065573771,0.18032786885245902,-0.2088499844929638,-0.08699916734885342,0.0,0.0,0.0
0.29,0.15,0.09,0.22,0.25,"(0.29, 0.15, 0.09, 0.22, 0.25)",0.18,0.05703081661627052,0.05631743512710849,1.0126671516121415,0.0601580065221875,27985525.667095292,-0.1473944208480098,-0.19999452338292242,0.04096324597569388,0.0,61.0,22946984.15923247,23385184.16121745,20273401.38283505,24917491.46194577,0.5409836065573771,0.21311475409836064,-0.201536031782939,-0.0805394845354139,0.0,0.0,0.0
0.27,0.14,0.09,0.21,0.29,"(0.27, 0.14, 0.09, 0.21, 0.29)",0.15999999999999998,0.05702923717591957,0.05628597031693912,1.0132051886961388,0.0601580065221875,27980749.05004813,-0.14637384961829258,-0.19887757079177537,0.04141843029333425,0.0,61.0,22989842.042726118,23459053.206053082,20308955.7855651,24929711.14938707,0.5409836065573771,0.2459016393442623,-0.20025312144398275,-0.08454920303991727,0.0,0.0,0.0
0.26,0.15,0.09,0.24,0.26,"(0.26, 0.15, 0.09, 0.24, 0.26)",0.17999999999999994,0.057021455517143105,0.0570344401760888,0.9997723365232374,0.0601580065221875,27980648.293991696,-0.14987934884976806,-0.20406051870120212,0.041767382007660246,0.0,61.0,22936848.78919473,23376289.586699873,20274845.07224607,24932598.155347843,0.5409836065573771,0.18032786885245902,-0.2055905635266244,-0.08127429786431686,0.0,0.0,0.0
0.28,0.13,0.1,0.21,0.28,"(0.28, 0.13, 0.1, 0.21, 0.28)",0.15999999999999992,0.057019555366204955,0.05652070931650109,1.008825898608428,0.0601580065221875,27965389.956762753,-0.14890902751820645,-0.2043932332296411,0.04109287256713908,0.0,61.0,22973576.158335723,23422477.252791,20274364.02642373,25025459.371192724,0.5409836065573771,0.19672131147540983,-0.20561923621663783,-0.08611887359170492,0.0,0.0,0.0
0.29,0.14,0.09,0.2,0.28,"(0.29, 0.14, 0.09, 0.2, 0.28)",0.15999999999999998,0.05699767636560171,0.05575019525465528,1.0223762644282806,0.0601580065221875,27974058.526311524,-0.1443457068687546,-0.19567798551368257,0.0407937221625294,0.0,61.0,22990979.990587365,23463120.532545917,20317364.72517082,24920621.071709044,0.5409836065573771,0.26229508196721313,-0.19705825038464203,-0.0836664950018223,0.0,0.0,0.0
0.28,0.15,0.09,0.23,0.25,"(0.28, 0.15, 0.09, 0.23, 0.25)",0.17999999999999994,0.05699033073621851,0.05649810297130626,1.0087122883605886,0.0601580065221875,27974068.704539217,-0.14803161206083204,-0.20112959363417554,0.0411426738768554,0.0,61.0,22938022.31493685,23365960.161970392,20283280.747849874,24923568.895536516,0.5409836065573771,0.21311475409836064,-0.2026646083137805,-0.08039541580073287,0.0,0.0,0.0
0.26,0.14,0.09,0.22,0.29,"(0.26, 0.14, 0.09, 0.22, 0.29)",0.15999999999999998,0.05698945477366979,0.05645492407365829,1.009468274181258,0.0601580065221875,27969473.281927492,-0.14702938589760384,-0.2000421284924849,0.04159785819449576,0.0,61.0,22980920.55180348,23460956.465489555,20318929.335716087,24935891.722682614,0.5409836065573771,0.2459016393442623,-0.20141035098015994,-0.08440051682491062,0.0,0.0,0.0
0.25,0.15,0.09,0.25,0.26,"(0.25, 0.15, 0.09, 0.25, 0.26)",0.17999999999999994,0.05698035939053003,0.05722312953047884,0.9957574822988404,0.0601580065221875,27969039.26541287,-0.1505152789227241,-0.2052017804034044,0.04194680990882176,0.0,61.0,22927834.733860023,23356981.19942459,20284660.087600067,24938589.247723702,0.5409836065573771,0.18032786885245902,-0.20672488965113275,-0.0811294963337626,0.0,0.0,0.0
0.28,0.14,0.09,0.21,0.28,"(0.28, 0.14, 0.09, 0.21, 0.28)",0.15999999999999992,0.05695819522081225,0.05591556999502391,1.0186464204135113,0.0601580065221875,27962861.16106822,-0.1450024595994993,-0.19683801833979225,0.04097315006369091,0.0,61.0,22982090.531544354,23465062.80687736,20327373.782810256,24926843.556260098,0.5409836065573771,0.2459016393442623,-0.19821127856948104,-0.08351878271638188,0.0,0.0,0.0
0.25,0.14,0.09,0.23,0.29,"(0.25, 0.14, 0.09, 0.23, 0.29)",0.15999999999999998,0.05694936342196333,0.05662863406529075,1.005663731113535,0.0601580065221875,27958123.771752346,-0.14768478718833,-0.20120907231875013,0.04177728609565728,0.0,61.0,22971978.728385687,23462817.978433512,20328873.987595953,24942028.014720928,0.5409836065573771,0.21311475409836064,-0.20256982342949137,-0.08425206853433781,0.0,0.0,0.0
0.3,0.14,0.09,0.2,0.27,"(0.3, 0.14, 0.09, 0.2, 0.27)",0.15999999999999998,0.056926292594511985,0.055381988226799975,1.0278845960059755,0.0601580065221875,27956087.748335,-0.14302655295848543,-0.1937284161021697,0.04034844193288605,0.0,61.0,22983175.886382297,23469079.38445037,20335750.445254326,24917696.314122684,0.5409836065573771,0.26229508196721313,-0.19508781102689005,-0.08263812601423429,0.0,0.0,0.0
0.27,0.14,0.09,0.22,0.28,"(0.27, 0.14, 0.09, 0.22, 0.28)",0.15999999999999992,0.05691840510712742,0.05608576834723373,1.014845776110951,0.0601580065221875,27951590.01342027,-0.14565907720209093,-0.19800043712377735,0.041152577964852416,0.0,61.0,22973180.71862978,23466963.336813256,20337353.962698895,24933021.798155654,0.5409836065573771,0.2459016393442623,-0.19936655013694118,-0.08337130806859894,0.0,0.0,0.0
0.29,0.14,0.09,0.21,0.27,"(0.29, 0.14, 0.09, 0.21, 0.27)",0.15999999999999998,0.05688680374166921,0.05554858920330575,1.0240908825508717,0.0601580065221875,27944894.989381548,-0.14366613470228207,-0.1948575836603209,0.04052786983404757,0.0,61.0,22974298.11750358,23467408.5462382,20345766.145894855,24923916.451776884,0.5409836065573771,0.26229508196721313,-0.19621015276403292,-0.08249162201557246,0.0,0.0,0.0
0.26,0.14,0.09,0.23,0.28,"(0.26, 0.14, 0.09, 0.23, 0.28)",0.15999999999999992,0.05687830607694311,0.05626074653455666,1.0109767392085194,0.0601580065221875,27940245.177858528,-0.14631555932577434,-0.19916524188294013,0.04133200586601393,0.0,61.0,22964250.57304598,23458623.455679677,20347305.21936424,24939155.764673863,0.5409836065573771,0.2459016393442623,-0.20052406470503098,-0.0832240708374228,0.0,0.0,0.0
0.28,0.12,0.1,0.2,0.3,"(0.28, 0.12, 0.1, 0.2, 0.3)",0.13999999999999996,0.05686808223002626,0.05588315810697727,1.0176247040506112,0.0601580065221875,27922908.960260313,-0.14661926572347184,-0.20149846215849784,0.04065749642549275,0.0,61.0,23000077.46228027,23466827.74521791,20273363.258536298,25030802.230535775,0.5409836065573771,0.2459016393442623,-0.20255066298674193,-0.08805466296316704,0.0,0.0,0.0
0.28,0.14,0.09,0.22,0.27,"(0.28, 0.14, 0.09, 0.22, 0.27)",0.15999999999999992,0.05684700595290271,0.05572003814873731,1.0202255389911454,0.0601580065221875,27933628.502392042,-0.1443055602093697,-0.19598898208008314,0.04070729773520908,0.0,61.0,22965399.994646017,23448217.151220337,20355752.94389067,24930092.35273311,0.5409836065573771,0.26229508196721313,-0.19733458605722648,-0.08234535514943861,0.0,0.0,0.0
0.25,0.14,0.09,0.24,0.28,"(0.25, 0.14, 0.09, 0.24, 0.28)",0.15999999999999998,0.05683789818279483,0.05644046010130153,1.0070417229196922,0.0601580065221875,27928826.749447003,-0.14697190562001017,-0.20033243262230874,0.04151143376717544,0.0,61.0,22955300.116039768,23439347.244669866,20325185.63590238,24945245.423314754,0.5409836065573771,0.2459016393442623,-0.20168382187985692,-0.08307707080119911,0.0,0.0,0.0
0.27,0.12,0.1,0.21,0.3,"(0.27, 0.12, 0.1, 0.21, 0.3)",0.13999999999999996,0.05682874188317122,0.05604600871270702,1.01396590387866,0.0601580065221875,27911774.65153509,-0.1472740294546846,-0.20267609361379407,0.040836924326654256,0.0,61.0,22991302.58412356,23441645.812130783,20237004.01479565,25037077.18472972,0.5409836065573771,0.21311475409836064,-0.2037190425518064,-0.0879024319767178,0.0,0.0,0.0
0.3,0.14,0.09,0.21,0.26,"(0.3, 0.14, 0.09, 0.21, 0.26)",0.15999999999999998,0.056815062957987994,0.05518509616143607,1.029536358725981,0.0601580065221875,27926850.744901147,-0.14244747077923126,-0.19306638572641627,0.04008258960440422,0.0,61.0,22966464.868962385,23437710.50040817,20364132.80793514,24920929.88535905,0.5409836065573771,0.26229508196721313,-0.19441780261559577,-0.08146771542313985,0.0,0.0,0.0
0.28,0.13,0.09,0.2,0.3,"(0.28, 0.13, 0.09, 0.2, 0.3)",0.13999999999999996,0.05680820009300258,0.05524539519936103,1.0282884191162347,0.0601580065221875,27920743.0674141,-0.1427006287381103,-0.19395442285675205,0.040537773922044586,0.0,61.0,23008814.363226827,23499382.96971437,20399330.752612002,24932414.5906533,0.5409836065573771,0.26229508196721313,-0.19515663494177887,-0.0854669000035427,0.0,0.0,0.0
0.27,0.14,0.09,0.23,0.27,"(0.27, 0.14, 0.09, 0.23, 0.27)",0.15999999999999992,0.05680689928060567,0.055896290453041515,1.0162910422173572,0.0601580065221875,27922288.381811064,-0.14494550242256898,-0.19712368174932235,0.040886725636370594,0.0,61.0,22956481.53896996,23428995.2305887,20362475.199715085,24936223.984283283,0.5409836065573771,0.2459016393442623,-0.19848039711559315,-0.08219932519317294,0.0,0.0,0.0
0.29,0.12,0.1,0.2,0.29,"(0.29, 0.12, 0.1, 0.2, 0.29)",0.14,0.05679743578843266,0.05550350242208274,1.0233126435249087,0.0601580065221875,27905151.236963265,-0.1452486076261068,-0.19943678362184825,0.04021221619584941,0.0,61.0,22992424.577461377,23443182.015539203,20274071.575231392,25027964.932167776,0.5409836065573771,0.2459016393442623,-0.20048990517954632,-0.08702435725444886,0.0,0.0,0.0
0.26,0.12,0.1,0.22,0.3,"(0.26, 0.12, 0.1, 0.22, 0.3)",0.13999999999999996,0.05678909270523036,0.05621368669225636,1.0102360483154944,0.0601580065221875,27900566.658237662,-0.1479286591303962,-0.20385614082284376,0.04101635222781577,0.0,61.0,22982507.241746817,23416463.472789105,20200681.440663677,25043307.73096265,0.5409836065573771,0.19672131147540983,-0.20488968992524945,-0.08775043765617742,0.0,0.0,0.0
0.28,0.15,0.08,0.22,0.27,"(0.28, 0.15, 0.08, 0.22, 0.27)",0.15999999999999992,0.05678029629411352,0.05519952781660825,1.028637355065013,0.0601580065221875,27929840.443036843,-0.14265959754407243,-0.19212163345217145,0.04058757523176091,0.0,61.0,22973724.128187593,23381710.18278141,20244994.947853845,24831036.808875404,0.5409836065573771,0.26229508196721313,-0.19362560602519807,-0.07973113495503324,0.0,0.0,0.0
0.29,0.14,0.09,0.22,0.26,"(0.29, 0.14, 0.09, 0.22, 0.26)",0.15999999999999998,0.05677525753035839,0.05535780137211058,1.0256053550378526,0.0601580065221875,27915588.958651807,-0.14308784975998246,-0.19419602848625309,0.04026201750556573,0.0,61.0,22957578.44810674,23418542.913667534,20374126.212376043,24927103.435827933,0.5409836065573771,0.26229508196721313,-0.1955406448749343,-0.08132265255980732,0.0,0.0,0.0
0.25,0.15,0.08,0.24,0.28,"(0.25, 0.15, 0.08, 0.24, 0.28)",0.15999999999999995,0.056771898263603404,0.05591447733191834,1.0153345067789021,0.0601580065221875,27925201.008274876,-0.1451574891807138,-0.19615382010209126,0.04139171126372728,0.0,61.0,22963582.050191116,23379597.336489767,20246544.594157245,24846218.612749204,0.5409836065573771,0.2459016393442623,-0.19764801358911893,-0.08046688520881265,0.0,0.0,0.0
0.27,0.13,0.09,0.21,0.3,"(0.27, 0.13, 0.09, 0.21, 0.3)",0.13999999999999996,0.05676909776283834,0.055405874081396835,1.0246043168534584,0.0601580065221875,27909662.500935573,-0.1433583708050642,-0.19511606446169047,0.040717201823206095,0.0,61.0,22999968.60105545,23501370.35662497,20397517.71439673,24938691.049632307,0.5409836065573771,0.26229508196721313,-0.19631049735379488,-0.08531724623025747,0.0,0.0,0.0
0.26,0.14,0.09,0.24,0.27,"(0.26, 0.14, 0.09, 0.24, 0.27)",0.15999999999999998,0.056766483777311194,0.05607730082501955,1.0122898738375823,0.0601580065221875,27910874.722656246,-0.145602929539285,-0.19828873496625923,0.0410661535375321,0.0,61.0,22947542.771680404,23409742.886700217,20325843.065730266,24942311.31394146,0.5409836065573771,0.2459016393442623,-0.19963819816985953,-0.08205353192350973,0.0,0.0,0.0
0.28,0.12,0.1,0.21,0.29,"(0.28, 0.12, 0.1, 0.21, 0.29)",0.13999999999999996,0.056758087635606636,0.05566759343928507,1.019589389965473,0.0601580065221875,27894021.411450833,-0.1459044517967526,-0.2006122526971081,0.04039164409701091,0.0,61.0,22983661.28979261,23418026.981943022,20237709.903560694,25034237.535421193,0.5409836065573771,0.2459016393442623,-0.20165630765831366,-0.08687333586873239,0.0,0.0,0.0
0.25,0.12,0.1,0.23,0.3,"(0.25, 0.12, 0.1, 0.23, 0.3)",0.13999999999999996,0.0567491347484359,0.056386148979518054,1.0064374988447908,0.0601580065221875,27889285.074372295,-0.14858315439918257,-0.20503860380126226,0.04119578012897728,0.0,61.0,22973691.455992777,23391280.788535137,20164395.577349413,25049493.83624565,0.5409836065573771,0.19672131147540983,-0.20606260472142077,-0.08759867979380757,0.0,0.0,0.0
0.3,0.15,0.08,0.21,0.26,"(0.3, 0.15, 0.08, 0.21, 0.26)",0.15999999999999998,0.056747882334725386,0.05466764581199825,1.0380524255586396,0.0601580065221875,27922954.98554526,-0.1407984429728748,-0.18922362014119326,0.039962867100956055,0.0,61.0,22974760.33989741,23386477.89587937,20253269.01318395,24821848.061276693,0.5409836065573771,0.3114754098360656,-0.19073053927089068,-0.07885208289587725,0.0,0.0,0.0
0.27,0.15,0.08,0.23,0.27,"(0.27, 0.15, 0.08, 0.23, 0.27)",0.15999999999999992,0.05674042842928295,0.05537318814792187,1.0246913773089728,0.0601580065221875,27918554.829442337,-0.14329995604772094,-0.19324439740555197,0.04076700313292242,0.0,61.0,22964734.840172775,23384489.897302866,20254921.559005834,24837170.2749622,0.5409836065573771,0.26229508196721313,-0.1947424549580918,-0.07958771442572027,0.0,0.0,0.0
0.29,0.13,0.09,0.2,0.29,"(0.29, 0.13, 0.09, 0.2, 0.29)",0.14,0.05673732151188182,0.054865162094140295,1.0341229178276952,0.0601580065221875,27902931.075910646,-0.14132412894662738,-0.1919119823880684,0.04009249369240124,0.0,61.0,23001061.77749338,23505415.658509787,20417842.41133547,24929551.886861853,0.5409836065573771,0.29508196721311475,-0.19311301143203055,-0.08443773971899268,0.0,0.0,0.0
0.28,0.14,0.09,0.23,0.26,"(0.28, 0.14, 0.09, 0.23, 0.26)",0.15999999999999992,0.056735143252179876,0.05553533337845434,1.0216044417263015,0.0601580065221875,27904253.593314763,-0.14372807172047997,-0.19532790192622587,0.04044144540672724,0.0,61.0,22948671.69430827,23399344.843358416,20363083.040073726,24933232.722953655,0.5409836065573771,0.26229508196721313,-0.19666557832649598,-0.08117782610068552,0.0,0.0,0.0
0.26,0.13,0.09,0.22,0.3,"(0.26, 0.13, 0.09, 0.22, 0.3)",0.13999999999999996,0.05672968655166599,0.05557124995002845,1.0208459698617405,0.0601580065221875,27898508.227148384,-0.14401597771540198,-0.19628010404513674,0.040896629724367604,0.0,61.0,22991102.43312986,23503315.961437665,20360920.68814774,24944923.287448097,0.5409836065573771,0.26229508196721313,-0.19746661343152552,-0.08516782970422217,0.0,0.0,0.0
0.3,0.12,0.1,0.2,0.28,"(0.3, 0.12, 0.1, 0.2, 0.28)",0.13999999999999996,0.056726439816347396,0.05512716647431648,1.0290106211567396,0.0601580065221875,27887315.24069021,-0.1438771211377332,-0.19737738652924117,0.03976693596620606,0.0,61.0,22984730.71547819,23419529.136265643,20274728.15372016,25025067.872387808,0.5409836065573771,0.26229508196721313,-0.19843124570602014,-0.08599729584122263,0.0,0.0,0.0
0.25,0.14,0.09,0.25,0.27,"(0.25, 0.14, 0.09, 0.25, 0.27)",0.15999999999999998,0.056725759495693806,0.05626302334147724,1.0082245163294565,0.0601580065221875,27899387.62051665,-0.1462602199858426,-0.19945617401155188,0.04124558143869361,0.0,61.0,22938583.714026906,23390460.221987847,20289248.177431867,24948354.30944382,0.5409836065573771,0.2459016393442623,-0.20079824151777806,-0.08190797511658776,0.0,0.0,0.0
0.27,0.12,0.1,0.22,0.29,"(0.27, 0.12, 0.1, 0.22, 0.29)",0.13999999999999996,0.056718430684573606,0.05583653717611649,1.0157942013072103,0.0601580065221875,27882817.955192365,-0.14656016142253203,-0.2017901373738777,0.04057107199817243,0.0,61.0,22974877.537711043,23392871.53951858,20201384.91108011,25040465.736527707,0.5409836065573771,0.2459016393442623,-0.20282497803209992,-0.08672255064658738,0.0,0.0,0.0
0.29,0.15,0.08,0.22,0.26,"(0.29, 0.15, 0.08, 0.22, 0.26)",0.15999999999999998,0.056708315821880184,0.05483769043648534,1.0341120380983488,0.0601580065221875,27911747.726770118,-0.1414399127316175,-0.1903424222473256,0.040142295002117565,0.0,61.0,22965803.102605782,23389097.40577641,20263230.980621047,24828023.273964334,0.5409836065573771,0.29508196721311475,-0.19184372563096383,-0.07870962706426862,0.0,0.0,0.0
0.3,0.14,0.09,0.22,0.25,"(0.3, 0.14, 0.09, 0.22, 0.25)",0.15999999999999998,0.056703160058563906,0.05499912704281301,1.0309829102273647,0.0601580065221875,27897471.592421725,-0.1418696960182747,-0.19240482535130343,0.03981673727592239,0.0,61.0,22949716.14735956,23388846.694560327,20392473.70133549,24924055.0971466,0.5409836065573771,0.29508196721311475,-0.19374829682837572,-0.08030319479251839,0.0,0.0,0.0
0.26,0.15,0.08,0.24,0.27,"(0.26, 0.15, 0.08, 0.24, 0.27)",0.15999999999999995,0.05670025168399051,0.055551667899791456,1.0206759549735025,0.0601580065221875,27907195.65801044,-0.14394015731412446,-0.1943693771407064,0.040946431034083935,0.0,61.0,22955725.300010454,23378400.37166371,20264819.355705447,24843259.627010066,0.5409836065573771,0.26229508196721313,-0.1958613825042523,-0.07944453115722641,0.0,0.0,0.0
0.28,0.13,0.09,0.21,0.29,"(0.28, 0.13, 0.09, 0.21, 0.29)",0.13999999999999996,0.05669821143389919,0.05502688115089102,1.0303729785888676,0.0601580065221875,27891854.99502389,-0.14198295552823548,-0.1930714793466462,0.04027192159356275,0.0,61.0,22992227.680492785,23507400.334514998,20398220.972705264,24935826.0105148,0.5409836065573771,0.29508196721311475,-0.19426491162898227,-0.08428929378337227,0.0,0.0,0.0
0.27,0.14,0.09,0.24,0.26,"(0.27, 0.14, 0.09, 0.24, 0.26)",0.15999999999999998,0.05669472017598354,0.05571764604192283,1.0175361703781518,0.0601580065221875,27892844.743860845,-0.14436813639774881,-0.19646200567533015,0.04062087330788875,0.0,61.0,22939744.62873011,23380116.39170328,20326448.680110227,24939317.714264214,0.5409836065573771,0.26229508196721313,-0.19779260222718284,-0.08103323582090831,0.0,0.0,0.0
0.25,0.13,0.09,0.23,0.3,"(0.25, 0.13, 0.09, 0.23, 0.3)",0.13999999999999996,0.05668996651167402,0.05574147921959364,1.0170158256537079,0.0601580065221875,27887280.339606747,-0.144673449117792,-0.19744654164305556,0.04107605762552912,0.0,61.0,22982215.8805529,23505219.772911947,20324360.6088953,24951111.27111721,0.5409836065573771,0.2459016393442623,-0.198624982810518,-0.08501865021090127,0.0,0.0,0.0
0.29,0.12,0.1,0.21,0.28,"(0.29, 0.12, 0.1, 0.21, 0.28)",0.13999999999999996,0.05668708389389021,0.05529250498284888,1.025221843565849,0.0601580065221875,27876189.938254148,-0.1445340462271465,-0.1985506949307424,0.03994636386736757,0.0,61.0,22975979.03016226,23394401.006286494,20238364.154015984,25031338.114983927,0.5409836065573771,0.26229508196721313,-0.19959567278184204,-0.08584748029301191,0.0,0.0,0.0
0.26,0.12,0.1,0.23,0.29,"(0.26, 0.12, 0.1, 0.23, 0.29)",0.13999999999999996,0.05667846498756357,0.056010289720845596,1.0119295092035436,0.0601580065221875,27871540.962147035,-0.14721573615207362,-0.2029704376714306,0.04075049989933394,0.0,61.0,22966073.342017844,23367715.749548025,20165096.638970245,25046649.502512302,0.5409836065573771,0.21311475409836064,-0.20399591591835933,-0.08657200137865564,0.0,0.0,0.0
0.28,0.15,0.08,0.23,0.26,"(0.28, 0.15, 0.08, 0.23, 0.26)",0.15999999999999992,0.05666844040903629,0.055012624301013134,1.0300988387495025,0.0601580065221875,27900466.87022738,-0.14208122499563947,-0.19146344066784882,0.04032172290327908,0.0,61.0,22956825.591657322,23371351.93296954,20273164.15414645,24834154.411180492,0.5409836065573771,0.26229508196721313,-0.19295899169858585,-0.07856740821885339,0.0,0.0,0.0
0.3,0.13,0.09,0.2,0.28,"(0.3, 0.13, 0.09, 0.2, 0.28)",0.13999999999999996,0.0566660936399177,0.05448827959992066,1.0399684859934577,0.0601580065221875,27885040.96138169,-0.1399467966056328,-0.18987181088528307,0.0396472134627579,0.0,61.0,22993268.290506523,23511394.836861376,20435510.894196562,24926629.710092474,0.5409836065573771,0.3442622950819672,-0.1910714756902715,-0.08341183001312759,0.0,0.0,0.0
0.29,0.14,0.09,0.23,0.25,"(0.29, 0.14, 0.09, 0.23, 0.25)",0.15999999999999998,0.0566630382106017,0.05517794397910708,1.0269146351675762,0.0601580065221875,27886141.02248734,-0.14251087113964078,-0.19353494421981876,0.039996165177083896,0.0,61.0,22940821.107304703,23369672.499472614,20363638.985173527,24930182.03038291,0.5409836065573771,0.26229508196721313,-0.1948716405425672,-0.08015956805949513,0.0,0.0,0.0
0.25,0.15,0.08,0.25,0.27,"(0.25, 0.15, 0.08, 0.25, 0.27)",0.15999999999999995,0.05665976611086432,0.05573492077259285,1.0165936422883775,0.0601580065221875,27895763.0238745,-0.14458020108090208,-0.19549657228606712,0.041125858935245445,0.0,61.0,22946695.529209193,23360570.568109583,20274688.29283733,24849304.83275894,0.5409836065573771,0.2459016393442623,-0.19698238792140615,-0.07930158491882289,0.0,0.0,0.0
0.27,0.13,0.09,0.22,0.29,"(0.27, 0.13, 0.09, 0.22, 0.29)",0.13999999999999996,0.056658792507758626,0.0551935234703058,1.0265478437563629,0.0601580065221875,27880705.260784388,-0.14264164646201416,-0.19423337412913144,0.040451349494724266,0.0,61.0,22983373.177625608,23509343.2194439,20361621.53211076,24942055.918843113,0.5409836065573771,0.26229508196721313,-0.19541906557624952,-0.08414108459356241,0.0,0.0,0.0
0.26,0.14,0.09,0.25,0.26,"(0.26, 0.14, 0.09, 0.25, 0.26)",0.15999999999999998,0.05665398835444102,0.05590469259145291,1.0134030924463515,0.0601580065221875,27881362.505831916,-0.1450080435290172,-0.19759833935022125,0.04080030120905026,0.0,61.0,22930797.272580095,23360857.661000468,20289851.5751666,24945358.3775097,0.5409836065573771,0.2459016393442623,-0.19892171582200896,-0.08088888149501466,0.0,0.0,0.0
0.3,0.15,0.08,0.22,0.25,"(0.3, 0.15, 0.08, 0.22, 0.25)",0.15999999999999998,0.056635986540730876,0.054479454796273585,1.0395843121507302,0.0601580065221875,27893577.343454182,-0.14021978319886597,-0.18856495418482128,0.039697014772474226,0.0,61.0,22957841.400434226,23364200.283444718,20281441.341519255,24824950.606816683,0.5409836065573771,0.3442622950819672,-0.19006343251598007,-0.0776913702326862,0.0,0.0,0.0
0.27,0.15,0.08,0.24,0.26,"(0.27, 0.15, 0.08, 0.24, 0.26)",0.15999999999999995,0.056628256148681055,0.055192400915850384,1.0260154515658753,0.0601580065221875,27889112.510431606,-0.14272237950259115,-0.19258667504678914,0.04050115080444059,0.0,61.0,22947827.828474514,23355123.02590508,20283068.48850388,24840241.440457817,0.5409836065573771,0.26229508196721313,-0.19407633674607944,-0.07842542612789427,0.0,0.0,0.0
0.29,0.13,0.09,0.21,0.28,"(0.29, 0.13, 0.09, 0.21, 0.28)",0.13999999999999996,0.056626975850240235,0.054651246069281,1.0361515962226115,0.0601580065221875,27873969.40568895,-0.14060670818334875,-0.1910291648971635,0.03982664136391941,0.0,61.0,22984445.87058575,23500281.566139195,20398872.21523811,24932901.488657955,0.5409836065573771,0.3442622950819672,-0.19222141534770962,-0.08326458814788837,0.0,0.0,0.0
0.28,0.14,0.09,0.24,0.25,"(0.28, 0.14, 0.09, 0.24, 0.25)",0.15999999999999998,0.05662260759761395,0.05536156405256622,1.0227783222282225,0.0601580065221875,27874737.023073517,-0.14315188845778226,-0.19466729357940746,0.04017559307824541,0.0,61.0,22931905.75532898,23350467.964945737,20327002.4996515,24936264.67397236,0.5409836065573771,0.26229508196721313,-0.1959970750774435,-0.08001617699964593,0.0,0.0,0.0
0.26,0.13,0.09,0.23,0.29,"(0.26, 0.13, 0.09, 0.23, 0.29)",0.13999999999999996,0.056619064785645934,0.055365044597065274,1.022650034831673,0.0601580065221875,27869481.966701467,-0.14330020139668231,-0.19539766677511153,0.040630777395885775,0.0,61.0,22974498.28995286,23491591.717338517,20325059.048082504,24948241.578877486,0.5409836065573771,0.26229508196721313,-0.19657547291246222,-0.08399311193340975,0.0,0.0,0.0
0.25,0.14,0.09,0.26,0.26,"(0.25, 0.14, 0.09, 0.26, 0.26)",0.18,0.05661294784036364,0.05609642567340292,1.0092077554097285,0.0601580065221875,27869806.975339323,-0.14564779285172125,-0.1987369025552072,0.040979729110211784,0.0,61.0,22921829.647110537,23341568.7536233,20253291.76591837,24951354.68066264,0.5409836065573771,0.2459016393442623,-0.20005291834409722,-0.08074476289695522,0.0,0.0,0.0
0.29,0.15,0.08,0.23,0.25,"(0.29, 0.15, 0.08, 0.23, 0.25)",0.15999999999999998,0.05659610361575673,0.054655667414860255,1.0355029275585956,0.0601580065221875,27882301.283857606,-0.1408620494309838,-0.18968422798132026,0.039876442673635736,0.0,61.0,22948875.67846103,23359070.724139422,20291381.065780636,24831079.405652136,0.5409836065573771,0.3114754098360656,-0.1911771166440207,-0.07755034929610065,0.0,0.0,0.0
0.26,0.15,0.08,0.25,0.26,"(0.26, 0.15, 0.08, 0.25, 0.26)",0.15999999999999995,0.056587763093441046,0.05537697311629104,1.0218645026806965,0.0601580065221875,27877684.742468845,-0.14336337599032534,-0.1937121250159283,0.040680578705602106,0.0,61.0,22938809.83452387,23356909.49638338,20292943.938551784,24846284.329550095,0.5409836065573771,0.26229508196721313,-0.1951957600339587,-0.07828368055906644,0.0,0.0,0.0
0.28,0.13,0.09,0.22,0.28,"(0.28, 0.13, 0.09, 0.22, 0.28)",0.1399999999999999,0.05658754924526721,0.05481916203651777,1.0322585596542213,0.0601580065221875,27862824.250781536,-0.14126648362185035,-0.19218891657691387,0.04000606926508093,0.0,61.0,22975603.044711027,23481116.770110115,20362270.460729282,24939129.057829045,0.5409836065573771,0.29508196721311475,-0.19337360883916768,-0.08311758252808576,0.0,0.0,0.0
0.25,0.13,0.09,0.24,0.29,"(0.25, 0.13, 0.09, 0.24, 0.29)",0.14,0.056579028319886815,0.055541399331469614,1.0186820822108686,0.0601580065221875,27858185.206857163,-0.14395861998117487,-0.1965643573118707,0.04081020529704729,0.0,61.0,22965603.038580254,23472341.900842547,20288533.5619577,24954382.95787006,0.5409836065573771,0.26229508196721313,-0.1977341332643239,-0.08384537558615042,0.0,0.0,0.0
0.26,0.12,0.1,0.24,0.28,"(0.26, 0.12, 0.1, 0.24, 0.28)",0.13999999999999996,0.05656716374367399,0.05581760883826865,1.0134286459238548,0.0601580065221875,27842372.946746625,-0.1465040098839202,-0.20208511290144734,0.04048464757085211,0.0,61.0,22949601.269815348,23319014.392796047,20129492.451132882,25049882.333705075,0.5409836065573771,0.2459016393442623,-0.20310256036405452,-0.08539944677770428,0.0,0.0,0.0
0.28,0.15,0.08,0.24,0.25,"(0.28, 0.15, 0.08, 0.24, 0.25)",0.15999999999999995,0.056555911876234655,0.054836746005970625,1.031350617888174,0.0601580065221875,27870951.775772557,-0.14150415738610567,-0.19080571791088746,0.04005587057479725,0.0,61.0,22939889.70419144,23360896.040251244,20301291.926190212,24837164.1027398,0.5409836065573771,0.29508196721311475,-0.19229288011710138,-0.07740956460869085,0.0,0.0,0.0
0.3,0.13,0.09,0.21,0.27,"(0.3, 0.13, 0.09, 0.21, 0.27)",0.13999999999999996,0.056555391230712626,0.05427903855003374,1.0419379698220073,0.0601580065221875,27856005.9418135,-0.13922963040553882,-0.18898912479388322,0.039381361134276066,0.0,61.0,22976623.239574347,23470541.43260422,20399471.462435387,24929917.53335656,0.5409836065573771,0.3442622950819672,-0.19018001189042463,-0.08224312383851679,0.0,0.0,0.0
0.27,0.13,0.09,0.23,0.28,"(0.27, 0.13, 0.09, 0.23, 0.28)",0.1399999999999999,0.05654781387718266,0.054991982162327965,1.0282919737328637,0.0601580065221875,27851605.59012331,-0.14192612256990833,-0.1933510659677409,0.04018549716624244,0.0,61.0,22966739.833901417,23461921.33179049,20325705.672228966,24945312.384650156,0.5409836065573771,0.29508196721311475,-0.19452805580635285,-0.08297081293595333,0.0,0.0,0.0
0.25,0.15,0.08,0.26,0.26,"(0.25, 0.15, 0.08, 0.26, 0.26)",0.17999999999999997,0.05654696129608339,0.05556629311447539,1.0176486162139278,0.0601580065221875,27866183.661995407,-0.14400421419689868,-0.19483979019479267,0.040860006606763616,0.0,61.0,22929771.63131603,23358654.3937435,20302790.45926416,24852283.04643254,0.5409836065573771,0.26229508196721313,-0.1963172608109224,-0.0781421712794577,0.0,0.0,0.0
0.29,0.11,0.1,0.2,0.3,"(0.29, 0.11, 0.1, 0.2, 0.3)",0.12,0.05653186202931759,0.05470754676377287,1.0333466838391074,0.0601580065221875,27832883.039387733,-0.14223636927811711,-0.1956325805733355,0.03951098772572125,0.0,61.0,23002072.55994989,23276612.143571395,20236994.08984348,25036116.465899177,0.5409836065573771,0.26229508196721313,-0.19651019807322467,-0.08498273621238675,0.0,0.0,0.0
0.25,0.12,0.1,0.25,0.28,"(0.25, 0.12, 0.1, 0.25, 0.28)",0.13999999999999996,0.05652657307388198,0.05600218804112031,1.009363652584014,0.0601580065221875,27830953.903128445,-0.14716039272867287,-0.20326808318208986,0.04066407547201362,0.0,61.0,22940767.850916166,23293884.984268125,20093275.451928485,25055974.794461872,0.5409836065573771,0.21311475409836064,-0.20427605703814844,-0.0852505726104298,0.0,0.0,0.0
0.29,0.13,0.09,0.22,0.27,"(0.29, 0.13, 0.09, 0.22, 0.27)",0.13999999999999996,0.05651595698291034,0.054448235058309424,1.0379759219446978,0.0601580065221875,27844865.405919958,-0.13989049082860971,-0.19014673507195834,0.039560789035437575,0.0,61.0,22967792.102522347,23451400.415546812,20362867.49439096,24936142.753692046,0.5409836065573771,0.3442622950819672,-0.1913302466024682,-0.0820973180291841,0.0,0.0,0.0
0.27,0.15,0.08,0.25,0.25,"(0.27, 0.15, 0.08, 0.25, 0.25)",0.15999999999999995,0.05651541137478899,0.055022642528124464,1.0271300827818568,0.0601580065221875,27859528.914237738,-0.14214610680231843,-0.19192942360865345,0.04023529847595876,0.0,61.0,22930883.499049947,23362679.785118446,20311173.877580546,24843204.665847473,0.5409836065573771,0.26229508196721313,-0.19341072219852587,-0.07726901593654169,0.0,0.0,0.0
0.25,0.14,0.08,0.24,0.29,"(0.25, 0.14, 0.08, 0.24, 0.29)",0.14,0.05651451592513457,0.05498060187191044,1.0278991862766023,0.0601580065221875,27854924.396399725,-0.14084128865791812,-0.19036498284336592,0.040690482793599124,0.0,61.0,22973936.527646553,23394122.658745345,20347061.03043659,24855558.53474399,0.5409836065573771,0.29508196721311475,-0.19166588576924926,-0.08125126351590682,0.0,0.0,0.0
0.26,0.13,0.09,0.24,0.28,"(0.26, 0.13, 0.09, 0.24, 0.28)",0.13999999999999996,0.056507769798309626,0.055169660359590034,1.0242544440186496,0.0601580065221875,27840313.517750707,-0.14258562467650937,-0.19451561310055107,0.040364925067403946,0.0,61.0,22957856.25922083,23442695.35345346,20289177.891045913,24951451.436387423,0.5409836065573771,0.26229508196721313,-0.19568475587905138,-0.08282427915311812,0.0,0.0,0.0
0.27,0.12,0.1,0.24,0.27,"(0.27, 0.12, 0.1, 0.24, 0.27)",0.13999999999999996,0.05649578772403774,0.055449826171078874,1.0188632070681658,0.0601580065221875,27824477.46255494,-0.14513601928667275,-0.2000193641950664,0.04003936734120877,0.0,61.0,22941912.95397645,23295462.052095074,20130088.4548388,25046916.11636775,0.5409836065573771,0.2459016393442623,-0.20103810828256918,-0.08438042950249526,0.0,0.0,0.0
0.27,0.14,0.08,0.23,0.28,"(0.27, 0.14, 0.08, 0.23, 0.28)",0.13999999999999993,0.056482831075811424,0.054433712761862194,1.0376442871518567,0.0601580065221875,27848237.25976796,-0.1389755845106383,-0.18745593931128415,0.040065774662794276,0.0,61.0,22975044.619431924,23389895.718030836,20355453.06946961,24846461.259073053,0.5409836065573771,0.3442622950819672,-0.1887621454599214,-0.08037528185679474,0.0,0.0,0.0
0.28,0.13,0.09,0.23,0.27,"(0.28, 0.13, 0.09, 0.23, 0.27)",0.1399999999999999,0.056476214004868686,0.05462236101001767,1.0339394519125789,0.0601580065221875,27833651.418549486,-0.14055121426973527,-0.19130674290725008,0.039740216936599085,0.0,61.0,22958940.58043111,23432228.798373215,20326300.501669947,24942323.737713046,0.5409836065573771,0.3442622950819672,-0.19248273487611756,-0.08195174774660377,0.0,0.0,0.0
0.26,0.15,0.08,0.26,0.25,"(0.26, 0.15, 0.08, 0.26, 0.25)",0.17999999999999997,0.05647460216418487,0.05521330831717226,1.0228440186877976,0.0601580065221875,27848032.794861495,-0.14278789741791476,-0.1930553446974959,0.04041472637712027,0.0,61.0,22921857.084505178,23364421.948330816,20321026.87489961,24849201.062964126,0.5409836065573771,0.26229508196721313,-0.1945306421397796,-0.07712870304515607,0.0,0.0,0.0
0.29,0.12,0.09,0.2,0.3,"(0.29, 0.12, 0.09, 0.2, 0.3)",0.11999999999999998,0.056473229826334626,0.05403313064272037,1.0451593153050627,0.0601580065221875,27831023.703419562,-0.13829691550393097,-0.18812234117500423,0.03939126522227309,0.0,61.0,23010761.783095535,23417409.142017197,20397465.05554348,24937909.97164523,0.5409836065573771,0.3442622950819672,-0.1891499354262801,-0.08324333323355185,0.0,0.0,0.0
0.25,0.13,0.09,0.25,0.28,"(0.25, 0.13, 0.09, 0.25, 0.28)",0.13999999999999996,0.056467417061112135,0.05535214984567591,1.0201485799295174,0.0601580065221875,27828948.128270928,-0.14324498959085663,-0.1956825579939315,0.040544352968565456,0.0,61.0,22948952.341777887,23423438.93744891,20252687.15823903,24957546.180528786,0.5409836065573771,0.26229508196721313,-0.19684370867510637,-0.08267798096060318,0.0,0.0,0.0
0.29,0.12,0.1,0.23,0.26,"(0.29, 0.12, 0.1, 0.23, 0.26)",0.13999999999999996,0.056464360051354356,0.05490302829345411,1.0284379897872846,0.0601580065221875,27817840.542618338,-0.14310852620987546,-0.1967796735253597,0.03941465921040391,0.0,61.0,22942973.621471785,23296978.100799695,20166891.271437965,25037757.957153097,0.5409836065573771,0.26229508196721313,-0.1978084834423326,-0.08351134237320638,0.0,0.0,0.0
0.26,0.12,0.1,0.25,0.27,"(0.26, 0.12, 0.1, 0.25, 0.27)",0.13999999999999996,0.05645518945242056,0.05563575538232471,1.0147285511711805,0.0601580065221875,27813063.19825838,-0.14579348156958738,-0.20120017491241812,0.04021879524237028,0.0,61.0,22933091.148372043,23270359.54064144,20093869.26458719,25053006.230817135,0.5409836065573771,0.2459016393442623,-0.2022096315967517,-0.08423275540573626,0.0,0.0,0.0
0.29,0.14,0.08,0.22,0.27,"(0.29, 0.14, 0.08, 0.22, 0.27)",0.13999999999999999,0.05645050384954864,0.053892603613700206,1.0474629181804491,0.0601580065221875,27841389.685326304,-0.137107360513136,-0.18455436186368784,0.03944106653198942,0.0,61.0,22976068.17050293,23393833.18207785,20363777.261951245,24837265.37094334,0.5409836065573771,0.36065573770491804,-0.18586524759006148,-0.07950037833603533,0.0,0.0,0.0
0.3,0.13,0.09,0.22,0.26,"(0.3, 0.13, 0.09, 0.22, 0.26)",0.13999999999999996,0.05644401593911241,0.0540808132039818,1.0436976183441824,0.0601580065221875,27826828.93539258,-0.13851366971951928,-0.18810683328809694,0.03911550880579424,0.0,61.0,22959940.41928872,23421662.093808144,20363412.653796915,24933097.056011792,0.5409836065573771,0.3442622950819672,-0.1892889822410908,-0.08108028561866366,0.0,0.0,0.0
0.26,0.14,0.08,0.24,0.28,"(0.26, 0.14, 0.08, 0.24, 0.28)",0.13999999999999996,0.0564430256445656,0.05460889915083667,1.0335865861104954,0.0601580065221875,27836999.38061738,-0.13961882862715003,-0.18857770726903383,0.040245202563955786,0.0,61.0,22966090.34399781,23391768.570347387,20365435.920507252,24852602.18874061,0.5409836065573771,0.3442622950819672,-0.189877421030343,-0.08023133773474891,0.0,0.0,0.0
0.27,0.13,0.09,0.24,0.27,"(0.27, 0.13, 0.09, 0.24, 0.27)",0.13999999999999996,0.0564361623489098,0.054801369416716206,1.0298312423502127,0.0601580065221875,27822364.073692385,-0.141211800377953,-0.1924691483342813,0.0399196448377606,0.0,61.0,22950068.694322743,23413026.683222245,20289770.525552813,24948460.452699598,0.5409836065573771,0.3114754098360656,-0.1936374763442342,-0.0818064127708003,0.0,0.0,0.0
0.28,0.12,0.09,0.21,0.3,"(0.28, 0.12, 0.09, 0.21, 0.3)",0.11999999999999995,0.05643449051006599,0.054190919767734595,1.0414012301682176,0.0601580065221875,27820068.670784257,-0.13895781912537986,-0.1892812639418091,0.0395706931234346,0.0,61.0,23001983.18619033,23392339.624937847,20360934.031307615,24944235.5721729,0.5409836065573771,0.3442622950819672,-0.19030067185978383,-0.08339389302175036,0.0,0.0,0.0
0.25,0.15,0.08,0.27,0.25,"(0.25, 0.15, 0.08, 0.27, 0.25)",0.19999999999999998,0.05643348429732753,0.05540869413883884,1.0184951147904848,0.0601580065221875,27836463.513820913,-0.1434295289713874,-0.19418348078801898,0.04059415427828178,0.0,61.0,22912810.482069857,23366122.51968914,20330850.873211138,24855153.262300592,0.5409836065573771,0.26229508196721313,-0.1956526391805189,-0.07698862569945865,0.0,0.0,0.0
0.28,0.12,0.1,0.24,0.26,"(0.28, 0.12, 0.1, 0.24, 0.26)",0.13999999999999996,0.05642406275643985,0.05508552686181636,1.024299230140455,0.0601580065221875,27806504.283023678,-0.14376720547373123,-0.19795591119610187,0.03959408711156542,0.0,61.0,22934183.843596112,23271902.723850302,20130633.15970842,25043890.198213335,0.5409836065573771,0.26229508196721313,-0.19897576808610992,-0.08336463058276143,0.0,0.0,0.0
0.25,0.12,0.1,0.26,0.27,"(0.25, 0.12, 0.1, 0.26, 0.27)",0.15999999999999998,0.05641428265813553,0.05582640126155187,1.0105305264767002,0.0601580065221875,27801575.790309533,-0.14645080692461787,-0.20238340095418444,0.04039822314353179,0.0,61.0,22924248.9611886,23245256.859426826,20057686.93531533,25059051.824571747,0.5409836065573771,0.2459016393442623,-0.2033834213989793,-0.08408531561711927,0.0,0.0,0.0
0.28,0.14,0.08,0.23,0.27,"(0.28, 0.14, 0.08, 0.23, 0.27)",0.13999999999999993,0.056410999626272496,0.05406416747700646,1.0434082731462413,0.0601580065221875,27830229.91263394,-0.13775172030073146,-0.18567215544478327,0.03962049443315093,0.0,61.0,22967145.963570215,23395744.928155296,20373795.658738203,24843448.06087774,0.5409836065573771,0.3442622950819672,-0.18697685097085126,-0.07935739534114425,0.0,0.0,0.0
0.29,0.13,0.09,0.23,0.26,"(0.29, 0.13, 0.09, 0.23, 0.26)",0.13999999999999996,0.056404265386996943,0.05425625147147315,1.0395901644007453,0.0601580065221875,27815619.661069836,-0.13917547813195208,-0.18926470127029427,0.03929493670695575,0.0,61.0,22951100.597667567,23402514.32259511,20326843.557053816,24939275.6876373,0.5409836065573771,0.3442622950819672,-0.19043951349842964,-0.08093591089384382,0.0,0.0,0.0
0.25,0.14,0.08,0.25,0.28,"(0.25, 0.14, 0.08, 0.25, 0.28)",0.13999999999999996,0.05640291150537302,0.05478896233901949,1.0294575603817215,0.0601580065221875,27825688.164102256,-0.14026191428587276,-0.18970170129802866,0.040424630465117295,0.0,61.0,22957115.785121113,23393599.821230058,20375389.817975156,24858698.998274196,0.5409836065573771,0.3114754098360656,-0.19099478407262452,-0.08008762977499412,0.0,0.0,0.0
0.3,0.12,0.09,0.2,0.29,"(0.3, 0.12, 0.09, 0.2, 0.29)",0.11999999999999998,0.056402158027365035,0.053647665954053805,1.051344117667119,0.0601580065221875,27813214.594512217,-0.13691554725903832,-0.18607714786970284,0.038945984992629745,0.0,61.0,23002979.056796778,23393802.2534589,20398105.47190321,24934990.44213648,0.5409836065573771,0.39344262295081966,-0.18710466916154098,-0.08232783089768969,0.0,0.0,0.0
0.26,0.13,0.09,0.25,0.27,"(0.26, 0.13, 0.09, 0.25, 0.27)",0.13999999999999996,0.05639580206749506,0.05498521259285097,1.0256539787358665,0.0601580065221875,27811003.46590958,-0.14187224880251648,-0.19363395137526054,0.04009907273892211,0.0,61.0,22941176.465264145,23393794.17230946,20253277.607069768,24954552.866153575,0.5409836065573771,0.29508196721311475,-0.19479447062774272,-0.0816613128811984,0.0,0.0,0.0
0.27,0.12,0.09,0.22,0.3,"(0.27, 0.12, 0.09, 0.22, 0.3)",0.11999999999999995,0.05639544246697703,0.0543537313327036,1.0375634033618768,0.0601580065221875,27809040.116803557,-0.13961858657827564,-0.19044259638679875,0.03975012102459611,0.0,61.0,22993184.132027,23367269.575181797,20324439.72456667,24950516.985811014,0.5409836065573771,0.3442622950819672,-0.1914536723879969,-0.08354461974884393,0.0,0.0,0.0
0.3,0.12,0.1,0.23,0.25,"(0.3, 0.12, 0.1, 0.23, 0.25)",0.13999999999999996,0.056392293916539105,0.0545409424075621,1.0339442522856062,0.0601580065221875,27799785.071343005,-0.14173780993780205,-0.19472067594372192,0.03896937898076056,0.0,61.0,22935192.147270937,23273384.949927237,20167386.69972736,25034674.759351104,0.5409836065573771,0.29508196721311475,-0.19575022861569624,-0.08249756327395866,0.0,0.0,0.0
0.27,0.12,0.1,0.25,0.26,"(0.27, 0.12, 0.1, 0.25, 0.26)",0.13999999999999996,0.05638345691912039,0.055272812211709293,1.0200938700776983,0.0601580065221875,27795094.83843025,-0.14442574767060212,-0.19913456405631907,0.039773515012726926,0.0,61.0,22925373.66304535,23246827.113475986,20094411.87769507,25049977.956988994,0.5409836065573771,0.26229508196721313,-0.20014531972358376,-0.0832181528109279,0.0,0.0,0.0
0.3,0.14,0.08,0.22,0.26,"(0.3, 0.14, 0.08, 0.22, 0.26)",0.13999999999999999,0.05637833141045023,0.053525299437522544,1.0533024943888056,0.0601580065221875,27823300.191230547,-0.13588209283104502,-0.18277407217030145,0.03899578630234607,0.0,61.0,22968117.08723782,23399631.85845584,20382087.482327063,24834195.395338655,0.5409836065573771,0.39344262295081966,-0.18408312568251975,-0.07848453261166169,0.0,0.0,0.0
0.27,0.14,0.08,0.24,0.27,"(0.27, 0.14, 0.08, 0.24, 0.27)",0.13999999999999996,0.05637118667547236,0.05424068060040462,1.0392787489294861,0.0601580065221875,27818996.762778647,-0.13839592137176138,-0.1867921756214574,0.03979992233431244,0.0,61.0,22958203.451760497,23397615.074964866,20383785.12260388,24849586.669258382,0.5409836065573771,0.3442622950819672,-0.18809054291038876,-0.07921464823271168,0.0,0.0,0.0
0.28,0.13,0.09,0.24,0.26,"(0.28, 0.13, 0.09, 0.24, 0.26)",0.13999999999999996,0.05636420618984728,0.05443659648584222,1.035410180438198,0.0601580065221875,27804337.083668463,-0.13983714871985742,-0.19042496669253853,0.03947436460811726,0.0,61.0,22942240.41190813,23383336.095440887,20290311.48607363,24945410.056369185,0.5409836065573771,0.3442622950819672,-0.1915922980382784,-0.0807917709743542,0.0,0.0,0.0
0.29,0.12,0.09,0.21,0.29,"(0.29, 0.12, 0.09, 0.21, 0.29)",0.12000000000000001,0.05636341099580222,0.053806719711626,1.0475162079732543,0.0601580065221875,27802264.00646375,-0.13757753858131827,-0.18723392180764012,0.039125412893791255,0.0,61.0,22994212.123768512,23368759.52614212,20361572.155711453,24941313.699452557,0.5409836065573771,0.36065573770491804,-0.18825344089887933,-0.0824787193323797,0.0,0.0,0.0
0.26,0.12,0.09,0.23,0.3,"(0.26, 0.12, 0.09, 0.23, 0.3)",0.11999999999999995,0.05635608574904416,0.05452152034378095,1.0336484638303465,0.0601580065221875,27797938.134006526,-0.14027921751081163,-0.19160633857197562,0.039929548925757626,0.0,61.0,22984364.641524654,23342199.053986512,20287982.177008905,24956754.179343723,0.5409836065573771,0.3442622950819672,-0.1926089366702727,-0.08369551333062682,0.0,0.0,0.0
0.25,0.13,0.09,0.26,0.27,"(0.25, 0.13, 0.09, 0.26, 0.27)",0.15999999999999998,0.05635513321322594,0.05517384220905365,1.02141034513595,0.0601580065221875,27799569.69033109,-0.14253255919289654,-0.19480115204006165,0.04027850064008363,0.0,61.0,22932263.914367005,23374531.36792618,20216821.787001815,24960600.9457989,0.5409836065573771,0.26229508196721313,-0.19595371733561304,-0.08151644785662679,0.0,0.0,0.0
0.29,0.12,0.1,0.24,0.25,"(0.29, 0.12, 0.1, 0.24, 0.25)",0.14,0.05635198905898986,0.05472478047598778,1.0297344012867455,0.0601580065221875,27788453.617316775,-0.14239757007986265,-0.1958947576134536,0.03914880688192208,0.0,61.0,22926414.00632149,23248336.480709113,20131126.586478684,25040804.62913911,0.5409836065573771,0.2786885245901639,-0.19691554317541482,-0.08235204457235026,0.0,0.0,0.0
0.26,0.12,0.1,0.26,0.26,"(0.26, 0.12, 0.1, 0.26, 0.26)",0.15999999999999998,0.0563425425920403,0.055464835853293426,1.0158245620895452,0.0601580065221875,27783612.304369073,-0.14508415244991868,-0.20031563209894238,0.03995294291388844,0.0,61.0,22916543.100632142,23221751.330550596,20058227.465749588,25056021.20121549,0.5409836065573771,0.2459016393442623,-0.20131713794541276,-0.08307190884171592,0.0,0.0,0.0
0.29,0.14,0.08,0.23,0.26,"(0.29, 0.14, 0.08, 0.23, 0.26)",0.13999999999999999,0.05633881967044552,0.05369817134859266,1.0491757587928003,0.0601580065221875,27812145.13297582,-0.13652741030325055,-0.18389011870241992,0.03917521420350758,0.0,61.0,22959206.655790675,23401540.905166503,20392112.50504862,24840375.74827358,0.5409836065573771,0.39344262295081966,-0.18519314599004635,-0.07834274337622027,0.0,0.0,0.0
0.3,0.13,0.09,0.23,0.25,"(0.3, 0.13, 0.09, 0.23, 0.25)",0.13999999999999996,0.056331968241567054,0.05389372511176879,1.0452416886148,0.0601580065221875,27797510.52718332,-0.13779891579587256,-0.18722494472386647,0.0388496564773124,0.0,61.0,22943219.95382894,23372778.109664533,20327334.859341007,24936168.28428679,0.5409836065573771,0.36065573770491804,-0.18839839504269593,-0.07992329690659336,0.0,0.0,0.0
0.26,0.14,0.08,0.25,0.27,"(0.26, 0.14, 0.08, 0.25, 0.27)",0.13999999999999996,0.056331065049565865,0.05442209482648876,1.0350771176516336,0.0601580065221875,27807690.329867814,-0.13903996346351388,-0.1879144220515678,0.03997935023547395,0.0,61.0,22949240.65639965,23399443.611659467,20393745.60805443,24855681.163591564,0.5409836065573771,0.3442622950819672,-0.18920632269387194,-0.07907213678334137,0.0,0.0,0.0
0.28,0.12,0.09,0.22,0.29,"(0.28, 0.12, 0.09, 0.22, 0.29)",0.11999999999999995,0.0563243552701731,0.05397082412033501,1.0436074710401047,0.0601580065221875,27791239.950975906,-0.1382393932428202,-0.18839310526711536,0.039304840794952764,0.0,61.0,22985424.733414534,23343716.263727468,20325075.566409126,24947592.77578183,0.5409836065573771,0.3442622950819672,-0.18940447681483502,-0.08262977461020256,0.0,0.0,0.0
0.27,0.13,0.09,0.25,0.26,"(0.27, 0.13, 0.09, 0.25, 0.26)",0.13999999999999996,0.05632383840012323,0.05462179964523325,1.0311604298273704,0.0601580065221875,27792981.297702815,-0.14049868113254016,-0.191587629580654,0.03965379250927877,0.0,61.0,22933359.8830356,23364127.51442644,20253816.481858496,24951500.129723217,0.5409836065573771,0.3442622950819672,-0.19274733548463632,-0.08064786563802676,0.0,0.0,0.0
0.25,0.12,0.09,0.24,0.3,"(0.25, 0.12, 0.09, 0.24, 0.3)",0.11999999999999998,0.05631642040838325,0.05469424099209926,1.0296590534370578,0.0601580065221875,27786762.815494735,-0.14093971157139762,-0.19277249054700965,0.040108976826919135,0.0,61.0,22975524.735647276,23317128.122513514,20251561.43007313,24962947.11977643,0.5409836065573771,0.29508196721311475,-0.19376646435401526,-0.08384657368290993,0.0,0.0,0.0
0.25,0.12,0.1,0.27,0.26,"(0.25, 0.12, 0.1, 0.27, 0.26)",0.18,0.05630131982798381,0.05566154874749358,1.0114939503999885,0.0601580065221875,27772056.776937705,-0.14574241946133482,-0.2014991153044481,0.04013237081504996,0.0,61.0,22907692.177214403,23196675.435871165,20022079.96397616,25062019.89885159,0.5409836065573771,0.2459016393442623,-0.20249122233020347,-0.0829258984585452,0.0,0.0,0.0
0.28,0.14,0.08,0.24,0.26,"(0.28, 0.14, 0.08, 0.24, 0.26)",0.13999999999999996,0.056298999235772085,0.053876017658918536,1.0449732864851502,0.0601580065221875,27800916.752093725,-0.13717256853706528,-0.1850083920069494,0.039354642104669095,0.0,61.0,22950275.919424888,23403408.34399586,20402108.570061643,24846512.0258184,0.5409836065573771,0.36065573770491804,-0.18630525522417285,-0.07820118952667299,0.0,0.0,0.0
0.3,0.12,0.09,0.21,0.28,"(0.3, 0.12, 0.09, 0.21, 0.28)",0.11999999999999995,0.0562919827143582,0.053425880135361814,1.053646333419959,0.0601580065221875,27784381.66793094,-0.1361964255361504,-0.18518885776896277,0.03868013266414791,0.0,61.0,22986400.254360296,23345172.31385775,20362158.4073195,24938332.422973204,0.5409836065573771,0.39344262295081966,-0.18620830440498207,-0.08156374442846225,0.0,0.0,0.0
0.29,0.13,0.09,0.24,0.25,"(0.29, 0.13, 0.09, 0.24, 0.25)",0.14,0.05629190153899,0.05407541276067666,1.0409888462270815,0.0601580065221875,27786232.757074345,-0.138461671340099,-0.1883830718451318,0.03902908437847391,0.0,61.0,22934371.480091818,23353623.795101516,20290800.793515723,24942300.297251664,0.5409836065573771,0.3442622950819672,-0.18954922433231605,-0.07978034829937211,0.0,0.0,0.0
0.25,0.14,0.08,0.26,0.27,"(0.25, 0.14, 0.08, 0.26, 0.27)",0.15999999999999998,0.05629063480110963,0.05460836130947783,1.0308061522318528,0.0601580065221875,27796310.708578676,-0.13968384631347797,-0.18903889438068847,0.04015877813663546,0.0,61.0,22940257.598857883,23401230.52760285,20376943.792052105,24861731.51160485,0.5409836065573771,0.3442622950819672,-0.19032418959466202,-0.07892986076504675,0.0,0.0,0.0
0.27,0.12,0.09,0.23,0.29,"(0.27, 0.12, 0.09, 0.23, 0.29)",0.11999999999999995,0.056284990902451204,0.05413993325287453,1.039620618657907,0.0601580065221875,27780142.520533226,-0.13890111089178936,-0.18955469831376046,0.03948426869611427,0.0,61.0,22976616.906612027,23318672.52739235,20288615.745656267,24953827.63792237,0.5409836065573771,0.3442622950819672,-0.1905577765718473,-0.08278099664697351,0.0,0.0,0.0
0.26,0.13,0.09,0.26,0.26,"(0.26, 0.13, 0.09, 0.26, 0.26)",0.15999999999999998,0.05628316207042405,0.054811811704235006,1.026843673296706,0.0601580065221875,27781552.398255665,-0.1411600750195221,-0.19275268994813557,0.03983322041044028,0.0,61.0,22924459.032119986,23344888.681708563,20217358.585160855,24957545.87543727,0.5409836065573771,0.3114754098360656,-0.19390462544955375,-0.08050419466210199,0.0,0.0,0.0
0.27,0.12,0.1,0.26,0.25,"(0.27, 0.12, 0.1, 0.26, 0.25)",0.15999999999999998,0.0562704538680856,0.055106834747696204,1.0211156950987472,0.0601580065221875,27765571.412986036,-0.1437166773428461,-0.1982501660765331,0.0395076626842451,0.0,61.0,22908796.53651835,23198238.894643992,20058716.916423,25052930.90828132,0.5409836065573771,0.26229508196721313,-0.1992529731465547,-0.08206170749885507,0.0,0.0,0.0
0.3,0.14,0.08,0.23,0.25,"(0.3, 0.14, 0.08, 0.23, 0.25)",0.13999999999999999,0.05626629142608941,0.05333579744078048,1.0549442236907154,0.0601580065221875,27793983.130514335,-0.13530265616700798,-0.18210983317776624,0.03872993397386425,0.0,61.0,22951226.76477894,23407283.63545464,20410403.54186339,24837244.371081024,0.5409836065573771,0.4262295081967213,-0.18341103432268524,-0.07733132047265727,0.0,0.0,0.0
0.27,0.14,0.08,0.25,0.26,"(0.27, 0.14, 0.08, 0.25, 0.26)",0.13999999999999996,0.056258870158845564,0.05405878927316354,1.0406979311831204,0.0601580065221875,27789615.1426449,-0.13781756727001393,-0.18612889174510538,0.039534070005830604,0.0,61.0,22941324.89942435,23405234.16411173,20412075.63184608,24852604.19549331,0.5409836065573771,0.3442622950819672,-0.18741945267289006,-0.07805987083403476,0.0,0.0,0.0
0.29,0.12,0.09,0.22,0.28,"(0.29, 0.12, 0.09, 0.22, 0.28)",0.11999999999999995,0.05625291934197563,0.053591285522262666,1.0496654221628492,0.0601580065221875,27773362.150218595,-0.1368593678872544,-0.1863458939479165,0.03885956056530942,0.0,61.0,22977624.53953114,23320155.84288376,20325659.635483578,24944609.15218544,0.5409836065573771,0.39344262295081966,-0.18735737738780325,-0.08171512821390449,0.0,0.0,0.0
0.28,0.13,0.09,0.25,0.25,"(0.28, 0.13, 0.09, 0.25, 0.25)",0.13999999999999996,0.056251526276732466,0.05426198181367063,1.0366655325987484,0.0601580065221875,27774881.83294182,-0.13912428821736633,-0.18954359628273545,0.03920851227963542,0.0,61.0,22925502.663103774,23334439.16857587,20254303.803459063,24948388.021084752,0.5409836065573771,0.3442622950819672,-0.19070230661864412,-0.07963763377335151,0.0,0.0,0.0
0.26,0.12,0.09,0.24,0.29,"(0.26, 0.12, 0.09, 0.24, 0.29)",0.11999999999999998,0.05624531794475107,0.05431400036195269,1.0355583748191615,0.0601580065221875,27768971.808192275,-0.13956269117668774,-0.19071870100088004,0.03966369659727578,0.0,61.0,22967788.664283205,23293628.378238656,20252192.734863393,24960018.252893496,0.5409836065573771,0.3442622950819672,-0.19171333982041167,-0.08293238535852368,0.0,0.0,0.0
0.26,0.12,0.1,0.27,0.25,"(0.26, 0.12, 0.1, 0.27, 0.25)",0.18,0.05622922364015426,0.05530495162491959,1.0167122832238082,0.0601580065221875,27754020.854214553,-0.14437602376295222,-0.1994314928505849,0.03968709058540661,0.0,61.0,22899957.249252416,23173189.89934834,20022567.44001529,25058927.253357694,0.5409836065573771,0.26229508196721313,-0.20042508773343637,-0.0819168886912316,0.0,0.0,0.0
0.29,0.14,0.08,0.24,0.25,"(0.29, 0.14, 0.08, 0.24, 0.25)",0.14,0.05622646354309202,0.05351498301254729,1.050667689269545,0.0601580065221875,27782759.55817978,-0.13594877177058184,-0.18322636052258023,0.03890936187502576,0.0,61.0,22942307.815572977,23409148.363825418,20420406.196311496,24843378.30823283,0.5409836065573771,0.39344262295081966,-0.1845215617793521,-0.07719095613395546,0.0,0.0,0.0
0.26,0.14,0.08,0.26,0.26,"(0.26, 0.14, 0.08, 0.26, 0.26)",0.15999999999999998,0.05621843249222058,0.05424643640711729,1.0363525461894592,0.0601580065221875,27778240.399259325,-0.13846240623981954,-0.1872516175658171,0.03971349790699212,0.0,61.0,22932353.61711726,23407018.35489247,20377476.768741842,24858652.225039594,0.5409836065573771,0.3442622950819672,-0.18853573761235198,-0.07791878706873126,0.0,0.0,0.0
0.28,0.12,0.09,0.23,0.28,"(0.28, 0.12, 0.09, 0.23, 0.28)",0.1199999999999999,0.05621354736026518,0.05376172286966099,1.0456053928284321,0.0601580065221875,27762269.311594017,-0.13752217273348344,-0.18750533955957824,0.039038988466470935,0.0,61.0,22968828.38816905,23295138.895515952,20289197.64143678,24950841.67321693,0.5409836065573771,0.36065573770491804,-0.18850871429777186,-0.08186667866250034,0.0,0.0,0.0
0.25,0.12,0.09,0.25,0.29,"(0.25, 0.12, 0.09, 0.25, 0.29)",0.11999999999999998,0.056205336449326904,0.054492977935745104,1.0314234710314587,0.0601580065221875,27757727.90758007,-0.14022413374619092,-0.19188511336942554,0.0398431244984373,0.0,61.0,22958940.0273953,23268583.877292536,20215806.57519201,24966164.587935995,0.5409836065573771,0.3442622950819672,-0.19287116619904981,-0.08308394066070289,0.0,0.0,0.0
0.29,0.13,0.08,0.22,0.28,"(0.29, 0.13, 0.08, 0.22, 0.28)",0.11999999999999997,0.05618895280919056,0.052999477458479945,1.0601793735270177,0.0601580065221875,27770250.150488824,-0.13290221772333588,-0.17896262744944336,0.03873983806186126,0.0,61.0,22985952.1080734,23435802.516376533,20464446.86080986,24845936.682851117,0.5409836065573771,0.4426229508196721,-0.1801101614865139,-0.07997259513696221,0.0,0.0,0.0
0.25,0.12,0.1,0.28,0.25,"(0.25, 0.12, 0.1, 0.28, 0.25)",0.2,0.05618768506108607,0.05550772792012309,1.0122497743366734,0.0601580065221875,27742397.453003496,-0.14503523157529286,-0.20061523461933722,0.03986651848656812,0.0,61.0,22891097.621544372,23148140.85011749,19986454.922542024,25064879.026291322,0.5409836065573771,0.2459016393442623,-0.20159946815139634,-0.08177230274488259,0.0,0.0,0.0
0.28,0.14,0.08,0.25,0.25,"(0.28, 0.14, 0.08, 0.25, 0.25)",0.13999999999999996,0.05618632705070792,0.05369911797522752,1.0463175033271086,0.0601580065221875,27771462.811946757,-0.1365947273515994,-0.18434511447920526,0.039088789776187266,0.0,61.0,22933368.58267355,23408291.236908253,20414692.810764253,24849468.14378318,0.5409836065573771,0.36065573770491804,-0.18563417781981142,-0.07705082645107951,0.0,0.0,0.0
0.26,0.13,0.08,0.24,0.29,"(0.26, 0.13, 0.08, 0.24, 0.29)",0.12,0.05618205975709145,0.053717477428083624,1.0458804554310537,0.0601580065221875,27766020.808463786,-0.13561742395222764,-0.18328456502275314,0.03954397409382763,0.0,61.0,22976074.39358714,23433802.023684412,20412554.940911382,24861373.580237847,0.5409836065573771,0.39344262295081966,-0.1844202508729216,-0.08100961583537153,0.0,0.0,0.0
0.3,0.12,0.09,0.22,0.27,"(0.3, 0.12, 0.09, 0.22, 0.27)",0.11999999999999995,0.05618113490016752,0.05321518761490328,1.055734977516712,0.0601580065221875,27755406.92269297,-0.1354785121520362,-0.18430096612123834,0.03841428033566608,0.0,61.0,22969783.618486296,23296588.385449894,20326191.952476475,24941566.16447364,0.5409836065573771,0.4262295081967213,-0.1853123774960873,-0.08080068173578382,0.0,0.0,0.0
0.25,0.14,0.08,0.27,0.26,"(0.25, 0.14, 0.08, 0.27, 0.26)",0.18,0.0561776862885921,0.05443890864407051,1.0319399798385005,0.0601580065221875,27766792.617135085,-0.1391070851844144,-0.18837656910572823,0.03989292580815363,0.0,61.0,22923362.093876086,23399529.39390441,20340781.231004972,24864656.08241991,0.5409836065573771,0.3442622950819672,-0.18965410930686424,-0.07777793800060513,0.0,0.0,0.0
0.27,0.12,0.09,0.24,0.28,"(0.27, 0.12, 0.09, 0.24, 0.28)",0.11999999999999993,0.056173866821338514,0.05393714447572001,1.0414690537914066,0.0601580065221875,27751103.245068315,-0.13818483972334927,-0.1886671946608772,0.039218416367632444,0.0,61.0,22960011.821154393,23270121.532796245,20252772.46656133,24957029.953100845,0.5409836065573771,0.3442622950819672,-0.18966231478846302,-0.08201839569010244,0.0,0.0,0.0
0.28,0.13,0.08,0.23,0.28,"(0.28, 0.13, 0.08, 0.23, 0.28)",0.11999999999999991,0.05614981947178066,0.05316738692311368,1.0560951500772444,0.0601580065221875,27759211.23401553,-0.13356803017389318,-0.18010624323462757,0.03891926596302277,0.0,61.0,22977085.345373787,23435810.534468047,20449830.973777045,24852170.76647597,0.5409836065573771,0.4426229508196721,-0.18124711746569702,-0.08012469831366548,0.0,0.0,0.0
0.27,0.14,0.08,0.26,0.25,"(0.27, 0.14, 0.08, 0.26, 0.25)",0.15999999999999998,0.05614588200148951,0.05388815159287335,1.0418966014212805,0.0601580065221875,27760092.986397687,-0.13724052264802244,-0.18546609469992875,0.039268217677348775,0.0,61.0,22924409.08736689,23389041.651401795,20377957.91627196,24855513.845487155,0.5409836065573771,0.36065573770491804,-0.18674888172300616,-0.07691093119287677,0.0,0.0,0.0
0.25,0.13,0.08,0.25,0.29,"(0.25, 0.13, 0.08, 0.25, 0.29)",0.12,0.05614231674929071,0.053894070634891614,1.0417160197386084,0.0601580065221875,27754830.787371807,-0.13628186779639484,-0.1844350943691273,0.03972340199498914,0.0,61.0,22967155.188175507,23409129.733550306,20375894.3585677,24867521.83666797,0.5409836065573771,0.39344262295081966,-0.18556365322987176,-0.08086516008703576,0.0,0.0,0.0
0.29,0.12,0.09,0.23,0.27,"(0.29, 0.12, 0.09, 0.23, 0.27)",0.11999999999999995,0.05614175534013577,0.05338696095923498,1.0516005094016174,0.0601580065221875,27744318.715248268,-0.13614240467491168,-0.18545826600430512,0.0385937082368276,0.0,61.0,22960999.154201794,23271598.231080607,20289727.884984016,24947796.33467077,0.5409836065573771,0.39344262295081966,-0.1864617532389762,-0.08095256055278,0.0,0.0,0.0
0.3,0.11,0.09,0.2,0.3,"(0.3, 0.11, 0.09, 0.2, 0.3)",0.09999999999999998,0.05613449014730465,0.052862680272847073,1.0618926217431721,0.0601580065221875,27740615.87504703,-0.13387866675025772,-0.1822589361045197,0.03824475652250159,0.0,61.0,23012307.627698593,23275716.97958647,20360380.42438745,24942778.29041807,0.5409836065573771,0.4426229508196721,-0.1831201617387051,-0.0794740873170491,0.0,0.0,0.0
0.26,0.12,0.09,0.25,0.28,"(0.26, 0.12, 0.09, 0.25, 0.28)",0.11999999999999993,0.056133877777447605,0.05411750187111446,1.0372592199679749,0.0601580065221875,27739864.04422281,-0.13884736850558022,-0.18983145929639972,0.03939784426879396,0.0,61.0,22951174.85941262,23245103.815690942,20216384.151990436,24963173.959092006,0.5409836065573771,0.3442622950819672,-0.19081817850148988,-0.08217027921257995,0.0,0.0,0.0
0.3,0.13,0.08,0.22,0.27,"(0.3, 0.13, 0.08, 0.22, 0.27)",0.11999999999999997,0.05611693738529966,0.052623149084852196,1.0663926116396778,0.0601580065221875,27752241.89578226,-0.13152655772163369,-0.1769540033108772,0.03829455783221792,0.0,61.0,22978011.78978189,23437250.39655464,20482857.150586788,24842869.468055703,0.5409836065573771,0.47540983606557374,-0.17808246451538098,-0.07905653318832308,0.0,0.0,0.0
0.27,0.13,0.08,0.24,0.28,"(0.27, 0.13, 0.08, 0.24, 0.28)",0.11999999999999994,0.056110377527436306,0.05334035245372074,1.0519311355529362,0.0601580065221875,27748099.069427393,-0.13423370365036802,-0.18125225072517723,0.039098693864184283,0.0,61.0,22968198.225756474,23410658.30855663,20413131.14545681,24858360.796034668,0.5409836065573771,0.4426229508196721,-0.1823863228643048,-0.07999535388997156,0.0,0.0,0.0
0.25,0.15,0.07,0.27,0.26,"(0.25, 0.15, 0.07, 0.27, 0.26)",0.18,0.05610784259546686,0.05396128120056216,1.0397796595474895,0.0601580065221875,27762284.180958472,-0.13745535308970735,-0.18456913802017913,0.03977320330470546,0.0,61.0,22931166.594146397,23324408.5747679,20320329.455013182,24765353.465026043,0.5409836065573771,0.3442622950819672,-0.18599891227676305,-0.07517743609301167,0.0,0.0,0.0
0.26,0.14,0.08,0.27,0.25,"(0.26, 0.14, 0.08, 0.27, 0.25)",0.18,0.056105128448130204,0.054082032498515724,1.0374079126865285,0.0601580065221875,27748650.17668279,-0.1378861573980159,-0.18658930082474773,0.039447645578510285,0.0,61.0,22915429.350983594,23369761.81904758,20341260.417540114,24861515.381321345,0.5409836065573771,0.3442622950819672,-0.18786567275603117,-0.0767712701276131,0.0,0.0,0.0
0.28,0.12,0.09,0.24,0.27,"(0.28, 0.12, 0.09, 0.24, 0.27)",0.11999999999999993,0.056102067255663135,0.05356374477509319,1.0473888166562666,0.0601580065221875,27733157.334079828,-0.1368061588489632,-0.18661797522472032,0.038773136137989106,0.0,61.0,22952194.274163634,23246607.658833873,20253300.645747803,24953982.26983362,0.5409836065573771,0.39344262295081966,-0.1876133926508466,-0.08110460585295586,0.0,0.0,0.0
0.29,0.11,0.09,0.21,0.3,"(0.29, 0.11, 0.09, 0.21, 0.3)",0.1,0.056096113566739714,0.05301753417576829,1.0580671930302352,0.0601580065221875,27729786.009175327,-0.13454274099969843,-0.1834150915614979,0.0384241844236631,0.0,61.0,23003596.317297187,23258273.119756028,20323952.883185744,24949152.861098208,0.5409836065573771,0.4426229508196721,-0.18426772977438177,-0.0796252866322779,0.0,0.0,0.0
0.25,0.12,0.09,0.26,0.28,"(0.25, 0.12, 0.09, 0.26, 0.28)",0.13999999999999996,0.05609358028098477,0.054302745875695606,1.0329787081004809,0.0601580065221875,27728551.803207476,-0.13950975872912175,-0.19099813349836942,0.03957727216995547,0.0,61.0,22942317.523914166,23220085.805090453,20180032.738608446,24969273.65866675,0.5409836065573771,0.3442622950819672,-0.19197630506649138,-0.08227969356326076,0.0,0.0,0.0
0.29,0.11,0.1,0.24,0.26,"(0.29, 0.11, 0.1, 0.24, 0.26)",0.12,0.05608852369378936,0.0538806390551452,1.0409773283569346,0.0601580065221875,27716995.46136126,-0.13937756197777018,-0.1920681539858948,0.03844757841179393,0.0,61.0,22936326.283094335,23093051.104714822,20094414.738724895,25049173.39445769,0.5409836065573771,0.3442622950819672,-0.1929162766088057,-0.08193466772271196,0.0,0.0,0.0
0.26,0.11,0.1,0.26,0.27,"(0.26, 0.11, 0.1, 0.26, 0.27)",0.13999999999999996,0.056079663583732176,0.054622095449007466,1.0266845884022415,0.0601580065221875,27712316.227901537,-0.14207230135420168,-0.19649302850004574,0.039251714443760286,0.0,61.0,22926554.942243192,23112856.45140433,20021735.581925973,25064490.778206166,0.5409836065573771,0.26229508196721313,-0.19731936288695887,-0.08315012663943042,0.0,0.0,0.0
0.29,0.13,0.08,0.23,0.27,"(0.29, 0.13, 0.08, 0.23, 0.27)",0.11999999999999997,0.05607779652660705,0.05279239231702531,1.0622325313437673,0.0601580065221875,27741207.611725207,-0.1321823850008107,-0.1780783314988166,0.03847398573337943,0.0,61.0,22969156.788958386,23412125.561930288,20450357.307514448,24849101.216129538,0.5409836065573771,0.45901639344262296,-0.17921722800556777,-0.0791266191141564,0.0,0.0,0.0
0.27,0.15,0.07,0.26,0.25,"(0.27, 0.15, 0.07, 0.26, 0.25)",0.15999999999999998,0.05607556801307467,0.05341394403097903,1.0498301338794969,0.0601580065221875,27755477.83384962,-0.13558571686565735,-0.1816832063816289,0.03914849517390061,0.0,61.0,22932185.003660116,23329152.545554444,20328625.006771017,24756185.279528875,0.5409836065573771,0.39344262295081966,-0.1831153717613748,-0.07430903894052282,0.0,0.0,0.0
0.26,0.13,0.08,0.25,0.28,"(0.26, 0.13, 0.08, 0.25, 0.28)",0.11999999999999994,0.056070627028365516,0.053518325028322225,1.0476902443918525,0.0601580065221875,27736913.749854345,-0.13489923780159985,-0.1824006499857147,0.03927812176534579,0.0,61.0,22959290.770406112,23385505.687803254,20376468.41389544,24864506.738787256,0.5409836065573771,0.4262295081967213,-0.18352777734489326,-0.0798520904840916,0.0,0.0,0.0
0.3,0.12,0.09,0.23,0.26,"(0.3, 0.12, 0.09, 0.23, 0.26)",0.11999999999999995,0.05606961505942354,0.053015720652195834,1.0576035630499576,0.0601580065221875,27726290.93996465,-0.1347618083586236,-0.1834134813331438,0.038148428007184244,0.0,61.0,22953129.27280892,23248050.606741518,20290206.497243248,24944691.672019955,0.5409836065573771,0.4426229508196721,-0.18441689677912473,-0.08003864349380498,0.0,0.0,0.0
0.25,0.14,0.08,0.28,0.25,"(0.25, 0.14, 0.08, 0.28, 0.25)",0.2,0.05606406644346262,0.054280708751263,1.032854355317498,0.0601580065221875,27737134.478518326,-0.13853163133995028,-0.18771473248135423,0.039627073479671794,0.0,61.0,22906429.394898545,23350451.84226199,20304600.355195176,24867472.719483763,0.5409836065573771,0.3442622950819672,-0.1889845501741266,-0.07663184302297918,0.0,0.0,0.0
0.27,0.12,0.09,0.25,0.27,"(0.27, 0.12, 0.09, 0.25, 0.27)",0.11999999999999993,0.0560620706989996,0.053745489620010745,1.0431027997952471,0.0601580065221875,27721922.872722976,-0.13746977432297036,-0.18778009383069766,0.038952564039150615,0.0,61.0,22943368.999255456,23221616.729616128,20216910.275872774,24960123.937230725,0.5409836065573771,0.36065573770491804,-0.18876729537639808,-0.08125681755220063,0.0,0.0,0.0
0.28,0.11,0.09,0.22,0.3,"(0.28, 0.11, 0.09, 0.22, 0.3)",0.09999999999999995,0.056057428413937904,0.05317753887519785,1.0541561268094573,0.0601580065221875,27718882.810573116,-0.13520667806575326,-0.18457366838144676,0.03860361232482461,0.0,61.0,22994864.49880336,23240796.322601732,20287561.87138232,24955483.280300446,0.5409836065573771,0.4098360655737705,-0.18541757230953604,-0.07977665295493809,0.0,0.0,0.0
0.28,0.11,0.1,0.25,0.26,"(0.28, 0.11, 0.1, 0.25, 0.26)",0.11999999999999994,0.05604828166501674,0.05406580390013236,1.0366678680769514,0.0601580065221875,27705712.40831418,-0.14003926018488733,-0.193244113395545,0.03862700631295544,0.0,61.0,22927582.907175284,23107485.890099335,20058295.27834322,25055310.527259864,0.5409836065573771,0.3442622950819672,-0.19408272319258005,-0.08208665489664208,0.0,0.0,0.0
0.25,0.11,0.1,0.27,0.27,"(0.25, 0.11, 0.1, 0.27, 0.27)",0.15999999999999998,0.0560388124026685,0.054815492742645924,1.0223170421137315,0.0601580065221875,27700882.56946695,-0.1427326402511273,-0.19767600436690802,0.0394311423449218,0.0,61.0,22917759.096869472,23127227.017852306,19985691.472831726,25070541.26870738,0.5409836065573771,0.26229508196721313,-0.19849233736281138,-0.08330211838082742,0.0,0.0,0.0
0.28,0.13,0.08,0.24,0.27,"(0.28, 0.13, 0.08, 0.24, 0.27)",0.11999999999999994,0.05603834709372757,0.05296671879395364,1.0579916666486913,0.0601580065221875,27730100.133858413,-0.13284914975979478,-0.17922221075142486,0.038653413634540945,0.0,61.0,22960281.431195922,23387000.268627044,20413655.421160497,24855288.91627337,0.5409836065573771,0.4426229508196721,-0.18035448710890778,-0.07898431002720777,0.0,0.0,0.0
0.26,0.15,0.07,0.27,0.25,"(0.26, 0.15, 0.07, 0.27, 0.25)",0.18,0.05603505379616003,0.053605151183381425,1.0453296476017013,0.0601580065221875,27744089.6770895,-0.13623244542500623,-0.18279560768112912,0.03932792307506212,0.0,61.0,22923134.83096768,23331818.504012246,20338509.39701732,24762189.084496245,0.5409836065573771,0.36065573770491804,-0.18422253586285106,-0.07417197801605922,0.0,0.0,0.0
0.25,0.13,0.08,0.26,0.28,"(0.25, 0.13, 0.08, 0.26, 0.28)",0.13999999999999996,0.05603056802691553,0.053701254865059236,1.043375395374082,0.0601580065221875,27725655.368995696,-0.13556463227663929,-0.18355144106860685,0.039457549666507316,0.0,61.0,22950363.00055185,23360352.733477022,20339842.82038206,24870608.562214475,0.5409836065573771,0.39344262295081966,-0.18467148055813318,-0.07970906164164428,0.0,0.0,0.0
0.29,0.12,0.09,0.24,0.26,"(0.29, 0.12, 0.09, 0.24, 0.26)",0.11999999999999998,0.05602991946495339,0.05319387404324001,1.053315263697621,0.0601580065221875,27715134.28359299,-0.1354266501946384,-0.18457104638044558,0.038327855908345754,0.0,61.0,22944336.09130637,23223086.82893108,20253777.293314777,24950875.252819378,0.5409836065573771,0.4262295081967213,-0.18556657679296842,-0.08019101702281502,0.0,0.0,0.0
0.3,0.11,0.09,0.21,0.29,"(0.3, 0.11, 0.09, 0.21, 0.29)",0.1,0.05602484179660139,0.05262819363528395,1.0645404663678253,0.0601580065221875,27711985.13314843,-0.13315758681965983,-0.18136500486948195,0.03797890419401975,0.0,61.0,22995795.35376475,23233609.418067288,20324526.217193153,24946174.331088275,0.5409836065573771,0.4426229508196721,-0.18221886680957136,-0.07870828193488862,0.0,0.0,0.0
0.26,0.12,0.09,0.26,0.27,"(0.26, 0.12, 0.09, 0.26, 0.27)",0.13999999999999996,0.05602176572253459,0.05393214533979674,1.038745359925371,0.0601580065221875,27710615.425281223,-0.13813325074592908,-0.18894462185809016,0.039131991940312125,0.0,61.0,22934523.350406066,23196625.504258085,20180556.81621506,24966221.30435253,0.5409836065573771,0.3442622950819672,-0.18992346104834973,-0.081269861010294,0.0,0.0,0.0
0.27,0.11,0.09,0.23,0.3,"(0.27, 0.11, 0.09, 0.23, 0.3)",0.09999999999999995,0.056018434740662704,0.05334264802072086,1.0501622401441795,0.0601580065221875,27707906.370747145,-0.13587047759614157,-0.18573466665255217,0.038783040225986117,0.0,61.0,22986112.192951806,23223286.683163907,20251207.430736516,24961769.514577564,0.5409836065573771,0.39344262295081966,-0.18656968902744664,-0.07992818620078525,0.0,0.0,0.0
0.3,0.11,0.1,0.24,0.25,"(0.3, 0.11, 0.1, 0.24, 0.25)",0.12,0.056016258199927504,0.053515139239973475,1.0467366617274128,0.0601580065221875,27698948.99357452,-0.13800309292923874,-0.1900042564950784,0.038002298182150576,0.0,61.0,22928526.546382215,23102034.346346017,20094844.437626913,25046030.94560278,0.5409836065573771,0.36065573770491804,-0.19085442921172724,-0.08102289694324602,0.0,0.0,0.0
0.27,0.11,0.1,0.26,0.26,"(0.27, 0.11, 0.1, 0.26, 0.26)",0.13999999999999996,0.056007731299581254,0.05425582718970576,1.0322896949621643,0.0601580065221875,27694356.44785504,-0.1407008199618408,-0.19442249986819551,0.03880643421411695,0.0,61.0,22918819.0976617,23121888.62238323,20022212.50111337,25061403.17948634,0.5409836065573771,0.32786885245901637,-0.19525144694629704,-0.08223880822159309,0.0,0.0,0.0
0.3,0.13,0.08,0.23,0.26,"(0.3, 0.13, 0.08, 0.23, 0.26)",0.11999999999999997,0.05600542555903276,0.05242095594452163,1.0683785625409934,0.0601580065221875,27723126.96231303,-0.1309450314622217,-0.17628366253523176,0.03802870550373609,0.0,61.0,22961187.66267405,23388433.59022355,20450831.633145176,24845972.629596394,0.5409836065573771,0.47540983606557374,-0.17740483602612156,-0.07811760250367679,0.0,0.0,0.0
0.27,0.13,0.08,0.25,0.27,"(0.27, 0.13, 0.08, 0.25, 0.27)",0.11999999999999994,0.055998589138866794,0.05314607849442637,1.05367302207894,0.0601580065221875,27718919.555265702,-0.1335157746992608,-0.18036848162296457,0.038832841535702455,0.0,61.0,22951385.737637118,23361874.577929918,20376990.64063604,24861432.535761088,0.5409836065573771,0.4426229508196721,-0.18149399538347682,-0.07884223522933448,0.0,0.0,0.0
0.25,0.15,0.07,0.28,0.25,"(0.25, 0.15, 0.07, 0.28, 0.25)",0.2,0.0559942310785877,0.053801215563746466,1.0407614491951922,0.0601580065221875,27732628.614200566,-0.136879012701833,-0.18391022015775244,0.03950735097622363,0.0,61.0,22914064.498816937,23334443.60642061,20348364.8039079,24768148.87992138,0.5409836065573771,0.3442622950819672,-0.18533177487368674,-0.07403515161556999,0.0,0.0,0.0
0.28,0.12,0.09,0.25,0.26,"(0.28, 0.12, 0.09, 0.25, 0.26)",0.11999999999999993,0.05598991543107856,0.053377013605853035,1.0489518174343686,0.0601580065221875,27703904.601343766,-0.13609135283803075,-0.1857310206631871,0.03850728380950726,0.0,61.0,22935522.514816146,23198122.691571873,20217384.967677675,24957014.572071522,0.5409836065573771,0.39344262295081966,-0.18671852021091412,-0.08034355685503491,0.0,0.0,0.0
0.29,0.11,0.09,0.22,0.29,"(0.29, 0.11, 0.09, 0.22, 0.29)",0.1,0.05598614899316523,0.052789515262458495,1.0605543300561435,0.0601580065221875,27701086.391575914,-0.13382261428291298,-0.18252142852763273,0.03815833209518126,0.0,61.0,22987075.197379265,23216151.02472308,20288133.05366407,24952502.40495874,0.5409836065573771,0.4426229508196721,-0.18336674226046623,-0.07885997720650025,0.0,0.0,0.0
0.25,0.12,0.09,0.27,0.27,"(0.25, 0.12, 0.09, 0.27, 0.27)",0.15999999999999998,0.05598115237879897,0.054123661126222355,1.0343193940307316,0.0601580065221875,27699235.086425137,-0.13879658776705395,-0.19011155933037505,0.039311419841473634,0.0,61.0,22925657.348589186,23171634.043514505,20144240.307382397,24972274.3389113,0.5409836065573771,0.3442622950819672,-0.19108188928743722,-0.08112568652957533,0.0,0.0,0.0
0.26,0.11,0.09,0.24,0.3,"(0.26, 0.11, 0.09, 0.24, 0.3)",0.09999999999999998,0.05597913259881948,0.053512814364381635,1.0460883671272472,0.0601580065221875,27696856.781775456,-0.13653413923880175,-0.18689808645064548,0.03896246812714763,0.0,61.0,22977339.42052243,23205744.296587963,20214889.60275887,24968011.530703157,0.5409836065573771,0.36065573770491804,-0.18772407959941298,-0.08007988628559155,0.0,0.0,0.0
0.29,0.11,0.1,0.25,0.25,"(0.29, 0.11, 0.1, 0.25, 0.25)",0.12,0.05597600867271413,0.05370169885430493,1.0423507983346951,0.0601580065221875,27687670.757712025,-0.13866587469075398,-0.19117805558031217,0.038181726083312086,0.0,61.0,22919794.805361144,23116469.177796602,20058723.11352549,25052165.705331106,0.5409836065573771,0.3442622950819672,-0.19201890334083513,-0.08117521191532838,0.0,0.0,0.0
0.26,0.11,0.1,0.27,0.26,"(0.26, 0.11, 0.1, 0.27, 0.26)",0.15999999999999998,0.055966872650055066,0.05445065805851917,1.027845661477707,0.0601580065221875,27682927.675052427,-0.14136224095780514,-0.19560331341040196,0.038985862115278457,0.0,61.0,22910034.8752289,23136259.23287197,19986166.447215356,25067451.318861302,0.5409836065573771,0.2786885245901639,-0.19642244747239848,-0.08239112761355832,0.0,0.0,0.0
0.29,0.13,0.08,0.24,0.26,"(0.29, 0.13, 0.08, 0.24, 0.26)",0.12,0.05596596867295367,0.05259665085315322,1.0640595506586035,0.0601580065221875,27712024.210346907,-0.1315942131206853,-0.17739691971303917,0.0382081334048976,0.0,61.0,22952324.07836826,23363335.23351398,20414127.7890855,24852157.990638863,0.5409836065573771,0.45901639344262296,-0.17851166336294347,-0.07797647879332138,0.0,0.0,0.0
0.26,0.13,0.08,0.26,0.27,"(0.26, 0.13, 0.08, 0.26, 0.27)",0.13999999999999996,0.055958522714370185,0.053330420635586705,1.0492796052883517,0.0601580065221875,27707665.969599936,-0.13418225946831308,-0.1815171441694049,0.039012269436863964,0.0,61.0,22942469.7294691,23336748.55104801,20340363.007201914,24867532.042087235,0.5409836065573771,0.4262295081967213,-0.1826357524830107,-0.07870039449585706,0.0,0.0,0.0
0.3,0.12,0.09,0.24,0.25,"(0.3, 0.12, 0.09, 0.24, 0.25)",0.11999999999999998,0.05595742366614842,0.05282760640408551,1.0592458654689467,0.0601580065221875,27697034.302380435,-0.13404631540501266,-0.18252641180639487,0.037882575678702415,0.0,61.0,22936437.34067024,23199559.11559885,20254202.430464763,24947708.95207787,0.5409836065573771,0.4426229508196721,-0.1835218705929468,-0.0792776303758289,0.0,0.0,0.0
0.27,0.12,0.09,0.26,0.26,"(0.27, 0.12, 0.09, 0.26, 0.26)",0.13999999999999996,0.05594960301018692,0.053565088196750626,1.044516211840774,0.0601580065221875,27692601.987273633,-0.13675591593784808,-0.18689340422084783,0.03868671171066878,0.0,61.0,22926688.564225297,23173158.25543495,20181029.56115992,24963109.59728064,0.5409836065573771,0.3770491803278688,-0.18787272666876473,-0.08026322746638995,0.0,0.0,0.0
0.28,0.11,0.09,0.23,0.29,"(0.28, 0.11, 0.09, 0.23, 0.29)",0.09999999999999995,0.055947147701912225,0.05295597061968229,1.0564842273161583,0.0601580065221875,27690114.462589335,-0.13448750371731855,-0.18368027348188104,0.03833775999634278,0.0,61.0,22978334.55357141,23198659.826717235,20251776.470457338,24958786.299884517,0.5409836065573771,0.4262295081967213,-0.184516891980421,-0.07901183930545641,0.0,0.0,0.0
0.28,0.11,0.1,0.26,0.25,"(0.28, 0.11, 0.1, 0.26, 0.25)",0.13999999999999996,0.05593545084166229,0.05389313999107937,1.037895562420764,0.0601580065221875,27676319.66875063,-0.13932851753126385,-0.19235428158301116,0.038361153984473595,0.0,61.0,22911042.630532507,23130871.93948172,20022638.48133866,25058255.99078514,0.5409836065573771,0.3442622950819672,-0.1931856547345662,-0.08132769294246958,0.0,0.0,0.0
0.29,0.1,0.1,0.23,0.28,"(0.29, 0.1, 0.1, 0.23, 0.28)",0.09999999999999996,0.05593264312406543,0.053294042037637934,1.0495102451520573,0.0601580065221875,27673748.16382789,-0.1370667898067417,-0.18911388658652187,0.03801220227014761,0.0,61.0,22962284.63892076,23131471.419199206,20092968.96614144,25053811.338630993,0.5409836065573771,0.36065573770491804,-0.18980185875699668,-0.07984245964939665,0.0,0.0,0.0
0.28,0.13,0.08,0.25,0.26,"(0.28, 0.13, 0.08, 0.25, 0.26)",0.11999999999999994,0.05592620329765219,0.052777405071625566,1.0596618613922626,0.0601580065221875,27700848.412093367,-0.1322432337880004,-0.17851241414180274,0.03838756130605911,0.0,61.0,22943440.15822783,23338236.47686645,20377461.05979893,24858299.27726607,0.5409836065573771,0.4426229508196721,-0.17962058885441534,-0.07783558887564805,0.0,0.0,0.0
0.26,0.1,0.1,0.25,0.29,"(0.26, 0.1, 0.1, 0.25, 0.29)",0.09999999999999999,0.055924644516571975,0.05402829753197297,1.0350991438047217,0.0601580065221875,27669294.21689813,-0.1397680639332618,-0.19354228054208722,0.038816338302113965,0.0,61.0,22952601.684813596,23151415.983666684,20020388.592746004,25069260.787158504,0.5409836065573771,0.3442622950819672,-0.1942058807859605,-0.08106010766011455,0.0,0.0,0.0
0.25,0.13,0.08,0.27,0.27,"(0.25, 0.13, 0.08, 0.27, 0.27)",0.15999999999999998,0.05591814787272331,0.05351969373320827,1.0448144219858797,0.0601580065221875,27696339.471081667,-0.13484860371627183,-0.18266819843444973,0.03919169733802547,0.0,61.0,22933533.42792358,23311622.24911414,20303772.561868753,24873587.402967438,0.5409836065573771,0.4262295081967213,-0.1837797580493461,-0.07855878760150924,0.0,0.0,0.0
0.29,0.12,0.09,0.25,0.25,"(0.29, 0.12, 0.09, 0.25, 0.25)",0.11999999999999998,0.055917412190493065,0.05301214756755558,1.0548037526537704,0.0601580065221875,27685809.438754566,-0.13471210569395886,-0.1836842434750369,0.038062003579863925,0.0,61.0,22927635.47407931,23174621.773993697,20217808.248553928,24953845.91362569,0.5409836065573771,0.4262295081967213,-0.18467185638489056,-0.0794018266547732,0.0,0.0,0.0
0.3,0.11,0.09,0.22,0.28,"(0.3, 0.11, 0.09, 0.22, 0.28)",0.09999999999999995,0.05591452132663255,0.052404861260455904,1.0669720323985477,0.0601580065221875,27683212.746761896,-0.13243771805251658,-0.18047147591815826,0.037713051865537923,0.0,61.0,22979245.183395922,23191473.10684871,20288652.606655415,24949462.19612197,0.5409836065573771,0.45901639344262296,-0.1813180133838753,-0.07794350203283358,0.0,0.0,0.0
0.26,0.12,0.09,0.27,0.26,"(0.26, 0.12, 0.09, 0.27, 0.26)",0.15999999999999998,0.055908982254806006,0.05375804601979916,1.0400114288792166,0.0601580065221875,27681226.536005933,-0.13742033914335494,-0.18805819708053353,0.03886613961183029,0.0,61.0,22917834.26046599,23148193.581215374,20144711.11434107,24969160.296172995,0.5409836065573771,0.36065573770491804,-0.18902919579033617,-0.08012935655621005,0.0,0.0,0.0
0.27,0.11,0.09,0.24,0.29,"(0.27, 0.11, 0.09, 0.24, 0.29)",0.09999999999999998,0.0559078379747453,0.05312751145305872,1.0523330840395784,0.0601580065221875,27679069.438222256,-0.13515225477086346,-0.18484153981169457,0.038517187897504294,0.0,61.0,22969573.443079304,23181135.91908844,20215456.50905547,24965025.982653134,0.5409836065573771,0.4098360655737705,-0.1856693156438294,-0.07916386814755057,0.0,0.0,0.0
0.3,0.13,0.08,0.24,0.25,"(0.3, 0.13, 0.08, 0.24, 0.25)",0.12,0.055893242481816596,0.05223022442417205,1.0701321523701766,0.0601580065221875,27693871.50788763,-0.13036482364264457,-0.17561382169692075,0.037762853175254255,0.0,61.0,22944326.23582737,23339663.276160825,20414548.270607773,24848968.069106568,0.5409836065573771,0.47540983606557374,-0.17672773955149265,-0.07697185473499592,0.0,0.0,0.0
0.28,0.1,0.1,0.24,0.28,"(0.28, 0.1, 0.1, 0.24, 0.28)",0.09999999999999994,0.05589308796808834,0.0534690335787465,1.0453356686496271,0.0601580065221875,27662654.637420837,-0.13772961913498827,-0.19028899875157182,0.03819163017130912,0.0,61.0,22953605.46220875,23146016.287448876,20056919.22400107,25060046.83603439,0.5409836065573771,0.3442622950819672,-0.1909668245909299,-0.07999426420720915,0.0,0.0,0.0
0.27,0.13,0.08,0.26,0.26,"(0.27, 0.13, 0.08, 0.26, 0.26)",0.13999999999999996,0.055886129485471336,0.05296316680028969,1.0551885935409298,0.0601580065221875,27689599.66115828,-0.13289209320156414,-0.17963014550000966,0.03856698920722062,0.0,61.0,22934535.923397973,23313137.381429877,20340831.486518025,24864396.45698638,0.5409836065573771,0.4426229508196721,-0.1807316118042587,-0.07769493252439715,0.0,0.0,0.0
0.25,0.1,0.1,0.26,0.29,"(0.25, 0.1, 0.1, 0.26, 0.29)",0.12000000000000001,0.05588448035247473,0.05421177562431298,1.0308550072175016,0.0601580065221875,27658050.225963213,-0.1404295318812956,-0.19472444090338611,0.03899576620327548,0.0,61.0,22943869.920659013,23165896.68432276,19984413.789456088,25075409.747774374,0.5409836065573771,0.3114754098360656,-0.1953774019564179,-0.08121191689243105,0.0,0.0,0.0
0.29,0.11,0.09,0.23,0.28,"(0.29, 0.11, 0.09, 0.23, 0.28)",0.09999999999999995,0.055875512452854936,0.05257267191177298,1.062824285336396,0.0601580065221875,27672245.367579237,-0.1331036978714748,-0.1816281692658847,0.03789247976669943,0.0,61.0,22970516.213154376,23174000.380504895,20252293.98038546,24955743.741841678,0.5409836065573771,0.4426229508196721,-0.18246619778857234,-0.07809569294150909,0.0,0.0,0.0
0.25,0.12,0.09,0.28,0.26,"(0.25, 0.12, 0.09, 0.28, 0.26)",0.18,0.05586805321760391,0.053955834684517034,1.0354404402094366,0.0601580065221875,27669778.34272917,-0.13808462210403416,-0.1892253992569579,0.039045567512991805,0.0,61.0,22908959.624515384,23123228.7295323,20108429.66755241,24975166.636696976,0.5409836065573771,0.3442622950819672,-0.19018792718744443,-0.08008117017016105,0.0,0.0,0.0
0.3,0.1,0.1,0.23,0.27,"(0.3, 0.1, 0.1, 0.23, 0.27)",0.09999999999999996,0.05586089006926476,0.052915397625511035,1.0556641842625722,0.0601580065221875,27655855.750022218,-0.1356880389826508,-0.18704480054266234,0.037566922040504255,0.0,61.0,22954524.827365585,23140535.51235576,20093439.229785457,25050733.590198107,0.5409836065573771,0.39344262295081966,-0.18773613325265856,-0.07892813325330408,0.0,0.0,0.0
0.29,0.13,0.08,0.25,0.25,"(0.29, 0.13, 0.08, 0.25, 0.25)",0.12,0.055853469721292015,0.05241238016073396,1.0656541364846475,0.0601580065221875,27682700.52922894,-0.13101480508920038,-0.1767275688398499,0.037942281076415764,0.0,61.0,22935454.10062887,23314591.457480315,20377879.69270587,24855107.013269328,0.5409836065573771,0.47540983606557374,-0.17783508343699678,-0.0768321459763551,0.0,0.0,0.0
0.26,0.13,0.08,0.27,0.26,"(0.26, 0.13, 0.08, 0.27, 0.26)",0.15999999999999998,0.055845747288894465,0.053153883538562686,1.0506428424628438,0.0601580065221875,27678278.051714953,-0.13354079109897843,-0.18075011345383524,0.03874641710838213,0.0,61.0,22925611.395068433,23288038.008277107,20304239.110224985,24870449.497529212,0.5409836065573771,0.4426229508196721,-0.18184473150432895,-0.07755450951272642,0.0,0.0,0.0
0.27,0.12,0.09,0.27,0.25,"(0.27, 0.12, 0.09, 0.27, 0.25)",0.15999999999999998,0.05583646422904898,0.053396054267030514,1.0457039381564435,0.0601580065221875,27663141.173943687,-0.1360432658123576,-0.1860071342239175,0.03842085938218695,0.0,61.0,22909970.639083646,23124746.24719616,20145130.70896861,24965986.941303156,0.5409836065573771,0.39344262295081966,-0.18697861699311683,-0.07913754765746597,0.0,0.0,0.0
0.28,0.13,0.08,0.26,0.25,"(0.28, 0.13, 0.08, 0.26, 0.25)",0.13999999999999996,0.055813388556658516,0.05259956835490321,1.0610997447749155,0.0601580065221875,27671456.652458843,-0.13166462475854934,-0.17784355309395802,0.03812170897757727,0.0,61.0,22926561.65068578,23289519.297414176,20341248.279597875,24861201.856870703,0.5409836065573771,0.45901639344262296,-0.1789445251541152,-0.07669267028722705,0.0,0.0,0.0
0.25,0.13,0.08,0.28,0.26,"(0.25, 0.13, 0.08, 0.28, 0.26)",0.18,0.055805056760545035,0.053349502146147344,1.0460276950227363,0.0601580065221875,27666883.678502508,-0.13418932721805021,-0.18187231765712653,0.03892584500954364,0.0,61.0,22916666.59447349,23262938.41840452,20267683.971652165,24876458.366845164,0.5409836065573771,0.4262295081967213,-0.18295994723460327,-0.07742154005657985,0.0,0.0,0.0
0.26,0.12,0.09,0.28,0.25,"(0.26, 0.12, 0.09, 0.28, 0.25)",0.18,0.055795527848451654,0.05359531361520083,1.0410523623212233,0.0601580065221875,27651697.962475006,-0.13670863494065844,-0.18717219335322766,0.03860028728334846,0.0,61.0,22901107.712505087,23099808.183198784,20108847.432148807,24971990.943135295,0.5409836065573771,0.3770491803278688,-0.18813539105118873,-0.07909040884918782,0.0,0.0,0.0
0.27,0.13,0.08,0.27,0.25,"(0.27, 0.13, 0.08, 0.27, 0.25)",0.15999999999999998,0.05577299904039701,0.05279173547465446,1.0564721644200135,0.0601580065221875,27660139.97170305,-0.13231428238852883,-0.1789617741287783,0.03830113687873878,0.0,61.0,22917648.907145932,23264446.85697523,20304654.07223783,24867252.567653894,0.5409836065573771,0.4426229508196721,-0.18005606399749427,-0.07655342743919562,0.0,0.0,0.0
0.28,0.14,0.07,0.26,0.25,"(0.28, 0.14, 0.07, 0.26, 0.25)",0.13999999999999996,0.05574433509133314,0.05209000220185182,1.07015420877351,0.0601580065221875,27667155.49874544,-0.12999955192667,-0.17411428336540113,0.03800198647412911,0.0,61.0,22934289.661860112,23363079.451954454,20447778.585610025,24762052.892588932,0.5409836065573771,0.47540983606557374,-0.1753605116896855,-0.0741079931557398,0.0,0.0,0.0
0.3,0.12,0.08,0.23,0.27,"(0.3, 0.12, 0.08, 0.23, 0.27)",0.09999999999999995,0.0557408250443161,0.05156061879364798,1.0810736245699033,0.0601580065221875,27651496.92145767,-0.12773804795598054,-0.1722323057791928,0.03732747703360793,0.0,61.0,22970767.29370979,23292623.438668974,20413068.075880956,24854129.839801315,0.5409836065573771,0.5409836065573771,-0.17320681517399164,-0.0754303537557303,0.0,0.0,0.0
0.25,0.14,0.07,0.28,0.26,"(0.25, 0.14, 0.07, 0.28, 0.26)",0.18,0.05573671205903197,0.052834279937213145,1.0549346395042762,0.0601580065221875,27662743.13490224,-0.13252844249344786,-0.17810774744751698,0.038806122506095476,0.0,61.0,22924352.951558024,23357484.999470968,20427923.710034307,24777337.194813926,0.5409836065573771,0.4426229508196721,-0.17934468036970228,-0.07483359931643452,0.0,0.0,0.0
0.27,0.12,0.08,0.25,0.28,"(0.27, 0.12, 0.08, 0.25, 0.28)",0.09999999999999992,0.05573457268906257,0.052287188447496864,1.0659317194885574,0.0601580065221875,27647449.28487709,-0.13046616822442714,-0.17655189904339466,0.0381316130655743,0.0,61.0,22961065.439737402,23282302.809629664,20339451.770800784,24869689.436192125,0.5409836065573771,0.47540983606557374,-0.17751275007919512,-0.07665390709629759,0.0,0.0,0.0
0.26,0.13,0.08,0.28,0.25,"(0.26, 0.13, 0.08, 0.28, 0.25)",0.18,0.05573230122512851,0.052988827350910137,1.0517745723272975,0.0601580065221875,27648750.581652667,-0.13296377771718215,-0.18008223160152076,0.0384805647799003,0.0,61.0,22908715.891201798,23239374.197099913,20268097.111329764,24873259.113583423,0.5409836065573771,0.4426229508196721,-0.18116969924990253,-0.07643207176060622,0.0,0.0,0.0
0.29,0.1,0.09,0.22,0.3,"(0.29, 0.1, 0.09, 0.22, 0.3)",0.08,0.05571565033961634,0.05204547448256086,1.0705186357420042,0.0601580065221875,27628045.38754943,-0.13078024033681745,-0.17867342833260094,0.03745710362505311,0.0,61.0,22996143.535545696,23205208.463520683,20250289.7783109,24959822.322650142,0.5409836065573771,0.47540983606557374,-0.17935847202258848,-0.07951411782769487,0.0,0.0,0.0
0.27,0.14,0.07,0.27,0.25,"(0.27, 0.14, 0.07, 0.27, 0.25)",0.15999999999999998,0.05570418485497264,0.05227954219450748,1.065506362846937,0.0601580065221875,27655893.17254356,-0.1306503089860669,-0.17522173266728472,0.03818141437529062,0.0,61.0,22925306.628392603,23350283.492337976,20457754.687756218,24768105.74184868,0.5409836065573771,0.47540983606557374,-0.1764624565745863,-0.07397132838499525,0.0,0.0,0.0
0.29,0.12,0.08,0.24,0.27,"(0.29, 0.12, 0.08, 0.24, 0.27)",0.09999999999999998,0.05570173885007845,0.05173251791529848,1.0767258408198643,0.0601580065221875,27640514.756266125,-0.12840800416136888,-0.17337344558109632,0.037506904934769436,0.0,61.0,22961959.212688617,23275058.998867538,20376470.365378954,24860366.46371716,0.5409836065573771,0.5245901639344263,-0.17434094104147124,-0.07558359405862758,0.0,0.0,0.0
0.26,0.12,0.08,0.26,0.28,"(0.26, 0.12, 0.08, 0.26, 0.28)",0.11999999999999994,0.055694877202774995,0.05246792469898823,1.061503337940275,0.0601580065221875,27636316.628722668,-0.13113474889728938,-0.17769997820496766,0.03831104096673581,0.0,61.0,22952204.845417995,23264654.15153862,20302929.84328318,24875840.260416094,0.5409836065573771,0.47540983606557374,-0.17865334337029667,-0.0768071516156298,0.0,0.0,0.0
0.25,0.13,0.08,0.29,0.25,"(0.25, 0.13, 0.08, 0.29, 0.25)",0.19999999999999996,0.055691295163614374,0.05319078923947406,1.0470101301351744,0.0601580065221875,27637288.577562883,-0.13361311048275615,-0.18120492515705153,0.03865999268106181,0.0,61.0,22899762.62409035,23214301.378648315,20231577.43732813,24879221.462845195,0.5409836065573771,0.4426229508196721,-0.18228543018222249,-0.07638810893838273,0.0,0.0,0.0
0.26,0.14,0.07,0.28,0.25,"(0.26, 0.14, 0.07, 0.28, 0.25)",0.18,0.0556637262701174,0.05247407437049811,1.0607852913630922,0.0601580065221875,27644558.118956756,-0.1313009032681256,-0.1763314039843068,0.03836084227645213,0.0,61.0,22916303.382439002,23336566.403154697,20428332.13087039,24774114.614011273,0.5409836065573771,0.45901639344262296,-0.1775664863406215,-0.07383489679518943,0.0,0.0,0.0
0.28,0.12,0.08,0.25,0.27,"(0.28, 0.12, 0.08, 0.25, 0.27)",0.09999999999999992,0.05566234428738359,0.051909586355743456,1.0722941212808357,0.0601580065221875,27629459.675334074,-0.12907781952264719,-0.17451698867457857,0.03768633283593095,0.0,61.0,22953130.744294412,23257461.770191163,20339909.570734926,24866559.041504607,0.5409836065573771,0.4918032786885246,-0.1754773264907876,-0.07573700089661725,0.0,0.0,0.0
0.25,0.12,0.08,0.27,0.28,"(0.25, 0.12, 0.08, 0.27, 0.28)",0.13999999999999996,0.055654873419791695,0.052653698018166446,1.0569983783587202,0.0601580065221875,27625111.18854226,-0.13180318851870654,-0.17885046095564547,0.038490468867897316,0.0,61.0,22943323.905879363,23246972.858187202,20266444.90523026,24881946.96701721,0.5409836065573771,0.45901639344262296,-0.1797961954916018,-0.07696056259750916,0.0,0.0,0.0
0.3,0.12,0.08,0.24,0.26,"(0.3, 0.12, 0.08, 0.24, 0.26)",0.09999999999999998,0.05562917036871795,0.05135706694710252,1.0831843342225067,0.0601580065221875,27622443.866138183,-0.1270177291039688,-0.17134295318033338,0.0370616247051261,0.0,61.0,22953972.28176178,23250166.973152228,20376878.32064531,24857179.433993,0.5409836065573771,0.5409836065573771,-0.1723095667780106,-0.07466656079056921,0.0,0.0,0.0
0.25,0.14,0.07,0.29,0.25,"(0.25, 0.14, 0.07, 0.29, 0.25)",0.19999999999999996,0.05562295938948392,0.05267354341895713,1.0559942578206216,0.0601580065221875,27633150.43278663,-0.1319513345117198,-0.17744329697629746,0.03854027017761365,0.0,61.0,22907279.94549336,23338279.313799776,20391537.4721369,24780079.47726482,0.5409836065573771,0.4426229508196721,-0.17867260027404627,-0.07371464093938966,0.0,0.0,0.0
0.27,0.12,0.08,0.26,0.27,"(0.27, 0.12, 0.08, 0.26, 0.27)",0.11999999999999994,0.05562264140836626,0.05209177140093253,1.0677817227649609,0.0601580065221875,27618331.77129273,-0.1297474936884473,-0.17566293514160852,0.03786576073709246,0.0,61.0,22944281.909530785,23239831.84815507,20303385.733284105,24872707.540426556,0.5409836065573771,0.47540983606557374,-0.17661597119943176,-0.07589057418552103,0.0,0.0,0.0
0.25,0.09,0.1,0.26,0.3,"(0.25, 0.09, 0.1, 0.26, 0.3)",0.12000000000000001,0.055613985683346634,0.05348849004910051,1.0397374394434205,0.0601580065221875,27585137.313855685,-0.13741053264105918,-0.19085922258173654,0.038294537733147324,0.0,61.0,22953107.889068816,23100547.65622192,19947307.18721619,25082724.669477575,0.5409836065573771,0.3442622950819672,-0.19134756162618288,-0.0815751624314276,0.0,0.0,0.0
0.29,0.12,0.08,0.25,0.26,"(0.29, 0.12, 0.08, 0.25, 0.26)",0.09999999999999998,0.05558976841565033,0.05153556555200356,1.078668058072551,0.0601580065221875,27611393.522021208,-0.12768863893285787,-0.17248436543519732,0.03724105260628761,0.0,61.0,22945155.584393017,23232588.47280861,20340315.707021322,24863369.67051886,0.5409836065573771,0.5409836065573771,-0.17344400522980322,-0.07482029645008687,0.0,0.0,0.0
0.26,0.12,0.08,0.27,0.27,"(0.26, 0.12, 0.08, 0.27, 0.27)",0.13999999999999996,0.05558263026530019,0.052279019558945025,1.0631919024921712,0.0601580065221875,27607131.13733983,-0.13041702630761665,-0.17681128505186405,0.03804518863825398,0.0,61.0,22935412.729446106,23222169.32837805,20266898.894112106,24878811.927966453,0.5409836065573771,0.47540983606557374,-0.17775687483297578,-0.07604431384117767,0.0,0.0,0.0
0.28,0.12,0.08,0.26,0.26,"(0.28, 0.12, 0.08, 0.26, 0.26)",0.11999999999999994,0.055550058178923,0.05171920778990586,1.0740701675976718,0.0601580065221875,27600270.409134164,-0.12835940707086124,-0.17362818091266086,0.03742048050744912,0.0,61.0,22936318.52062005,23214977.316750042,20303790.059306495,24869515.83449683,0.5409836065573771,0.5245901639344263,-0.17458070303162623,-0.07497419846464838,0.0,0.0,0.0
0.25,0.12,0.08,0.28,0.27,"(0.25, 0.12, 0.08, 0.28, 0.27)",0.15999999999999998,0.055542310910599246,0.05247127662537873,1.0585279124643052,0.0601580065221875,27595857.867238447,-0.13108641702921775,-0.17796203846271336,0.03822461653941549,0.0,61.0,22926523.22513338,23204474.30658134,20230449.094055314,24884872.17182852,0.5409836065573771,0.47540983606557374,-0.17890003704506097,-0.07619821977944165,0.0,0.0,0.0
0.29,0.11,0.09,0.26,0.25,"(0.29, 0.11, 0.09, 0.26, 0.25)",0.12,0.05553957575705826,0.05199055755828834,1.0682627454954872,0.0601580065221875,27584879.645948317,-0.130954222994908,-0.1789508986335525,0.03709492278125393,0.0,61.0,22920613.30297804,23062813.911530763,20144665.17203575,24964818.566690095,0.5409836065573771,0.47540983606557374,-0.17976730644295924,-0.0758089978602095,0.0,0.0,0.0
0.26,0.11,0.09,0.28,0.26,"(0.26, 0.11, 0.09, 0.28, 0.26)",0.15999999999999998,0.05553145450018726,0.05274573994593155,1.0528140198073113,0.0601580065221875,27580393.494453788,-0.13367230203621527,-0.18332913394965375,0.0378990588132203,0.0,61.0,22910923.167510524,23082680.688366733,20071912.970495313,24980201.322906,0.5409836065573771,0.4426229508196721,-0.18412653204677235,-0.07703074365109619,0.0,0.0,0.0
0.3,0.12,0.08,0.25,0.25,"(0.3, 0.12, 0.08, 0.25, 0.25)",0.09999999999999998,0.05551684528951273,0.05116520457464679,1.0850507830671756,0.0601580065221875,27593251.033202548,-0.12629862810816206,-0.17045403297597003,0.03679577237664426,0.0,61.0,22937140.02845409,23207683.103072423,20340670.201275576,24860121.37336337,0.5409836065573771,0.5737704918032787,-0.1714127896535258,-0.0739037949347051,0.0,0.0,0.0
0.27,0.12,0.08,0.27,0.26,"(0.27, 0.12, 0.08, 0.27, 0.26)",0.13999999999999996,0.055510039710807035,0.05190793906871067,1.06939402154511,0.0601580065221875,27589074.620627966,-0.12903003316688033,-0.17477439968600889,0.03759990840861063,0.0,61.0,22927461.111449324,23197333.60048725,20267301.41855832,24875617.89342419,0.5409836065573771,0.4918032786885246,-0.17571965985211585,-0.07512826675011341,0.0,0.0,0.0
0.28,0.11,0.09,0.27,0.25,"(0.28, 0.11, 0.09, 0.27, 0.25)",0.13999999999999996,0.05549931143921705,0.0521829545482103,1.0635524937159866,0.0601580065221875,27573635.19164516,-0.13162291330731024,-0.18011083091353378,0.03727435068241545,0.0,61.0,22911837.67799233,23077201.03895259,20108447.88714524,24970916.059781067,0.5409836065573771,0.45901639344262296,-0.180918700183559,-0.07596283986779644,0.0,0.0,0.0
0.25,0.11,0.09,0.29,0.26,"(0.25, 0.11, 0.09, 0.29, 0.26)",0.17999999999999994,0.05549058132330398,0.05294650885190246,1.0480498625229018,0.0601580065221875,27568999.13164338,-0.134339619622183,-0.18449605562402266,0.03807848671438182,0.0,61.0,22902095.08822444,23097003.724618092,20035771.059436973,24986212.489041757,0.5409836065573771,0.4262295081967213,-0.1852844309478216,-0.0771845895185512,0.0,0.0,0.0
0.29,0.12,0.08,0.26,0.25,"(0.29, 0.12, 0.08, 0.26, 0.25)",0.12,0.055477127729964604,0.05135031199909146,1.0803659329459607,0.0601580065221875,27582132.75040875,-0.12697049069618915,-0.17159571917165817,0.03697520027780578,0.0,61.0,22928314.74700378,23190090.742729623,20304142.842911355,24866265.19274728,0.5409836065573771,0.5409836065573771,-0.17254754222589028,-0.07405802563074904,0.0,0.0,0.0
0.26,0.12,0.08,0.28,0.26,"(0.26, 0.12, 0.08, 0.28, 0.26)",0.15999999999999998,0.055469713063714954,0.052101704085388764,1.0646429716157921,0.0601580065221875,27577806.250218563,-0.1297005168700286,-0.17592302181621516,0.03777933630977214,0.0,61.0,22918583.37793207,23179657.4196334,20230849.825585198,24881675.81501908,0.5409836065573771,0.47540983606557374,-0.17686087534797956,-0.0752825012223584,0.0,0.0,0.0
0.27,0.11,0.09,0.28,0.25,"(0.27, 0.11, 0.09, 0.28, 0.25)",0.15999999999999998,0.05545873902518794,0.05238033182249221,1.0587702883045476,0.0601580065221875,27562318.231891904,-0.13229146185956875,-0.18127318420092162,0.037453778583576965,0.0,61.0,22903041.66888743,23091556.143362798,20072267.422350843,24976969.2351905,0.5409836065573771,0.4426229508196721,-0.18207236684298722,-0.07611684789838,0.0,0.0,0.0
0.28,0.12,0.08,0.27,0.25,"(0.28, 0.12, 0.08, 0.27, 0.25)",0.13999999999999996,0.055437101971702374,0.05154053426127376,1.0756020046411587,0.0601580065221875,27570941.84646584,-0.12764221074670723,-0.1727398085144187,0.03715462817896729,0.0,61.0,22919469.12010422,23172465.859736566,20267652.500075523,24872364.9135027,0.5409836065573771,0.5409836065573771,-0.17368455390975623,-0.07421242250179458,0.0,0.0,0.0
0.25,0.12,0.08,0.29,0.26,"(0.25, 0.12, 0.08, 0.29, 0.26)",0.17999999999999994,0.0554290782901985,0.05230044689232368,1.0598203568760332,0.0601580065221875,27566465.392185576,-0.13037085782963687,-0.17707404735193216,0.03795876421093365,0.0,61.0,22909685.341164354,23161948.86990369,20194435.320946675,24887689.567220837,0.5409836065573771,0.47540983606557374,-0.17800434916397806,-0.07543690179727558,0.0,0.0,0.0
0.27,0.12,0.08,0.28,0.25,"(0.27, 0.12, 0.08, 0.28, 0.25)",0.15999999999999998,0.05539676806713589,0.05173581494251296,1.0707624520593877,0.0601580065221875,27559678.415042203,-0.12831378790888448,-0.17388630106883268,0.0373340560801288,0.0,61.0,22910603.16876486,23154808.549598355,20231199.213548385,24878420.503361706,0.5409836065573771,0.5245901639344263,-0.17482382436489355,-0.07436698546373761,0.0,0.0,0.0
0.25,0.11,0.08,0.27,0.29,"(0.25, 0.11, 0.08, 0.27, 0.29)",0.12000000000000001,0.055387867317408856,0.05184358848915662,1.068364843783789,0.0601580065221875,27553114.940720763,-0.1287521261837885,-0.17500910353502175,0.03778924039776916,0.0,61.0,22952732.970595367,23236439.61022647,20228800.28167365,24889734.554580417,0.5409836065573771,0.4918032786885246,-0.17579488933487297,-0.07603865891876009,0.0,0.0,0.0
0.26,0.12,0.08,0.29,0.25,"(0.26, 0.12, 0.08, 0.29, 0.25)",0.17999999999999994,0.05535612606881535,0.05193609698359397,1.0658507143172835,0.0601580065221875,27548342.550369445,-0.1289852218321038,-0.1750351968871589,0.03751348398129031,0.0,61.0,22901716.914039973,23137118.907921694,20194783.02386154,24884431.930277355,0.5409836065573771,0.4918032786885246,-0.17596535323912899,-0.07452171443249378,0.0,0.0,0.0
0.27,0.11,0.08,0.26,0.28,"(0.27, 0.11, 0.08, 0.26, 0.28)",0.09999999999999994,0.055355422159145684,0.051276697559531015,1.0795434338352108,0.0601580065221875,27546296.490280557,-0.12669027547546863,-0.17181716117253962,0.03716453226696431,0.0,61.0,22953646.491004553,23229251.16987577,20265622.682665806,24880446.87896839,0.5409836065573771,0.5409836065573771,-0.17261211759790385,-0.075208206237437,0.0,0.0,0.0
0.28,0.08,0.1,0.24,0.3,"(0.28, 0.08, 0.1, 0.24, 0.3)",0.09999999999999998,0.05534720616589861,0.052082872933987896,1.0626757520854901,0.0601580065221875,27515750.96468254,-0.13166970024432123,-0.1825272221381979,0.03713572891305627,0.0,61.0,22971499.174726713,23042054.26076594,19981951.620041106,25073900.744524166,0.5409836065573771,0.45901639344262296,-0.18288682557577102,-0.08215784525416212,0.0,0.0,0.0
0.29,0.11,0.08,0.25,0.27,"(0.29, 0.11, 0.08, 0.25, 0.27)",0.07999999999999997,0.055322336415766005,0.050715509404612204,1.0908366506663707,0.0601580065221875,27539319.701773968,-0.12462525679282666,-0.16863420228901008,0.03653982413615946,0.0,61.0,22954475.673635464,23221960.489984926,20302434.094560117,24871060.816608973,0.5409836065573771,0.5901639344262295,-0.16943762447139807,-0.07437751472144222,0.0,0.0,0.0
0.26,0.11,0.08,0.27,0.28,"(0.26, 0.11, 0.08, 0.27, 0.28)",0.11999999999999995,0.055315781764253336,0.051460158293683105,1.0749244386028933,0.0601580065221875,27535216.59716473,-0.12736190938460057,-0.17296489537624457,0.03734396016812582,0.0,61.0,22944832.797157157,23211647.907260235,20229241.790109668,24886602.45257246,0.5409836065573771,0.5409836065573771,-0.17375182792706684,-0.07515684563186,0.0,0.0,0.0
0.25,0.12,0.08,0.3,0.25,"(0.25, 0.12, 0.08, 0.3, 0.25)",0.19999999999999996,0.055315176029429924,0.05214132275180144,1.060870210231075,0.0601580065221875,27536934.347240817,-0.1296565121659644,-0.1761864960093169,0.03769291188245182,0.0,61.0,22892810.377028573,23119397.03041419,20158403.971297786,24890399.162424188,0.5409836065573771,0.47540983606557374,-0.1771091401683272,-0.07467660932399249,0.0,0.0,0.0
0.3,0.08,0.1,0.23,0.29,"(0.3, 0.08, 0.1, 0.23, 0.29)",0.1,0.055314581131588714,0.05152213147802071,1.0736081669133943,0.0601580065221875,27508874.71701051,-0.1296158995891744,-0.17927422192769063,0.036708616848444384,0.0,61.0,22972329.642763015,23047137.70896941,20018236.78853353,25064490.635057863,0.5409836065573771,0.47540983606557374,-0.179651153653001,-0.08133672918574678,0.0,0.0,0.0
0.3,0.1,0.08,0.22,0.3,"(0.3, 0.1, 0.08, 0.22, 0.3)",0.06,0.055310365832324404,0.050255934647704434,1.1005738172029171,0.0601580065221875,27534452.0631849,-0.12233080973906096,-0.1654223644355372,0.036239172742244974,0.0,61.0,23005404.424380824,23312835.877144873,20372569.732624855,24865465.167922232,0.5409836065573771,0.6229508196721312,-0.16609657797279953,-0.07767793299040963,0.0,0.0,0.0
0.27,0.08,0.1,0.25,0.3,"(0.27, 0.08, 0.1, 0.25, 0.3)",0.09999999999999998,0.05530808386245112,0.05225431958959927,1.0584404178800113,0.0601580065221875,27504826.531255707,-0.132336553089051,-0.1837035168823933,0.037258921307680784,0.0,61.0,22962910.53035493,23039884.97016765,19946147.911071133,25080194.470555704,0.5409836065573771,0.4426229508196721,-0.1840516370899878,-0.08209777239415753,0.0,0.0,0.0
0.29,0.08,0.1,0.24,0.29,"(0.29, 0.08, 0.1, 0.24, 0.29)",0.10000000000000003,0.05527575930553885,0.051689815186800214,1.0693742878704346,0.0601580065221875,27498027.414636392,-0.1302839832575461,-0.18044587396716016,0.036831809243068905,0.0,61.0,22963773.185986504,23040150.932893705,19982395.150591876,25070826.359887958,0.5409836065573771,0.47540983606557374,-0.1808116697625638,-0.08127762759294817,0.0,0.0,0.0
0.29,0.1,0.08,0.23,0.3,"(0.29, 0.1, 0.08, 0.23, 0.3)",0.06,0.05527233577497581,0.050412445449390456,1.096402590317985,0.0601580065221875,27523778.64049198,-0.12300401603130784,-0.16656188062050836,0.036370300322994965,0.0,61.0,22996716.534002624,23295405.054299813,20336150.912232395,24871850.11547666,0.5409836065573771,0.6065573770491803,-0.1672278963572588,-0.07762367410201766,0.0,0.0,0.0
0.25,0.13,0.07,0.3,0.25,"(0.25, 0.13, 0.07, 0.3, 0.25)",0.19999999999999996,0.055248338761424876,0.0515851365946769,1.0710127453093918,0.0601580065221875,27533161.676698573,-0.12700293398066975,-0.17093546845625734,0.03757318937900366,0.0,61.0,22900210.44435484,23262076.36238324,20317770.88780686,24791441.47875393,0.5409836065573771,0.5409836065573771,-0.17198252966232888,-0.07292685312759731,0.0,0.0,0.0
0.28,0.1,0.08,0.24,0.3,"(0.28, 0.1, 0.08, 0.24, 0.3)",0.05999999999999997,0.05523399750849034,0.050574361996530565,1.0921343409587536,0.0601580065221875,27513032.427977584,-0.12367708126566312,-0.16770382372882506,0.036549728224156475,0.0,61.0,22988008.134252224,23277941.212683734,20299768.55956504,24878191.104069285,0.5409836065573771,0.6065573770491803,-0.16836149507970072,-0.07756943171464983,0.0,0.0,0.0
0.26,0.11,0.08,0.28,0.27,"(0.26, 0.11, 0.08, 0.28, 0.27)",0.13999999999999996,0.05520339329218582,0.05127036929778413,1.0767114426572246,0.0601580065221875,27506094.403263357,-0.12664344676613015,-0.17207099400668094,0.037078107839643985,0.0,61.0,22928069.883756924,23169207.029914595,20193286.140961085,24889520.522701282,0.5409836065573771,0.5409836065573771,-0.17285090229397557,-0.07422640894397783,0.0,0.0,0.0
0.3,0.1,0.08,0.23,0.29,"(0.3, 0.1, 0.08, 0.23, 0.29)",0.06,0.05520043767005278,0.050014531399738105,1.1036879907734543,0.0601580065221875,27505944.090497326,-0.12160534201156592,-0.16452121876741552,0.036058445466882125,0.0,61.0,22988780.58382962,23270551.37584735,20336587.439784046,24868730.323372424,0.5409836065573771,0.6229508196721312,-0.16518892830541917,-0.07673808544052081,0.0,0.0,0.0
0.29,0.11,0.08,0.27,0.25,"(0.29, 0.11, 0.08, 0.27, 0.25)",0.12000000000000001,0.05509744315169707,0.05033134462445287,1.0946944406672705,0.0601580065221875,27481064.785008974,-0.12318626759821061,-0.1668460516342196,0.03600811947919579,0.0,61.0,22920889.9852292,23137080.689178172,20230258.35018211,24876852.554611374,0.5409836065573771,0.6065573770491803,-0.1676353013346487,-0.07252179532938678,0.0,0.0,0.0
0.28,0.09,0.09,0.26,0.28,"(0.28, 0.09, 0.09, 0.26, 0.28)",0.09999999999999994,0.05507146236280813,0.05084708812275225,1.0830799637898167,0.0601580065221875,27457582.402001306,-0.1262393499790223,-0.1732477297530638,0.036449188671549455,0.0,61.0,22946783.62865815,23065244.645102654,20069077.468197554,24982539.17358012,0.5409836065573771,0.5409836065573771,-0.17375130098537955,-0.07800352795522764,0.0,0.0,0.0
0.25,0.09,0.09,0.28,0.29,"(0.25, 0.09, 0.09, 0.28, 0.29)",0.14,0.05506417634773819,0.051603817922641,1.0670562482466819,0.0601580065221875,27453329.654867385,-0.12897087987992417,-0.17764017885078429,0.03699949313078585,0.0,61.0,22937229.255623482,23064482.917434696,19996723.0346566,24998066.531002034,0.5409836065573771,0.47540983606557374,-0.178119222040688,-0.07876997776832949,0.0,0.0,0.0
0.3,0.09,0.09,0.25,0.27,"(0.3, 0.09, 0.09, 0.25, 0.27)",0.07999999999999997,0.05503829219553569,0.05028259400501591,1.0945794123120494,0.0601580065221875,27450592.657909844,-0.12417521242192187,-0.17002978567138935,0.03602207660693757,0.0,61.0,22947545.16112421,23055904.66574541,20105453.989876155,24973073.535440408,0.5409836065573771,0.5901639344262295,-0.1705469265771889,-0.07718071066832688,0.0,0.0,0.0
0.27,0.09,0.09,0.27,0.28,"(0.27, 0.09, 0.09, 0.27, 0.28)",0.11999999999999995,0.05503194679256884,0.05103003504229032,1.0784226729799813,0.0601580065221875,27446574.71837238,-0.12691114118071023,-0.17440855209663925,0.03657238106617397,0.0,61.0,22938107.228138853,23055288.610977992,20033072.53115906,24988741.516673565,0.5409836065573771,0.5409836065573771,-0.17490223075465838,-0.0779483741999668,0.0,0.0,0.0
0.29,0.09,0.09,0.26,0.27,"(0.29, 0.09, 0.09, 0.26, 0.27)",0.09999999999999999,0.05499907717510388,0.05046182780102962,1.0899144872826363,0.0601580065221875,27439662.026054192,-0.12484824136099137,-0.17118600437692574,0.036145269001562084,0.0,61.0,22938900.94576069,23045996.96971109,20069411.01458542,24979317.753518324,0.5409836065573771,0.5901639344262295,-0.17169359412030483,-0.0771265274131238,0.0,0.0,0.0
0.25,0.12,0.07,0.3,0.26,"(0.25, 0.12, 0.07, 0.3, 0.26)",0.17999999999999994,0.054984406488835624,0.05070031513581665,1.0844983180389056,0.0601580065221875,27462134.799022216,-0.12261238107462413,-0.16506236352301948,0.036871960908875505,0.0,61.0,22909870.21061159,23251850.58230037,20280090.32651513,24799598.43954095,0.5409836065573771,0.6229508196721312,-0.1659436910187126,-0.07091366278343855,0.0,0.0,0.0
0.26,0.11,0.07,0.27,0.29,"(0.26, 0.11, 0.07, 0.27, 0.29)",0.1,0.0549810827769619,0.05007596789610602,1.097953471234598,0.0601580065221875,27459432.933728546,-0.12028985382632229,-0.1618351978927623,0.036523009194549504,0.0,61.0,22961781.803492323,23330578.026708122,20350830.408404447,24795318.617475644,0.5409836065573771,0.6721311475409836,-0.16260170460816079,-0.07419754055005663,0.0,0.0,0.0
0.27,0.12,0.07,0.29,0.25,"(0.27, 0.12, 0.07, 0.29, 0.25)",0.15999999999999992,0.054951376820933096,0.050131138480436876,1.096152580743349,0.0601580065221875,27455200.01916719,-0.12071717115742242,-0.16217629809215292,0.03624725277807065,0.0,61.0,22910695.013446614,23244564.66403895,20316915.82648491,24790241.343646877,0.5409836065573771,0.6557377049180327,-0.16306420008192707,-0.0700832432852284,0.0,0.0,0.0
0.28,0.11,0.07,0.26,0.28,"(0.28, 0.11, 0.07, 0.26, 0.28)",0.07999999999999993,0.054947617390793235,0.0495083547945377,1.1098655493366476,0.0601580065221875,27452389.868617754,-0.11821090479459206,-0.15867819924351284,0.03589830106374465,0.0,61.0,22962569.834359445,23326070.697274983,20387752.528375566,24785901.416064728,0.5409836065573771,0.7540983606557377,-0.15945180794043923,-0.07336473527491817,0.0,0.0,0.0
0.25,0.11,0.07,0.28,0.29,"(0.25, 0.11, 0.07, 0.28, 0.29)",0.12000000000000002,0.054941743688817546,0.050258142484998776,1.0931908934998293,0.0601580065221875,27448454.611013636,-0.1209664993290187,-0.1629689393185822,0.03670243709571101,0.0,61.0,22952933.219357204,23292281.904537063,20314319.862724733,24801483.005281437,0.5409836065573771,0.6557377049180327,-0.1637281558220074,-0.07414732440274871,0.0,0.0,0.0
0.3,0.11,0.07,0.25,0.27,"(0.3, 0.11, 0.07, 0.25, 0.27)",0.05999999999999997,0.05491351206858375,0.04894663384310407,1.1219057932483407,0.0601580065221875,27445189.27699559,-0.1161287662917172,-0.15553014572525273,0.03537190522537531,0.0,61.0,22963273.55317169,23317158.125348184,20424663.200694215,24776386.405314673,0.5409836065573771,0.819672131147541,-0.15631015584816288,-0.07253170464859779,0.0,0.0,0.0
0.26,0.12,0.07,0.3,0.25,"(0.26, 0.12, 0.07, 0.3, 0.25)",0.17999999999999994,0.054911029731725236,0.050332288437615634,1.0909702585803291,0.0601580065221875,27443971.484193183,-0.12137554647703352,-0.16328040869548607,0.036426680679232167,0.0,61.0,22901785.743031457,23218793.56284495,20280367.622075286,24796259.961901236,0.5409836065573771,0.639344262295082,-0.1641618809343177,-0.07003789509555242,0.0,0.0,0.0
0.27,0.11,0.07,0.27,0.28,"(0.27, 0.11, 0.07, 0.27, 0.28)",0.09999999999999995,0.05490857904184976,0.04968676100396847,1.1050947562765105,0.0601580065221875,27441488.618649285,-0.11888879746993197,-0.1598074060825182,0.03607772896490616,0.0,61.0,22953753.435330983,23297484.230148148,20351203.371488627,24792107.391327545,0.5409836065573771,0.7213114754098361,-0.16057405377110529,-0.07331549638748439,0.0,0.0,0.0
0.29,0.11,0.07,0.26,0.27,"(0.29, 0.11, 0.07, 0.26, 0.27)",0.07999999999999999,0.05487477448021205,0.04912116334603262,1.1171310030596848,0.0601580065221875,27434365.12113609,-0.11680790726797774,-0.15665482011044482,0.035495097619999826,0.0,61.0,22954489.37137668,23288784.387059588,20388075.556497373,24782633.91271189,0.5409836065573771,0.819672131147541,-0.15742819750237982,-0.07248344121439175,0.0,0.0,0.0
0.26,0.11,0.07,0.28,0.28,"(0.26, 0.11, 0.07, 0.28, 0.28)",0.11999999999999997,0.05486923270597832,0.04987050220284589,1.1002342122563822,0.0601580065221875,27430515.03061277,-0.11956654554291313,-0.1609390221086018,0.03625715686606767,0.0,61.0,22944916.668588288,23259246.093677282,20314691.099344663,24798269.4741534,0.5409836065573771,0.6885245901639344,-0.16169856471437155,-0.0732662730227653,0.0,0.0,0.0
0.27,0.08,0.09,0.26,0.3,"(0.27, 0.08, 0.09, 0.26, 0.3)",0.09999999999999998,0.054867353235285465,0.05057988363125084,1.0847663002804064,0.0601580065221875,27401523.286057476,-0.12457632232456972,-0.17140409370468349,0.036567112292361044,0.0,61.0,22963173.9547853,23106768.178113174,20030623.06453087,24992083.93331383,0.5409836065573771,0.5901639344262295,-0.17175541920333584,-0.08023214320100161,0.0,0.0,0.0
0.28,0.11,0.07,0.27,0.27,"(0.28, 0.11, 0.07, 0.27, 0.27)",0.09999999999999995,0.05483572888539712,0.04930111721512256,1.1122613843845486,0.0601580065221875,27423468.5900175,-0.11748690349457713,-0.15778190340463838,0.03563244873526281,0.0,61.0,22945684.80091096,23260418.08943882,20351524.764057487,24788837.56682517,0.5409836065573771,0.8032786885245902,-0.15854850464146583,-0.07243519337803021,0.0,0.0,0.0
0.29,0.08,0.09,0.25,0.29,"(0.29, 0.08, 0.09, 0.25, 0.29)",0.08000000000000002,0.05483431029530217,0.05000998894489882,1.0964671549061689,0.0601580065221875,27394576.58549627,-0.12250795827495642,-0.16817734002705953,0.03614000022774916,0.0,61.0,22963943.20469197,23097418.14821288,20066930.574539408,24982627.190737367,0.5409836065573771,0.6065573770491803,-0.1685445090308446,-0.07941061437636014,0.0,0.0,0.0
0.25,0.11,0.07,0.29,0.28,"(0.25, 0.11, 0.07, 0.29, 0.28)",0.13999999999999993,0.054829578435268145,0.05005951964569325,1.0952877459339598,0.0601580065221875,27419469.196393576,-0.12024414866194222,-0.16207304743521744,0.03643658476722918,0.0,61.0,22936059.55520128,23221042.1598624,20278215.75311175,24804387.6319961,0.5409836065573771,0.6721311475409836,-0.1628253404772712,-0.07321706500254592,0.0,0.0,0.0
0.3,0.11,0.07,0.26,0.26,"(0.3, 0.11, 0.07, 0.26, 0.26)",0.07999999999999999,0.05480158532776369,0.04873760830953388,1.1244208985331683,0.0601580065221875,27416264.828735344,-0.1154040733051751,-0.154633732043382,0.03519117795001247,0.0,61.0,22946368.699590717,23251524.064207442,20388346.93667294,24779307.870965794,0.5409836065573771,0.8524590163934426,-0.15540669044820696,-0.071603892366525,0.0,0.0,0.0
0.27,0.11,0.07,0.28,0.27,"(0.27, 0.11, 0.07, 0.28, 0.27)",0.11999999999999997,0.054796375336086056,0.04948643627445611,1.1073008982134125,0.0601580065221875,27412499.77491589,-0.11816575461976331,-0.15891139573715152,0.03581187663642433,0.0,61.0,22936859.862757657,23226221.668138754,20315010.86476407,24794997.334902525,0.5409836065573771,0.7540983606557377,-0.15967107698741037,-0.0723869609587207,0.0,0.0,0.0
0.28,0.08,0.09,0.26,0.29,"(0.28, 0.08, 0.09, 0.26, 0.29)",0.09999999999999998,0.05479547277923191,0.05018312758756867,1.0919102776847613,0.0601580065221875,27383761.600846633,-0.12318199209369363,-0.1693350189295492,0.03626319262237368,0.0,61.0,22955343.0248316,23087546.29199408,20030995.373529587,24988924.732273575,0.5409836065573771,0.5901639344262295,-0.1696918686500291,-0.07935363564668368,0.0,0.0,0.0
0.25,0.08,0.09,0.28,0.3,"(0.25, 0.08, 0.09, 0.28, 0.3)",0.14,0.054788769564870554,0.050938959316639554,1.0755769316821011,0.0601580065221875,27379667.408989057,-0.12592176757711016,-0.1737311552514256,0.03681349708161008,0.0,61.0,22945888.641175587,23086886.112847786,19958864.67881817,25004551.054247286,0.5409836065573771,0.5409836065573771,-0.17406099897486385,-0.08011626203437192,0.0,0.0,0.0
0.29,0.11,0.07,0.27,0.26,"(0.29, 0.11, 0.07, 0.27, 0.26)",0.1,0.05476253252122221,0.04891912079660834,1.1194504649605028,0.0601580065221875,27405373.054446258,-0.11608417356366951,-0.15575869350321073,0.03531437034463699,0.0,61.0,22937575.96875693,23223204.76472357,20351794.60806517,24785509.194063146,0.5409836065573771,0.819672131147541,-0.1565250605716397,-0.07155663374054805,0.0,0.0,0.0
0.3,0.08,0.09,0.25,0.28,"(0.3, 0.08, 0.09, 0.25, 0.28)",0.07999999999999996,0.05476209057297887,0.04961512366466878,1.1037378631381962,0.0601580065221875,27376734.47232225,-0.12111169778917485,-0.16611274632035175,0.03583608055776181,0.0,61.0,22956060.19204385,23078147.304590788,20067253.715263207,24979411.219045486,0.5409836065573771,0.6229508196721312,-0.16648505388950804,-0.07853283503338467,0.0,0.0,0.0
0.26,0.11,0.07,0.29,0.27,"(0.26, 0.11, 0.07, 0.29, 0.27)",0.13999999999999993,0.05475671388436676,0.04967706047993656,1.1022535020259856,0.0601580065221875,27401458.767670322,-0.11884446029199491,-0.16004329722503305,0.03599130453758584,0.0,61.0,22928014.577944767,23198298.52763919,20278533.899757393,24801113.184411686,0.5409836065573771,0.6885245901639344,-0.16079591425030512,-0.07233874377602897,0.0,0.0,0.0
0.27,0.08,0.09,0.27,0.29,"(0.27, 0.08, 0.09, 0.27, 0.29)",0.12,0.05475632744647463,0.05036158596555916,1.0872637625812838,0.0601580065221875,27372874.366377555,-0.12385588340489717,-0.17049515472216675,0.036386385016998195,0.0,61.0,22946722.2896638,23077632.83947464,19995096.35230066,24995178.073113468,0.5409836065573771,0.5901639344262295,-0.1708415325880748,-0.07929667338719674,0.0,0.0,0.0
0.29,0.08,0.09,0.26,0.28,"(0.29, 0.08, 0.09, 0.26, 0.28)",0.09999999999999998,0.05472324566284881,0.049789780498106694,1.0990858990617505,0.0601580065221875,27365924.07029152,-0.12178683008592228,-0.16726826068606723,0.03595927295238632,0.0,61.0,22947471.67746357,23068282.22709586,20031316.881358422,24985706.40476043,0.5409836065573771,0.6065573770491803,-0.16763044111653375,-0.07847684113602961,0.0,0.0,0.0
0.28,0.11,0.07,0.28,0.26,"(0.28, 0.11, 0.07, 0.28, 0.26)",0.11999999999999997,0.05472317179263109,0.04910602856664024,1.1143880576367116,0.0601580065221875,27394409.05043563,-0.11676412822152626,-0.1568860638511303,0.035437562739261505,0.0,61.0,22928762.870287575,23193208.714294367,20315279.180882003,24791666.63761575,0.5409836065573771,0.819672131147541,-0.15764569599525466,-0.07150939042522117,0.0,0.0,0.0
0.26,0.08,0.09,0.28,0.29,"(0.26, 0.08, 0.09, 0.28, 0.29)",0.14,0.054716874348860634,0.050545307732345765,1.0825312339298576,0.0601580065221875,27361914.97332887,-0.12452963185600774,-0.17165774751384785,0.036509577411622716,0.0,61.0,22938081.019555073,23067677.84824991,19959233.55156069,25001387.180237718,0.5409836065573771,0.5901639344262295,-0.17199350054346252,-0.07923972744256072,0.0,0.0,0.0
0.25,0.11,0.07,0.3,0.27,"(0.25, 0.11, 0.07, 0.3, 0.27)",0.15999999999999995,0.05471674458246656,0.049872928999645294,1.0971231423535546,0.0601580065221875,27390345.660680916,-0.1195230201599472,-0.1611776079730491,0.036170732438747355,0.0,61.0,22919148.967544813,23175364.43026806,20242093.90992889,24807185.083039645,0.5409836065573771,0.6721311475409836,-0.1619230161283275,-0.07229054164987347,0.0,0.0,0.0
0.29,0.1,0.08,0.28,0.25,"(0.29, 0.1, 0.08, 0.28, 0.25)",0.12000000000000002,0.054714421572090055,0.04935814747351758,1.10851853995222,0.0601580065221875,27379505.205102615,-0.11939369857884752,-0.16206198363707236,0.03545872876005527,0.0,61.0,22913180.06292051,23083635.89154035,20156230.043368362,24886868.842748318,0.5409836065573771,0.6721311475409836,-0.16269606696645086,-0.07296675498770426,0.0,0.0,0.0
0.3,0.11,0.07,0.27,0.25,"(0.3, 0.11, 0.07, 0.27, 0.25)",0.1,0.05468899016266415,0.04854085785837735,1.126658913244273,0.0601580065221875,27387202.218941107,-0.11468060934417679,-0.1537377800126444,0.035010450674649626,0.0,61.0,22929427.007482454,23186017.459654044,20352012.925774947,24782122.323422708,0.5409836065573771,0.8688524590163934,-0.15450372490675335,-0.07067981967302205,0.0,0.0,0.0
0.27,0.11,0.07,0.29,0.26,"(0.27, 0.11, 0.07, 0.29, 0.26)",0.13999999999999993,0.054683503194076666,0.049298270253195824,1.1092377666239057,0.0601580065221875,27383372.908495586,-0.11744393692725774,-0.15801584320778234,0.03556075513388602,0.0,61.0,22919929.425168548,23166588.678248633,20278800.696235996,24797780.169104896,0.5409836065573771,0.7868852459016393,-0.15876859643219535,-0.07146216223789296,0.0,0.0,0.0
0.28,0.1,0.07,0.26,0.29,"(0.28, 0.1, 0.07, 0.26, 0.29)",0.059999999999999984,0.05467459061742108,0.04876709675240653,1.12113687831382,0.0601580065221875,27379282.87901198,-0.11577246567580923,-0.155668763727018,0.03561302124081142,0.0,61.0,22971232.801203124,23232885.433901552,20349024.96695313,24792711.342060633,0.5409836065573771,0.819672131147541,-0.1562921388733416,-0.07474229512970626,0.0,0.0,0.0
0.25,0.1,0.07,0.28,0.3,"(0.25, 0.1, 0.07, 0.28, 0.3)",0.10000000000000002,0.05466929845441948,0.0495170379304044,1.1040502570298434,0.0601580065221875,27375505.010991234,-0.11836909741111112,-0.1597405350334783,0.03616332570004782,0.0,61.0,22961696.46605624,23189682.758214574,20275819.630053256,24808391.227900684,0.5409836065573771,0.7213114754098361,-0.1603466737993999,-0.07552098093425524,0.0,0.0,0.0
0.29,0.11,0.07,0.28,0.25,"(0.29, 0.11, 0.07, 0.28, 0.25)",0.12000000000000002,0.05464962228882575,0.04872936475360314,1.1214926064634334,0.0601580065221875,27376243.064076774,-0.1153616680137125,-0.15486303008775207,0.03513364306927414,0.0,61.0,22920625.759689182,23160207.318324197,20315496.069906104,24788277.43266643,0.5409836065573771,0.8524590163934426,-0.15562242508475566,-0.07063356361603096,0.0,0.0,0.0
0.26,0.11,0.07,0.3,0.26,"(0.26, 0.11, 0.07, 0.3, 0.26)",0.15999999999999995,0.05464352677778406,0.04949578370549855,1.1040036683309176,0.0601580065221875,27372264.720979337,-0.1181235993295906,-0.15914803168152625,0.035725452209104,0.0,61.0,22911075.654430494,23138292.00879038,20242359.194990873,24803849.756231647,0.5409836065573771,0.7377049180327869,-0.15989376158369498,-0.07141494899627049,0.0,0.0,0.0
0.3,0.1,0.07,0.25,0.28,"(0.3, 0.1, 0.07, 0.25, 0.28)",0.039999999999999966,0.054640274293463076,0.04820090049208116,1.1335944709671935,0.0601580065221875,27372045.482395634,-0.11371304906290136,-0.15255328391498243,0.03518590917619955,0.0,61.0,22971892.01509786,23237938.15687484,20385815.596349772,24783148.837331593,0.5409836065573771,0.8852459016393442,-0.15318480791473493,-0.07391131876701117,0.0,0.0,0.0
0.27,0.1,0.07,0.27,0.29,"(0.27, 0.1, 0.07, 0.27, 0.29)",0.08,0.05463592228175784,0.04894110430817845,1.1163606349729984,0.0601580065221875,27368501.496687062,-0.11631400192897234,-0.15661200745670517,0.03573621363543594,0.0,61.0,22962472.219218723,23194829.493440427,20312583.457554944,24798968.03079013,0.5409836065573771,0.819672131147541,-0.15722730314984856,-0.07469120545340537,0.0,0.0,0.0
0.25,0.09,0.08,0.29,0.29,"(0.25, 0.09, 0.08, 0.29, 0.29)",0.13999999999999999,0.0546200538005126,0.04997314808284546,1.0929880525029863,0.0601580065221875,27349418.203108657,-0.12118904041497358,-0.16544544771846714,0.03630768411546611,0.0,61.0,22937166.302717555,23137541.05478262,20081121.1433469,24909660.244188577,0.5409836065573771,0.6229508196721312,-0.16591801843080423,-0.07689921350128721,0.0,0.0,0.0
0.28,0.11,0.07,0.29,0.25,"(0.28, 0.11, 0.07, 0.29, 0.25)",0.13999999999999993,0.05460994657748253,0.0489232341862956,1.1162374582500494,0.0601580065221875,27365211.82567309,-0.11604258023178449,-0.15599068902348065,0.035256835463898656,0.0,61.0,22911804.1652815,23129495.250223164,20279016.1646997,24794388.636441495,0.5409836065573771,0.819672131147541,-0.15674339037151758,-0.07058732257769092,0.0,0.0,0.0
0.29,0.1,0.07,0.26,0.28,"(0.29, 0.1, 0.07, 0.26, 0.28)",0.059999999999999984,0.05460190659080921,0.04837093624053594,1.1288164099054916,0.0601580065221875,27361340.975603376,-0.11425550004795038,-0.15349199897346336,0.035309101570824064,0.0,61.0,22963163.68614899,23199906.1146554,20349335.82840142,24789447.028687235,0.5409836065573771,0.8852459016393442,-0.15411574979771508,-0.07386120238038194,0.0,0.0,0.0
0.26,0.1,0.07,0.28,0.29,"(0.26, 0.1, 0.07, 0.28, 0.29)",0.10000000000000002,0.05459694608089194,0.04912055987511079,1.1114886764260197,0.0601580065221875,27357647.911854945,-0.11685558026691434,-0.1575574127645656,0.03585940603006046,0.0,61.0,22953691.21898678,23156807.41583212,20276178.632954657,24805180.857490923,0.5409836065573771,0.8032786885245902,-0.15816450851572078,-0.0746401318904056,0.0,0.0,0.0
0.27,0.09,0.08,0.28,0.28,"(0.27, 0.09, 0.08, 0.28, 0.28)",0.11999999999999997,0.05458710643307674,0.04939410156464774,1.1051341092140792,0.0601580065221875,27342516.25134765,-0.11911346643758713,-0.1622445223083548,0.03588057205085423,0.0,61.0,22937951.109625604,23132178.76448716,20117530.71367349,24900247.149971463,0.5409836065573771,0.6721311475409836,-0.1627299259779114,-0.07607624641700607,0.0,0.0,0.0
0.26,0.12,0.06,0.3,0.26,"(0.26, 0.12, 0.06, 0.3, 0.26)",0.15999999999999992,0.0545740939183319,0.048960692043435144,1.1146511954920257,0.0601580065221875,27367929.7484397,-0.11527306389368785,-0.15379699258039747,0.03560572970565584,0.0,61.0,22918459.037550982,23261823.835222527,20402066.01475599,24704875.13787494,0.5409836065573771,0.8688524590163934,-0.15465537892413347,-0.06906310608343283,0.0,0.0,0.0
0.27,0.11,0.07,0.3,0.25,"(0.27, 0.11, 0.07, 0.3, 0.25)",0.15999999999999995,0.05456996308085804,0.049122402664155816,1.1108976784777114,0.0601580065221875,27354108.596035864,-0.1167233456471719,-0.15712075693178013,0.03538002785852318,0.0,61.0,22902962.245248128,23101245.496388327,20242573.250991654,24800455.9024627,0.5409836065573771,0.819672131147541,-0.15786662047132188,-0.07054109637350403,0.0,0.0,0.0
0.28,0.1,0.07,0.27,0.28,"(0.28, 0.1, 0.07, 0.27, 0.28)",0.07999999999999995,0.0545632310035391,0.04854651257937478,1.1239371914579206,0.0601580065221875,27350564.22984692,-0.11479799329943197,-0.15443287468846806,0.03543229396544858,0.0,61.0,22954414.918159254,23161907.83725631,20312892.71209513,24795701.397381157,0.5409836065573771,0.8524590163934426,-0.15504873249652878,-0.07381110218028042,0.0,0.0,0.0
0.29,0.09,0.08,0.27,0.27,"(0.29, 0.09, 0.08, 0.27, 0.27)",0.1,0.05455351967166111,0.048820693827787476,1.1174261444152327,0.0601580065221875,27335457.37030124,-0.11703471100952023,-0.15905263955231633,0.03545345998624235,0.0,61.0,22938651.720556892,23126735.220897038,20153928.94023797,24890735.82968548,0.5409836065573771,0.7540983606557377,-0.15955015521862667,-0.07525304766828525,0.0,0.0,0.0
0.26,0.09,0.08,0.29,0.28,"(0.26, 0.09, 0.08, 0.29, 0.28)",0.13999999999999993,0.054547576448888524,0.049582816715343675,1.1001306513514082,0.0601580065221875,27331542.166376654,-0.11979122692606048,-0.16339149182076587,0.036003764445478745,0.0,61.0,22929231.329003032,23129937.99882339,20081432.553812128,24906411.82419776,0.5409836065573771,0.6557377049180327,-0.16386780505623483,-0.07602322496235826,0.0,0.0,0.0
0.28,0.12,0.06,0.29,0.25,"(0.28, 0.12, 0.06, 0.29, 0.25)",0.1399999999999999,0.05454004580160832,0.04839102235329498,1.1270695089560272,0.0601580065221875,27360772.252954654,-0.11336500458453713,-0.15093930952457918,0.03498102157485099,0.0,61.0,22919158.811552025,23266957.575591885,20438990.534671206,24695389.863510363,0.5409836065573771,0.9180327868852459,-0.15180248061342103,-0.06823037780490973,0.0,0.0,0.0
0.3,0.1,0.07,0.26,0.27,"(0.3, 0.1, 0.07, 0.26, 0.27)",0.059999999999999984,0.05452887658520256,0.04797832324262216,1.136531518816421,0.0601580065221875,27343323.725030933,-0.11273699777954882,-0.15131685581471957,0.0350051819008367,0.0,61.0,22955054.37750824,23166938.232318085,20349595.16685395,24786124.208504785,0.5409836065573771,0.9180327868852459,-0.15194077374439396,-0.07298185065438619,0.0,0.0,0.0
0.28,0.09,0.08,0.28,0.27,"(0.28, 0.09, 0.08, 0.28, 0.27)",0.11999999999999997,0.05451429017838949,0.04900568629422768,1.112407442905471,0.0601580065221875,27324560.05097699,-0.11771371845895229,-0.16019502471255553,0.035576652380866866,0.0,61.0,22929964.146379918,23120543.953595564,20117792.76975957,24896942.24029507,0.5409836065573771,0.7213114754098361,-0.16068378906071662,-0.07520099546244471,0.0,0.0,0.0
0.25,0.09,0.08,0.3,0.28,"(0.25, 0.09, 0.08, 0.3, 0.28)",0.15999999999999995,0.05450773878576287,0.0497768008591443,1.0950430289806274,0.0601580065221875,27320496.13602414,-0.12046884221551657,-0.16454090037356442,0.036126956840103266,0.0,61.0,22920491.11309769,23119890.625004817,20045370.935898524,24912532.39126375,0.5409836065573771,0.6229508196721312,-0.16500797332734263,-0.07597021928587845,0.0,0.0,0.0
0.27,0.12,0.06,0.3,0.25,"(0.27, 0.12, 0.06, 0.3, 0.25)",0.15999999999999992,0.054500301922766115,0.0485875303346861,1.1216931905645542,0.0601580065221875,27349722.92965498,-0.11402857738940597,-0.1520276852540051,0.035160449476012504,0.0,61.0,22910247.08414127,23239750.3584775,20402273.955890868,24701459.219951298,0.5409836065573771,0.8852459016393442,-0.15288535051228624,-0.06818715997513922,0.0,0.0,0.0
0.29,0.1,0.07,0.27,0.27,"(0.29, 0.1, 0.07, 0.27, 0.27)",0.08,0.05449019378026221,0.04815548107531391,1.1315470755040526,0.0601580065221875,27332551.65343622,-0.11328044877932453,-0.1522553649888885,0.03512837429546122,0.0,61.0,22946317.43446904,23128997.588222787,20313150.54267099,24792376.247170027,0.5409836065573771,0.8852459016393442,-0.15287157632068565,-0.07293273809800296,0.0,0.0,0.0
0.3,0.09,0.08,0.27,0.26,"(0.3, 0.09, 0.08, 0.27, 0.26)",0.1,0.05448036469088535,0.04843428539049832,1.1248305668524043,0.0601580065221875,27317421.18968604,-0.11563302875130066,-0.1570076003673238,0.03514954031625499,0.0,61.0,22930612.81385384,23111052.526607264,20154141.475787766,24887374.506709635,0.5409836065573771,0.819672131147541,-0.15750809487630116,-0.0743785400352894,0.0,0.0,0.0
0.27,0.09,0.08,0.29,0.27,"(0.27, 0.09, 0.08, 0.29, 0.27)",0.13999999999999993,0.05447475298648152,0.0491960382429811,1.1072995902114853,0.0601580065221875,27313590.748251542,-0.11839258056320867,-0.16133984866083123,0.03569984477549138,0.0,61.0,22921256.1161983,23110545.103763167,20081693.108809546,24903104.582760297,0.5409836065573771,0.6885245901639344,-0.1618197124960706,-0.07514895909621484,0.0,0.0,0.0
0.28,0.08,0.08,0.26,0.3,"(0.28, 0.08, 0.08, 0.26, 0.3)",0.07999999999999997,0.054459470811553334,0.04878973719049636,1.1162075048471745,0.0601580065221875,27307927.442014612,-0.11663833269310975,-0.15884420865555687,0.03575211088241679,0.0,61.0,22971528.20045835,23159986.672946032,20150805.46066085,24897053.39794175,0.5409836065573771,0.7868852459016393,-0.1592010468183193,-0.07841842923619328,0.0,0.0,0.0
0.29,0.09,0.08,0.28,0.26,"(0.29, 0.09, 0.08, 0.28, 0.26)",0.12000000000000002,0.05444112799156042,0.04862089664144321,1.1197063763146688,0.0601580065221875,27306528.63667398,-0.11631313879267013,-0.15814784183067188,0.03527273271087951,0.0,61.0,22921937.001004424,23101102.207127888,20118003.894252326,24893578.569233645,0.5409836065573771,0.8032786885245902,-0.15863977466390675,-0.07432747120043055,0.0,0.0,0.0
0.26,0.07,0.09,0.28,0.3,"(0.26, 0.07, 0.09, 0.28, 0.3)",0.14,0.054437909008204555,0.049936453555506126,1.09014367525509,0.0601580065221875,27287591.38656603,-0.1214708862620335,-0.1677201902327844,0.036323581362446955,0.0,61.0,22946369.096756835,23089550.906838663,19921055.15044271,25007300.25580104,0.5409836065573771,0.6065573770491803,-0.1679141158045878,-0.08057960855487942,0.0,0.0,0.0
0.26,0.09,0.08,0.3,0.27,"(0.26, 0.09, 0.08, 0.3, 0.27)",0.15999999999999995,0.05443490814799801,0.04939168770892913,1.1021066635501333,0.0601580065221875,27302549.553954046,-0.11907129697036978,-0.16248711150840897,0.035823037170115896,0.0,61.0,22912527.650643554,23100504.72210153,20045629.99795091,24909222.82453496,0.5409836065573771,0.6721311475409836,-0.16295792522610456,-0.07509693840146645,0.0,0.0,0.0
0.3,0.08,0.08,0.25,0.29,"(0.3, 0.08, 0.08, 0.25, 0.29)",0.06000000000000001,0.054425410878908176,0.04821872468022264,1.1287194184385234,0.0601580065221875,27300758.525552243,-0.1145810742874196,-0.1556894467183339,0.035324998817804903,0.0,61.0,22972171.942354985,23154230.514347006,20187209.814162955,24887467.72332521,0.5409836065573771,0.8360655737704918,-0.15605980328982283,-0.07759458774677581,0.0,0.0,0.0
0.27,0.08,0.08,0.27,0.3,"(0.27, 0.08, 0.08, 0.27, 0.3)",0.09999999999999999,0.05442093346250587,0.048961371525216554,1.1115075368033243,0.0601580065221875,27297212.783454806,-0.11717913580419459,-0.15980020927023783,0.035875303277041304,0.0,61.0,22962893.48537677,23171745.702901583,20114743.127377413,24903359.208793204,0.5409836065573771,0.7377049180327869,-0.1601472521580975,-0.07836257203444259,0.0,0.0,0.0
0.28,0.07,0.09,0.27,0.29,"(0.28, 0.07, 0.09, 0.27, 0.29)",0.11999999999999998,0.05440491581622209,0.049357900143314176,1.1022534519955984,0.0601580065221875,27280680.64277419,-0.11939691455783907,-0.16448435068500994,0.03589646929783507,0.0,61.0,22947106.40692578,23080189.869249765,19957119.794676848,24997822.77928573,0.5409836065573771,0.639344262295082,-0.16469632140661092,-0.07976276000885955,0.0,0.0,0.0
0.28,0.09,0.08,0.29,0.26,"(0.28, 0.09, 0.08, 0.29, 0.26)",0.13999999999999993,0.05440158362597769,0.04881289712199518,1.1144920058732641,0.0601580065221875,27295564.15429205,-0.11699310299056698,-0.15929052193584106,0.035395925105504024,0.0,61.0,22913240.73212722,23091110.33628868,20081902.830292508,24899738.570159398,0.5409836065573771,0.7540983606557377,-0.15977374414263892,-0.07427641809996942,0.0,0.0,0.0
0.25,0.07,0.09,0.29,0.3,"(0.25, 0.07, 0.09, 0.29, 0.3)",0.15999999999999998,0.054398518368488524,0.05012074294570093,1.0853494016922691,0.0601580065221875,27276680.38895142,-0.12214659369335634,-0.16888453863801683,0.03644677375707147,0.0,61.0,22937763.00912684,23085094.358864564,19885334.52406284,25013515.9872395,0.5409836065573771,0.6065573770491803,-0.1690671064159628,-0.08052088430754281,0.0,0.0,0.0
0.29,0.08,0.08,0.26,0.29,"(0.29, 0.08, 0.08, 0.26, 0.29)",0.08000000000000003,0.05438717393004944,0.04838637778954686,1.1240182963602405,0.0601580065221875,27290120.50165091,-0.11512279094163591,-0.15664086457834456,0.03544819121242942,0.0,61.0,22963569.498911075,23166272.844452634,20151109.67247336,24893815.177456528,0.5409836065573771,0.819672131147541,-0.15700174187973928,-0.07753969922936024,0.0,0.0,0.0
0.26,0.08,0.08,0.28,0.3,"(0.26, 0.08, 0.08, 0.28, 0.3)",0.12000000000000001,0.0543820884206172,0.04913846858051017,1.1067110960431277,0.0601580065221875,27286426.081540518,-0.11771998127792205,-0.16075839817529006,0.03599849567166582,0.0,61.0,22954238.244221874,23181420.57691641,20078717.04794521,24909621.003382653,0.5409836065573771,0.6885245901639344,-0.16109552068476277,-0.07830673160887137,0.0,0.0,0.0
0.3,0.07,0.09,0.26,0.28,"(0.3, 0.07, 0.09, 0.26, 0.28)",0.09999999999999996,0.054371283533275916,0.04878500134050036,1.1145081897976281,0.0601580065221875,27273613.33344445,-0.11731976587842619,-0.16125764521465472,0.03546935723322319,0.0,61.0,22947759.49777596,23078405.695755463,19993172.999308858,24988246.755500015,0.5409836065573771,0.6885245901639344,-0.16148692228176445,-0.0789456731921095,0.0,0.0,0.0
0.27,0.07,0.09,0.28,0.29,"(0.27, 0.07, 0.09, 0.28, 0.29)",0.14,0.054365825432560966,0.04953847480068641,1.0974464928784537,0.0601580065221875,27269846.181590073,-0.12007386593838432,-0.16564405934091472,0.03601966169245959,0.0,61.0,22938532.533953328,23085274.302858144,19921361.516052764,25004080.403355993,0.5409836065573771,0.6229508196721312,-0.16584502161769446,-0.07970500209334658,0.0,0.0,0.0
0.27,0.09,0.08,0.3,0.26,"(0.27, 0.09, 0.08, 0.3, 0.26)",0.15999999999999995,0.0543617316461964,0.04901022349430763,1.1091916700300364,0.0601580065221875,27284527.83432266,-0.1176729209931251,-0.16043564079773384,0.03551911750012854,0.0,61.0,22904524.027811985,23081076.97209041,20045838.324443787,24905854.47695465,0.5409836065573771,0.7049180327868853,-0.1609100030169967,-0.07422538056357184,0.0,0.0,0.0
0.28,0.08,0.08,0.27,0.29,"(0.28, 0.08, 0.08, 0.27, 0.29)",0.09999999999999999,0.054348629269019844,0.04855958656839361,1.1192152386320808,0.0601580065221875,27279410.3981002,-0.11566455014112287,-0.157594469798544,0.03557138360705394,0.0,61.0,22954946.50894261,23171967.931240354,20115045.75170695,24900118.654891457,0.5409836065573771,0.819672131147541,-0.1579457433790871,-0.07748482755132641,0.0,0.0,0.0
0.25,0.08,0.08,0.29,0.3,"(0.25, 0.08, 0.08, 0.29, 0.3)",0.13999999999999996,0.054342935737604625,0.04932096951135695,1.1018221311544025,0.0601580065221875,27275567.426663056,-0.1182608687384078,-0.16171877616166966,0.03612168806629034,0.0,61.0,22945562.497519817,23171450.6753847,20042727.263326507,24915838.748673886,0.5409836065573771,0.6721311475409836,-0.1620458528177581,-0.07825090780048963,0.0,0.0,0.0
0.3,0.08,0.08,0.26,0.28,"(0.3, 0.08, 0.08, 0.26, 0.28)",0.07999999999999997,0.05431453109902318,0.04798644534999374,1.1318723590146123,0.0601580065221875,27272238.267321564,-0.1136057137385379,-0.15443914889252433,0.03514427154244207,0.0,61.0,22955570.541663524,23162417.750144664,20151362.85867425,24890518.19864506,0.5409836065573771,0.8688524590163934,-0.1548038535766943,-0.07666269318216459,0.0,0.0,0.0
0.27,0.08,0.08,0.28,0.29,"(0.27, 0.08, 0.08, 0.28, 0.29)",0.12000000000000001,0.054309776947394806,0.048738291784681885,1.1143143298359095,0.0601580065221875,27268628.30468549,-0.11620635150981307,-0.15855026318459173,0.035694576001678455,0.0,61.0,22946302.992888372,23162046.6228919,20079018.093044586,24906378.122387793,0.5409836065573771,0.8032786885245902,-0.1588918082213408,-0.07742997255114363,0.0,0.0,0.0
0.27,0.1,0.07,0.3,0.26,"(0.27, 0.1, 0.07, 0.3, 0.26)",0.13999999999999996,0.054298894456789704,0.048337371635496854,1.1233315469911684,0.0601580065221875,27281730.0147375,-0.11363173589741504,-0.15322030785334526,0.03519403180934741,0.0,61.0,22911882.090003077,23077486.60981085,20204239.293313164,24807478.53970271,0.5409836065573771,0.8852459016393442,-0.15382463782120248,-0.07191182925852906,0.0,0.0,0.0
0.29,0.08,0.08,0.27,0.28,"(0.29, 0.08, 0.08, 0.27, 0.28)",0.09999999999999999,0.05427597915994631,0.04816124245715088,1.126963848746961,0.0601580065221875,27261532.7562383,-0.11414842977613282,-0.15539036019761301,0.03526746393706658,0.0,61.0,22946959.28760876,23152545.040834088,20115297.448454957,24896819.332585193,0.5409836065573771,0.8360655737704918,-0.1557456526968146,-0.0766088052190265,0.0,0.0,0.0
0.26,0.08,0.08,0.29,0.29,"(0.26, 0.08, 0.08, 0.29, 0.29)",0.13999999999999996,0.054270617016888956,0.048922433205832914,1.1093196609529714,0.0601580065221875,27257774.31175314,-0.11674819467167374,-0.1595082455320141,0.035817768396302976,0.0,61.0,22937638.971232746,23152083.615655635,20043026.7374211,24912593.54692324,0.5409836065573771,0.7540983606557377,-0.1598399368300084,-0.07737513406760121,0.0,0.0,0.0
0.29,0.1,0.07,0.29,0.25,"(0.29, 0.1, 0.07, 0.29, 0.25)",0.11999999999999998,0.05426476491559451,0.0477618350087784,1.1361532676795376,0.0601580065221875,27274560.30700804,-0.11154256368542859,-0.15006307602708932,0.03476691974473553,0.0,61.0,22912514.438923925,23069608.51856223,20240727.528386995,24797913.75409787,0.5409836065573771,0.9836065573770492,-0.1506758434423353,-0.07108699762010161,0.0,0.0,0.0
0.28,0.08,0.08,0.28,0.28,"(0.28, 0.08, 0.08, 0.28, 0.28)",0.11999999999999995,0.05423711959253397,0.04834156967869295,1.1219561125761197,0.0601580065221875,27250755.308957603,-0.11469118778945986,-0.1563437595435654,0.035390656331691105,0.0,61.0,22938327.507481318,23142630.61352329,20079268.308469232,24903076.46300049,0.5409836065573771,0.819672131147541,-0.15668951531598613,-0.07655493383465645,0.0,0.0,0.0
0.25,0.08,0.08,0.3,0.29,"(0.25, 0.08, 0.08, 0.3, 0.29)",0.15999999999999998,0.05423114952935659,0.04911194968400758,1.1042353211038574,0.0601580065221875,27246848.510209225,-0.11739502394910561,-0.16061199592195802,0.03594096079092749,0.0,61.0,22928954.464505747,23142078.967394423,20007071.72552584,24918764.895695142,0.5409836065573771,0.7049180327868853,-0.16093920363319478,-0.07732031193980429,0.0,0.0,0.0
0.28,0.1,0.07,0.3,0.25,"(0.28, 0.1, 0.07, 0.3, 0.25)",0.13999999999999996,0.054225144724939556,0.047958730903641014,1.1306626281226886,0.0601580065221875,27263582.010736298,-0.11222656263213693,-0.1511903268892589,0.034890112139360045,0.0,61.0,22903739.98684791,23062837.553497583,20204390.46070069,24804029.4967211,0.5409836065573771,0.9344262295081968,-0.1517958826061982,-0.07103990138837903,0.0,0.0,0.0
0.26,0.09,0.07,0.29,0.29,"(0.26, 0.09, 0.07, 0.29, 0.29)",0.11999999999999998,0.054209478392906796,0.04821461402072521,1.124337081068505,0.0601580065221875,27255382.452136323,-0.11360099062838169,-0.15350164227302765,0.03549268270552185,0.0,61.0,22945315.543626174,23150696.63861725,20201387.158865903,24814473.43016846,0.5409836065573771,0.8852459016393442,-0.15396888622236293,-0.07507656023161155,0.0,0.0,0.0
0.3,0.08,0.08,0.27,0.27,"(0.3, 0.08, 0.08, 0.27, 0.27)",0.09999999999999999,0.05420298334760143,0.047766425275498306,1.134750675500198,0.0601580065221875,27243580.06259221,-0.11263077425027779,-0.153187883688835,0.03496354426707922,0.0,61.0,22938931.88927737,23133080.227269,20115498.239663016,24893461.292041194,0.5409836065573771,0.8852459016393442,-0.1535469828660726,-0.07573450724158581,0.0,0.0,0.0
0.27,0.08,0.08,0.29,0.28,"(0.27, 0.08, 0.08, 0.29, 0.28)",0.1399999999999999,0.054197952448498565,0.048527365365104005,1.1168533886134333,0.0601580065221875,27239906.01578065,-0.1153125746422824,-0.15740662269215866,0.03551384872631562,0.0,61.0,22929675.221723877,23132674.52582473,20043275.479624573,24909289.55688238,0.5409836065573771,0.819672131147541,-0.15774849623807893,-0.07650107886562538,0.0,0.0,0.0
0.28,0.09,0.07,0.28,0.28,"(0.28, 0.09, 0.07, 0.28, 0.28)",0.09999999999999996,0.05417551454902281,0.04763447631482505,1.1373173117505655,0.0601580065221875,27248258.958706867,-0.11153773416085255,-0.15037274884333357,0.03506557064090997,0.0,61.0,22945975.117923155,23142814.175173733,20237893.603177823,24804932.021788258,0.5409836065573771,0.9672131147540983,-0.15085062396945598,-0.07425130006758807,0.0,0.0,0.0
0.25,0.09,0.07,0.3,0.29,"(0.25, 0.09, 0.07, 0.3, 0.29)",0.14,0.05417024952505134,0.04840204123306608,1.1191728312492053,0.0601580065221875,27244509.469465334,-0.11414479393712029,-0.15444820053052818,0.03561587510014636,0.0,61.0,22936561.36836173,23143709.41649066,20165161.718099028,24820646.772556655,0.5409836065573771,0.8524590163934426,-0.15490669068990276,-0.07502466996019065,0.0,0.0,0.0
0.29,0.08,0.08,0.28,0.27,"(0.29, 0.08, 0.08, 0.28, 0.27)",0.12000000000000001,0.05416411656822362,0.047948388014313816,1.1296337335064164,0.0601580065221875,27232807.2989814,-0.11322693714459031,-0.1542103217455871,0.035086736661703734,0.0,61.0,22930311.85580126,23123172.70608832,20079467.71620578,24899716.075379796,0.5409836065573771,0.8852459016393442,-0.15456613206948008,-0.07568161765923558,0.0,0.0,0.0
0.29,0.06,0.09,0.26,0.3,"(0.29, 0.06, 0.09, 0.26, 0.3)",0.10000000000000002,0.05416044041790924,0.04864307720905505,1.1134254559007857,0.0601580065221875,27216226.637113765,-0.11663864534354462,-0.1607288415361376,0.035587280854034786,0.0,61.0,22963464.536999032,23132095.541162193,19954204.746605344,24996761.364958093,0.5409836065573771,0.7213114754098361,-0.16081719449335233,-0.08115755096513509,0.0,0.0,0.0
0.26,0.08,0.08,0.3,0.28,"(0.26, 0.08, 0.08, 0.3, 0.28)",0.15999999999999992,0.054158477779692626,0.048718566951949475,1.1116599105451617,0.0601580065221875,27228984.9675677,-0.11599340845506823,-0.15855317237412206,0.035637041120940134,0.0,61.0,22921002.450824764,23122676.835556887,20007319.002583176,24915458.581442118,0.5409836065573771,0.8032786885245902,-0.15888542702492472,-0.07644724014882744,0.0,0.0,0.0
0.27,0.09,0.07,0.29,0.28,"(0.27, 0.09, 0.07, 0.29, 0.28)",0.11999999999999993,0.05413658612924532,0.0478180993290261,1.1321358834600068,0.0601580065221875,27237462.505679775,-0.1120824551690891,-0.15131476198821908,0.03518876303553448,0.0,61.0,22937253.179527488,23135873.873444762,20201630.12323483,24811146.938086875,0.5409836065573771,0.9180327868852459,-0.15178419441373708,-0.07420037940648798,0.0,0.0,0.0
0.28,0.08,0.08,0.29,0.27,"(0.28, 0.08, 0.08, 0.29, 0.27)",0.1399999999999999,0.05412494224449538,0.04813585138997273,1.124420586352613,0.0601580065221875,27221962.743270975,-0.1139090220193052,-0.1553522709468986,0.035209929056328255,0.0,61.0,22921671.31669213,23113223.563071087,20043473.511868805,24905926.828702662,0.5409836065573771,0.8524590163934426,-0.1556988051557222,-0.07562874439018095,0.0,0.0,0.0
0.28,0.06,0.09,0.27,0.3,"(0.28, 0.06, 0.09, 0.27, 0.3)",0.11999999999999998,0.05412202725152859,0.04881307543818367,1.1087608548670145,0.0601580065221875,27205583.970554885,-0.11689655031902135,-0.16130583866113155,0.0357104732486593,0.0,61.0,22954967.15700283,23139124.404161304,19918517.157230876,25003113.83752044,0.5409836065573771,0.6885245901639344,-0.16138266393142878,-0.08109799207426711,0.0,0.0,0.0
0.26,0.09,0.07,0.3,0.28,"(0.26, 0.09, 0.07, 0.3, 0.28)",0.13999999999999996,0.05409735013452166,0.04800722507486243,1.126858510363019,0.0601580065221875,27226594.27625185,-0.11262721705539058,-0.15225894672574392,0.035311955430159005,0.0,61.0,22928510.814564284,23128889.88230538,20165403.227021277,24817317.970847253,0.5409836065573771,0.8852459016393442,-0.15271981443463184,-0.0741494748898879,0.0,0.0,0.0
0.3,0.08,0.08,0.28,0.26,"(0.3, 0.08, 0.08, 0.28, 0.26)",0.12000000000000001,0.05409076808637581,0.0475588346009718,1.137344271368469,0.0601580065221875,27214784.479772456,-0.11182144760815338,-0.15216044191399217,0.03478281699171638,0.0,61.0,22922256.10573796,23103673.057884395,20079616.33854543,24896297.00997164,0.5409836065573771,0.8852459016393442,-0.15252052663444995,-0.07481002620408664,0.0,0.0,0.0
0.3,0.06,0.09,0.26,0.29,"(0.3, 0.06, 0.09, 0.26, 0.29)",0.10000000000000002,0.05408818403790794,0.04823786578455674,1.1212806196584295,0.0601580065221875,27198480.50985023,-0.11533699146222243,-0.15879421285922266,0.03528336118404742,0.0,61.0,22955575.98631699,23139161.623461723,19954451.888117447,24993490.43313731,0.5409836065573771,0.8032786885245902,-0.15889029782723968,-0.08028292298241643,0.0,0.0,0.0
0.27,0.08,0.08,0.3,0.27,"(0.27, 0.08, 0.08, 0.3, 0.27)",0.15999999999999992,0.05408546042826745,0.04832875139292142,1.1191156168828562,0.0601580065221875,27211046.486275293,-0.11459096015835968,-0.15649667079081864,0.03533312145095277,0.0,61.0,22913010.29239671,23103232.855991226,20007515.66728694,24912093.519234903,0.5409836065573771,0.819672131147541,-0.15683377796918857,-0.07557588726910928,0.0,0.0,0.0
0.27,0.06,0.09,0.28,0.3,"(0.27, 0.06, 0.09, 0.28, 0.3)",0.14,0.05408330659814142,0.0489885645165935,1.1039985990980041,0.0601580065221875,27194869.48029062,-0.11715466480944559,-0.16188420835530262,0.03583366564328382,0.0,61.0,22946449.14436496,23146116.603776846,19882865.40290962,25009422.148380592,0.5409836065573771,0.6721311475409836,-0.1619494306088688,-0.08103845049616612,0.0,0.0,0.0
0.29,0.08,0.08,0.29,0.26,"(0.29, 0.08, 0.08, 0.29, 0.26)",0.13999999999999996,0.05405158661666554,0.04774797870126982,1.1320183196619393,0.0601580065221875,27203944.699140765,-0.1125046377857779,-0.15330024314827556,0.03490600938634089,0.0,61.0,22913627.32392596,23093730.884593576,20043620.85638952,24902505.412822444,0.5409836065573771,0.8852459016393442,-0.15365124333696834,-0.07475813281629504,0.0,0.0,0.0
0.29,0.06,0.09,0.27,0.29,"(0.29, 0.06, 0.09, 0.27, 0.29)",0.12000000000000004,0.05404976353364965,0.04840943621242252,1.1165129727286465,0.0601580065221875,27187842.35441058,-0.1155953734660351,-0.15936887889522025,0.035406553578671944,0.0,61.0,22947090.25355584,23146186.673891213,19918762.827558897,24999840.548901957,0.5409836065573771,0.7868852459016393,-0.15945359191337208,-0.08022434385223211,0.0,0.0,0.0
0.26,0.06,0.09,0.29,0.3,"(0.26, 0.06, 0.09, 0.29, 0.3)",0.15999999999999998,0.054044278509298715,0.04916948565272974,1.0991426449118926,0.0601580065221875,27184083.25613563,-0.11768439921530449,-0.16283950177944245,0.03595685803790834,0.0,61.0,22937910.51916867,23153072.10718997,19847249.524271175,25015686.26426924,0.5409836065573771,0.6721311475409836,-0.16289431904428825,-0.08097892608355296,0.0,0.0,0.0
0.27,0.09,0.07,0.3,0.27,"(0.27, 0.09, 0.07, 0.3, 0.27)",0.13999999999999996,0.05402410537461555,0.04761600575972015,1.134578688671031,0.0601580065221875,27208604.29014154,-0.11110810395802362,-0.1500713232536287,0.03500803576017164,0.0,61.0,22920420.19468229,23118246.344079252,20165593.75451671,24813930.705241743,0.5409836065573771,0.9672131147540983,-0.1505343579700074,-0.07327601151804937,0.0,0.0,0.0
0.28,0.06,0.09,0.28,0.29,"(0.28, 0.06, 0.09, 0.28, 0.29)",0.14,0.05401103557456377,0.04858653187515257,1.1116462420769184,0.0601580065221875,27177132.428567216,-0.11585396504813328,-0.15994491691255672,0.03552974597329646,0.0,61.0,22938583.888106015,23153175.04907494,19883109.610104244,25006146.50932847,0.5409836065573771,0.7540983606557377,-0.16001818292755696,-0.08016578193980993,0.0,0.0,0.0
0.25,0.06,0.09,0.3,0.3,"(0.25, 0.06, 0.09, 0.3, 0.3)",0.18,0.054004943036691344,0.049355779110520234,1.094196951399763,0.0601580065221875,27173225.38846355,-0.11836316927135959,-0.16400341403770882,0.03608005043253286,0.0,61.0,22929351.30154363,23159990.881747685,19811669.561702322,25021906.15213775,0.5409836065573771,0.6721311475409836,-0.16404633651275063,-0.08091941868944301,0.0,0.0,0.0
0.3,0.08,0.08,0.29,0.25,"(0.3, 0.08, 0.08, 0.29, 0.25)",0.13999999999999996,0.05397788577652052,0.04736383675692274,1.1396434383798324,0.0601580065221875,27185852.088694524,-0.11109942361622016,-0.15125054299214422,0.034602089716353535,0.0,61.0,22905543.311302695,23074196.64760962,20043717.53572587,24899025.35996681,0.5409836065573771,0.9508196721311475,-0.15160581417371208,-0.0738892462984429,0.0,0.0,0.0
0.3,0.06,0.09,0.27,0.28,"(0.3, 0.06, 0.09, 0.27, 0.28)",0.11999999999999998,0.05397715414402704,0.04800921761844836,1.1243081395953722,0.0601580065221875,27170025.74736991,-0.11429329147964573,-0.15743390285837153,0.03510263390868458,0.0,61.0,22939173.111927588,23153198.22560702,19918958.085246567,24996508.293614622,0.5409836065573771,0.819672131147541,-0.15752631927084282,-0.0793524030692534,0.0,0.0,0.0
0.27,0.06,0.09,0.29,0.29,"(0.27, 0.06, 0.09, 0.29, 0.29)",0.15999999999999998,0.0539720002121995,0.048769092581272676,1.1066845281620996,0.0601580065221875,27166350.82209059,-0.11628358890597457,-0.1607584855564839,0.035652938367920974,0.0,61.0,22930056.91000942,23160126.716213673,19847492.276356157,25012408.28116144,0.5409836065573771,0.7213114754098361,-0.16082166393265357,-0.08010723709565505,0.0,0.0,0.0
0.27,0.08,0.07,0.28,0.3,"(0.27, 0.08, 0.07, 0.28, 0.3)",0.1,0.0539688359954269,0.04740451177061322,1.138474672127791,0.0601580065221875,27191911.914548542,-0.11077293661261822,-0.14972537997008384,0.035183494261721564,0.0,61.0,22962070.064186625,23193660.613615885,20198501.608175434,24814030.106273096,0.5409836065573771,0.9836065573770492,-0.1500736758979681,-0.0764892490431536,0.0,0.0,0.0
0.29,0.06,0.09,0.28,0.28,"(0.29, 0.06, 0.09, 0.28, 0.28)",0.14,0.0539384189130625,0.04818793404135646,1.1193345385334592,0.0601580065221875,27159320.423344977,-0.11455236038220085,-0.15800761145669076,0.0352258263033091,0.0,61.0,22930678.404235374,23160182.760588013,19883303.501518197,25002811.89352707,0.5409836065573771,0.8032786885245902,-0.1580887367720871,-0.07929481903214504,0.0,0.0,0.0
0.29,0.08,0.08,0.3,0.25,"(0.29, 0.08, 0.08, 0.3, 0.25)",0.15999999999999998,0.05393838976649801,0.047560171842347704,1.134108386851351,0.0601580065221875,27174945.52739358,-0.1117835718384983,-0.15239064834203178,0.03472528211097805,0.0,61.0,22896905.812136743,23064219.982094616,20007757.248658232,24905187.35296766,0.5409836065573771,0.9016393442622951,-0.1527368761119379,-0.07383834690636107,0.0,0.0,0.0
0.26,0.06,0.09,0.3,0.29,"(0.26, 0.06, 0.09, 0.3, 0.29)",0.18,0.05393265749824572,0.04895705719343424,1.1016319319429757,0.0601580065221875,27155497.62530897,-0.11696346136874003,-0.16192022267834613,0.03577613076254549,0.0,61.0,22921509.339354273,23167041.642673794,19811910.866674438,25018625.831366017,0.5409836065573771,0.6885245901639344,-0.16197170285500792,-0.08004870917056936,0.0,0.0,0.0
0.26,0.08,0.07,0.29,0.3,"(0.26, 0.08, 0.07, 0.29, 0.3)",0.11999999999999997,0.053930284363051584,0.04758156702880826,1.1334280842495055,0.0601580065221875,27181230.296622295,-0.11131788449084212,-0.15066892540662238,0.03530668665634608,0.0,61.0,22953392.28159703,23186761.176901367,20162347.65510621,24820297.775962602,0.5409836065573771,0.9672131147540983,-0.15100809452170277,-0.07643551740487002,0.0,0.0,0.0
0.28,0.06,0.09,0.29,0.28,"(0.28, 0.06, 0.09, 0.29, 0.28)",0.15999999999999992,0.05389937631101094,0.04837214843592981,1.1142646761369734,0.0601580065221875,27148543.47211926,-0.11488194745024449,-0.15867980607966126,0.03534901869793362,0.0,61.0,22922163.083833806,23167130.575751174,19847684.80939846,25009071.311314348,0.5409836065573771,0.8032786885245902,-0.15875114701355247,-0.07923725196533132,0.0,0.0,0.0
0.25,0.08,0.07,0.3,0.3,"(0.25, 0.08, 0.07, 0.3, 0.3)",0.13999999999999999,0.053891425245902846,0.047764202619939716,1.128280643031299,0.0601580065221875,27170476.98768564,-0.11186287337471001,-0.1516146512337207,0.03542987905097059,0.0,61.0,22944694.02284687,23179817.93416624,20126230.07806347,24826521.587726537,0.5409836065573771,0.9180327868852459,-0.15194456988190944,-0.07638180258849181,0.0,0.0,0.0
0.3,0.05,0.09,0.26,0.3,"(0.3, 0.05, 0.09, 0.26, 0.3)",0.1,0.05380137809207586,0.0477608468293653,1.1264745427209761,0.0601580065221875,27122619.880430862,-0.11419924028328232,-0.15748552916219147,0.03509736513487166,0.0,61.0,22963009.003720537,23199616.741009545,19915426.34912837,24998160.015888974,0.5409836065573771,0.819672131147541,-0.15748552916219147,-0.081613454743465,0.0,0.0,0.0
0.29,0.05,0.09,0.27,0.3,"(0.29, 0.05, 0.09, 0.27, 0.3)",0.12000000000000002,0.05376332687422458,0.047926873979590556,1.1217782928450424,0.0601580065221875,27112101.18964585,-0.11445810492828967,-0.15805986978947517,0.035220557529496176,0.0,61.0,22954579.290631287,23206697.95595404,19879844.41788293,25004560.60888688,0.5409836065573771,0.819672131147541,-0.15805986978947517,-0.08155310279884645,0.0,0.0,0.0
0.28,0.07,0.08,0.3,0.27,"(0.28, 0.07, 0.08, 0.3, 0.27)",0.15999999999999992,0.05373227203554509,0.047319719461525675,1.1355154393768814,0.0601580065221875,27118897.726990417,-0.11054325662800113,-0.15108641147500815,0.034843205731789645,0.0,61.0,22913093.65524362,23105372.14569102,19969020.44378112,24914339.558530215,0.5409836065573771,0.9508196721311475,-0.15129429252221208,-0.07605037726060859,0.0,0.0,0.0
0.28,0.05,0.09,0.28,0.3,"(0.28, 0.05, 0.09, 0.28, 0.3)",0.13999999999999999,0.05372496832507334,0.048098521342635175,1.1169775457826976,0.0601580065221875,27101510.873083193,-0.11471717912571322,-0.15863558708605666,0.0353437499241207,0.0,61.0,22946128.89699329,23213742.437574606,19844298.13295899,25010917.080996387,0.5409836065573771,0.8032786885245902,-0.15863558708605666,-0.08149276860167996,0.0,0.0,0.0
0.3,0.05,0.09,0.27,0.29,"(0.3, 0.05, 0.09, 0.27, 0.29)",0.12000000000000002,0.05369087658902405,0.0475195008865634,1.1298703813660145,0.0601580065221875,27094368.688864212,-0.11315507787013424,-0.15612203515354253,0.03491663785950881,0.0,61.0,22946673.94753152,23213735.161915507,19880028.156791147,25001231.737632453,0.5409836065573771,0.8360655737704918,-0.15612203515354253,-0.0806814055636372,0.0,0.0,0.0
0.27,0.05,0.09,0.29,0.3,"(0.27, 0.05, 0.09, 0.29, 0.3)",0.15999999999999995,0.05368630249596418,0.048275728969485544,1.1120764749072682,0.0601580065221875,27090849.019546628,-0.11497646269451578,-0.15921268233409172,0.03546694231874521,0.0,61.0,22937657.84270382,23220750.152823076,19808787.53505373,25017229.39872154,0.5409836065573771,0.8032786885245902,-0.15921268233409172,-0.0814324520074365,0.0,0.0,0.0
0.29,0.05,0.09,0.28,0.29,"(0.29, 0.05, 0.09, 0.28, 0.29)",0.14000000000000004,0.053652510762476346,0.04769276586641263,1.124961192495251,0.0601580065221875,27083782.89264754,-0.1134146297576124,-0.15669541746734827,0.035039830254133326,0.0,61.0,22938235.196955424,23220775.811095573,19844480.532701083,25007585.85048348,0.5409836065573771,0.819672131147541,-0.15669541746734827,-0.08062204764404893,0.0,0.0,0.0
0.26,0.05,0.09,0.3,0.3,"(0.26, 0.05, 0.09, 0.3, 0.3)",0.17999999999999997,0.05364732943837813,0.0484584358602033,1.1070792625899888,0.0601580065221875,27080115.718396954,-0.11523595545348098,-0.15979115681114647,0.03559013471336973,0.0,61.0,22929166.1477067,23226598.693410423,19773312.66462202,25023497.528786495,0.5409836065573771,0.7540983606557377,-0.15979115681114647,-0.08137215287187467,0.0,0.0,0.0
0.28,0.05,0.09,0.29,0.29,"(0.28, 0.05, 0.09, 0.29, 0.29)",0.15999999999999995,0.05361383768805661,0.047871626395639875,1.119950202756005,0.0601580065221875,27073125.61265177,-0.11367439107993615,-0.1572701771437352,0.03516302264875785,0.0,61.0,22929775.785684947,23214740.604185022,19808968.60346457,25013895.815389976,0.5409836065573771,0.819672131147541,-0.1572701771437352,-0.08056270723254937,0.0,0.0,0.0
0.3,0.05,0.09,0.28,0.28,"(0.3, 0.05, 0.09, 0.28, 0.28)",0.13999999999999999,0.05357970803643042,0.04729044679307977,1.1329922144924836,0.0601580065221875,27065980.366732966,-0.1121111751952768,-0.1547572348493466,0.034735910584145976,0.0,61.0,22930301.354028802,23202785.32734619,19844612.76288301,25004195.729734335,0.5409836065573771,0.8688524590163934,-0.1547572348493466,-0.07975303037555351,0.0,0.0,0.0
0.27,0.05,0.09,0.3,0.29,"(0.27, 0.05, 0.09, 0.3, 0.29)",0.17999999999999997,0.053574857417243216,0.0480560199957707,1.1148417497320464,0.0601580065221875,27062396.938193507,-0.11393436165583548,-0.1578463154644037,0.03528621504338236,0.0,61.0,22921295.733622544,23199687.29444626,19773492.409509722,25020161.59908985,0.5409836065573771,0.819672131147541,-0.1578463154644037,-0.08050338418269012,0.0,0.0,0.0
0.29,0.05,0.09,0.29,0.28,"(0.29, 0.05, 0.09, 0.29, 0.28)",0.15999999999999995,0.0535410277502002,0.04747097535602524,1.1278687102729714,0.0601580065221875,27055327.69736684,-0.11237141449997434,-0.1553296612150934,0.034859102978770484,0.0,61.0,22921853.596158497,23187784.930809647,19809099.59864989,25010503.33169781,0.5409836065573771,0.8524590163934426,-0.1553296612150934,-0.07969466435953002,0.0,0.0,0.0
0.27,0.06,0.08,0.3,0.29,"(0.27, 0.06, 0.08, 0.3, 0.29)",0.15999999999999998,0.053521780413223086,0.047168580473988524,1.1346913533414067,0.0601580065221875,27061877.310470004,-0.11070580314613554,-0.15169432160786436,0.03496112935260124,0.0,61.0,22928835.475218505,23145997.99459622,19929950.86802934,24922853.64483999,0.5409836065573771,0.9180327868852459,-0.15177491254676112,-0.07825703927146602,0.0,0.0,0.0
0.28,0.05,0.09,0.3,0.28,"(0.28, 0.05, 0.09, 0.3, 0.28)",0.1799999999999999,0.05350204029967531,0.04765707073363325,1.122646429502791,0.0601580065221875,27044603.686863005,-0.11263186312174955,-0.15590346564062085,0.034982295373395006,0.0,61.0,22913385.197438028,23172748.830677006,19773622.177385606,25016766.758998767,0.5409836065573771,0.8360655737704918,-0.15590346564062085,-0.07963631560736295,0.0,0.0,0.0
0.3,0.05,0.09,0.29,0.27,"(0.3, 0.05, 0.09, 0.29, 0.27)",0.15999999999999995,0.05346787289288635,0.04707386397993179,1.1358292770629665,0.0601580065221875,27037455.476695143,-0.11106753315215523,-0.15339113667191978,0.03455518330878313,0.0,61.0,22913891.34128783,23160802.360526808,19809180.542920824,25007051.998151302,0.5409836065573771,0.8852459016393442,-0.15339113667191978,-0.07882832554878108,0.0,0.0,0.0
0.27,0.05,0.08,0.3,0.3,"(0.27, 0.05, 0.08, 0.3, 0.3)",0.15999999999999998,0.05323438056357954,0.046694919985225784,1.140046509993439,0.0601580065221875,26986204.291027527,-0.10956512587838296,-0.15037826098902585,0.03477513330342547,0.0,61.0,22936173.50128744,23175356.48890837,19890712.877318665,24927374.673771214,0.5409836065573771,0.9672131147540983,-0.15037826098902585,-0.0795875712703394,0.0,0.0,0.0
0.27,0.15,0.1,0.2,0.28,"(0.27, 0.15, 0.1, 0.2, 0.28)",0.1999999999999999,0.05771360299245565,0.058915412177384927,0.9796011070700682,0.0601580065221875,28153175.624753565,-0.1569681661702177,-0.2148019248244427,0.043206462065520555,0.0,61.0,22976519.217528496,23433764.22601645,20189909.795439046,25005691.54311753,0.5245901639344263,0.09836065573770492,-0.21642222252528742,-0.08681205223903639,0.0,0.0,0.0
0.26,0.15,0.1,0.21,0.28,"(0.26, 0.15, 0.1, 0.21, 0.28)",0.19999999999999996,0.05767315603715972,0.0590874289264078,0.9760647414357878,0.0601580065221875,28141670.996120248,-0.1576156842865286,-0.2159831387132963,0.043385889966682065,0.0,61.0,22967567.24017913,23414515.313687034,20199766.85825841,25011813.029925674,0.5245901639344263,0.09836065573770492,-0.21759582054933035,-0.08666076401152566,0.0,0.0,0.0
0.28,0.15,0.1,0.2,0.27,"(0.28, 0.15, 0.1, 0.2, 0.27)",0.1999999999999999,0.05764284200300018,0.05855735797075289,0.9843825609719367,0.0601580065221875,28135256.647509884,-0.15567015487807978,-0.21284997313411616,0.04276118183587721,0.0,61.0,22968876.040724587,23404323.254608497,20208283.46580794,25002906.841549948,0.5245901639344263,0.09836065573770492,-0.21444798393478098,-0.08577103578082658,0.0,0.0,0.0
0.25,0.15,0.1,0.22,0.28,"(0.25, 0.15, 0.1, 0.22, 0.28)",0.19999999999999996,0.05763239985650492,0.05926397277039693,0.9724693968760225,0.0601580065221875,28130092.248070292,-0.15826307037728626,-0.2171667326240078,0.043565317867843574,0.0,61.0,22958594.955515455,23395236.022787217,20209595.102792773,25017890.023032483,0.5245901639344263,0.09836065573770492,-0.21877165493743597,-0.08650971564310252,0.0,0.0,0.0
0.27,0.15,0.1,0.21,0.27,"(0.27, 0.15, 0.1, 0.21, 0.27)",0.19999999999999996,0.05760238721406474,0.05873054642351806,0.9807909294540199,0.0601580065221875,28123756.703941755,-0.15630071779332322,-0.21399999271902712,0.042940609737038726,0.0,61.0,22959935.679453027,23385098.003712393,20218147.06303493,25009025.980761804,0.5245901639344263,0.09836065573770492,-0.2155905481312573,-0.08562097372001783,0.0,0.0,0.0
0.29,0.15,0.1,0.2,0.26,"(0.29, 0.15, 0.1, 0.2, 0.26)",0.19999999999999996,0.05757173045045105,0.058202721880155815,0.9891587298785781,0.0601580065221875,28117258.587711975,-0.15446360034217888,-0.21104892057333866,0.04231590160623387,0.0,61.0,22961191.779053085,23374859.557723224,20226631.592238564,25000062.244197942,0.5245901639344263,0.11475409836065574,-0.2126456061374959,-0.08473330761634518,0.0,0.0,0.0
0.26,0.15,0.1,0.22,0.27,"(0.26, 0.15, 0.1, 0.22, 0.27)",0.19999999999999996,0.05756162323296565,0.0589082824413515,0.9771397305679966,0.0601580065221875,28112182.695287254,-0.15693112787081487,-0.21515223569082675,0.043120037638200236,0.0,61.0,22950975.010590788,23365842.415989127,20227981.81702839,25015100.632075764,0.5245901639344263,0.09836065573770492,-0.21673519527656915,-0.0854711510004782,0.0,0.0,0.0
0.28,0.15,0.1,0.21,0.26,"(0.28, 0.15, 0.1, 0.21, 0.26)",0.19999999999999996,0.05753126786500595,0.058377086177171085,0.9855111248684437,0.0601580065221875,28105763.370390333,-0.1550951086382486,-0.21219717739106736,0.04249532950739538,0.0,61.0,22952263.046173487,23355657.994098466,20236501.712368064,25006179.02649998,0.5245901639344263,0.09836065573770492,-0.21378657150846844,-0.08458446789404253,0.0,0.0,0.0
0.25,0.15,0.1,0.23,0.27,"(0.25, 0.15, 0.1, 0.23, 0.27)",0.19999999999999996,0.057520550112566626,0.059090524988952245,0.9734310216963016,0.0601580065221875,28100534.718507808,-0.15756138484719862,-0.21630670161317578,0.04329946553936175,0.0,61.0,22941994.055403452,23346556.593902398,20237787.682893682,25021130.76325105,0.5245901639344263,0.09836065573770492,-0.21789221706778392,-0.08532156739983025,0.0,0.0,0.0
0.3,0.15,0.1,0.2,0.25,"(0.3, 0.15, 0.1, 0.2, 0.25)",0.19999999999999996,0.05750026855628687,0.05785156676584284,0.9939275938544955,0.0601580065221875,28099181.65678499,-0.15325660278419928,-0.20924960954514188,0.041870621376590526,0.0,61.0,22953466.50064519,23345373.341490597,20244954.107869223,24997157.800487224,0.5245901639344263,0.11475409836065574,-0.21084481519473094,-0.08369886218429357,0.0,0.0,0.0
0.27,0.15,0.1,0.22,0.26,"(0.27, 0.15, 0.1, 0.22, 0.26)",0.19999999999999996,0.05749049612060486,0.058556018419201515,0.9818033683409176,0.0601580065221875,28094194.142495766,-0.155726463580114,-0.21334765777980536,0.04267475740855689,0.0,61.0,22943314.005451676,23336426.13538576,20246342.964347415,25012251.326799717,0.5245901639344263,0.09836065573770492,-0.21492962019955347,-0.0844358669963059,0.0,0.0,0.0
0.29,0.15,0.1,0.21,0.25,"(0.29, 0.15, 0.1, 0.21, 0.25)",0.2,0.057459798211326296,0.058027110725322524,0.9902233196362014,0.0601580065221875,28087691.206785228,-0.153889056669529,-0.21039610449542828,0.042050049277752036,0.0,61.0,22944549.40836751,23326195.490756802,20254830.739364803,25003272.21655707,0.5245901639344263,0.11475409836065574,-0.21198418266255575,-0.08355124097910337,0.0,0.0,0.0
0.26,0.15,0.1,0.23,0.26,"(0.26, 0.15, 0.1, 0.23, 0.26)",0.19999999999999996,0.057449415270108606,0.058739476861628524,0.9780375709753273,0.0601580065221875,28082551.0009423,-0.1563576649046512,-0.2145003613065949,0.0428541853097184,0.0,61.0,22934344.67811151,23317164.08391466,20256155.303256016,25018279.11287053,0.5245901639344263,0.09836065573770492,-0.21607475140879304,-0.08428750469913976,0.0,0.0,0.0
0.28,0.15,0.1,0.22,0.25,"(0.28, 0.15, 0.1, 0.22, 0.25)",0.19999999999999996,0.05741901874062938,0.058207242910911214,0.9864583146209442,0.0601580065221875,28076126.800908446,-0.15452135668410205,-0.21154482319884665,0.042229477178913545,0.0,61.0,22935612.008020844,23306987.38667009,20264678.47782544,25009342.156612504,0.5245901639344263,0.11475409836065574,-0.21312563382033362,-0.08340385808289093,0.0,0.0,0.0
0.25,0.15,0.1,0.24,0.26,"(0.25, 0.15, 0.1, 0.24, 0.26)",0.19999999999999996,0.05740802536651768,0.058927419230275446,0.9742158424108086,0.0601580065221875,28070834.043217685,-0.1569887123489434,-0.21565528752610563,0.04303361321087991,0.0,61.0,22925355.085421532,23297871.942089353,20236913.665177032,25024262.35270926,0.5245901639344263,0.09836065573770492,-0.21722196432231738,-0.08413938077794698,0.0,0.0,0.0
0.27,0.15,0.1,0.23,0.25,"(0.27, 0.15, 0.1, 0.23, 0.25)",0.19999999999999996,0.057377930197053395,0.05839192086021599,0.982634743844273,0.0601580065221875,28064488.536021173,-0.15515350256502725,-0.21269576522581837,0.042408905080075054,0.0,61.0,22926654.32078741,23287749.131425943,20274163.358391427,25015367.588440783,0.5245901639344263,0.09836065573770492,-0.21426916786891906,-0.08325671327004602,0.0,0.0,0.0
0.27,0.14,0.1,0.21,0.28,"(0.27, 0.14, 0.1, 0.21, 0.28)",0.17999999999999994,0.05734824805329475,0.05778648889021311,0.9924162058409369,0.0601580065221875,28053886.641352523,-0.15326956952208615,-0.21020408273155117,0.04223938126691057,0.0,61.0,22970772.20612762,23418800.499428842,20309964.819270644,25018951.024967026,0.5245901639344263,0.13114754098360656,-0.2116193376258715,-0.08638996830164476,0.0,0.0,0.0
0.26,0.15,0.1,0.24,0.25,"(0.26, 0.15, 0.1, 0.24, 0.25)",0.19999999999999996,0.0573365326335975,0.05858110158145327,0.9787547704932575,0.0601580065221875,28052776.509562936,-0.15578549404961994,-0.2138489301343939,0.04258833298123657,0.0,61.0,22917676.367894206,23268480.827294305,20237600.300905768,25021348.48005285,0.5245901639344263,0.09836065573770492,-0.21541478399725217,-0.08310980631436367,0.0,0.0,0.0
0.29,0.14,0.1,0.2,0.27,"(0.29, 0.14, 0.1, 0.2, 0.27)",0.18,0.057317374368314855,0.057253465936939855,1.0011162369007562,0.0601580065221875,28047346.187684506,-0.15125627761572746,-0.20697386556246483,0.041614673136105715,0.0,61.0,22971983.603264395,23408493.246666346,20327161.999718115,25009937.5603276,0.5245901639344263,0.18032786885245902,-0.20839548165220995,-0.08550550110948561,0.0,0.0,0.0
0.26,0.14,0.1,0.22,0.28,"(0.26, 0.14, 0.1, 0.22, 0.28)",0.17999999999999994,0.05730785597443222,0.05796112400467679,0.9887292035573386,0.0601580065221875,28042434.856373724,-0.15392008124272094,-0.2113851018228028,0.042418809168072086,0.0,61.0,22961866.504874624,23399570.53448358,20273434.999937877,25025077.797877572,0.5245901639344263,0.11475409836065574,-0.21279216822074,-0.08623940784140904,0.0,0.0,0.0
0.25,0.15,0.1,0.25,0.25,"(0.25, 0.15, 0.1, 0.25, 0.25)",0.19999999999999996,0.05729482610340031,0.058774741594857585,0.9748205529909678,0.0601580065221875,28040990.81954507,-0.15641733087540277,-0.2150043174702374,0.04276776088239809,0.0,61.0,22908678.170612812,23249182.576618608,20201074.64234287,25027284.79968335,0.5245901639344263,0.09836065573770492,-0.21656248138235407,-0.08296313698904548,0.0,0.0,0.0
0.28,0.14,0.1,0.21,0.27,"(0.28, 0.14, 0.1, 0.21, 0.27)",0.17999999999999994,0.057277283562153336,0.05742466071917351,0.9974335563297292,0.0601580065221875,28035972.98869689,-0.15190799742746997,-0.20815034223320128,0.041794101037267224,0.0,61.0,22963109.878287632,23389317.39563618,20310697.27149204,25016106.44061656,0.5245901639344263,0.18032786885245902,-0.2095640965707625,-0.08535592029162559,0.0,0.0,0.0
0.25,0.14,0.1,0.23,0.28,"(0.25, 0.14, 0.1, 0.23, 0.28)",0.17999999999999994,0.05726715487581702,0.05814035809837461,0.9849811172287567,0.0601580065221875,28030909.226133283,-0.15457045958736182,-0.21256851272935276,0.042598237069233595,0.0,61.0,22952940.46434547,23380310.21741744,20236942.2832031,25031160.075932328,0.5245901639344263,0.11475409836065574,-0.21396724531492983,-0.08608908562258341,0.0,0.0,0.0
0.3,0.14,0.1,0.2,0.26,"(0.3, 0.14, 0.1, 0.2, 0.26)",0.18,0.05724606760562212,0.05689387100486267,1.006190413739458,0.0601580065221875,28029349.21642482,-0.14989280617435619,-0.20492454960125644,0.04116939290646237,0.0,61.0,22964268.65527683,23378963.977954373,20345584.78360659,25007035.511715576,0.5245901639344263,0.18032786885245902,-0.20634430440492368,-0.08447350491779339,0.0,0.0,0.0
0.27,0.14,0.1,0.22,0.27,"(0.27, 0.14, 0.1, 0.22, 0.27)",0.17999999999999994,0.05723688371668434,0.05760051824356238,0.9936869573752718,0.0601580065221875,28024525.902759135,-0.15255958372589562,-0.20932921059720053,0.04197352893842874,0.0,61.0,22954215.7926777,23370111.131969552,20274164.970054626,25022230.864409637,0.5245901639344263,0.18032786885245902,-0.21073495850182325,-0.08520657742074256,0.0,0.0,0.0
0.29,0.14,0.1,0.21,0.26,"(0.29, 0.14, 0.1, 0.21, 0.26)",0.18,0.0572059690365323,0.05706627112774925,1.002447994341006,0.0601580065221875,28017980.702863302,-0.15054560152863472,-0.20609887739422772,0.041348820807623886,0.0,61.0,22955406.558270056,23359811.811868243,20311377.84396388,25013202.027564272,0.5245901639344263,0.18032786885245902,-0.207510952251353,-0.08432513839921935,0.0,0.0,0.0
0.26,0.14,0.1,0.23,0.27,"(0.26, 0.14, 0.1, 0.23, 0.27)",0.17999999999999994,0.05719617488455864,0.05778099593669751,0.9898786609220169,0.0601580065221875,28013005.025799092,-0.1532110361606851,-0.21051047062910783,0.04215295683959025,0.0,61.0,22945301.367518168,23350874.557916842,20237669.780922674,25028310.799229447,0.5245901639344263,0.13114754098360656,-0.21190806702153922,-0.08505747227774768,0.0,0.0,0.0
0.28,0.14,0.1,0.22,0.26,"(0.28, 0.14, 0.1, 0.22, 0.26)",0.17999999999999994,0.05716556146124474,0.05724335585226061,0.9986409882883762,0.0601580065221875,28006538.35681972,-0.15119826288173344,-0.20727559672799603,0.041528248708785395,0.0,61.0,22946524.100423165,23340629.275010485,20274843.160887532,25019324.092877593,0.5245901639344263,0.18032786885245902,-0.2086798471956336,-0.0841770093168221,0.0,0.0,0.0
0.25,0.14,0.1,0.24,0.27,"(0.25, 0.14, 0.1, 0.24, 0.27)",0.18,0.057155157118566224,0.05796605064381446,0.9860108888523224,0.0601580065221875,28001410.45431772,-0.15386235438173546,-0.21169412229120815,0.042332384740751766,0.0,61.0,22936366.623937435,23331607.775803857,20201211.74482106,25034346.212822042,0.5245901639344263,0.11475409836065574,-0.2130834216940879,-0.08490860464294668,0.0,0.0,0.0
0.3,0.14,0.1,0.21,0.25,"(0.3, 0.14, 0.1, 0.21, 0.25)",0.18,0.05713430469682468,0.05671138530665177,1.0074573983316768,0.0601580065221875,27999909.994561985,-0.1491823834511784,-0.20404969189785774,0.04090354057798054,0.0,61.0,22947662.314080346,23330283.953769892,20312006.556984697,25010237.83539745,0.5245901639344263,0.19672131147540983,-0.20545990804913453,-0.08329761709946766,0.0,0.0,0.0
0.27,0.14,0.1,0.23,0.26,"(0.27, 0.14, 0.1, 0.23, 0.26)",0.17999999999999994,0.05712484493240755,0.057425081839960895,0.9947716764533295,0.0601580065221875,27995022.274175208,-0.15185078988338363,-0.20845470758083462,0.04170767660994691,0.0,61.0,22937621.302778084,23321416.469497435,20238345.599695843,25025401.675192386,0.5245901639344263,0.18032786885245902,-0.20985098881699848,-0.08402911744989662,0.0,0.0,0.0
0.29,0.14,0.1,0.22,0.25,"(0.29, 0.14, 0.1, 0.22, 0.25)",0.18,0.05709388942837079,0.05688970168484139,1.0035891863989823,0.0601580065221875,27988472.429160327,-0.14983612033440386,-0.20522426390123719,0.04108296847914205,0.0,61.0,22938791.496012554,23311125.169033505,20275469.592682794,25016357.53286012,0.5245901639344263,0.18032786885245902,-0.20662683768538634,-0.08315069801144012,0.0,0.0,0.0
0.26,0.14,0.1,0.24,0.26,"(0.26, 0.14, 0.1, 0.24, 0.26)",0.18,0.0570838195028085,0.05761140517049373,0.9908423398782948,0.0601580065221875,27983432.551383466,-0.15250318218353287,-0.20963620991866186,0.04188710451110842,0.0,61.0,22928698.186421685,23302173.497520782,20201885.20108501,25031434.742268562,0.5245901639344263,0.18032786885245902,-0.21102437668271362,-0.08388146257713851,0.0,0.0,0.0
0.28,0.14,0.1,0.23,0.25,"(0.28, 0.14, 0.1, 0.23, 0.25)",0.17999999999999994,0.05705316523948678,0.05707268031620638,0.9996580662304367,0.0601580065221875,27976961.181760743,-0.15048972237820002,-0.20640122727340315,0.04126239638030356,0.0,61.0,22929900.337922983,23291936.15736862,20238969.75971663,25022432.753390938,0.5245901639344263,0.18032786885245902,-0.207796014086244,-0.08300401562757231,0.0,0.0,0.0
0.25,0.14,0.1,0.25,0.26,"(0.25, 0.14, 0.1, 0.25, 0.26)",0.18,0.05704248522537636,0.05780228138582675,0.9868552565360043,0.0601580065221875,27971769.285469405,-0.15315543943234833,-0.21082010369502444,0.04206653241226993,0.0,61.0,22919754.772485673,23282900.461346652,20165462.005501583,25037423.262089685,0.5245901639344263,0.11475409836065574,-0.21220001034806316,-0.08373404447664548,0.0,0.0,0.0
0.27,0.14,0.1,0.24,0.25,"(0.27, 0.14, 0.1, 0.24, 0.25)",0.18,0.0570121321829582,0.057260276505239245,0.9956663792523192,0.0601580065221875,27965376.3487691,-0.15114318923256476,-0.2075805819838995,0.04144182428146507,0.0,61.0,22920988.860856887,23272717.020832628,20202507.0987537,25028463.464763857,0.5245901639344263,0.18032786885245902,-0.20896743682205926,-0.08285756972495695,0.0,0.0,0.0
0.25,0.13,0.1,0.23,0.29,"(0.25, 0.13, 0.1, 0.23, 0.29)",0.15999999999999998,0.05701001496943858,0.05723813231489452,0.996014591388116,0.0601580065221875,27960490.30333315,-0.1515796038090126,-0.20881553318842913,0.04189700859910544,0.0,61.0,22963506.46491077,23413564.72073344,20200828.98653552,25040614.53002932,0.5245901639344263,0.18032786885245902,-0.21002399844778785,-0.08684812039706442,0.0,0.0,0.0
0.3,0.13,0.1,0.2,0.27,"(0.3, 0.13, 0.1, 0.2, 0.27)",0.15999999999999998,0.05698812323903857,0.055984933627950574,1.0179189211467985,0.0601580065221875,27958724.697945,-0.14688777107239803,-0.20116288393153747,0.04046816443633422,0.0,61.0,22974690.258262325,23412055.174456522,20311499.491674006,25016338.96221211,0.5245901639344263,0.2459016393442623,-0.2023967878653103,-0.08523964679821457,0.0,0.0,0.0
0.27,0.13,0.1,0.22,0.28,"(0.27, 0.13, 0.1, 0.22, 0.28)",0.15999999999999992,0.05697952711921661,0.05669324091544734,1.0050497413650463,0.0601580065221875,27954064.79805143,-0.14956267389330447,-0.20557162899286982,0.04127230046830059,0.0,61.0,22964737.169666287,23403297.109099533,20237935.169402916,25031635.763009053,0.5245901639344263,0.18032786885245902,-0.20678902036585867,-0.08596880263361376,0.0,0.0,0.0
0.26,0.14,0.1,0.25,0.25,"(0.26, 0.14, 0.1, 0.25, 0.25)",0.18,0.05697079031171137,0.05745244501961541,0.9916164628374025,0.0601580065221875,27953718.027162623,-0.1517965205477163,-0.20876232798990751,0.041621252182626585,0.0,61.0,22912057.085904546,23253467.86155746,20166081.650211837,25034449.634976532,0.5245901639344263,0.18032786885245902,-0.2101411054512041,-0.08271136008008984,0.0,0.0,0.0
0.27,0.15,0.09,0.24,0.25,"(0.27, 0.15, 0.09, 0.24, 0.25)",0.17999999999999994,0.056949535938650264,0.05668345019237533,1.0046942404771035,0.0601580065221875,27962538.13421112,-0.14866864694361048,-0.20226688346850685,0.041322101778016915,0.0,61.0,22929040.21169941,23346705.898657884,20293131.188900515,24929602.007640257,0.5245901639344263,0.18032786885245902,-0.20379526563129946,-0.08025158410847394,0.0,0.0,0.0
0.29,0.13,0.1,0.21,0.27,"(0.29, 0.13, 0.1, 0.21, 0.27)",0.15999999999999998,0.05694839614480718,0.056153935538621254,1.0141479060829053,0.0601580065221875,27947477.903577458,-0.14754262970544008,-0.20233672126707497,0.04064759233749573,0.0,61.0,22965883.29763711,23392929.216653008,20275031.399873674,25022557.421323087,0.5245901639344263,0.21311475409836064,-0.2035623433103429,-0.08509054885287996,0.0,0.0,0.0
0.26,0.13,0.1,0.23,0.28,"(0.26, 0.13, 0.1, 0.23, 0.28)",0.15999999999999992,0.05693919000561065,0.056870487035442306,1.00120806016881,0.0601580065221875,27942665.973948363,-0.15021618588898333,-0.20675242840609617,0.0414517283694621,0.0,61.0,22955877.789115578,23384086.538038533,20201543.228696022,25037767.692222062,0.5245901639344263,0.18032786885245902,-0.2079610615771357,-0.08581896852124048,0.0,0.0,0.0
0.25,0.14,0.1,0.26,0.25,"(0.25, 0.14, 0.1, 0.26, 0.25)",0.2,0.05692913967881208,0.057649140134977975,0.9875106470889227,0.0601580065221875,27941986.31448762,-0.15244971597409107,-0.2099464652362195,0.0418006800837881,0.0,61.0,22903105.034201063,23234188.781748474,20129693.45425988,25040391.232250053,0.5245901639344263,0.16393442622950818,-0.21131701952005427,-0.08256538646887553,0.0,0.0,0.0
0.26,0.15,0.09,0.25,0.25,"(0.26, 0.15, 0.09, 0.25, 0.25)",0.17999999999999994,0.05690843227644793,0.05687343104087865,1.0006154233168054,0.0601580065221875,27950934.05263537,-0.1493055252341413,-0.2034063924764968,0.041501529679178424,0.0,61.0,22920037.870868236,23327421.473658368,20302952.661045328,24935590.766256455,0.5245901639344263,0.18032786885245902,-0.20492800295581234,-0.08010798922826308,0.0,0.0,0.0
0.28,0.13,0.1,0.22,0.27,"(0.28, 0.13, 0.1, 0.22, 0.27)",0.15999999999999992,0.05690836016451861,0.05632771880628708,1.0103082704312663,0.0601580065221875,27936157.40311439,-0.14819735382121335,-0.20351296210264064,0.04082702023865724,0.0,61.0,22957055.924000725,23373772.77130523,20238600.192839768,25028731.45649077,0.5245901639344263,0.19672131147540983,-0.20473015630622332,-0.0849416874614449,0.0,0.0,0.0
0.25,0.13,0.1,0.24,0.28,"(0.25, 0.13, 0.1, 0.24, 0.28)",0.15999999999999998,0.05689854407796768,0.05705240373634387,0.9973031870999298,0.0601580065221875,27931193.57996918,-0.15086956315461408,-0.20793563145382474,0.04163115627062361,0.0,61.0,22946998.037671313,23364845.64185257,20165188.245132376,25043855.12632806,0.5245901639344263,0.18032786885245902,-0.20913535943522243,-0.0856693710397664,0.0,0.0,0.0
0.3,0.13,0.1,0.21,0.26,"(0.3, 0.13, 0.1, 0.21, 0.26)",0.15999999999999998,0.0568768873788299,0.05579061437707043,1.0194705330616671,0.0601580065221875,27929487.625881504,-0.1461754076655789,-0.2002824924205939,0.040202312107852384,0.0,61.0,22958149.52572523,23363358.92040497,20275647.034266856,25019595.720397424,0.5245901639344263,0.2459016393442623,-0.20150755218756675,-0.08406547194268554,0.0,0.0,0.0
0.27,0.13,0.1,0.23,0.27,"(0.27, 0.13, 0.1, 0.23, 0.27)",0.15999999999999992,0.05686801535061048,0.05650623931619925,1.0064024086329086,0.0601580065221875,27924763.291452475,-0.14885194306891913,-0.2046916064387622,0.04100644813981875,0.0,61.0,22948208.158254173,23354585.940447703,20202205.911622256,25034861.0350024,0.5245901639344263,0.19672131147540983,-0.20590022645279185,-0.08479306240808591,0.0,0.0,0.0
0.25,0.15,0.09,0.26,0.25,"(0.25, 0.15, 0.09, 0.26, 0.25)",0.19999999999999996,0.0568670198026322,0.057067999240437574,0.9964782462942391,0.0601580065221875,27939256.55690576,-0.14994224667042866,-0.20454812023639846,0.041680957580339933,0.0,61.0,22911015.31383568,23308106.989424143,20289440.693002727,24941535.139607117,0.5245901639344263,0.18032786885245902,-0.2060628194957601,-0.07996463092914265,0.0,0.0,0.0
0.29,0.13,0.1,0.22,0.26,"(0.29, 0.13, 0.1, 0.22, 0.26)",0.15999999999999998,0.05683684370167641,0.0559656548930098,1.0155664900255714,0.0601580065221875,27918171.82401162,-0.1468312099986191,-0.20145658003226233,0.0403817400090139,0.0,61.0,22949333.7790233,23344226.198628385,20239213.57728574,25025767.389414005,0.5245901639344263,0.2459016393442623,-0.20267339571158835,-0.08391781634312392,0.0,0.0,0.0
0.26,0.13,0.1,0.24,0.27,"(0.26, 0.13, 0.1, 0.24, 0.27)",0.15999999999999998,0.056827361755661165,0.05668945231428798,1.0024327178292112,0.0601580065221875,27913295.66406078,-0.14950639709797842,-0.20587265426358706,0.041185876040980264,0.0,61.0,22939340.021343663,23335368.826191083,20165848.59702202,25040946.12436834,0.5245901639344263,0.18032786885245902,-0.20707255333789687,-0.08464467347637274,0.0,0.0,0.0
0.28,0.13,0.1,0.23,0.26,"(0.28, 0.13, 0.1, 0.23, 0.26)",0.15999999999999992,0.056796491223913614,0.0561454552829602,1.0115955234074128,0.0601580065221875,27906782.46531723,-0.14748687697477503,-0.2026330709935944,0.04056116791017541,0.0,61.0,22940497.640007373,23325063.133197922,20202817.055496108,25031894.607813913,0.5245901639344263,0.21311475409836064,-0.20384149647402122,-0.08377039657508457,0.0,0.0,0.0
0.25,0.13,0.1,0.25,0.27,"(0.25, 0.13, 0.1, 0.25, 0.27)",0.15999999999999998,0.056786399432388945,0.05687731245429234,0.9984015942740534,0.0601580065221875,27901754.61697919,-0.15016071555803212,-0.20705610555286272,0.04136530394214177,0.0,61.0,22930451.53426042,23316121.53072137,20129528.28959124,25046986.692321923,0.5245901639344263,0.18032786885245902,-0.2082471365373803,-0.08449652044926956,0.0,0.0,0.0
0.3,0.13,0.1,0.22,0.25,"(0.3, 0.13, 0.1, 0.22, 0.25)",0.15999999999999998,0.056764977950004125,0.055607116725711725,1.0208221769527033,0.0601580065221875,27900108.27073429,-0.1454642440564181,-0.19940248647637562,0.039936459779370555,0.0,61.0,22941570.802612405,23314657.596225094,20239775.343286783,25022743.611526243,0.5245901639344263,0.2459016393442623,-0.20061874197220222,-0.08289718378985321,0.0,0.0,0.0
0.27,0.13,0.1,0.24,0.26,"(0.27, 0.13, 0.1, 0.24, 0.26)",0.15999999999999998,0.05675582999811768,0.05632996996762212,1.0075600968851988,0.0601580065221875,27895319.645220507,-0.14814240824351932,-0.20381196529637732,0.040740595811336926,0.0,61.0,22931641.129582077,23305869.826090172,20166457.509670373,25037977.343121283,0.5245901639344263,0.19672131147540983,-0.20501185406580671,-0.0836232124205331,0.0,0.0,0.0
0.29,0.13,0.1,0.23,0.25,"(0.29, 0.13, 0.1, 0.23, 0.25)",0.15999999999999998,0.056724617844700065,0.05578820213506004,1.0167851924565163,0.0601580065221875,27888723.70542902,-0.14612098923601768,-0.20057682576806699,0.04011588768053207,0.0,61.0,22932746.30215007,23295518.321228392,20203376.680810843,25028868.46039517,0.5245901639344263,0.2459016393442623,-0.20178487503280554,-0.08275096554014438,0.0,0.0,0.0
0.26,0.13,0.1,0.25,0.26,"(0.26, 0.13, 0.1, 0.25, 0.26)",0.15999999999999998,0.056714860077004214,0.05651915277558974,1.0034626722412405,0.0601580065221875,27883783.45971417,-0.14879780345454074,-0.2049932629199976,0.040920023712498435,0.0,61.0,22922764.268697184,23286646.379356958,20130134.980332185,25044015.563083652,0.5245901639344263,0.19672131147540983,-0.20618446806588087,-0.08347626366083283,0.0,0.0,0.0
0.28,0.13,0.1,0.24,0.25,"(0.28, 0.13, 0.1, 0.24, 0.25)",0.15999999999999998,0.05668394902438312,0.05597402353478461,1.0126831241487817,0.0601580065221875,27877265.733229633,-0.1467775982192706,-0.20175356825249663,0.04029531558169358,0.0,61.0,22923901.43005808,23276348.846272185,20167015.00351813,25034948.83231692,0.5245901639344263,0.2459016393442623,-0.2029532650126612,-0.08260498239685822,0.0,0.0,0.0
0.25,0.13,0.1,0.26,0.26,"(0.25, 0.13, 0.1, 0.26, 0.26)",0.18,0.05667358151343005,0.05671295699117281,0.9993057057887338,0.0601580065221875,27872174.00535986,-0.14945306225774857,-0.206176963831427,0.041099451613659944,0.0,61.0,22913867.078347575,23267392.895124547,20093849.50775674,25050009.23567175,0.5245901639344263,0.18032786885245902,-0.20735933804115944,-0.08332955007675104,0.0,0.0,0.0
0.28,0.12,0.1,0.22,0.28,"(0.28, 0.12, 0.1, 0.22, 0.28)",0.1399999999999999,0.05664741920611682,0.05546272151062054,1.021360251773246,0.0601580065221875,27864991.059080336,-0.14519083628216123,-0.19972641878006567,0.04012579176852908,0.0,61.0,22967206.880265925,23369272.46491312,20202036.842956565,25037563.96133909,0.5245901639344263,0.2459016393442623,-0.2007623678384214,-0.08569790040710548,0.0,0.0,0.0
0.27,0.13,0.1,0.25,0.25,"(0.27, 0.13, 0.1, 0.25, 0.25)",0.15999999999999998,0.05664297154176712,0.05616453391756974,1.008518500748169,0.0601580065221875,27865734.450081088,-0.14743407065591685,-0.2029327139126884,0.04047474348285509,0.0,61.0,22915036.20724474,23257149.273274016,20130690.35190378,25040984.695052892,0.5245901639344263,0.21311475409836064,-0.2041239114937952,-0.08245923413976426,0.0,0.0,0.0
0.25,0.12,0.1,0.24,0.29,"(0.25, 0.12, 0.1, 0.24, 0.29)",0.14,0.0566381905969473,0.05618880646268614,1.0079977519109538,0.0601580065221875,27860190.52684628,-0.14787117563422214,-0.204153153596621,0.04092992780049545,0.0,61.0,22957248.723559406,23342559.673237354,20128845.128163513,25052788.80062251,0.5245901639344263,0.19672131147540983,-0.20516912092252468,-0.0864216878549647,0.0,0.0,0.0
0.3,0.12,0.1,0.21,0.27,"(0.3, 0.12, 0.1, 0.21, 0.27)",0.13999999999999996,0.05661573087711802,0.054920811506161626,1.0308611494345132,0.0601580065221875,27858280.440592974,-0.14316281437790113,-0.19649142403446862,0.03950108363772423,0.0,61.0,22968255.873001896,23370767.95817353,20238966.786434375,25028378.972751487,0.5245901639344263,0.26229508196721313,-0.19753714133247588,-0.08482485978258587,0.0,0.0,0.0
0.27,0.12,0.1,0.23,0.28,"(0.27, 0.12, 0.1, 0.23, 0.28)",0.1399999999999999,0.05660744580525523,0.05563777128665246,1.01742834941405,0.0601580065221875,27853718.697082598,-0.14584749095145466,-0.20090455810013205,0.04030521966969059,0.0,61.0,22958414.28654865,23344143.573367596,20165746.261694238,25043745.378492292,0.5245901639344263,0.2459016393442623,-0.20193133049631387,-0.08554855597253185,0.0,0.0,0.0
0.26,0.13,0.1,0.26,0.25,"(0.26, 0.13, 0.1, 0.26, 0.25)",0.18,0.05660168544970623,0.056359685733491996,1.004293844315573,0.0601580065221875,27854129.952497143,-0.1480904061959164,-0.20411426271925764,0.0406541713840166,0.0,61.0,22906150.65466348,23237919.704225875,20094402.766214482,25046976.01658789,0.5245901639344263,0.21311475409836064,-0.20529681404621672,-0.0823137205480391,0.0,0.0,0.0
0.27,0.14,0.09,0.25,0.25,"(0.27, 0.14, 0.09, 0.25, 0.25)",0.15999999999999998,0.05658186827226963,0.055549939632966484,1.0185765933522408,0.0601580065221875,27863259.689674478,-0.14379274771016504,-0.19580187305009883,0.04035502097940693,0.0,61.0,22922970.11259836,23331233.193143304,20290403.27835467,24942302.99567901,0.5245901639344263,0.26229508196721313,-0.19712459968082566,-0.07987302138591827,0.0,0.0,0.0
0.29,0.12,0.1,0.22,0.27,"(0.29, 0.12, 0.1, 0.22, 0.27)",0.13999999999999996,0.056576058488822634,0.05509230755894686,1.0269320889906128,0.0601580065221875,27847086.178446777,-0.1438206853398839,-0.19766498876403457,0.03968051153888574,0.0,61.0,22959495.337077357,23345666.321909085,20202637.25651397,25034602.45472187,0.5245901639344263,0.26229508196721313,-0.19870186275605237,-0.08467648147742698,0.0,0.0,0.0
0.25,0.13,0.1,0.27,0.25,"(0.25, 0.13, 0.1, 0.27, 0.25)",0.2,0.056560090801194285,0.056559430938377,1.0000116667159895,0.0601580065221875,27842452.337558765,-0.14874660448944654,-0.205298214630384,0.04083359928517811,0.0,61.0,22897244.7933129,23218660.24119321,20058152.286448915,25052922.765130375,0.5245901639344263,0.19672131147540983,-0.20647197222790722,-0.08216844140027153,0.0,0.0,0.0
0.26,0.14,0.09,0.26,0.25,"(0.26, 0.14, 0.09, 0.26, 0.25)",0.18,0.05654082028737806,0.0557430225086599,1.0143120653099535,0.0601580065221875,27851709.118353825,-0.14443344863445806,-0.19693868223957098,0.04053444888056844,0.0,61.0,22914014.200323556,23311968.286303893,20253841.36193018,24948296.96348933,0.5245901639344263,0.26229508196721313,-0.19825421358863574,-0.07973010099067353,0.0,0.0,0.0
0.28,0.12,0.1,0.23,0.27,"(0.28, 0.12, 0.1, 0.23, 0.27)",0.1399999999999999,0.0565360774203405,0.05526866122983956,1.0229319140774964,0.0601580065221875,27835818.48762093,-0.14447842042649284,-0.19884096881284835,0.03985993944004725,0.0,61.0,22950714.357147787,23320564.332854245,20166344.46569029,25040781.513502117,0.5245901639344263,0.26229508196721313,-0.19986885186887118,-0.08452833812179375,0.0,0.0,0.0
0.3,0.12,0.1,0.22,0.26,"(0.3, 0.12, 0.1, 0.22, 0.26)",0.13999999999999996,0.0565043487513599,0.054725364395631665,1.0325074921907735,0.0601580065221875,27829103.52225158,-0.14244971022981967,-0.195605851038713,0.0392352313092424,0.0,61.0,22951742.975905247,23322053.18337429,20203186.172284488,25031581.26629595,0.5245901639344263,0.26229508196721313,-0.19664346618954673,-0.08365828839765303,0.0,0.0,0.0
0.25,0.14,0.09,0.27,0.25,"(0.25, 0.14, 0.09, 0.27, 0.25)",0.2,0.05649946369588843,0.05594076393713825,1.0099873458892696,0.0601580065221875,27840085.40574282,-0.14507399096853668,-0.19807772074313668,0.04071387678172994,0.0,61.0,22905038.039759744,23292673.346740063,20217316.790775105,24954246.54561234,0.5245901639344263,0.2459016393442623,-0.19938591602489042,-0.07958741558568903,0.0,0.0,0.0
0.28,0.12,0.1,0.25,0.25,"(0.28, 0.12, 0.1, 0.25, 0.25)",0.13999999999999996,0.05631137569195799,0.054913427719274786,1.0254573067234067,0.0601580065221875,27777049.032703333,-0.14305719266505046,-0.19707125432553102,0.03932823478308359,0.0,61.0,22917615.462480217,23223287.775343362,20094903.311936125,25046890.022866018,0.5245901639344263,0.26229508196721313,-0.1980831248211153,-0.08220675938650614,0.0,0.0,0.0
0.25,0.13,0.09,0.27,0.26,"(0.25, 0.13, 0.09, 0.27, 0.26)",0.18,0.05624217725348912,0.055006582827984714,1.0224626646844857,0.0601580065221875,27770050.480977353,-0.14182133003054387,-0.19392014779613145,0.04001264831160179,0.0,61.0,22915537.88027604,23325619.699518878,20180937.836484008,24963547.261471435,0.5245901639344263,0.29508196721311475,-0.19506416753311662,-0.08036075782322967,0.0,0.0,0.0
0.27,0.13,0.09,0.26,0.25,"(0.27, 0.13, 0.09, 0.26, 0.25)",0.15999999999999998,0.05621084250739217,0.05445338209653841,1.032274586870252,0.0601580065221875,27763457.84982126,-0.13978676607724783,-0.19070651805378808,0.039387940180796936,0.0,61.0,22916613.52389318,23315224.332109697,20217843.92989524,24954431.423537917,0.5245901639344263,0.3442622950819672,-0.19185764151680365,-0.07949515310418896,0.0,0.0,0.0
0.26,0.13,0.09,0.27,0.25,"(0.26, 0.13, 0.09, 0.27, 0.25)",0.18,0.056169850283706246,0.054649562847757675,1.0278188398356227,0.0601580065221875,27751960.903314855,-0.14044910456953452,-0.1918718371630553,0.039567368081958446,0.0,61.0,22907704.083533186,23295979.387799844,20181421.213299155,24960430.47258519,0.5245901639344263,0.3442622950819672,-0.1930152286299585,-0.07935290606695516,0.0,0.0,0.0
0.25,0.13,0.09,0.28,0.25,"(0.25, 0.13, 0.09, 0.28, 0.25)",0.2,0.05612854965855196,0.05485047277321626,1.0233011097391997,0.0601580065221875,27740391.089590732,-0.1411113033442356,-0.19303955360294237,0.039746795983119955,0.0,61.0,22898774.36314182,23276704.43781731,20145035.69389683,24966385.13642319,0.5245901639344263,0.3114754098360656,-0.19417506754929303,-0.07921089243614114,0.0,0.0,0.0
0.25,0.11,0.1,0.28,0.26,"(0.25, 0.11, 0.1, 0.28, 0.26)",0.18,0.055925705769150236,0.054650245088812346,1.0233386086057827,0.0601580065221875,27671426.185539216,-0.14202352282217967,-0.1967865540162209,0.039165290016439966,0.0,61.0,22901230.260597773,23150597.652993783,19950157.156582966,25073454.91333178,0.5245901639344263,0.26229508196721313,-0.197595724361233,-0.08254361298854732,0.0,0.0,0.0
0.27,0.11,0.1,0.27,0.25,"(0.27, 0.11, 0.1, 0.27, 0.25)",0.15999999999999998,0.05589458475934217,0.05408941081813168,1.0333738880477021,0.0601580065221875,27664895.821711197,-0.13999102109999562,-0.1935329345133917,0.03854058188563511,0.0,61.0,22902270.042530317,23145242.562707335,19986590.581218455,25064301.769702986,0.5245901639344263,0.3442622950819672,-0.19435468299846662,-0.08148033994068495,0.0,0.0,0.0
0.28,0.12,0.09,0.26,0.25,"(0.28, 0.12, 0.09, 0.26, 0.25)",0.13999999999999996,0.055877092360617775,0.05320164778800107,1.0502887538987113,0.0601580065221875,27674511.697750352,-0.13537775594663504,-0.18484448427063394,0.03824143148102544,0.0,61.0,22918813.23325361,23149684.130981013,20181450.99453808,24959938.58745407,0.5245901639344263,0.4262295081967213,-0.18582410530931606,-0.07925978750965124,0.0,0.0,0.0
0.26,0.11,0.1,0.28,0.25,"(0.26, 0.11, 0.1, 0.28, 0.25)",0.18,0.05585341047846448,0.05429045895460893,1.0287886960978225,0.0601580065221875,27653399.31217875,-0.14065338504639335,-0.19471401436916325,0.03872000978679663,0.0,61.0,22893477.062034152,23127963.69500522,19950579.453070637,25070303.01004594,0.5245901639344263,0.32786885245901637,-0.19552598772598617,-0.08163315282600446,0.0,0.0,0.0
0.27,0.1,0.1,0.25,0.28,"(0.27, 0.1, 0.1, 0.25, 0.28)",0.09999999999999994,0.05585322451129793,0.053649006824690045,1.0410858992005323,0.0601580065221875,27651488.186752975,-0.13839231035239907,-0.19146655009847405,0.038371058072470626,0.0,61.0,22944905.78072035,23160529.165223196,20020905.91982406,25066237.908285365,0.5245901639344263,0.3442622950819672,-0.19213407833334142,-0.08014623526003221,0.0,0.0,0.0
0.29,0.1,0.1,0.24,0.27,"(0.29, 0.1, 0.1, 0.24, 0.27)",0.09999999999999999,0.05582132734217038,0.053091773247740726,1.0514119971411164,0.0601580065221875,27644766.864996128,-0.13635195457736138,-0.1882177449214539,0.03774634994166577,0.0,61.0,22945857.26092114,23155080.50016597,20057387.546032596,25056966.71943011,0.5245901639344263,0.39344262295081966,-0.1888991207001855,-0.07908026619049141,0.0,0.0,0.0
0.26,0.1,0.1,0.26,0.28,"(0.26, 0.1, 0.1, 0.26, 0.28)",0.11999999999999995,0.05581305280591908,0.05383391181217537,1.0367638339314607,0.0601580065221875,27640248.905393556,-0.1390548631073576,-0.19264654066520268,0.038550485973632136,0.0,61.0,22936185.614984628,23169147.89154005,19984929.094166577,25072384.522623878,0.5245901639344263,0.3442622950819672,-0.19330361961651304,-0.08029837272376009,0.0,0.0,0.0
0.25,0.11,0.1,0.29,0.25,"(0.25, 0.11, 0.1, 0.29, 0.25)",0.19999999999999996,0.055811928051878734,0.05449623152701892,1.024142890030983,0.0601580065221875,27641830.236301254,-0.14131560902012508,-0.19589752113552142,0.03889943768795814,0.0,61.0,22884663.70976926,23131931.685495023,19914605.13655497,25076259.67999848,0.5245901639344263,0.2786885245901639,-0.19669956849847153,-0.08168020351382324,0.0,0.0,0.0
0.28,0.1,0.1,0.25,0.27,"(0.28, 0.1, 0.1, 0.25, 0.27)",0.09999999999999994,0.05578145634696807,0.05327315659511846,1.0470837455890394,0.0601580065221875,27633605.10965868,-0.1370157315696764,-0.1893931283338078,0.03792577784282728,0.0,61.0,22937169.189522963,23169593.480723966,20021372.309086863,25063155.429677594,0.5245901639344263,0.36065573770491804,-0.1900643961489335,-0.07923256552671155,0.0,0.0,0.0
0.25,0.1,0.1,0.27,0.28,"(0.25, 0.1, 0.1, 0.27, 0.28)",0.13999999999999996,0.05577257290431725,0.0540236979021376,1.0323723674996792,0.0601580065221875,27628936.88747774,-0.13971727704846493,-0.19382897047720746,0.038729913874793645,0.0,61.0,22927444.985576387,23147651.184045378,19948988.787338957,25078486.64651244,0.5245901639344263,0.3442622950819672,-0.19447544806061562,-0.08045067651430651,0.0,0.0,0.0
0.3,0.1,0.1,0.24,0.26,"(0.3, 0.1, 0.1, 0.24, 0.26)",0.09999999999999999,0.05574921873817473,0.05271801876582661,1.057498366655483,0.0601580065221875,27626802.213649914,-0.1349734659859737,-0.18614880178920615,0.037301069712022426,0.0,61.0,22938068.42860213,23164095.846435823,20057804.85272314,25053827.062660336,0.5245901639344263,0.4262295081967213,-0.18683353880930195,-0.07816647206212797,0.0,0.0,0.0
0.27,0.1,0.1,0.26,0.27,"(0.27, 0.1, 0.1, 0.26, 0.27)",0.11999999999999995,0.05574127713588117,0.053459496695362034,1.0426824153156888,0.0601580065221875,27622370.577533077,-0.1376793696080294,-0.19057095082136719,0.03810520574398879,0.0,61.0,22928460.63365872,23142535.80538613,19985393.559476342,25069299.688194446,0.5245901639344263,0.3442622950819672,-0.19123195923429356,-0.07938503117788138,0.0,0.0,0.0
0.29,0.1,0.1,0.25,0.26,"(0.29, 0.1, 0.1, 0.25, 0.26)",0.09999999999999999,0.05570934023998997,0.05290082017512128,1.0530902934126816,0.0601580065221875,27615645.193019997,-0.13563832922839103,-0.18732201898676487,0.03748049761318394,0.0,61.0,22929391.978619006,23137338.806379166,20021787.78149494,25060013.40126013,0.5245901639344263,0.39344262295081966,-0.18799683765654784,-0.0783190996375681,0.0,0.0,0.0
0.26,0.1,0.1,0.27,0.27,"(0.26, 0.1, 0.1, 0.27, 0.27)",0.13999999999999996,0.055700789761272684,0.05365074190101899,1.0382109880984658,0.0601580065221875,27611063.362708095,-0.13834286834106913,-0.1917512124132516,0.0382846336451503,0.0,61.0,22919731.61386189,23117132.452239584,19949451.337483604,25075399.46245727,0.5245901639344263,0.3442622950819672,-0.19240180957954894,-0.07953766305993487,0.0,0.0,0.0
0.28,0.1,0.1,0.26,0.26,"(0.28, 0.1, 0.1, 0.26, 0.26)",0.11999999999999995,0.05566915355863711,0.053088603241203354,1.0486083671425532,0.0601580065221875,27604415.449684013,-0.136303053025168,-0.18849767511342239,0.03765992551434545,0.0,61.0,22920695.04397653,23108422.346271195,19985807.20629285,25066155.294402745,0.5245901639344263,0.39344262295081966,-0.18916242423532365,-0.0784718934319483,0.0,0.0,0.0
0.25,0.1,0.1,0.28,0.27,"(0.25, 0.1, 0.1, 0.28, 0.27)",0.15999999999999998,0.05565999427564594,0.0538468399484408,1.0336724370258545,0.0601580065221875,27599683.559836455,-0.13900622741766955,-0.19293391312605185,0.038464061546311816,0.0,61.0,22910982.15071178,23088815.361309823,19913545.6831455,25081454.720165394,0.5245901639344263,0.3442622950819672,-0.19357394679586754,-0.07969046108882119,0.0,0.0,0.0
0.3,0.1,0.1,0.25,0.25,"(0.3, 0.1, 0.1, 0.25, 0.25)",0.09999999999999999,0.055636876406483404,0.052532072280209514,1.0591030201457248,0.0601580065221875,27597608.64464686,-0.13426010497536323,-0.18525322578623685,0.0370352173835406,0.0,61.0,22921574.215498775,23108525.81911385,20022152.35831558,25056811.87325081,0.5245901639344263,0.4426229508196721,-0.18593140627266033,-0.07740583877043322,0.0,0.0,0.0
0.27,0.1,0.1,0.27,0.26,"(0.27, 0.1, 0.1, 0.27, 0.26)",0.13999999999999996,0.05562865874647782,0.05328131529249456,1.0440556589321646,0.0601580065221875,27593113.077683736,-0.13696763702500503,-0.18967577020196844,0.03783935341550696,0.0,61.0,22911977.645166878,23080144.411827702,19949863.167371415,25072252.709578827,0.5245901639344263,0.36065573770491804,-0.19033029817202418,-0.07862485336122373,0.0,0.0,0.0
0.29,0.1,0.1,0.26,0.25,"(0.29, 0.1, 0.1, 0.26, 0.25)",0.12000000000000001,0.055596682290176114,0.052721305774255274,1.054539174887526,0.0601580065221875,27586383.729553204,-0.13492591500415374,-0.1864267172731217,0.03721464528470211,0.0,61.0,22912888.913326096,23071413.26082934,19986170.055829506,25062951.39145835,0.5245901639344263,0.4262295081967213,-0.18709501803783016,-0.0775589606635317,0.0,0.0,0.0
0.3,0.09,0.1,0.23,0.28,"(0.3, 0.09, 0.1, 0.23, 0.28)",0.09999999999999996,0.05558959652808948,0.05218849434095362,1.065169578660692,0.0601580065221875,27582743.045621987,-0.13265476014070776,-0.1831713032846693,0.03689461289762016,0.0,61.0,22963618.478459056,23148927.594790343,20055993.871700928,25057899.911049567,0.5245901639344263,0.4426229508196721,-0.1837024375893014,-0.07998842829673138,0.0,0.0,0.0
0.26,0.1,0.1,0.28,0.26,"(0.26, 0.1, 0.1, 0.28, 0.26)",0.15999999999999998,0.055587855856012336,0.053478903043998924,1.0394352294451197,0.0601580065221875,27581738.171624698,-0.13763208087682266,-0.1908563042726612,0.03801878131666847,0.0,61.0,22903239.80272801,23051874.24728865,19913955.704739705,25078305.614501633,0.5245901639344263,0.3442622950819672,-0.19150045908092564,-0.0787779793413653,0.0,0.0,0.0
0.27,0.09,0.1,0.25,0.29,"(0.27, 0.09, 0.1, 0.25, 0.29)",0.09999999999999999,0.05558251551006843,0.052921821559233584,1.0502759329222413,0.0601580065221875,27578535.588596907,-0.1353672165281613,-0.1875968651614092,0.03766982960234247,0.0,61.0,22954099.339145932,23105779.647572234,19983682.41822672,25073504.191405132,0.5245901639344263,0.39344262295081966,-0.18810169134132027,-0.0807532742370903,0.0,0.0,0.0
0.28,0.1,0.1,0.27,0.25,"(0.28, 0.1, 0.1, 0.27, 0.25)",0.13999999999999996,0.05555618007579022,0.05291549199739908,1.0499038746256188,0.0601580065221875,27575086.240008317,-0.13559158474420907,-0.18760264757796544,0.037394073185863616,0.0,61.0,22904183.14677713,23043182.23153317,19950224.29816221,25069046.43807832,0.5245901639344263,0.39344262295081966,-0.1882609172580114,-0.07771224859548402,0.0,0.0,0.0
0.29,0.09,0.1,0.24,0.28,"(0.29, 0.09, 0.1, 0.24, 0.28)",0.09999999999999999,0.055550404406224274,0.052360681459861586,1.060918285580524,0.0601580065221875,27571775.08009426,-0.13332075819915823,-0.1843436209139675,0.037045121471537615,0.0,61.0,22955006.401057705,23110941.78017075,20020047.011382587,25064184.42266956,0.5245901639344263,0.4426229508196721,-0.1848642073990713,-0.0799311272380439,0.0,0.0,0.0
0.26,0.09,0.1,0.26,0.29,"(0.26, 0.09, 0.1, 0.26, 0.29)",0.12000000000000001,0.05554271465727689,0.053102714295171036,1.045948693856648,0.0601580065221875,27567417.57660317,-0.1360318480014734,-0.18877625885274385,0.03784925750350398,0.0,61.0,22945434.575528435,23067804.252113495,19947809.994890686,25079702.24668463,0.5245901639344263,0.3770491803278688,-0.18927003999771944,-0.08069501558475796,0.0,0.0,0.0
0.28,0.09,0.1,0.25,0.28,"(0.28, 0.09, 0.1, 0.25, 0.28)",0.09999999999999994,0.05551090413783877,0.05253797417679286,1.0565863074781272,0.0601580065221875,27560734.37876884,-0.1339866171309152,-0.1855183895539455,0.037224549372699124,0.0,61.0,22946373.768577762,23072989.924981803,19984136.40202419,25070424.545502447,0.5245901639344263,0.4426229508196721,-0.18602827563178043,-0.07987384203853395,0.0,0.0,0.0
0.25,0.09,0.1,0.27,0.29,"(0.25, 0.09, 0.1, 0.27, 0.29)",0.14,0.055502605729540466,0.05328858301903588,1.0415477872570507,0.0601580065221875,27556226.960842256,-0.13669634013642407,-0.18995810381244538,0.038028685404665495,0.0,61.0,22936749.297808964,23029862.953225315,19911973.894810125,25085855.841247197,0.5245901639344263,0.36065573770491804,-0.19044068627843777,-0.08063677258460658,0.0,0.0,0.0
0.3,0.09,0.1,0.24,0.27,"(0.3, 0.09, 0.1, 0.24, 0.27)",0.09999999999999999,0.05547845286562514,0.051978845043606337,1.0673275410233316,0.0601580065221875,27553892.5794899,-0.13193824424447897,-0.18226963359684353,0.03671388562225731,0.0,61.0,22947228.617989354,23078105.82607801,20020452.004782613,25061047.629053883,0.5245901639344263,0.45901639344262296,-0.1827948977555914,-0.07905241546490002,0.0,0.0,0.0
0.27,0.09,0.1,0.26,0.28,"(0.27, 0.09, 0.1, 0.26, 0.28)",0.11999999999999995,0.055471095774947576,0.05272032098305673,1.0521767459036315,0.0601580065221875,27549621.034190986,-0.1346523365838853,-0.18669560926896747,0.037403977273860634,0.0,61.0,22937720.601364236,23035072.068785697,19948262.084253885,25076620.246556114,0.5245901639344263,0.4262295081967213,-0.1871946419437927,-0.079816572543441,0.0,0.0,0.0
0.26,0.11,0.09,0.29,0.25,"(0.26, 0.11, 0.09, 0.29, 0.25)",0.17999999999999994,0.05541785856756465,0.05258263329829644,1.0539194234184552,0.0601580065221875,27550928.861366693,-0.13295986830096063,-0.1824379585277107,0.037633206484738474,0.0,61.0,22894225.296461366,23101262.497062683,20036123.81778472,24982978.060869638,0.5245901639344263,0.4426229508196721,-0.18322830604792903,-0.07627102186792188,0.0,0.0,0.0
0.25,0.11,0.09,0.3,0.25,"(0.25, 0.11, 0.09, 0.3, 0.25)",0.19999999999999996,0.05537667011908143,0.05278980236396755,1.049003171811069,0.0601580065221875,27539467.175308768,-0.13362813228098236,-0.18360515391344412,0.03781263438589998,0.0,61.0,22885388.58155752,23094586.77613338,20000017.113332298,24988942.50499202,0.5245901639344263,0.4426229508196721,-0.18438651741302242,-0.07642536169240065,0.0,0.0,0.0
0.28,0.11,0.08,0.26,0.27,"(0.28, 0.11, 0.08, 0.26, 0.27)",0.09999999999999994,0.05528299680105153,0.050895282418527525,1.0862106304164398,0.0601580065221875,27528317.115691494,-0.12529812947614216,-0.16977738434704787,0.03671925203732097,0.0,61.0,22945694.133301713,23204408.58132081,20266014.621465985,24877258.13899825,0.5245901639344263,0.5901639344262295,-0.17057311449395535,-0.07432713097566594,0.0,0.0,0.0
0.25,0.11,0.08,0.28,0.28,"(0.25, 0.11, 0.08, 0.28, 0.28)",0.13999999999999996,0.0552758332784653,0.05164873490130371,1.0702262772571811,0.0601580065221875,27524064.19844127,-0.12803340086339599,-0.17411504496107127,0.03752338806928733,0.0,61.0,22935998.727721807,23194012.092718795,20192897.73813364,24892713.91114919,0.5245901639344263,0.5245901639344263,-0.17489380719575576,-0.07510550017039892,0.0,0.0,0.0
0.26,0.08,0.1,0.26,0.3,"(0.26, 0.08, 0.1, 0.26, 0.3)",0.12,0.05526865355398858,0.052430887125633735,1.0541239445663975,0.0601580065221875,27493829.537566118,-0.13300326642233107,-0.18488227483435823,0.037382113702305306,0.0,61.0,22954301.301767424,23046804.19611752,19910380.289347827,25086443.799736936,0.5245901639344263,0.4426229508196721,-0.18521875700543014,-0.08203771589560972,0.0,0.0,0.0
0.3,0.11,0.08,0.25,0.26,"(0.3, 0.11, 0.08, 0.25, 0.26)",0.07999999999999997,0.05524957143067466,0.05033619760859503,1.0976111437793756,0.0601580065221875,27521259.47997061,-0.1232311817928492,-0.16659885690131804,0.036094543906516105,0.0,61.0,22946471.177243534,23197067.17910768,20302776.295427185,24867815.51442967,0.5245901639344263,0.6065573770491803,-0.16740267978095594,-0.07349718328716957,0.0,0.0,0.0
0.27,0.11,0.08,0.27,0.27,"(0.27, 0.11, 0.08, 0.27, 0.27)",0.11999999999999995,0.05524334907579087,0.051080254473220496,1.0815010544779673,0.0601580065221875,27517241.985273957,-0.12597085958438003,-0.1709229815584506,0.036898679938482476,0.0,61.0,22936892.196372382,23186824.06285075,20229631.956629332,24883411.385204703,0.5245901639344263,0.5737704918032787,-0.17171087387565936,-0.07427676244134063,0.0,0.0,0.0
0.28,0.08,0.1,0.25,0.29,"(0.28, 0.08, 0.1, 0.25, 0.29)",0.09999999999999998,0.05523662945515628,0.051862700492238054,1.0650550189422392,0.0601580065221875,27487107.513867684,-0.1309519272739017,-0.18161998898143736,0.03695500163769342,0.0,61.0,22955196.124612708,23047102.949490607,19946589.567842036,25077117.727230698,0.5245901639344263,0.47540983606557374,-0.1819744946922606,-0.08121854241457499,0.0,0.0,0.0
0.25,0.08,0.1,0.27,0.3,"(0.25, 0.08, 0.1, 0.27, 0.3)",0.14,0.05522891529245899,0.052612523985120015,1.049729439098549,0.0601580065221875,27482760.07579247,-0.13366983989171843,-0.1860634960650489,0.03750530609692982,0.0,61.0,22945671.509253636,23053686.800891582,19874648.795380753,25092648.699038748,0.5245901639344263,0.4262295081967213,-0.1863881849842566,-0.0819776756112946,0.0,0.0,0.0
0.29,0.11,0.08,0.26,0.26,"(0.29, 0.11, 0.08, 0.26, 0.26)",0.09999999999999999,0.05521022448771684,0.05051746345148253,1.0928938374101322,0.0601580065221875,27510261.641073313,-0.1239051516504397,-0.16773990382675041,0.03627397180767762,0.0,61.0,22937701.405102618,23179534.006615218,20266355.140700083,24874010.493339334,0.5245901639344263,0.6065573770491803,-0.16853622044217648,-0.07344778988940455,0.0,0.0,0.0
0.28,0.11,0.08,0.27,0.26,"(0.28, 0.11, 0.08, 0.27, 0.26)",0.11999999999999995,0.05517056946677967,0.05070395629284894,1.0880920050524872,0.0601580065221875,27499191.312079225,-0.12457897843658317,-0.16888336575616814,0.03645339970883914,0.0,61.0,22928911.23633496,23161968.26190171,20229970.802721146,24880161.40246029,0.5245901639344263,0.5901639344262295,-0.16967203055562535,-0.07339841159741084,0.0,0.0,0.0
0.29,0.1,0.09,0.27,0.25,"(0.29, 0.1, 0.09, 0.27, 0.25)",0.12000000000000001,0.05515839783355547,0.05101314655782135,1.081258490319464,0.0601580065221875,27483451.966490276,-0.12718803527349676,-0.17418303547164776,0.03615053777537501,0.0,61.0,22913305.197652616,23043438.133906044,20071375.3754412,24975217.979725193,0.5245901639344263,0.5409836065573771,-0.17483563725593024,-0.07484282552558039,0.0,0.0,0.0
0.26,0.1,0.09,0.29,0.26,"(0.26, 0.1, 0.09, 0.29, 0.26)",0.15999999999999992,0.05515058440208609,0.05177732528850345,1.0651493505079073,0.0601580065221875,27479061.85849025,-0.12991597569161384,-0.17856549852247827,0.03693197801461032,0.0,61.0,22903725.980315655,23012370.70587408,19998967.951238498,24990668.674956463,0.5245901639344263,0.47540983606557374,-0.17919669689506665,-0.0756126627288736,0.0,0.0,0.0
0.3,0.11,0.08,0.26,0.25,"(0.3, 0.11, 0.08, 0.26, 0.25)",0.09999999999999999,0.055137105433746614,0.050143321947615324,1.0995902004926656,0.0601580065221875,27492130.27395584,-0.12251134365681349,-0.16570472327365063,0.03582869157803428,0.0,61.0,22929668.37469393,23154627.630707383,20266644.26221996,24870703.992271695,0.5245901639344263,0.6229508196721312,-0.16650143880851836,-0.07257018521224666,0.0,0.0,0.0
0.28,0.1,0.09,0.28,0.25,"(0.28, 0.1, 0.09, 0.28, 0.25)",0.13999999999999996,0.05511818910541244,0.05120838724675197,1.076350810265138,0.0601580065221875,27472260.898205,-0.12785977232071366,-0.17534263431175653,0.03630726988380546,0.0,61.0,22904576.226684075,23005541.11506466,20035298.285299614,24981320.160871077,0.5245901639344263,0.5245901639344263,-0.17598615398757822,-0.0747914820098521,0.0,0.0,0.0
0.3,0.07,0.1,0.23,0.3,"(0.3, 0.07, 0.1, 0.23, 0.3)",0.09999999999999999,0.05503584831887043,0.05091868593408566,1.0808575930281163,0.0601580065221875,27434258.136740442,-0.12657146784563822,-0.17535365005862383,0.03652262079926862,0.0,61.0,22980657.826239903,23094297.86798221,19980170.013913516,25070505.658207547,0.5245901639344263,0.5409836065573771,-0.1755824156051363,-0.08267840414104735,0.0,0.0,0.0
0.29,0.07,0.1,0.24,0.3,"(0.29, 0.07, 0.1, 0.24, 0.3)",0.10000000000000002,0.05499739647716573,0.0510815473522771,1.0766587804767052,0.0601580065221875,27423531.23152262,-0.12724164026096774,-0.1765245975921632,0.03664581319389314,0.0,61.0,22972157.11945104,23101342.723640185,19944433.992145933,25076892.42387189,0.5245901639344263,0.5409836065573771,-0.17674164194847353,-0.08261751490062641,0.0,0.0,0.0
0.26,0.09,0.09,0.28,0.28,"(0.26, 0.09, 0.09, 0.28, 0.28)",0.13999999999999996,0.05499212333552905,0.05121814452483357,1.0736844109779422,0.0601580065221875,27435494.73956011,-0.12758279005451734,-0.17557181950237913,0.03669557346079849,0.0,61.0,22929410.342404496,23045291.109089755,19997104.01155625,24994899.59482434,0.5245901639344263,0.5409836065573771,-0.17605545416669652,-0.07789323619063902,0.0,0.0,0.0
0.28,0.09,0.09,0.27,0.27,"(0.28, 0.09, 0.09, 0.27, 0.27)",0.11999999999999995,0.05495955424831944,0.05064630901125162,1.085164058769013,0.0601580065221875,27428659.060680065,-0.12552112782888258,-0.1723446679110287,0.036268461396186606,0.0,61.0,22930236.224582054,23036047.78636124,20033404.424529523,24985517.745773625,0.5245901639344263,0.5737704918032787,-0.17284255572420978,-0.07707235996268585,0.0,0.0,0.0
0.28,0.07,0.1,0.25,0.3,"(0.28, 0.07, 0.1, 0.25, 0.3)",0.09999999999999996,0.054958636733915656,0.05124970369520901,1.0723698435558637,0.0601580065221875,27412731.86818194,-0.12791167249793978,-0.17769802005116042,0.03676900558851765,0.0,61.0,22963635.7591539,23108350.95201009,19908733.829889107,25083234.864448,0.5245901639344263,0.5245901639344263,-0.17790318748417208,-0.0825566426147266,0.0,0.0,0.0
0.3,0.09,0.09,0.26,0.26,"(0.3, 0.09, 0.09, 0.26, 0.26)",0.09999999999999999,0.054926345276108846,0.05008013618929895,1.0967690876177256,0.0601580065221875,27421665.808727164,-0.12345630469052582,-0.16912659548915054,0.03584134933157473,0.0,61.0,22930977.897232622,23026707.272954214,20069693.65831219,24976037.223904207,0.5245901639344263,0.5901639344262295,-0.1696380120631916,-0.07625124626466073,0.0,0.0,0.0
0.3,0.07,0.1,0.24,0.29,"(0.3, 0.07, 0.1, 0.24, 0.29)",0.10000000000000002,0.054925759581081035,0.05068428114585735,1.083684296972028,0.0601580065221875,27405814.004825976,-0.12585105816026698,-0.17444052657466838,0.03634189352390577,0.0,61.0,22964401.870127555,23108539.919208158,19944814.59695928,25073761.56947294,0.5245901639344263,0.5409836065573771,-0.1746648973025837,-0.08173921840726109,0.0,0.0,0.0
0.27,0.07,0.1,0.26,0.3,"(0.27, 0.07, 0.1, 0.26, 0.3)",0.11999999999999998,0.05491956914071583,0.051423103018832204,1.0679940710813027,0.0601580065221875,27401860.137312908,-0.12858156420341826,-0.17887391754582585,0.03689219798314217,0.0,61.0,22955093.76540659,23115322.5201817,19873069.567965813,25089532.9464551,0.5245901639344263,0.4918032786885246,-0.17906705191084743,-0.082495787138573,0.0,0.0,0.0
0.29,0.07,0.1,0.25,0.29,"(0.29, 0.07, 0.1, 0.25, 0.29)",0.10000000000000002,0.05488699232149119,0.050853893162707615,1.0793075791833602,0.0601580065221875,27395019.131750826,-0.12652218474961985,-0.17561176513440638,0.036465085918530295,0.0,61.0,22955892.090087146,23115544.3419617,19909112.687570643,25080101.64308683,0.5245901639344263,0.5409836065573771,-0.1758244538128786,-0.08167933043613967,0.0,0.0,0.0
0.26,0.07,0.1,0.27,0.3,"(0.26, 0.07, 0.1, 0.27, 0.3)",0.14,0.05488019374930353,0.05160169246855237,1.0635347626000675,0.0601580065221875,27390916.130073864,-0.12925131502448572,-0.1800522901737638,0.03701539037776669,0.0,61.0,22946531.15831362,23122257.395410605,19837441.246955257,25095786.636633966,0.5245901639344263,0.47540983606557374,-0.18023323491493676,-0.08243494832768519,0.0,0.0,0.0
0.26,0.1,0.08,0.3,0.26,"(0.26, 0.1, 0.08, 0.3, 0.26)",0.15999999999999995,0.05470761988371886,0.05012853796365971,1.091346807748088,0.0601580065221875,27375368.535756644,-0.1221435558487527,-0.16639759387276776,0.036009033219291664,0.0,61.0,22903670.882404868,23077818.319002528,20083631.669334415,24902414.43695724,0.5245901639344263,0.6065573770491803,-0.16701299499661248,-0.07374007693864447,0.0,0.0,0.0
0.28,0.08,0.09,0.27,0.28,"(0.28, 0.08, 0.09, 0.27, 0.28)",0.11999999999999994,0.05468409296841159,0.04996978821381808,1.0943431005635094,0.0601580065221875,27355041.472084247,-0.12246181937896095,-0.1684262317938519,0.03608246534701084,0.0,61.0,22938862.607505325,23058375.59160624,19995416.235573135,24991957.39609529,0.5245901639344263,0.6065573770491803,-0.16877813275814016,-0.07842086361052054,0.0,0.0,0.0
0.25,0.08,0.09,0.29,0.29,"(0.25, 0.08, 0.09, 0.29, 0.29)",0.15999999999999998,0.054677113538359245,0.05073423570769127,1.0777163147462225,0.0601580065221875,27350883.51350155,-0.12520323709468284,-0.17282279740099898,0.03663276980624724,0.0,61.0,22929419.23491775,23057681.37612061,19923407.011772823,25007552.02084789,0.5245901639344263,0.5409836065573771,-0.17314777220256503,-0.07918279765774558,0.0,0.0,0.0
0.28,0.1,0.08,0.29,0.25,"(0.28, 0.1, 0.08, 0.29, 0.25)",0.13999999999999993,0.05467450685453068,0.04955430472320568,1.1033250725628134,0.0601580065221875,27368420.540010866,-0.1200715452786334,-0.1632053560430271,0.035581921154679785,0.0,61.0,22904428.196356032,23068482.973464604,20120022.51308098,24892977.92322544,0.5245901639344263,0.6557377049180327,-0.1638312970617902,-0.07291753496861726,0.0,0.0,0.0
0.3,0.08,0.09,0.26,0.27,"(0.3, 0.08, 0.09, 0.26, 0.27)",0.09999999999999998,0.054650672099712194,0.04939992379436661,1.1062906154916854,0.0601580065221875,27348010.899628494,-0.12039083796304295,-0.16520382271185435,0.03565535328239896,0.0,61.0,22939559.980256926,23048976.140290145,20031587.609653365,24982429.00083832,0.5245901639344263,0.6229508196721312,-0.1655711400269001,-0.07760176190840204,0.0,0.0,0.0
0.27,0.08,0.09,0.28,0.28,"(0.27, 0.08, 0.09, 0.28, 0.28)",0.13999999999999996,0.054644632541494875,0.05015508919853434,1.0895132162000367,0.0601580065221875,27344086.76889475,-0.12313666531577827,-0.1695866597563018,0.03620565774163535,0.0,61.0,22930233.00249402,23048427.4556732,19959551.818587948,24998164.16004469,0.5245901639344263,0.5901639344262295,-0.16992812851591263,-0.07836490229929528,0.0,0.0,0.0
0.3,0.06,0.1,0.24,0.3,"(0.3, 0.06, 0.1, 0.24, 0.3)",0.10000000000000002,0.05464384105917719,0.050133636901826595,1.0899636339207273,0.0601580065221875,27330659.82860401,-0.12279911494976226,-0.17049077642298863,0.036155897474730005,0.0,61.0,22972413.961967945,23169459.8259824,19906534.107144002,25079254.7659567,0.5245901639344263,0.5901639344262295,-0.17057380745292372,-0.08307266682273273,0.0,0.0,0.0
0.27,0.1,0.08,0.3,0.25,"(0.27, 0.1, 0.08, 0.3, 0.25)",0.15999999999999995,0.05463428440167428,0.04975567563080677,1.0980513018668945,0.0601580065221875,27357263.903885514,-0.12074924632236661,-0.16435115530688107,0.03570511354930431,0.0,61.0,22895655.944707707,23058407.232371382,20083851.739352953,24899042.879327,0.5245901639344263,0.6229508196721312,-0.16496880619675397,-0.07286832991424658,0.0,0.0,0.0
0.29,0.08,0.09,0.27,0.27,"(0.29, 0.08, 0.09, 0.27, 0.27)",0.12,0.05461151207794601,0.04958149260118529,1.1014495371734832,0.0601580065221875,27337132.975780163,-0.12106692571543176,-0.1663596308626222,0.035778545677023474,0.0,61.0,22930962.58638054,23039076.347106207,19995685.437046424,24988677.632759616,0.5245901639344263,0.6229508196721312,-0.16671686106632816,-0.07754676731541876,0.0,0.0,0.0
0.29,0.06,0.1,0.25,0.3,"(0.29, 0.06, 0.1, 0.25, 0.3)",0.10000000000000002,0.05460544358943209,0.05029819662947891,1.0856342224688982,0.0601580065221875,27319985.139770515,-0.12347233559233117,-0.17166127752445617,0.036279089869354526,0.0,61.0,22963959.9967939,23176520.527306166,19870938.035651963,25085645.74003865,0.5245901639344263,0.5901639344262295,-0.17173204434049874,-0.08301100306019518,0.0,0.0,0.0
0.26,0.08,0.09,0.29,0.28,"(0.26, 0.08, 0.09, 0.29, 0.28)",0.15999999999999992,0.05460486443406665,0.05034562500542581,1.0845999911249848,0.0601580065221875,27333060.052478608,-0.12381136754408262,-0.17074954467349646,0.036328850136259874,0.0,61.0,22921582.88280061,23038437.877053495,19923723.67083872,25004326.663824093,0.5245901639344263,0.5901639344262295,-0.1710804280793313,-0.07830895704510374,0.0,0.0,0.0
0.28,0.08,0.09,0.28,0.27,"(0.28, 0.08, 0.09, 0.28, 0.27)",0.13999999999999996,0.054572044356092864,0.04976838446773687,1.09652030982581,0.0601580065221875,27326183.0007237,-0.12174286961530512,-0.16751789572216344,0.035901738071647996,0.0,61.0,22922344.65736471,23031141.020218447,19959819.50142754,24994882.043716338,0.5245901639344263,0.6065573770491803,-0.16786488631980162,-0.07749178883539679,0.0,0.0,0.0
0.28,0.06,0.1,0.26,0.3,"(0.28, 0.06, 0.1, 0.26, 0.3)",0.11999999999999998,0.054566738425200656,0.050468122271847764,1.081211980332369,0.0601580065221875,27309238.278698336,-0.1241454146805101,-0.1728342654730541,0.03640228226397905,0.0,61.0,22955485.349608205,23183544.497537337,19835377.677408766,25091992.394965414,0.5245901639344263,0.5737704918032787,-0.1728926105830713,-0.08294935654615694,0.0,0.0,0.0
0.25,0.08,0.09,0.3,0.28,"(0.25, 0.08, 0.09, 0.3, 0.28)",0.17999999999999994,0.054564788698234556,0.05054133643025178,1.0796071602407118,0.0601580065221875,27321961.415150728,-0.12448592571180073,-0.17191488663297333,0.03645204253088439,0.0,61.0,22912912.268841922,23037784.77151463,19887931.832516856,25010444.874870252,0.5245901639344263,0.5901639344262295,-0.1722350311257502,-0.07825302769101991,0.0,0.0,0.0
0.3,0.08,0.09,0.27,0.26,"(0.3, 0.08, 0.09, 0.27, 0.26)",0.12,0.05453858498824671,0.049196782051767196,1.1085803321619412,0.0601580065221875,27319149.082998827,-0.11967120407818999,-0.16429535565917092,0.03547462600703611,0.0,61.0,22923022.293854248,23031224.802592114,19995903.97860655,24985338.833452098,0.5245901639344263,0.639344262295082,-0.16465772093111733,-0.07667438671630683,0.0,0.0,0.0
0.3,0.06,0.1,0.25,0.29,"(0.3, 0.06, 0.1, 0.25, 0.29)",0.10000000000000002,0.05453361009059776,0.04989845127373027,1.092891837292508,0.0601580065221875,27302279.61284578,-0.12207797766270723,-0.16957230850371202,0.03597517019936716,0.0,61.0,22956187.310214095,23183689.100367073,19871254.44087486,25082456.23106321,0.5245901639344263,0.6065573770491803,-0.16965173296362224,-0.08213561858986007,0.0,0.0,0.0
0.27,0.08,0.09,0.29,0.27,"(0.27, 0.08, 0.09, 0.29, 0.27)",0.15999999999999992,0.05453226898611807,0.04996053965671778,1.0915068043862806,0.0601580065221875,27315161.06616855,-0.12241866931041956,-0.1686786173942205,0.03602493046627252,0.0,61.0,22913706.213538885,23037980.765713505,19923989.843205173,25001042.20093794,0.5245901639344263,0.6065573770491803,-0.1690152154799025,-0.0774368263088771,0.0,0.0,0.0
0.27,0.06,0.1,0.27,0.3,"(0.27, 0.06, 0.1, 0.27, 0.3)",0.14,0.05452772561800967,0.05064335981557251,1.076700396983589,0.0601580065221875,27298419.33552836,-0.12481835186090962,-0.17400974039318476,0.03652547465860356,0.0,61.0,22946990.040329956,23190531.703701377,19799853.073061924,25098294.697248694,0.5245901639344263,0.5409836065573771,-0.17405550589147167,-0.0828877271388707,0.0,0.0,0.0
0.29,0.08,0.09,0.28,0.26,"(0.29, 0.08, 0.09, 0.28, 0.26)",0.14,0.05449911000569441,0.04938527608310134,1.103549768841789,0.0601580065221875,27308203.87424907,-0.12034824641701358,-0.16545145914499565,0.03559781840166063,0.0,61.0,22914416.051630363,23038097.28206787,19960036.621910755,24991540.881590456,0.5245901639344263,0.6229508196721312,-0.16580377737536986,-0.07662038926104683,0.0,0.0,0.0
0.26,0.08,0.09,0.3,0.27,"(0.26, 0.08, 0.09, 0.3, 0.27)",0.17999999999999994,0.05449218602012684,0.05015789767671075,1.0864128790116454,0.0601580065221875,27304067.264383134,-0.12309432444875323,-0.16984179597000157,0.03614812286089703,0.0,61.0,22905047.275278505,23044783.88975898,19888196.502543405,25007158.071875073,0.5245901639344263,0.5901639344262295,-0.17016784822709322,-0.07738187957672153,0.0,0.0,0.0
0.3,0.09,0.08,0.28,0.25,"(0.3, 0.09, 0.08, 0.28, 0.25)",0.12000000000000002,0.05436762008512508,0.04823981936665689,1.1270278537299767,0.0601580065221875,27288422.21448866,-0.1149117291078996,-0.15610297734727255,0.034968813040892145,0.0,61.0,22913869.741514117,23081618.72034929,20118164.109465495,24890156.187365446,0.5245901639344263,0.819672131147541,-0.15659788617073475,-0.07345567581161587,0.0,0.0,0.0
0.29,0.07,0.09,0.27,0.28,"(0.29, 0.07, 0.09, 0.27, 0.28)",0.11999999999999998,0.05433249342703017,0.048961752767916214,1.1096925733964595,0.0601580065221875,27262855.430502906,-0.11799796232793147,-0.16241271626226397,0.035592549627847705,0.0,61.0,22939217.870673202,23085374.637634277,19957377.189903487,24994546.216520775,0.5245901639344263,0.6721311475409836,-0.1626313332988779,-0.07888887985977117,0.0,0.0,0.0
0.29,0.09,0.08,0.29,0.25,"(0.29, 0.09, 0.08, 0.29, 0.25)",0.13999999999999999,0.05432806857978578,0.04843347967408747,1.1217048402337277,0.0601580065221875,27277462.590447795,-0.11559279587583926,-0.1572435153332067,0.03509200543551666,0.0,61.0,22905185.244703054,23071633.85365991,20082061.740519077,24896313.836965702,0.5245901639344263,0.819672131147541,-0.15772990338093973,-0.07340560415008851,0.0,0.0,0.0
0.26,0.07,0.09,0.29,0.29,"(0.26, 0.07, 0.09, 0.29, 0.29)",0.15999999999999998,0.054326427490616336,0.04972438446973506,1.092551030444275,0.0601580065221875,27258939.845430575,-0.12075067307581777,-0.1668062368974872,0.036142854087084106,0.0,61.0,22929938.097056463,23092173.82321282,19885639.30983853,25010293.799308296,0.5245901639344263,0.6229508196721312,-0.16699603600555576,-0.0796472607966916,0.0,0.0,0.0
0.28,0.07,0.09,0.28,0.28,"(0.28, 0.07, 0.09, 0.28, 0.28)",0.13999999999999996,0.05429339574302716,0.049143930029205,1.1047833518963983,0.0601580065221875,27252025.615340415,-0.11867601439000175,-0.16357025594107288,0.03571574202247223,0.0,61.0,22930655.65935203,23092306.963039268,19921617.42049354,25000801.488843605,0.5245901639344263,0.6721311475409836,-0.16377805888030203,-0.07883210320038866,0.0,0.0,0.0
0.28,0.09,0.08,0.3,0.25,"(0.28, 0.09, 0.08, 0.3, 0.25)",0.15999999999999995,0.05428820949263935,0.04863249408006666,1.1162949899970447,0.0601580065221875,27266431.18297885,-0.11627371595002711,-0.1583864919317822,0.035215197830141175,0.0,61.0,22896480.312414747,23061607.532132443,20045995.93757973,24902427.39908572,0.5245901639344263,0.7868852459016393,-0.15886421008675505,-0.07335554794448242,0.0,0.0,0.0
0.25,0.07,0.09,0.3,0.29,"(0.25, 0.07, 0.09, 0.3, 0.29)",0.18,0.05428672204228757,0.049915569540021604,1.0875709231117003,0.0601580065221875,27247961.7256392,-0.12142733561754449,-0.16797088346519032,0.03626604648170863,0.0,61.0,22921323.116508745,23099036.673922274,19849953.216324165,25016462.934336208,0.5245901639344263,0.6065573770491803,-0.16814936426866448,-0.07958953596694292,0.0,0.0,0.0
0.3,0.07,0.09,0.27,0.27,"(0.3, 0.07, 0.09, 0.27, 0.27)",0.11999999999999998,0.05425972510233379,0.04856910996627239,1.1171653163916964,0.0601580065221875,27244955.02356984,-0.11659818006192246,-0.16034341135024485,0.03528862995786035,0.0,61.0,22931289.07927785,23092360.49279066,19957584.048562378,24991210.65184707,0.5245901639344263,0.7213114754098361,-0.16056847837732524,-0.07801671128627762,0.0,0.0,0.0
0.27,0.07,0.09,0.29,0.28,"(0.27, 0.07, 0.09, 0.29, 0.28)",0.15999999999999992,0.05425399053302482,0.04933147301286634,1.0997845233381662,0.0601580065221875,27241123.978695974,-0.11935392171187309,-0.16473026437778998,0.03583893441709675,0.0,61.0,22922072.883998398,23099202.639419872,19885893.73158551,25007012.539454922,0.5245901639344263,0.639344262295082,-0.16492709873976455,-0.07877534305949137,0.0,0.0,0.0
0.3,0.05,0.1,0.25,0.3,"(0.3, 0.05, 0.1, 0.25, 0.3)",0.1,0.05424851042519552,0.0494028671411386,1.0980842522806105,0.0601580065221875,27226595.551241525,-0.11959419417367467,-0.1663943399146851,0.0357891741501914,0.0,61.0,22963883.34166356,23219897.684705842,19832763.20675398,25087427.429609146,0.5245901639344263,0.6229508196721312,-0.1663943399146851,-0.08346083454206482,0.0,0.0,0.0
0.29,0.07,0.09,0.28,0.27,"(0.29, 0.07, 0.09, 0.28, 0.27)",0.14,0.054220620152017895,0.04875290261217975,1.1121516309158619,0.0601580065221875,27234129.892214093,-0.1172773332825563,-0.16149878378515772,0.03541182235248487,0.0,61.0,22922738.540291004,23099288.9703622,19921822.88557507,24997463.56246914,0.5245901639344263,0.6885245901639344,-0.1617132310269322,-0.0779609140846276,0.0,0.0,0.0
0.26,0.07,0.09,0.3,0.28,"(0.26, 0.07, 0.09, 0.3, 0.28)",0.17999999999999994,0.05421427784891919,0.04952432076079227,1.0947000789931054,0.0601580065221875,27230150.611867074,-0.12003168394099994,-0.1658927416865569,0.035962126811721264,0.0,61.0,22913469.564844403,23106061.634391192,19850206.16344202,25013179.33556211,0.5245901639344263,0.6229508196721312,-0.16607845257884513,-0.07871859928291643,0.0,0.0,0.0
0.29,0.05,0.1,0.26,0.3,"(0.29, 0.05, 0.1, 0.26, 0.3)",0.12000000000000002,0.05421016740095963,0.04956899685754378,1.093630511764321,0.0601580065221875,27215973.15767095,-0.11985098905715541,-0.16698103445664875,0.03591236654481592,0.0,61.0,22955476.149731293,23204943.9675489,19797307.289251912,25093822.474185444,0.5245901639344263,0.6229508196721312,-0.16698103445664875,-0.0833984049455987,0.0,0.0,0.0
0.28,0.07,0.09,0.29,0.27,"(0.28, 0.07, 0.09, 0.29, 0.27)",0.15999999999999992,0.05418120770800017,0.04894209159409132,1.1070472459035927,0.0601580065221875,27223232.993045077,-0.11795634126573806,-0.16265662483371215,0.035535014747109385,0.0,61.0,22914167.437189374,23106180.78719547,19886097.811059136,25003672.257876772,0.5245901639344263,0.6721311475409836,-0.1628602980548816,-0.07790513330034249,0.0,0.0,0.0
0.28,0.05,0.1,0.27,0.3,"(0.28, 0.05, 0.1, 0.27, 0.3)",0.13999999999999999,0.054171516889414795,0.04974056054626141,1.089081351204966,0.0601580065221875,27205278.878806695,-0.12037093922594566,-0.16793596316695794,0.03603555893944044,0.0,61.0,22947048.247633457,23189954.422728352,19761886.938468188,25100173.20643302,0.5245901639344263,0.6065573770491803,-0.16785516345378737,-0.08333599288786761,0.0,0.0,0.0
0.3,0.07,0.09,0.28,0.26,"(0.3, 0.07, 0.09, 0.28, 0.26)",0.14,0.05414749887166881,0.04836547786148816,1.119548514060784,0.0601580065221875,27216159.217001025,-0.11587782428527049,-0.15942964661523432,0.035107902682497506,0.0,61.0,22914781.24419862,23106220.304782405,19921977.93340966,24994066.674726594,0.5245901639344263,0.7704918032786885,-0.15965054148474067,-0.07709143693413151,0.0,0.0,0.0
0.27,0.07,0.09,0.3,0.27,"(0.27, 0.07, 0.09, 0.3, 0.27)",0.17999999999999994,0.05414148782217554,0.04913661458007746,1.101856289548432,0.0601580065221875,27212264.417314496,-0.11863520365897151,-0.16381693461372496,0.0356582071417339,0.0,61.0,22905575.790163778,23113035.910925303,19850408.86525017,25009836.70529126,0.5245901639344263,0.6721311475409836,-0.16400967916586187,-0.07784936877705757,0.0,0.0,0.0
0.29,0.07,0.09,0.29,0.26,"(0.29, 0.07, 0.09, 0.29, 0.26)",0.15999999999999998,0.05410807922755234,0.04855632513740943,1.1143363727471554,0.0601580065221875,27205267.093168724,-0.11655793340517939,-0.16058532201020276,0.03523109507712202,0.0,61.0,22906221.82395678,23113108.246502265,19886251.570316847,25000273.005060136,0.5245901639344263,0.7213114754098361,-0.16079563737983235,-0.07703663370312377,0.0,0.0,0.0
0.3,0.06,0.09,0.28,0.27,"(0.3, 0.06, 0.09, 0.28, 0.27)",0.14,0.053865456825150204,0.047792856955335465,1.1270608257524728,0.0601580065221875,27141433.668375224,-0.11324985100932616,-0.15607229410719914,0.03492190663332174,0.0,61.0,22922732.7600549,23167139.718121767,19883447.099241145,24999418.351336677,0.5245901639344263,0.819672131147541,-0.15616109393299432,-0.0784255639596985,0.0,0.0,0.0
0.27,0.06,0.09,0.3,0.28,"(0.27, 0.06, 0.09, 0.3, 0.28)",0.17999999999999994,0.05386002638955967,0.04856179823416808,1.1091027998972196,0.0601580065221875,27137694.983975947,-0.11556292279757152,-0.15983936979929772,0.03547221109255814,0.0,61.0,22913627.170769807,23174041.6384825,19812102.049220003,25015286.513955638,0.5245901639344263,0.7540983606557377,-0.15989920908847968,-0.07917970171741023,0.0,0.0,0.0
0.29,0.06,0.09,0.29,0.27,"(0.29, 0.06, 0.09, 0.29, 0.27)",0.15999999999999998,0.05382640701711949,0.04797873881913362,1.1218804066532457,0.0601580065221875,27130661.409874927,-0.11350960698501711,-0.15664504763035,0.03504509902794625,0.0,61.0,22914229.10784285,23174083.66561525,19847827.145432666,25005675.405080695,0.5245901639344263,0.819672131147541,-0.15672263742243395,-0.0783689728749291,0.0,0.0,0.0
0.28,0.06,0.09,0.3,0.27,"(0.28, 0.06, 0.09, 0.3, 0.27)",0.17999999999999994,0.05378704992189376,0.048170087478548756,1.1166068557763438,0.0601580065221875,27119817.66801882,-0.11416155522741156,-0.15776085916676869,0.035168291422570774,0.0,61.0,22905704.862890393,23173140.29988824,19812243.131318927,25011888.250251543,0.5245901639344263,0.819672131147541,-0.1578288586581517,-0.07831239850813833,0.0,0.0,0.0
0.3,0.06,0.09,0.29,0.26,"(0.3, 0.06, 0.09, 0.29, 0.26)",0.15999999999999998,0.05375309254163696,0.047588951388970374,1.1295288291243004,0.0601580065221875,27112704.83940066,-0.1122066709441969,-0.15470939502026182,0.034741179357958896,0.0,61.0,22906255.04932748,23161246.500169046,19847919.306794114,25002220.61310131,0.5245901639344263,0.8688524590163934,-0.15479463017134099,-0.07750240198636758,0.0,0.0,0.0
0.29,0.05,0.09,0.3,0.27,"(0.29, 0.05, 0.09, 0.3, 0.27)",0.17999999999999997,0.053428878296039484,0.04726167586160336,1.1304905575607513,0.0601580065221875,27026736.167311233,-0.11132846004851216,-0.15396260946578658,0.03467837570340764,0.0,61.0,22905434.60621595,23145783.493098844,19773701.99050558,25013313.05901186,0.5245901639344263,0.8852459016393442,-0.15396260946578658,-0.07877094930216069,0.0,0.0,0.0
0.25,0.1,0.1,0.29,0.26,"(0.25, 0.1, 0.1, 0.29, 0.26)",0.17999999999999994,0.055546744939881876,0.05368131265697196,1.034750124216041,0.0601580065221875,27570290.826674864,-0.1382963842297622,-0.1920392773332095,0.03819820921782998,0.0,61.0,22894481.53724379,23023611.910909053,19878084.858161487,25084313.977107547,0.5081967213114754,0.3442622950819672,-0.1926729065641736,-0.07893127128836129,0.0,0.0,0.0
0.27,0.1,0.1,0.28,0.25,"(0.27, 0.1, 0.1, 0.28, 0.25)",0.15999999999999998,0.05551536981582461,0.0531145766283231,1.04520026967929,0.0601580065221875,27563716.270570077,-0.13625711384450057,-0.1887810167246943,0.037573501087025125,0.0,61.0,22895456.936348625,23014958.95654559,19914315.125294853,25075096.980838075,0.5081967213114754,0.39344262295081966,-0.18942910355058643,-0.07786570248228188,0.0,0.0,0.0
0.29,0.09,0.1,0.25,0.27,"(0.29, 0.09, 0.1, 0.25, 0.27)",0.09999999999999999,0.05543894508976033,0.05215757418933013,1.0629126440681258,0.0601580065221875,27542856.530890178,-0.1326051921245759,-0.1834422301294015,0.03683707801688183,0.0,61.0,22938607.59332322,23040211.53861524,19984539.590385787,25067285.381733123,0.5081967213114754,0.4426229508196721,-0.1839569852427147,-0.07899611773080793,0.0,0.0,0.0
0.28,0.09,0.1,0.26,0.27,"(0.28, 0.09, 0.1, 0.26, 0.27)",0.11999999999999995,0.055399129251998414,0.05234138424668029,1.058419261342177,0.0601580065221875,27531747.892887495,-0.13327200003337314,-0.1846172775903338,0.036960270411506346,0.0,61.0,22929966.033749834,23002351.19202167,19948663.476196192,25073478.71887859,0.5081967213114754,0.4426229508196721,-0.18512137090430036,-0.07893983560038378,0.0,0.0,0.0
0.25,0.09,0.1,0.28,0.28,"(0.25, 0.09, 0.1, 0.28, 0.28)",0.15999999999999998,0.055390554974404704,0.053099967150193585,1.0431372738467461,0.0601580065221875,27527176.78828314,-0.13598335564619624,-0.1890574021188602,0.03776283307618366,0.0,61.0,22920352.744346786,23006028.18494397,19876622.484764982,25088878.252468817,0.5081967213114754,0.3770491803278688,-0.18953426737050671,-0.0797020800490456,0.0,0.0,0.0
0.3,0.09,0.1,0.25,0.26,"(0.3, 0.09, 0.1, 0.25, 0.26)",0.09999999999999999,0.05536663858131652,0.051780697574383194,1.0692524661681528,0.0601580065221875,27524902.251735594,-0.13122294315919558,-0.18136839063502475,0.036533158346894475,0.0,61.0,22930800.880750623,23007444.574190903,19984892.0045607,25064086.750184603,0.5081967213114754,0.47540983606557374,-0.18188782360491218,-0.07812010359034273,0.0,0.0,0.0
0.27,0.09,0.1,0.27,0.27,"(0.27, 0.09, 0.1, 0.27, 0.27)",0.13999999999999996,0.0553590054044919,0.0525302218793782,1.0538505916005696,0.0601580065221875,27520566.7585461,-0.13393866761904727,-0.1857947760351377,0.037138124945378805,0.0,61.0,22921303.95961897,23006375.564402163,19912823.702569254,25079627.607734382,0.5081967213114754,0.4426229508196721,-0.18628805438769774,-0.0788835689169543,0.0,0.0,0.0
0.29,0.09,0.1,0.26,0.26,"(0.29, 0.09, 0.1, 0.26, 0.26)",0.12000000000000001,0.05532681530378292,0.05196597970230971,1.0646737658122865,0.0601580065221875,27513798.35936569,-0.131890839998546,-0.18254126756696878,0.03665635074151899,0.0,61.0,22922170.939951506,23006643.416235488,19949014.191913284,25070277.713731334,0.5081967213114754,0.45901639344262296,-0.18305023031179854,-0.07806480702767003,0.0,0.0,0.0
0.26,0.09,0.1,0.28,0.27,"(0.26, 0.09, 0.1, 0.28, 0.27)",0.15999999999999998,0.05531857359953252,0.052724033066806376,1.0492098267490009,0.0601580065221875,27509313.2214935,-0.1346051945299953,-0.18697472550675004,0.037317552846540314,0.0,61.0,22912621.391326446,23013157.855035033,19877020.30961558,25085732.015767083,0.5081967213114754,0.4262295081967213,-0.18745703532811336,-0.07882731752416781,0.0,0.0,0.0
0.28,0.09,0.1,0.27,0.26,"(0.28, 0.09, 0.1, 0.27, 0.26)",0.13999999999999996,0.055286684049124846,0.05215631503324323,1.0600189835859068,0.0601580065221875,27502622.024638135,-0.13255859602214293,-0.183716595338298,0.036779543136143504,0.0,61.0,22913520.48440551,23013458.462835025,19913172.72829586,25076424.23533922,0.5081967213114754,0.4426229508196721,-0.18421493493783206,-0.07800952580825633,0.0,0.0,0.0
0.25,0.09,0.1,0.29,0.27,"(0.25, 0.09, 0.1, 0.29, 0.27)",0.17999999999999994,0.05527783388955254,0.05292276316725722,1.04450014665433,0.0601580065221875,27497987.375918873,-0.13527158041483367,-0.18815712603552537,0.03749698074770182,0.0,61.0,22903918.349314053,23019903.4970697,19841253.33720123,25091791.91066597,0.5081967213114754,0.39344262295081966,-0.18862831334859753,-0.0787710812659988,0.0,0.0,0.0
0.3,0.09,0.1,0.26,0.25,"(0.3, 0.09, 0.1, 0.26, 0.25)",0.12000000000000001,0.055254154145369716,0.05159418445176965,1.0709376402106212,0.0601580065221875,27495772.640700504,-0.13050885813154134,-0.1804675829391848,0.036352431071531625,0.0,61.0,22914335.387327835,23013679.54146422,19949314.25290575,25067017.281485774,0.5081967213114754,0.47540983606557374,-0.1809812235914864,-0.07719148907660962,0.0,0.0,0.0
0.27,0.09,0.1,0.28,0.26,"(0.27, 0.09, 0.1, 0.28, 0.26)",0.15999999999999998,0.05524624486963248,0.05235164845129406,1.0552914092290988,0.0601580065221875,27491373.34113347,-0.13322621087843123,-0.18489437399562386,0.03690273553076802,0.0,61.0,22904849.53446719,23020236.88093274,19877367.6537914,25082526.282488894,0.5081967213114754,0.4426229508196721,-0.1853819371213317,-0.07795425977353193,0.0,0.0,0.0
0.29,0.09,0.1,0.27,0.25,"(0.29, 0.09, 0.1, 0.27, 0.25)",0.14,0.05521401551854277,0.051786025781645526,1.0661952657141769,0.0601580065221875,27484601.1447198,-0.13117770306617482,-0.18164074176351538,0.03647562346615614,0.0,61.0,22905696.56142457,23020490.71196326,19913471.197081007,25073161.426238474,0.5081967213114754,0.47540983606557374,-0.18214395105669318,-0.07713719151923289,0.0,0.0,0.0
0.26,0.09,0.1,0.29,0.26,"(0.26, 0.09, 0.1, 0.29, 0.26)",0.17999999999999994,0.05520549781773543,0.05255192422341699,1.0504943184009237,0.0601580065221875,27480052.40299371,-0.13389368421607672,-0.18607460357298164,0.037051700518058485,0.0,61.0,22896158.11053716,23026978.638653677,19841599.008238364,25088583.822883606,0.5081967213114754,0.4262295081967213,-0.18655123648846564,-0.07789900876525582,0.0,0.0,0.0
0.3,0.08,0.1,0.24,0.28,"(0.3, 0.08, 0.1, 0.24, 0.28)",0.09999999999999998,0.05520396500114999,0.05130012296567453,1.0760981028853978,0.0601580065221875,27480227.391455855,-0.12889743812959276,-0.1783668439965242,0.03652788957308155,0.0,61.0,22956006.597196758,23047322.06633153,19982787.90993216,25067692.500422057,0.5081967213114754,0.4918032786885246,-0.17873863917741614,-0.08039911554647755,0.0,0.0,0.0
0.27,0.08,0.1,0.26,0.29,"(0.27, 0.08, 0.1, 0.26, 0.29)",0.12,0.0551971916322469,0.05204073555345401,1.0606535638903627,0.0601580065221875,27476115.10627348,-0.1316197312856262,-0.1827965670577443,0.03707819403231794,0.0,61.0,22946598.478843458,23054018.365389597,19910820.081010405,25083364.703849107,0.5081967213114754,0.45901639344262296,-0.1831396281195283,-0.08115947350086479,0.0,0.0,0.0
0.28,0.09,0.1,0.28,0.25,"(0.28, 0.09, 0.1, 0.28, 0.25)",0.15999999999999998,0.0551735689995132,0.05198288958461426,1.061379416196273,0.0601580065221875,27473357.354072947,-0.1318464063407523,-0.18281635133153035,0.03659881586078066,0.0,61.0,22897037.240923963,23027265.24223212,19877664.538684897,25079261.102989245,0.5081967213114754,0.45901639344262296,-0.18330897617886713,-0.07708290903984527,0.0,0.0,0.0
0.29,0.08,0.1,0.25,0.28,"(0.29, 0.08, 0.1, 0.25, 0.28)",0.09999999999999998,0.055164827638835456,0.05147445745399684,1.0716932313106307,0.0601580065221875,27469312.061930656,-0.12956647379505248,-0.17953878100854986,0.03665108196770606,0.0,61.0,22947441.12991724,23054270.269268658,19946980.55119417,25073981.49917296,0.5081967213114754,0.47540983606557374,-0.1798994792202177,-0.08034101626591157,0.0,0.0,0.0
0.25,0.09,0.1,0.3,0.26,"(0.25, 0.09, 0.1, 0.3, 0.26)",0.19999999999999996,0.05516444294600342,0.05275708606333903,1.0456309675590152,0.0601580065221875,27468659.30492086,-0.13456101568396928,-0.18725728409181577,0.03723112841922,0.0,61.0,22887446.233062077,23033683.704289224,19805866.831231125,25094596.824449442,0.5081967213114754,0.4262295081967213,-0.18772283265323192,-0.07784377262551462,0.0,0.0,0.0
0.26,0.08,0.1,0.27,0.29,"(0.26, 0.08, 0.1, 0.27, 0.29)",0.14,0.05515744588875604,0.05222386770276971,1.056173131463236,0.0601580065221875,27465050.283987373,-0.13228739494032515,-0.18397560827073042,0.03720138642694246,0.0,61.0,22937980.268926863,23060897.14809549,19875086.73057892,25089567.256728023,0.5081967213114754,0.4426229508196721,-0.18430706970964994,-0.08110042070235912,0.0,0.0,0.0
0.27,0.09,0.1,0.29,0.25,"(0.27, 0.09, 0.1, 0.29, 0.25)",0.17999999999999994,0.05513281464070929,0.05218471901974808,1.0564934654500213,0.0601580065221875,27462041.36285451,-0.13251496760398795,-0.18399441168094013,0.03672200825540518,0.0,61.0,22888357.44618548,23034003.100415688,19841894.31752827,25085316.27945535,0.5081967213114754,0.4426229508196721,-0.18447629858728518,-0.07702864147799814,0.0,0.0,0.0
0.28,0.08,0.1,0.26,0.28,"(0.28, 0.08, 0.1, 0.26, 0.28)",0.11999999999999994,0.055125382336495665,0.05165397051890834,1.0672051302680903,0.0601580065221875,27458324.279195487,-0.1302353689625323,-0.1807131809353754,0.036774274362330585,0.0,61.0,22938855.07808817,23061181.859541044,19911209.29692231,25080226.113416906,0.5081967213114754,0.47540983606557374,-0.1810626278559994,-0.08028293315243534,0.0,0.0,0.0
0.25,0.08,0.1,0.28,0.29,"(0.25, 0.08, 0.1, 0.28, 0.29)",0.16000000000000003,0.055117392276768484,0.05241204351123099,1.0516169297035287,0.0601580065221875,27453913.139705796,-0.1329549178858238,-0.18515711268244828,0.03732457882156698,0.0,61.0,22929341.515157115,23067739.26527891,19839389.55678548,25095725.353074353,0.5081967213114754,0.4426229508196721,-0.18547681911574138,-0.08104138386990792,0.0,0.0,0.0
0.3,0.08,0.1,0.25,0.27,"(0.3, 0.08, 0.1, 0.25, 0.27)",0.09999999999999998,0.05509267862833833,0.05108966744146222,1.0783526569528508,0.0601580065221875,27451440.381181847,-0.1281801943057853,-0.1774598967293501,0.0363471622977187,0.0,61.0,22939645.61351364,23061386.90867216,19947320.88235821,25070785.836338837,0.5081967213114754,0.5245901639344263,-0.17782659411895957,-0.07946519622292163,0.0,0.0,0.0
0.26,0.09,0.1,0.3,0.25,"(0.26, 0.09, 0.1, 0.3, 0.25)",0.19999999999999996,0.05509175249469789,0.052391456699244714,1.0515407657197686,0.0601580065221875,27450653.265718445,-0.13318338650481953,-0.18517492283686643,0.0368452006500297,0.0,61.0,22879657.197614625,23040704.254825197,19806160.57317801,25091326.923576955,0.5081967213114754,0.4426229508196721,-0.18564591789906204,-0.07697438867357498,0.0,0.0,0.0
0.27,0.08,0.1,0.27,0.28,"(0.27, 0.08, 0.1, 0.27, 0.28)",0.13999999999999996,0.05508562914607329,0.05183860836141426,1.0626371132886339,0.0601580065221875,27447264.135338496,-0.13090412327968615,-0.1818900438553368,0.0368974667569551,0.0,61.0,22930248.461916264,23068056.804672934,19875474.1875711,25086426.310152654,0.5081967213114754,0.47540983606557374,-0.18222808475316668,-0.08022486605436355,0.0,0.0,0.0
0.29,0.08,0.1,0.26,0.27,"(0.29, 0.08, 0.1, 0.26, 0.27)",0.12,0.055053225881454226,0.051270668662034266,1.073776241233634,0.0601580065221875,27440457.261968963,-0.128850181104885,-0.17863212023576577,0.03647035469234322,0.0,61.0,22931071.16664485,23068294.65774903,19911547.958260827,25077028.078388467,0.5081967213114754,0.4918032786885246,-0.17898775966172045,-0.07940809712074241,0.0,0.0,0.0
0.26,0.08,0.1,0.28,0.28,"(0.26, 0.08, 0.1, 0.28, 0.28)",0.15999999999999998,0.055045568119651334,0.05202831642118398,1.0579924915125418,0.0601580065221875,27436131.72301042,-0.13157273639438805,-0.18306936983417926,0.037020659151579614,0.0,61.0,22921621.301654518,23074895.072354592,19839775.263350848,25092582.05660107,0.5081967213114754,0.4426229508196721,-0.1833958495679599,-0.08016681482031755,0.0,0.0,0.0
0.28,0.08,0.1,0.27,0.27,"(0.28, 0.08, 0.1, 0.27, 0.27)",0.13999999999999996,0.05501346527900064,0.051456822260220435,1.0691189790304974,0.0601580065221875,27429401.835381847,-0.12952002656019213,-0.1798068065902775,0.036593547086967736,0.0,61.0,22922476.155263387,23075165.749807965,19875811.18748108,25083225.909252625,0.5081967213114754,0.47540983606557374,-0.18015123356345605,-0.07935101393339906,0.0,0.0,0.0
0.25,0.08,0.1,0.29,0.28,"(0.25, 0.08, 0.1, 0.29, 0.28)",0.17999999999999994,0.0550051993094538,0.05222303944326215,1.0532745680039235,0.0601580065221875,27424927.135423526,-0.13224120795473338,-0.1842511589250399,0.037143851546204136,0.0,61.0,22912973.6176022,23081696.630442295,19804112.564228345,25098693.320205458,0.5081967213114754,0.4426229508196721,-0.18456592194444107,-0.08010877929923249,0.0,0.0,0.0
0.3,0.08,0.1,0.26,0.26,"(0.3, 0.08, 0.1, 0.26, 0.26)",0.12,0.054980722481559274,0.05089090823512668,1.0803643398843816,0.0601580065221875,27422514.260632433,-0.12746416936805538,-0.17655338871760376,0.03616643502235586,0.0,61.0,22923246.811749015,23075356.739444237,19911836.08650722,25073770.649004027,0.5081967213114754,0.5409836065573771,-0.17691502697621264,-0.07853496765547888,0.0,0.0,0.0
0.27,0.08,0.1,0.28,0.27,"(0.27, 0.08, 0.1, 0.28, 0.27)",0.15999999999999998,0.05497339687305902,0.051648072524370627,1.064384287470153,0.0601580065221875,27418274.194025308,-0.13018973031962922,-0.18098395586231725,0.03671673948159226,0.0,61.0,22913860.599581126,23082000.15255892,19840110.610201925,25089379.296166137,0.5081967213114754,0.47540983606557374,-0.18131701548352963,-0.07929394650729746,0.0,0.0,0.0
0.25,0.09,0.09,0.29,0.28,"(0.25, 0.09, 0.09, 0.29, 0.28)",0.15999999999999992,0.05495199204386636,0.051411359902369995,1.0688686731535602,0.0601580065221875,27424342.55833892,-0.1282542962486245,-0.1767375320438782,0.03681876585542301,0.0,61.0,22920692.992010366,23035252.197464466,19961171.949752852,25001013.375478044,0.5081967213114754,0.5245901639344263,-0.1772109708868381,-0.07783811376721868,0.0,0.0,0.0
0.29,0.08,0.1,0.27,0.26,"(0.29, 0.08, 0.1, 0.27, 0.26)",0.14,0.05494095450184533,0.051078587281285254,1.0756161715924202,0.0601580065221875,27411463.590055026,-0.12813510643576642,-0.17772590023712712,0.03628962741698037,0.0,61.0,22914663.416102204,23082223.962938357,19876097.751736294,25079966.10426005,0.5081967213114754,0.5245901639344263,-0.1780765195818082,-0.07847886658486744,0.0,0.0,0.0
0.26,0.08,0.1,0.29,0.27,"(0.26, 0.08, 0.1, 0.29, 0.27)",0.17999999999999994,0.05493302071584982,0.05184436305077242,1.0595755735691574,0.0601580065221875,27407074.43106486,-0.13085929203133917,-0.18216356810871057,0.03683993187621678,0.0,61.0,22905224.519856032,23088797.83387783,19804446.266362585,25095488.206586216,0.5081967213114754,0.47540983606557374,-0.18248510506912136,-0.07923689468915554,0.0,0.0,0.0
0.27,0.09,0.09,0.28,0.27,"(0.27, 0.09, 0.09, 0.28, 0.27)",0.13999999999999996,0.05491972346721874,0.05083598050790921,1.0803317437474067,0.0601580065221875,27417583.853953905,-0.12619387147360794,-0.17350577636344441,0.03639165379081113,0.0,61.0,22921551.01805644,23026057.173473597,19997434.2602903,24991673.479444608,0.5081967213114754,0.5409836065573771,-0.17399381106943265,-0.07701820815444076,0.0,0.0,0.0
0.28,0.08,0.1,0.28,0.26,"(0.28, 0.08, 0.1, 0.28, 0.26)",0.15999999999999998,0.054900878751168,0.05127138931804545,1.070789761724774,0.0601580065221875,27400340.758586384,-0.12880590131402336,-0.1789008745313204,0.03641281981160489,0.0,61.0,22906059.475969248,23089054.48533667,19840395.61871213,25086117.121993415,0.5081967213114754,0.4918032786885246,-0.17924032030549955,-0.0784227811719591,0.0,0.0,0.0
0.25,0.08,0.1,0.3,0.27,"(0.25, 0.08, 0.1, 0.3, 0.27)",0.19999999999999996,0.05489233685973405,0.052045636811291505,1.0546962285957646,0.0601580065221875,27395802.64022567,-0.13152871134368693,-0.18334564337365972,0.036963124270841294,0.0,61.0,22896567.93639239,23095558.76180686,19768818.19565892,25101552.608192645,0.5081967213114754,0.4426229508196721,-0.1836555019552236,-0.07917985832600875,0.0,0.0,0.0
0.29,0.09,0.09,0.27,0.26,"(0.29, 0.09, 0.09, 0.27, 0.26)",0.12000000000000001,0.05488681502734116,0.050266161955824,1.091923729438066,0.0601580065221875,27410667.600095514,-0.1241302869009907,-0.17028310193760196,0.03596454172619924,0.0,61.0,22922324.86638072,23016764.96576768,20033685.513322387,24982234.8555409,0.5081967213114754,0.5901639344262295,-0.17078500719322678,-0.07619806330954677,0.0,0.0,0.0
0.26,0.09,0.09,0.29,0.27,"(0.26, 0.09, 0.09, 0.29, 0.27)",0.15999999999999992,0.05487958488397826,0.05103078441718078,1.0754211504046896,0.0601580065221875,27406436.49860395,-0.12686647194339484,-0.17466932981142236,0.03651484618543564,0.0,61.0,22912845.34669775,23016025.189030405,19961500.56220421,24997784.921990953,0.5081967213114754,0.5409836065573771,-0.17514735982441798,-0.0769640718261405,0.0,0.0,0.0
0.3,0.08,0.1,0.27,0.25,"(0.3, 0.08, 0.1, 0.27, 0.25)",0.14,0.05486809702863171,0.05070398289527134,1.0821259770058167,0.0601580065221875,27393449.605693977,-0.12674936456386698,-0.1756473285476168,0.035985707746993015,0.0,61.0,22906810.3116584,23089231.423755303,19876333.90206699,25076646.945698366,0.5081967213114754,0.5409836065573771,-0.17600394624213625,-0.07760842623351204,0.0,0.0,0.0
0.27,0.08,0.1,0.29,0.26,"(0.27, 0.08, 0.1, 0.29, 0.26)",0.17999999999999994,0.05486049528174619,0.05146925677380829,1.065888624015718,0.0601580065221875,27389145.85934528,-0.12947655365101773,-0.1800783116606952,0.03653601220622941,0.0,61.0,22897435.01156699,23095848.274534818,19804729.727346662,25092223.669675358,0.5081967213114754,0.47540983606557374,-0.18040642879759086,-0.07836671126126478,0.0,0.0,0.0
0.28,0.07,0.1,0.26,0.29,"(0.28, 0.07, 0.1, 0.26, 0.29)",0.11999999999999998,0.0548479172443459,0.051028779043112184,1.074842829337678,0.0601580065221875,27384151.94452742,-0.12719317031329558,-0.1767854785820279,0.036588278313154816,0.0,61.0,22947361.67646179,23122512.09249074,19873446.68699266,25086397.364320897,0.5081967213114754,0.5409836065573771,-0.17698632930981284,-0.08161945918036129,0.0,0.0,0.0
0.28,0.09,0.09,0.28,0.26,"(0.28, 0.09, 0.09, 0.28, 0.26)",0.13999999999999996,0.05484697695675589,0.0504574056120055,1.0869955815505894,0.0601580065221875,27399597.204119936,-0.12480412579283617,-0.1714420531590198,0.036087734120823764,0.0,61.0,22913651.350075487,23006781.267319985,19997713.802406367,24988388.235042565,0.5081967213114754,0.5901639344262295,-0.17193429616219322,-0.07614489589213269,0.0,0.0,0.0
0.25,0.07,0.1,0.28,0.3,"(0.25, 0.07, 0.1, 0.28, 0.3)",0.16000000000000003,0.054840510611555926,0.05178541834771249,1.0589952222328312,0.0601580065221875,27379899.938185606,-0.12992092460844862,-0.18123313801996016,0.03713858277239121,0.0,61.0,22937947.958025884,23129155.54511808,19801848.907193214,25101995.901946973,0.5081967213114754,0.47540983606557374,-0.18140173617068553,-0.08237412603787643,0.0,0.0,0.0
0.25,0.09,0.09,0.3,0.27,"(0.25, 0.09, 0.09, 0.3, 0.27)",0.17999999999999994,0.054839138550913935,0.051230662191308375,1.0704358719028575,0.0601580065221875,27395217.0879185,-0.12753892888669482,-0.17583532831970955,0.03663803858006016,0.0,61.0,22904119.231065515,23005951.891218077,19925603.37036225,25003852.041093778,0.5081967213114754,0.5409836065573771,-0.17630320164551214,-0.07690995081587011,0.0,0.0,0.0
0.29,0.08,0.1,0.28,0.25,"(0.29, 0.08, 0.1, 0.28, 0.25)",0.16000000000000003,0.05482801396787451,0.050898345857037966,1.0772062047335311,0.0601580065221875,27382331.622928053,-0.12742125103358026,-0.17682012959579876,0.036108900141617536,0.0,61.0,22898217.997943174,23096058.050386086,19840630.310557485,25082795.584598344,0.5081967213114754,0.5409836065573771,-0.1771657674695485,-0.07755332103478971,0.0,0.0,0.0
0.26,0.08,0.1,0.3,0.26,"(0.26, 0.08, 0.1, 0.3, 0.26)",0.19999999999999996,0.05481980414593868,0.05167213145776698,1.0609162540690695,0.0601580065221875,27377878.98600965,-0.13014706309516144,-0.18125821167314052,0.03665920460085393,0.0,61.0,22888790.043158583,23102605.298594974,19769100.117308263,25098285.71499961,0.5081967213114754,0.47540983606557374,-0.1815748446961902,-0.07831065669761599,0.0,0.0,0.0
0.3,0.07,0.1,0.25,0.28,"(0.3, 0.07, 0.1, 0.25, 0.28)",0.09999999999999996,0.05481500098110459,0.05046146105714314,1.086274551563845,0.0601580065221875,27377230.370958086,-0.12513186893542305,-0.1735278376545459,0.03616116624854293,0.0,61.0,22948107.915631965,23122686.969991956,19909441.015654538,25076909.021139234,0.5081967213114754,0.5409836065573771,-0.17374785210853547,-0.08080372028535687,0.0,0.0,0.0
0.27,0.07,0.1,0.27,0.29,"(0.27, 0.07, 0.1, 0.27, 0.29)",0.14,0.05480853440138045,0.05120888475403823,1.0702934591259254,0.0601580065221875,27373212.534269616,-0.12786401449842566,-0.1779616670188372,0.03671147070777933,0.0,61.0,22938810.649314784,23129443.1380703,19837816.635777224,25092648.699929833,0.5081967213114754,0.5245901639344263,-0.17815052348295268,-0.08155960449321341,0.0,0.0,0.0
0.28,0.08,0.1,0.29,0.25,"(0.28, 0.08, 0.1, 0.29, 0.25)",0.17999999999999994,0.05478762322090991,0.051097799236525396,1.0722110157289706,0.0601580065221875,27371141.626397084,-0.12809299446832945,-0.17799539333847703,0.03623209253624205,0.0,61.0,22889605.159757957,23102847.932118863,19804962.96880213,25088899.759980127,0.5081967213114754,0.5245901639344263,-0.17832989656728093,-0.07749823123179853,0.0,0.0,0.0
0.29,0.07,0.1,0.26,0.28,"(0.29, 0.07, 0.1, 0.26, 0.28)",0.11999999999999998,0.054775918454688544,0.05063784492290559,1.0817189897809245,0.0601580065221875,27366367.76565008,-0.12580394883430146,-0.1746993687881635,0.03628435864316745,0.0,61.0,22939589.09303463,23129650.887181263,19873773.373689342,25083202.371651735,0.5081967213114754,0.5409836065573771,-0.17490774037692405,-0.08074483146898408,0.0,0.0,0.0
0.26,0.07,0.1,0.28,0.29,"(0.26, 0.07, 0.1, 0.28, 0.29)",0.16000000000000003,0.054768843844468895,0.051394155418382825,1.0656628832328083,0.0601580065221875,27362200.992653005,-0.1285347169523624,-0.17914033053351855,0.03683466310240385,0.0,61.0,22930239.028755702,23136337.446141213,19802222.574232817,25098855.61688996,0.5081967213114754,0.4918032786885246,-0.17931703600967613,-0.08149976622828324,0.0,0.0,0.0
0.27,0.08,0.1,0.3,0.25,"(0.27, 0.08, 0.1, 0.3, 0.25)",0.19999999999999996,0.0547469248400938,0.051302283662082476,1.067144012549236,0.0601580065221875,27359879.70973127,-0.1287645945165765,-0.17917311982722664,0.03635528493086656,0.0,61.0,22880971.817324776,23089627.11738207,19769331.916442078,25094959.439551473,0.5081967213114754,0.4918032786885246,-0.17949633317656175,-0.07744315666717043,0.0,0.0,0.0
0.28,0.07,0.1,0.27,0.28,"(0.28, 0.07, 0.1, 0.27, 0.28)",0.13999999999999996,0.05473652819485797,0.05081947826518701,1.0770777281346917,0.0601580065221875,27355432.990820434,-0.12647588686033318,-0.17587337476538287,0.03640755103779197,0.0,61.0,22931049.656765282,23136578.08748426,19838141.68941371,25089451.342833444,0.5081967213114754,0.5409836065573771,-0.17606994741936793,-0.08068595912383766,0.0,0.0,0.0
0.25,0.07,0.1,0.29,0.29,"(0.25, 0.07, 0.1, 0.29, 0.29)",0.18,0.054728845625625855,0.051584535384941926,1.060954513154378,0.0601580065221875,27351117.411914166,-0.12920527732268028,-0.18032146920212047,0.03695785549702837,0.0,61.0,22921646.83494065,23143194.984310534,19766664.54242498,25105018.082399797,0.5081967213114754,0.47540983606557374,-0.18048586655515514,-0.08143994423945827,0.0,0.0,0.0
0.3,0.07,0.1,0.26,0.27,"(0.3, 0.07, 0.1, 0.26, 0.27)",0.11999999999999998,0.05470357298554851,0.050250379774702564,1.088620090650296,0.0601580065221875,27348507.805680893,-0.12441390142504072,-0.1726155919413161,0.03598043897318009,0.0,61.0,22931776.082236245,23136738.883533563,19874049.64951719,25079948.01855557,0.5081967213114754,0.5901639344262295,-0.17283128856601546,-0.07987190625248745,0.0,0.0,0.0
0.27,0.07,0.1,0.28,0.28,"(0.27, 0.07, 0.1, 0.28, 0.28)",0.15999999999999998,0.05469683025348515,0.05100630500389449,1.0723542952054432,0.0601580065221875,27344426.138099615,-0.12714768266091647,-0.17704985567858297,0.03653074343241649,0.0,61.0,22922489.626892395,23143468.53836141,19802546.003108982,25095655.901674777,0.5081967213114754,0.5409836065573771,-0.1772344729163717,-0.0806271031012827,0.0,0.0,0.0
0.29,0.07,0.1,0.27,0.27,"(0.29, 0.07, 0.1, 0.27, 0.27)",0.14,0.0546641753434125,0.05043355178647835,1.0838851004356274,0.0601580065221875,27337577.704626754,-0.12508693376736224,-0.17378741719338817,0.03610363136780461,0.0,61.0,22923248.247674946,23143662.22293973,19838416.42927235,25086194.61544485,0.5081967213114754,0.5409836065573771,-0.17399151017979822,-0.07981401446331582,0.0,0.0,0.0
0.26,0.07,0.1,0.29,0.28,"(0.26, 0.07, 0.1, 0.29, 0.28)",0.17999999999999994,0.05465682468258248,0.05119826828565324,1.0675522144153926,0.0601580065221875,27333347.299678378,-0.12781933588367445,-0.178228811607514,0.03665393582704101,0.0,61.0,22913909.023530807,23150322.20743941,19766986.354813345,25101816.015388083,0.5081967213114754,0.5245901639344263,-0.17840131653623903,-0.08056826325299074,0.0,0.0,0.0
0.28,0.07,0.1,0.28,0.27,"(0.28, 0.07, 0.1, 0.28, 0.27)",0.15999999999999998,0.054624470052152096,0.05062194554135456,1.0790669830642474,0.0601580065221875,27326575.57932557,-0.12575982338981584,-0.17496171723804332,0.036226823762429125,0.0,61.0,22914699.819344368,23147816.059203424,19802819.215175565,25092396.80639335,0.5081967213114754,0.5409836065573771,-0.1751540503481672,-0.07975613889635293,0.0,0.0,0.0
0.25,0.07,0.1,0.3,0.28,"(0.25, 0.07, 0.1, 0.3, 0.28)",0.19999999999999996,0.05461651153430247,0.05139531055499185,1.0626749978651069,0.0601580065221875,27322196.56830654,-0.1284908461764489,-0.17941024261926736,0.036777128221665525,0.0,61.0,22905307.866841864,23144208.002999548,19731462.78432249,25107931.651407875,0.5081967213114754,0.4918032786885246,-0.17957047793505362,-0.0805094394309353,0.0,0.0,0.0
0.3,0.07,0.1,0.27,0.26,"(0.3, 0.07, 0.1, 0.27, 0.26)",0.14,0.05459147606043935,0.050051185817252146,1.0907129405438025,0.0601580065221875,27319646.880987108,-0.12369715688020788,-0.17170379807298383,0.035799711697817246,0.0,61.0,22915406.489145316,23136124.95739074,19838640.877062846,25082878.56815518,0.5081967213114754,0.5901639344262295,-0.17191521521248213,-0.0789437727348049,0.0,0.0,0.0
0.27,0.07,0.1,0.29,0.27,"(0.27, 0.07, 0.1, 0.29, 0.27)",0.17999999999999994,0.05458445716377769,0.050815502961982555,1.0741693771016074,0.0601580065221875,27315501.521921985,-0.12643256994007102,-0.17613849215872546,0.03635001615705364,0.0,61.0,22906130.81731819,23132666.873813108,19767258.047237877,25098554.55862736,0.5081967213114754,0.5409836065573771,-0.17631890874255055,-0.07969827940105936,0.0,0.0,0.0
0.29,0.07,0.1,0.28,0.26,"(0.29, 0.07, 0.1, 0.28, 0.26)",0.16000000000000003,0.05455176345373691,0.05024115715121969,1.0857983085370193,0.0601580065221875,27308649.521529015,-0.12437114079830391,-0.1728759189849258,0.03592290409244177,0.0,61.0,22906869.673111994,23121028.46243021,19803042.23208808,25089078.38142879,0.5081967213114754,0.5737704918032787,-0.17307577175507363,-0.07888687583240288,0.0,0.0,0.0
0.26,0.07,0.1,0.3,0.27,"(0.26, 0.07, 0.1, 0.3, 0.27)",0.19999999999999996,0.054544136730439785,0.05101416527261389,1.0691959074300663,0.0601580065221875,27304355.625119254,-0.12710517306601876,-0.17731774202622722,0.03647320855167816,0.0,61.0,22897541.261716697,23117482.266609747,19731732.965227634,25104667.839595385,0.5081967213114754,0.5409836065573771,-0.17748608502216223,-0.07964043582720702,0.0,0.0,0.0
0.28,0.07,0.1,0.29,0.26,"(0.28, 0.07, 0.1, 0.29, 0.26)",0.17999999999999994,0.05451174328235031,0.0504363191397719,1.08080336178547,0.0601580065221875,27297580.28374229,-0.12504498114966411,-0.1740505146316764,0.03604609648706628,0.0,61.0,22898312.283202056,23105896.505708646,19767479.641299825,25095233.762492698,0.5081967213114754,0.5409836065573771,-0.17423864662587352,-0.07882999489833435,0.0,0.0,0.0
0.29,0.06,0.1,0.26,0.29,"(0.29, 0.06, 0.1, 0.26, 0.29)",0.12000000000000004,0.05449489747241487,0.05006987783661214,1.088376881011023,0.0601580065221875,27291537.252590086,-0.12275215379217719,-0.17074310824257383,0.036098362593991684,0.0,61.0,22947724.240005955,23190709.24524639,19835692.469488442,25088800.516809247,0.5081967213114754,0.5901639344262295,-0.17081030784494886,-0.0820749529279692,0.0,0.0,0.0
0.26,0.06,0.1,0.28,0.3,"(0.26, 0.06, 0.1, 0.28, 0.3)",0.16000000000000003,0.054488405219524916,0.0508238543153491,1.0721029712039982,0.0601580065221875,27287528.400962997,-0.12549114678036144,-0.17518770239660228,0.036648667053228084,0.0,61.0,22938474.08892487,23197482.112989727,19764364.263016306,25104552.613621525,0.5081967213114754,0.5409836065573771,-0.1752207299643198,-0.08282611469687708,0.0,0.0,0.0
0.3,0.07,0.1,0.28,0.25,"(0.3, 0.07, 0.1, 0.28, 0.25)",0.16000000000000003,0.054478710671226116,0.0498640216454246,1.092545464114705,0.0601580065221875,27290648.17030346,-0.12298163654916161,-0.17079246468237871,0.035618984422454404,0.0,61.0,22898999.255287003,23094213.65016817,19803215.0758032,25085700.67745495,0.5081967213114754,0.5901639344262295,-0.1709996405797098,-0.07801931610780748,0.0,0.0,0.0
0.27,0.07,0.1,0.3,0.26,"(0.27, 0.07, 0.1, 0.3, 0.26)",0.19999999999999996,0.05447141559842761,0.05063661176598614,1.0757318410276693,0.0601580065221875,27286439.260283303,-0.12571867758222743,-0.1752275850877232,0.0361692888816908,0.0,61.0,22889734.339494575,23090729.170973185,19731953.1444392,25101344.678809244,0.5081967213114754,0.5409836065573771,-0.17540383948721883,-0.07877312978016979,0.0,0.0,0.0
0.28,0.08,0.09,0.29,0.26,"(0.28, 0.08, 0.09, 0.29, 0.26)",0.15999999999999992,0.05445932740742476,0.04957906180691719,1.0984340046512675,0.0601580065221875,27297186.75990403,-0.12102514405466847,-0.16661001929960628,0.03572101079628515,0.0,61.0,22905789.294494297,23044933.16057553,19924205.55064891,24997698.68251925,0.5081967213114754,0.6229508196721312,-0.1669521378262792,-0.07656640765501517,0.0,0.0,0.0
0.28,0.06,0.1,0.27,0.29,"(0.28, 0.06, 0.1, 0.27, 0.29)",0.14,0.054455877243570816,0.05024664804665689,1.0837713431750793,0.0601580065221875,27280722.863513347,-0.12342618751873169,-0.17191639480684076,0.0362215549886162,0.0,61.0,22939240.507574365,23190105.618243594,19800166.260255974,25095100.456177823,0.5081967213114754,0.5901639344262295,-0.17197121189021775,-0.08201430427857882,0.0,0.0,0.0
0.25,0.06,0.1,0.29,0.3,"(0.25, 0.06, 0.1, 0.29, 0.3)",0.18,0.054448777281553395,0.05100954996685456,1.067423204418263,0.0601580065221875,27276565.566264853,-0.12616379908592024,-0.1763681515823967,0.0367718594478526,0.0,61.0,22929937.515405294,23186629.884762935,19728911.287434664,25110766.111038584,0.5081967213114754,0.5409836065573771,-0.17638828248800026,-0.08276451907900287,0.0,0.0,0.0
0.29,0.07,0.1,0.29,0.25,"(0.29, 0.07, 0.1, 0.29, 0.25)",0.18,0.054438683251158526,0.050060798202972316,1.0874513632490637,0.0601580065221875,27279583.7906318,-0.12365657117378115,-0.1719648827924006,0.03574217681707892,0.0,61.0,22890453.488173038,23079098.945768543,19767651.15890112,25091853.677649915,0.5081967213114754,0.5901639344262295,-0.17216053363059275,-0.07796341193897753,0.0,0.0,0.0
0.3,0.08,0.09,0.28,0.25,"(0.3, 0.08, 0.09, 0.28, 0.25)",0.14,0.054425829703060646,0.049005848389145776,1.1105986630590674,0.0601580065221875,27290149.595297176,-0.1189527973868788,-0.16338735374854485,0.035293898731673275,0.0,61.0,22906447.252844542,23045002.95283849,19960203.20217215,24988140.724293787,0.5081967213114754,0.6721311475409836,-0.16374480509549794,-0.0757507057658198,0.0,0.0,0.0
0.3,0.06,0.1,0.26,0.28,"(0.3, 0.06, 0.1, 0.26, 0.28)",0.11999999999999998,0.05442271010554478,0.04967502640925802,1.0955748600347381,0.0601580065221875,27273760.65037332,-0.12135806491840873,-0.16865428770419832,0.03579444292400433,0.0,61.0,22939922.719820417,23178352.985041693,19835956.973507546,25085549.31333921,0.5081967213114754,0.6065573770491803,-0.16873014381853202,-0.08120224771693721,0.0,0.0,0.0
0.27,0.08,0.09,0.3,0.26,"(0.27, 0.08, 0.09, 0.3, 0.26)",0.17999999999999994,0.05441923724554143,0.0497780774216824,1.0932370244945906,0.0601580065221875,27286097.8321857,-0.12170189663917874,-0.1677710362178706,0.03584420319090967,0.0,61.0,22897142.04278015,23051732.40599855,19888410.80495773,25003812.20370317,0.5081967213114754,0.6065573770491803,-0.168102801967406,-0.07651244173687118,0.0,0.0,0.0
0.27,0.06,0.1,0.28,0.29,"(0.27, 0.06, 0.1, 0.28, 0.29)",0.16000000000000003,0.05441654945573027,0.05042870570985211,1.0790788438795695,0.0601580065221875,27269836.53627345,-0.12410007848924831,-0.1730921683119728,0.036344747383240714,0.0,61.0,22930736.132843815,23175027.39231455,19764675.85355519,25101356.015915938,0.5081967213114754,0.5737704918032787,-0.1731344448011799,-0.08195367249800659,0.0,0.0,0.0
0.28,0.07,0.1,0.3,0.25,"(0.28, 0.07, 0.1, 0.3, 0.25)",0.19999999999999996,0.054398348350997106,0.050262730975116916,1.0822799974384116,0.0601580065221875,27268447.679189727,-0.12433136138495038,-0.17313977557267352,0.035865369211703434,0.0,61.0,22881887.167065296,23063948.90716876,19732123.343804467,25097962.219707455,0.5081967213114754,0.5737704918032787,-0.17332374477637125,-0.07790752347978536,0.0,0.0,0.0
0.29,0.08,0.09,0.29,0.25,"(0.29, 0.08, 0.09, 0.29, 0.25)",0.15999999999999998,0.0543860399106213,0.049201275367391564,1.1053786615187209,0.0601580065221875,27279137.33941102,-0.11963079344134664,-0.16454375411625993,0.03541709112629779,0.0,61.0,22897832.19311913,23051834.94892056,19924370.81524929,24994296.159187037,0.5081967213114754,0.639344262295082,-0.16489119853309314,-0.07569770326889369,0.0,0.0,0.0
0.29,0.06,0.1,0.27,0.28,"(0.29, 0.06, 0.1, 0.27, 0.28)",0.14,0.05438368248939707,0.04985334159010612,1.09087336484963,0.0601580065221875,27262950.853345577,-0.12203319566764692,-0.1698253876510244,0.03591763531862884,0.0,61.0,22931450.57495197,23163327.509148214,19800429.256133538,25091846.87979959,0.5081967213114754,0.6065573770491803,-0.16988905830543882,-0.08114257804738007,0.0,0.0,0.0
0.26,0.06,0.1,0.29,0.29,"(0.26, 0.06, 0.1, 0.29, 0.29)",0.18,0.05437691416069712,0.05061599377185091,1.0743030040227675,0.0601580065221875,27258878.36208786,-0.12477382635082945,-0.17427042886077074,0.036467939777865235,0.0,61.0,22922211.135785457,23159913.56050026,19729221.289521694,25107567.162992243,0.5081967213114754,0.5409836065573771,-0.1743000062673624,-0.08189305744286296,0.0,0.0,0.0
0.28,0.08,0.09,0.3,0.25,"(0.28, 0.08, 0.09, 0.3, 0.25)",0.17999999999999994,0.05434594258698455,0.04940195912624074,1.1000766679740384,0.0601580065221875,27268053.324183084,-0.12030864394614316,-0.16570261110605114,0.03554028352092231,0.0,61.0,22889196.638697803,23058630.300352734,19888574.7617841,25000407.320965555,0.5081967213114754,0.6229508196721312,-0.16603989576307768,-0.075644716352654,0.0,0.0,0.0
0.28,0.06,0.1,0.28,0.28,"(0.28, 0.06, 0.1, 0.28, 0.28)",0.15999999999999998,0.05434434734656324,0.050036974658087034,1.0860837953914955,0.0601580065221875,27252069.17156311,-0.12270818316559295,-0.17099897439478337,0.036040827713253364,0.0,61.0,22922957.78763828,23148266.38784059,19764937.34939972,25098100.0730006,0.5081967213114754,0.5901639344262295,-0.1710503017583361,-0.08108292514940496,0.0,0.0,0.0
0.25,0.06,0.1,0.3,0.29,"(0.25, 0.06, 0.1, 0.3, 0.29)",0.2,0.054336971410414936,0.050808454392435,1.0694474386236261,0.0601580065221875,27247848.432732645,-0.12544743075079645,-0.1754511765433494,0.03659113217248975,0.0,61.0,22913665.53641718,23144764.206497326,19693802.60804916,25113733.864597194,0.5081967213114754,0.5409836065573771,-0.17546789596604803,-0.08183245897005416,0.0,0.0,0.0
0.3,0.06,0.1,0.27,0.27,"(0.3, 0.06, 0.1, 0.27, 0.27)",0.14,0.05431114156825512,0.04946352167744562,1.0980039375768895,0.0601580065221875,27245103.509283867,-0.12063937797158708,-0.16773672271428236,0.03561371564864148,0.0,61.0,22923620.30943885,23136522.012216993,19800642.082383044,25088534.018371966,0.5081967213114754,0.6065573770491803,-0.1678090485996898,-0.08027255066680866,0.0,0.0,0.0
0.27,0.06,0.1,0.29,0.28,"(0.27, 0.06, 0.1, 0.29, 0.28)",0.17999999999999994,0.054304704728846076,0.05022586728433069,1.0812098957181748,0.0601580065221875,27241115.69619824,-0.12338302705939352,-0.17217504804197928,0.03616402010787788,0.0,61.0,22914444.3778094,23133169.70457847,19729481.2934147,25104308.85992482,0.5081967213114754,0.5901639344262295,-0.1722138738698831,-0.08102328887741268,0.0,0.0,0.0
0.29,0.06,0.1,0.28,0.27,"(0.29, 0.06, 0.1, 0.28, 0.27)",0.16000000000000003,0.054271799104664176,0.0496487420541281,1.0931152907257131,0.0601580065221875,27234226.51099194,-0.12131546247187153,-0.16890812443649356,0.035736908043266,0.0,61.0,22915139.12018343,23121478.019219104,19765148.772184346,25094784.835125603,0.5081967213114754,0.6065573770491803,-0.1689683043001294,-0.08021387486836562,0.0,0.0,0.0
0.26,0.06,0.1,0.3,0.28,"(0.26, 0.06, 0.1, 0.3, 0.28)",0.19999999999999996,0.05426475468818737,0.05041996035586773,1.0762554017334167,0.0601580065221875,27230090.51898119,-0.12405772699641959,-0.17335360868643948,0.03628721250250239,0.0,61.0,22905910.36544207,23118037.54295808,19694061.128045022,25110473.20777676,0.5081967213114754,0.5737704918032787,-0.1733797743204983,-0.08096366908609888,0.0,0.0,0.0
0.28,0.06,0.1,0.29,0.27,"(0.28, 0.06, 0.1, 0.29, 0.27)",0.17999999999999994,0.054232149198512714,0.049839251044477804,1.0881413356335266,0.0601580065221875,27223277.772656277,-0.12199140287263743,-0.17008201292039557,0.035860100437890514,0.0,61.0,22906637.308251295,23106398.508212302,19729691.320694,25100991.252078563,0.5081967213114754,0.5901639344262295,-0.17012988876168844,-0.08015521559570875,0.0,0.0,0.0
0.3,0.06,0.1,0.28,0.26,"(0.3, 0.06, 0.1, 0.28, 0.26)",0.16000000000000003,0.05419890494239299,0.04926409060807664,1.1001706166378986,0.0601580065221875,27216308.759114787,-0.11992191807410468,-0.1668196222186728,0.035432988373278636,0.0,61.0,22907280.197445657,23094662.47763153,19765310.143843733,25091410.35283144,0.5081967213114754,0.6229508196721312,-0.1668884558835071,-0.07934652385170136,0.0,0.0,0.0
0.27,0.06,0.1,0.3,0.27,"(0.27, 0.06, 0.1, 0.3, 0.27)",0.19999999999999996,0.054192191901740516,0.05003498823909657,1.083085932643341,0.0601580065221875,27212257.38596115,-0.12266719882130195,-0.17125838826352005,0.03598329283251503,0.0,61.0,22898114.8935781,23091283.56269235,19694269.767751608,25107153.236449324,0.5081967213114754,0.5901639344262295,-0.17129380166791855,-0.08009657270133475,0.0,0.0,0.0
0.29,0.06,0.1,0.29,0.26,"(0.29, 0.06, 0.1, 0.29, 0.26)",0.18,0.054159247781929265,0.04945622737477957,1.095094605003131,0.0601580065221875,27205364.79591713,-0.12059895545512644,-0.16799132728049407,0.03555618076790315,0.0,61.0,22898789.993976768,23079600.16241509,19729851.393239696,25097614.389986075,0.5081967213114754,0.6065573770491803,-0.16804805440150616,-0.07928883979036597,0.0,0.0,0.0
0.3,0.05,0.1,0.26,0.29,"(0.3, 0.05, 0.1, 0.26, 0.29)",0.12000000000000002,0.054138138307149974,0.049167136227077766,1.101104161469029,0.0601580065221875,27198280.22193772,-0.11855299201335012,-0.16502637338836987,0.03560844687482855,0.0,61.0,22947686.266809143,23178148.731173564,19797560.10234679,25090574.493584584,0.5081967213114754,0.6229508196721312,-0.16502637338836987,-0.08252593548959929,0.0,0.0,0.0
0.27,0.05,0.1,0.28,0.3,"(0.27, 0.05, 0.1, 0.28, 0.3)",0.16,0.054132558942017406,0.04991750217853779,1.0844404583467298,0.0601580065221875,27194512.80433569,-0.12104692848591425,-0.16911099014111794,0.03615875133406495,0.0,61.0,22938599.655150104,23174929.133411553,19726502.194875464,25106479.592856754,0.5081967213114754,0.6065573770491803,-0.16901706761436558,-0.08327359823013139,0.0,0.0,0.0
0.28,0.06,0.1,0.3,0.26,"(0.28, 0.06, 0.1, 0.3, 0.26)",0.19999999999999996,0.054119283263180495,0.04965361996013909,1.089936308906105,0.0601580065221875,27194349.23802756,-0.12127584788855605,-0.16916551906197,0.035679373162527665,0.0,61.0,22890279.1875902,23064502.456545327,19694428.548994534,25103774.001139663,0.5081967213114754,0.6065573770491803,-0.1692099814688104,-0.07923117200417941,0.0,0.0,0.0
0.29,0.05,0.1,0.27,0.29,"(0.29, 0.05, 0.1, 0.27, 0.29)",0.14000000000000004,0.054099480403349665,0.04934024365923938,1.0964575038781568,0.0601580065221875,27187590.45390777,-0.11897390283775056,-0.16583990813831778,0.035731639269453074,0.0,61.0,22939269.938011374,23163176.19018465,19762138.2710547,25096922.85437672,0.5081967213114754,0.6229508196721312,-0.16576930050690866,-0.08246450082024373,0.0,0.0,0.0
0.26,0.05,0.1,0.29,0.3,"(0.26, 0.05, 0.1, 0.29, 0.3)",0.17999999999999997,0.054093293610363746,0.05009976477317304,1.079711528692229,0.0601580065221875,27183675.024504,-0.12172277410482768,-0.1702885161729422,0.036281943728689474,0.0,61.0,22930130.39210817,23159868.18290383,19691153.09870504,25112741.60018271,0.5081967213114754,0.5901639344262295,-0.1701813107370908,-0.08321122083393154,0.0,0.0,0.0
0.3,0.06,0.1,0.29,0.25,"(0.3, 0.06, 0.1, 0.29, 0.25)",0.18,0.05408600069105218,0.049076880390642605,1.1020668033611334,0.0601580065221875,27187376.97082809,-0.11920568647496921,-0.16590299489684135,0.035252261097915794,0.0,61.0,22890902.501942467,23052774.857997883,19729961.53323141,25094178.32446989,0.5081967213114754,0.6229508196721312,-0.16596837424064884,-0.0784241636335825,0.0,0.0,0.0
0.28,0.07,0.09,0.3,0.26,"(0.28, 0.07, 0.09, 0.3, 0.26)",0.17999999999999994,0.05406835217393957,0.04875253551585242,1.1090367219230814,0.0601580065221875,27194303.346572146,-0.1172378964377706,-0.1617434659945228,0.03535428747174654,0.0,61.0,22897641.859693073,23119959.483494245,19850561.343751017,25006435.094002053,0.5081967213114754,0.6885245901639344,-0.16194304746040517,-0.07698184662906163,0.0,0.0,0.0
0.28,0.05,0.1,0.28,0.29,"(0.28, 0.05, 0.1, 0.28, 0.29)",0.16,0.05406051509590104,0.04951876159829844,1.0917178328175046,0.0601580065221875,27176828.943442658,-0.11965099133320434,-0.16701274245618097,0.03585483166407759,0.0,61.0,22930832.918701172,23148167.948774323,19726752.054993887,25103226.87568756,0.5081967213114754,0.6229508196721312,-0.1669292110828422,-0.08240308345678449,0.0,0.0,0.0
0.25,0.05,0.1,0.3,0.3,"(0.25, 0.05, 0.1, 0.3, 0.3)",0.19999999999999998,0.05405372094618932,0.050287290473887455,1.0748982583234952,0.0601580065221875,27172765.63011563,-0.12239847572948903,-0.17146854137569997,0.03640513612331399,0.0,61.0,22921640.478381366,23144771.654647652,19655839.689946886,25118959.195358355,0.5081967213114754,0.5901639344262295,-0.17134789252054733,-0.08314886056108856,0.0,0.0,0.0
0.29,0.06,0.1,0.3,0.25,"(0.29, 0.06, 0.1, 0.3, 0.25)",0.2,0.054046028984336525,0.04927593919414875,1.0968036300920307,0.0601580065221875,27176366.279927164,-0.11988367586483539,-0.16707500485925356,0.03537545349254031,0.0,61.0,22882403.31433437,23037694.415159915,19694537.493898306,25100335.552662436,0.5081967213114754,0.6229508196721312,-0.1671283171762611,-0.07836746916266903,0.0,0.0,0.0
0.3,0.07,0.09,0.29,0.25,"(0.3, 0.07, 0.09, 0.29, 0.25)",0.15999999999999998,0.05403460530341442,0.048174260485816967,1.1216488796817712,0.0601580065221875,27187226.484147325,-0.11515869980151383,-0.1585163596423564,0.03492717540713466,0.0,61.0,22898236.111717734,23119984.997555472,19886355.031717427,24996814.831779525,0.5081967213114754,0.8032786885245902,-0.15873312013616392,-0.0761698464312332,0.0,0.0,0.0
0.3,0.05,0.1,0.27,0.28,"(0.3, 0.05, 0.1, 0.27, 0.28)",0.13999999999999999,0.054027098014906016,0.04894333669162798,1.1038703461373862,0.0601580065221875,27169826.90061148,-0.11757603854970045,-0.16374619907558483,0.03542771959946571,0.0,61.0,22931451.312750563,23136370.61316271,19762339.557031352,25093613.253303498,0.5081967213114754,0.6721311475409836,-0.16368558302222752,-0.08159470350579338,0.0,0.0,0.0
0.27,0.05,0.1,0.29,0.29,"(0.27, 0.05, 0.1, 0.29, 0.29)",0.17999999999999997,0.05402124243639794,0.049702631745210814,1.0868889742765635,0.0601580065221875,27165995.78074395,-0.1203279356915572,-0.1681880756909601,0.0359780240587021,0.0,61.0,22922375.22866432,23133124.090148102,19691401.49436868,25109486.524257075,0.5081967213114754,0.6065573770491803,-0.16809146072463443,-0.08234168325854983,0.0,0.0,0.0
0.29,0.07,0.09,0.3,0.25,"(0.29, 0.07, 0.09, 0.3, 0.25)",0.18,0.053994871115817134,0.04837216996701674,1.1162383484684337,0.0601580065221875,27176267.604620498,-0.11583976394725448,-0.15967233956691665,0.03505036780175917,0.0,61.0,22889667.840748563,23126832.332320612,19850663.62124788,25002974.55246127,0.5081967213114754,0.7540983606557377,-0.15987856088578287,-0.07611603499817496,0.0,0.0,0.0
0.29,0.05,0.1,0.28,0.28,"(0.29, 0.05, 0.1, 0.28, 0.28)",0.16,0.05398812538143183,0.04912344407687677,1.099029727983689,0.0601580065221875,27159069.99179565,-0.11825422675668829,-0.16491684248096786,0.03555091199409023,0.0,61.0,22923025.87714124,23121379.44322807,19726951.96472407,25099914.89946336,0.5081967213114754,0.639344262295082,-0.16484350172186188,-0.08153426166150533,0.0,0.0,0.0
0.26,0.05,0.1,0.3,0.29,"(0.26, 0.05, 0.1, 0.3, 0.29)",0.19999999999999998,0.05398166247657499,0.04989179492527681,1.0819747527108132,0.0601580065221875,27155091.056570545,-0.12100473555966262,-0.16936590795964934,0.036101216453326625,0.0,61.0,22913896.887733497,23118044.697648495,19656086.629142214,25115701.76704679,0.5081967213114754,0.6065573770491803,-0.16925604913401562,-0.0822803000851553,0.0,0.0,0.0
0.28,0.05,0.1,0.29,0.28,"(0.28, 0.05, 0.1, 0.29, 0.28)",0.1799999999999999,0.05394884542812006,0.04930893484687068,1.0940987793725145,0.0601580065221875,27148241.484048564,-0.11893227033036813,-0.16608998466100047,0.035674104388714746,0.0,61.0,22914579.770663206,23106352.70006748,19691600.03574459,25106172.17932935,0.5081967213114754,0.6229508196721312,-0.16600375959011085,-0.08147383688537818,0.0,0.0,0.0
0.3,0.05,0.1,0.28,0.27,"(0.3, 0.05, 0.1, 0.28, 0.27)",0.16,0.05391539001034573,0.048731632919276305,1.106373556159226,0.0601580065221875,27141236.152908977,-0.11685663642562816,-0.1628232940154889,0.03524699232410287,0.0,61.0,22915178.597310215,23094563.807715423,19727101.94597817,25096543.71459055,0.5081967213114754,0.6721311475409836,-0.16275994300269314,-0.08066713503951,0.0,0.0,0.0
0.27,0.05,0.1,0.3,0.28,"(0.27, 0.05, 0.1, 0.3, 0.28)",0.19999999999999993,0.05390925820670245,0.04949974848205548,1.0890814571764034,0.0601580065221875,27137341.468083963,-0.11961016891763587,-0.1672656257363868,0.03579729678333926,0.0,61.0,22906113.013108052,23091290.466923483,19656283.810029287,25112385.05987695,0.5081967213114754,0.6229508196721312,-0.16716635633183788,-0.08141342903482293,0.0,0.0,0.0
0.29,0.05,0.1,0.29,0.27,"(0.29, 0.05, 0.1, 0.29, 0.27)",0.17999999999999997,0.05387610279713839,0.04891875703987142,1.1013383425344694,0.0601580065221875,27130412.337833807,-0.11753577968906126,-0.16399424688599196,0.03537018471872739,0.0,61.0,22906744.08484414,23079554.203437362,19691748.744690504,25102798.615798153,0.5081967213114754,0.6721311475409836,-0.16391821080657673,-0.08060768390543552,0.0,0.0,0.0
0.28,0.05,0.1,0.3,0.27,"(0.28, 0.05, 0.1, 0.3, 0.27)",0.19999999999999993,0.053836508348054535,0.04911123374511948,1.0962157584445664,0.0601580065221875,27119517.067972787,-0.11821477746975606,-0.16516769851176646,0.035493377113351904,0.0,61.0,22898288.92114385,23064509.153080467,19656431.254411362,25109009.12423976,0.5081967213114754,0.639344262295082,-0.16507881758886347,-0.08054824959692504,0.0,0.0,0.0
0.3,0.05,0.1,0.29,0.26,"(0.3, 0.05, 0.1, 0.29, 0.26)",0.17999999999999997,0.05380301475478588,0.04853218320021399,1.1086048722108313,0.0601580065221875,27112508.545907278,-0.11613846543898887,-0.1619008661589461,0.03506626504874002,0.0,61.0,22898868.238037355,23052728.7908309,19691847.643362712,25099365.88435181,0.5081967213114754,0.6885245901639344,-0.16183481783967898,-0.07974322648938724,0.0,0.0,0.0
0.29,0.05,0.1,0.3,0.26,"(0.29, 0.05, 0.1, 0.3, 0.26)",0.19999999999999998,0.05376341311183763,0.04872633519370098,1.1033748566994181,0.0601580065221875,27101618.059945516,-0.11681856288591641,-0.1630721300817134,0.03518945744336454,0.0,61.0,22890424.678570744,23037700.946525432,19656528.98438982,25105574.010815658,0.5081967213114754,0.6721311475409836,-0.1629934363725231,-0.07968476393797146,0.0,0.0,0.0
0.29,0.06,0.09,0.3,0.26,"(0.29, 0.06, 0.09, 0.3, 0.26)",0.18,0.05371372830623322,0.04778201218979964,1.1241411954957365,0.0601580065221875,27101865.88138192,-0.11275936033136913,-0.1556846945370891,0.03486437175258341,0.0,61.0,22897742.482906245,23146174.579228852,19812334.135251105,25008431.090886977,0.5081967213114754,0.8524590163934426,-0.1557606550016275,-0.07744680170052767,0.0,0.0,0.0
0.3,0.05,0.1,0.3,0.25,"(0.3, 0.05, 0.1, 0.3, 0.25)",0.19999999999999998,0.05368997270898235,0.048345139198374174,1.1105557580189556,0.0601580065221875,27083644.648099482,-0.11542152683955675,-0.1609789242322118,0.034885537773377176,0.0,61.0,22882520.352209028,23010866.037461415,19656577.022363577,25102079.77057431,0.5081967213114754,0.7213114754098361,-0.16091021614281853,-0.07882297420417911,0.0,0.0,0.0
0.3,0.06,0.09,0.3,0.25,"(0.3, 0.06, 0.09, 0.3, 0.25)",0.18,0.05364006175329039,0.047397661665755354,1.131702701528948,0.0601580065221875,27083839.828396402,-0.1113563397861076,-0.15361087965670517,0.034560452082596047,0.0,61.0,22889740.09809712,23119182.133014306,19812375.083596103,25004915.086782604,0.5081967213114754,0.8852459016393442,-0.15369460154911171,-0.07658291343199317,0.0,0.0,0.0
0.3,0.05,0.09,0.3,0.26,"(0.3, 0.05, 0.09, 0.3, 0.26)",0.17999999999999997,0.05335537161642945,0.046869925334313625,1.1383711673499894,0.0601580065221875,27008794.582830735,-0.11002415263386733,-0.15202374905910965,0.03437445603342028,0.0,61.0,22897444.02710869,23118791.472503822,19773731.87142435,25009800.54991504,0.5081967213114754,0.9016393442622951,-0.15202374905910965,-0.07790728740304563,0.0,0.0,0.0
0.26,0.1,0.1,0.29,0.25,"(0.26, 0.1, 0.1, 0.29, 0.25)",0.17999999999999994,0.05547425156291785,0.05331850479692883,1.040431493234844,0.0601580065221875,27552273.9163583,-0.13692250195421818,-0.18996182472468479,0.037752928988186635,0.0,61.0,22886710.302583173,22986743.494031098,19878442.576963503,25081102.987687964,0.4918032786885246,0.36065573770491804,-0.1905995765208101,-0.07801932223993518,0.0,0.0,0.0
0.25,0.1,0.1,0.3,0.25,"(0.25, 0.1, 0.1, 0.3, 0.25)",0.19999999999999996,0.05543282536984817,0.053527221144471504,1.035600656724424,0.0601580065221875,27540759.273053385,-0.13758774872277402,-0.19114507157675054,0.03793235688934815,0.0,61.0,22877943.266069196,22971516.769606497,19842606.692659307,25087064.42680161,0.4918032786885246,0.3442622950819672,-0.19177233576179586,-0.078173107784469,0.0,0.0,0.0
0.26,0.09,0.1,0.27,0.28,"(0.26, 0.09, 0.1, 0.27, 0.28)",0.13999999999999996,0.05543097936970498,0.05290766962177248,1.0476927025130987,0.0601580065221875,27538435.139471177,-0.13531791620619582,-0.1878752801108536,0.03758340517502215,0.0,61.0,22929046.919808254,22999242.037076686,19912424.09845474,25082771.49306077,0.4918032786885246,0.39344262295081966,-0.1883633059793386,-0.07975931859832133,0.0,0.0,0.0
0.25,0.1,0.09,0.3,0.26,"(0.25, 0.1, 0.09, 0.3, 0.26)",0.17999999999999994,0.055109767164118084,0.051981018302038925,1.0601902187429144,0.0601580065221875,27467721.428306688,-0.13058633456929614,-0.17973211481329404,0.037111405915771827,0.0,61.0,22894944.496965088,22984188.03141207,19962965.802307285,24996684.537348457,0.4918032786885246,0.47540983606557374,-0.18035374148685052,-0.07556036288631149,0.0,0.0,0.0
0.27,0.1,0.09,0.29,0.25,"(0.27, 0.1, 0.09, 0.29, 0.25)",0.15999999999999992,0.055077672486705254,0.05140868091472272,1.0713691055031873,0.0601580065221875,27460997.602967124,-0.12853136623098094,-0.17650466603433362,0.03648669778496698,0.0,61.0,22895826.841168806,22975518.707067773,19999257.866610125,24987378.027529374,0.4918032786885246,0.5245901639344263,-0.17713895380924125,-0.07474015327175831,0.0,0.0,0.0
0.26,0.1,0.09,0.3,0.25,"(0.26, 0.1, 0.09, 0.3, 0.25)",0.17999999999999994,0.05503684802995701,0.05161396873584863,1.066316917259862,0.0601580065221875,27449662.174991604,-0.12920281665332334,-0.17766913068510612,0.03666612568612849,0.0,61.0,22887057.06176715,22963740.46187215,19963254.159334265,24993391.54764081,0.4918032786885246,0.47540983606557374,-0.17829403635945046,-0.0746888391421785,0.0,0.0,0.0
0.3,0.09,0.09,0.27,0.25,"(0.3, 0.09, 0.09, 0.27, 0.25)",0.12000000000000001,0.05481372934342965,0.04988967568881564,1.0986988507467468,0.0601580065221875,27392600.543187633,-0.12273862005766656,-0.16822385788875074,0.03566062205621188,0.0,61.0,22914373.22122368,22997440.306051437,20033915.819444507,24978892.896452837,0.4918032786885246,0.6065573770491803,-0.16872958856591314,-0.07532548645649126,0.0,0.0,0.0
0.27,0.09,0.09,0.29,0.26,"(0.27, 0.09, 0.09, 0.29, 0.26)",0.15999999999999992,0.05480683111652751,0.05065380805738771,1.0819883680696756,0.0601580065221875,27388454.713481825,-0.12547782101434157,-0.17260344923431115,0.036210926515448286,0.0,61.0,22904957.36878938,22996756.235549144,19961778.565872993,24994497.3298827,0.4918032786885246,0.5573770491803278,-0.17308587864163186,-0.07609174384796247,0.0,0.0,0.0
0.29,0.09,0.09,0.28,0.25,"(0.29, 0.09, 0.09, 0.28, 0.25)",0.14,0.054773884017807584,0.05008250122795879,1.0936730928931682,0.0601580065221875,27381534.99652559,-0.12341355467138626,-0.16938065360435534,0.0357838144508364,0.0,61.0,22905711.406048696,22987463.54738407,19997942.659756396,24985043.91208749,0.4918032786885246,0.5901639344262295,-0.16987691285093046,-0.07527330161541514,0.0,0.0,0.0
0.26,0.09,0.09,0.3,0.26,"(0.26, 0.09, 0.09, 0.3, 0.26)",0.17999999999999994,0.05476637755897018,0.05085530952250536,1.0769057955440038,0.0601580065221875,27377240.22142214,-0.12615137221400585,-0.17376729023187587,0.0363341189100728,0.0,61.0,22896242.943040565,22986689.92859672,19925879.843785923,25000562.10775651,0.4918032786885246,0.5409836065573771,-0.17423975429098992,-0.07603860701291097,0.0,0.0,0.0
0.28,0.09,0.09,0.29,0.25,"(0.28, 0.09, 0.09, 0.29, 0.25)",0.15999999999999992,0.05473373095505285,0.05028051177600227,1.088567499051909,0.0601580065221875,27370397.40933806,-0.12408834511919609,-0.17053989403064176,0.03590700684546092,0.0,61.0,22897029.125770677,22983390.550641518,19962005.98255658,24991150.649614766,0.4918032786885246,0.5901639344262295,-0.17102653074617993,-0.07522113204014508,0.0,0.0,0.0
0.27,0.09,0.09,0.3,0.25,"(0.27, 0.09, 0.09, 0.3, 0.25)",0.17999999999999994,0.05469327020747761,0.05048364632195092,1.083385892110101,0.0601580065221875,27359187.874818403,-0.1247629910496455,-0.17170157923966337,0.036030199240085437,0.0,61.0,22888326.40086636,22990133.980959807,19926105.82788119,24997213.07674365,0.4918032786885246,0.5901639344262295,-0.1721784419141983,-0.07516897756435702,0.0,0.0,0.0
