Asset 1,Asset 2,Asset 3,Asset 4,Asset 5,weights_tuple,distance_l1,annualized_return,annualized_volatility,sharpe_zero_rf,required_annual_return,full_history_terminal_wealth,full_history_max_drawdown_pct_peak,full_history_max_drawdown_pct_initial,monthly_var_99_empirical,meets_return_goal_average,rolling_windows,rolling_mean_terminal_wealth,rolling_median_terminal_wealth,rolling_worst_terminal_wealth,rolling_best_terminal_wealth,rolling_target_hit_rate,rolling_drawdown_safe_rate,rolling_worst_drawdown_pct_initial,rolling_best_drawdown_pct_initial,meets_target_goal_99pct,meets_drawdown_goal_99pct,meets_all_goals_99pct
0.36,0.12,0.06,0.18,0.28,"(0.36, 0.12, 0.06, 0.18, 0.28)",0.17999999999999994,0.055176978202077676,0.047781474579139165,1.1547776348067604,0.0601580065221875,27532103.819012668,-0.11167670880178793,-0.14680415432621394,0.03448839244220992,0.0,61.0,23040790.217540175,23302719.40560656,20555713.706037816,24635735.62586153,0.6885245901639344,1.0,-0.1477246543077278,-0.07137558691510165,0.0,1.0,0.0
0.34,0.12,0.06,0.2,0.28,"(0.34, 0.12, 0.06, 0.2, 0.28)",0.13999999999999996,0.055104004552811725,0.04804774798562049,1.1468592569479634,0.0601580065221875,27511500.282848544,-0.11272170842376383,-0.14858211076593358,0.03473477723145896,0.0,61.0,23023322.994282335,23309060.659440216,20576552.447882477,24648803.99873933,0.6885245901639344,1.0,-0.14949137997976733,-0.07128286923823837,0.0,1.0,0.0
0.32,0.14,0.04,0.2,0.3,"(0.32, 0.14, 0.04, 0.2, 0.3)",0.12000000000000002,0.05509114007869753,0.04814559220835271,1.1442613446374816,0.0601580065221875,27534424.986733455,-0.11386163645296798,-0.14776329612016326,0.03535312660571777,0.0,61.0,23056617.23370567,23323888.093476392,20314145.419973023,24590983.127145562,0.6885245901639344,1.0,-0.1489329171777703,-0.06823866990781204,0.0,1.0,0.0
0.34,0.14,0.04,0.2,0.28,"(0.34, 0.14, 0.04, 0.2, 0.28)",0.16,0.05494520419870974,0.04734987059023872,1.1604087511495083,0.0601580065221875,27498246.723988526,-0.11114012570785181,-0.1440249161920173,0.03446256614643109,0.0,61.0,23039837.65692898,23328355.817770425,20350355.24980633,24558944.692252327,0.6885245901639344,1.0,-0.14518240086380538,-0.06644602366637128,0.0,1.0,0.0
0.32,0.1,0.06,0.18,0.34,"(0.32, 0.1, 0.06, 0.18, 0.34)",0.14000000000000007,0.05491158618377012,0.048067087060161065,1.1423947141844155,0.0601580065221875,27454984.25881644,-0.11260898509017936,-0.14887731059725623,0.035332079023807826,0.0,61.0,23089539.180155538,23367236.050485857,20682431.79375327,24660880.002875138,0.6885245901639344,1.0,-0.14955106544368837,-0.07776301911537266,0.0,1.0,0.0
0.32,0.14,0.04,0.22,0.28,"(0.32, 0.14, 0.04, 0.22, 0.28)",0.12,0.05487196039632147,0.04762381590258412,1.1521957944017682,0.0601580065221875,27477570.185920898,-0.11218656731796073,-0.14577747110161807,0.03482142194875411,0.0,61.0,23022005.690720137,23270853.376108836,20370944.17704227,24548221.763273414,0.6885245901639344,1.0,-0.1469268341329915,-0.06636555938018175,0.0,1.0,0.0
0.28,0.12,0.04,0.2,0.36,"(0.28, 0.12, 0.04, 0.2, 0.36)",0.15999999999999995,0.05483168109702796,0.048311334554430804,1.1349651505745695,0.0601580065221875,27458682.609814797,-0.11203490793967197,-0.1458659848353271,0.03573179058403484,0.0,61.0,23106123.671547767,23388564.03132614,20440448.260163385,24632015.050449904,0.6885245901639344,1.0,-0.14675820854211433,-0.07469788018900239,0.0,1.0,0.0
0.36,0.14,0.04,0.2,0.26,"(0.36, 0.14, 0.04, 0.2, 0.26)",0.19999999999999998,0.054797884531840424,0.04656865432640546,1.1767117887443188,0.0601580065221875,27461766.459908582,-0.1084141965758848,-0.1402908883332784,0.0335720056871444,0.0,61.0,23022897.648533165,23261956.399223432,20386462.2567323,24526700.381110147,0.6885245901639344,1.0,-0.14143551810580202,-0.06466055117694103,0.0,1.0,0.0
0.3,0.14,0.04,0.24,0.28,"(0.3, 0.14, 0.04, 0.24, 0.28)",0.07999999999999999,0.05479748302949794,0.04792106449687614,1.1434946949701015,0.0601580065221875,27456602.368226405,-0.1132330740930465,-0.14753783318640995,0.035180277751077134,0.0,61.0,23004092.521550786,23235722.32578077,20391418.6758306,24537309.97956492,0.6885245901639344,1.0,-0.14867864916915777,-0.06628516012715134,0.0,1.0,0.0
0.26,0.12,0.04,0.22,0.36,"(0.26, 0.12, 0.04, 0.22, 0.36)",0.15999999999999998,0.05476000129453551,0.048549449617398856,1.1279221850315468,0.0601580065221875,27438428.8243749,-0.1130791471232766,-0.14762804500618681,0.03609064638635786,0.0,61.0,23088373.498458717,23363327.457721118,20461299.654059596,24621478.97385334,0.6885245901639344,1.0,-0.14850888192739337,-0.07459774495110764,0.0,1.0,0.0
0.32,0.12,0.04,0.18,0.34,"(0.32, 0.12, 0.04, 0.18, 0.34)",0.16000000000000006,0.05475962915758337,0.04723186631671956,1.159378898779595,0.0601580065221875,27443388.632883754,-0.10864781054339157,-0.14086932583004444,0.03468190764224557,0.0,61.0,23107332.970621508,23376025.095782097,20456265.156414516,24610786.352870725,0.6885245901639344,1.0,-0.1417631005418342,-0.07298806834537949,0.0,1.0,0.0
0.34,0.14,0.04,0.22,0.26,"(0.34, 0.14, 0.04, 0.22, 0.26)",0.16000000000000003,0.054724611761998165,0.046847784839147096,1.1681365927950773,0.0601580065221875,27441107.658391703,-0.10946402434461344,-0.14203567175815648,0.033930861489467425,0.0,61.0,23005113.90617556,23242834.23131292,20407078.54431317,24515986.038279794,0.6885245901639344,1.0,-0.14317281466884746,-0.06458407760349019,0.0,1.0,0.0
0.3,0.12,0.04,0.2,0.34,"(0.3, 0.12, 0.04, 0.2, 0.34)",0.12000000000000002,0.05468915303826627,0.0474509009888634,1.1525419306811828,0.0601580065221875,27423442.774197444,-0.10930478455732473,-0.14210928893738303,0.03492829243149461,0.0,61.0,23089712.418129027,23347810.141895525,20477259.192455314,24600447.717452712,0.6885245901639344,1.0,-0.14299532890454184,-0.07289188281987152,0.0,1.0,0.0
0.32,0.14,0.04,0.24,0.26,"(0.32, 0.14, 0.04, 0.24, 0.26)",0.12000000000000002,0.0546501056866755,0.04715053878883534,1.1590558048854356,0.0601580065221875,27420158.01534303,-0.11051391517752163,-0.14378826364758507,0.03428971729179044,0.0,61.0,22987248.964801278,23213377.717735395,20427580.209365137,24505083.111622285,0.6885245901639344,1.0,-0.14491749615104021,-0.06450766828139995,0.0,1.0,0.0
0.28,0.12,0.04,0.22,0.34,"(0.28, 0.12, 0.04, 0.22, 0.34)",0.12,0.05461744341751573,0.04769391783790713,1.1451657966774493,0.0601580065221875,27403205.216565333,-0.11035241769171789,-0.14386353562271037,0.03520008592707117,0.0,61.0,23072010.077866554,23340072.779778283,20498138.848720945,24589919.54342924,0.6885245901639344,1.0,-0.14473883395496404,-0.07279576997473443,0.0,1.0,0.0
0.34,0.12,0.04,0.18,0.32,"(0.34, 0.12, 0.04, 0.18, 0.32)",0.16000000000000006,0.05461574580370576,0.04637899844405726,1.1775964905663872,0.0601580065221875,27407829.006331135,-0.10634124029944703,-0.13768253827690127,0.034074068302270846,0.0,61.0,23090712.367594983,23331895.598167084,20492945.49360064,24579003.642115235,0.6885245901639344,1.0,-0.1385722022533218,-0.07118516515614402,0.0,1.0,0.0
0.36,0.14,0.04,0.22,0.24,"(0.36, 0.14, 0.04, 0.22, 0.24)",0.2,0.054575881316770936,0.04608708249159783,1.184190414455519,0.0601580065221875,27404345.08326867,-0.10673706604152,-0.13829825807052187,0.033115311959196286,0.0,61.0,22988062.343059137,23202159.98165726,20443109.469899036,24483545.707389493,0.6885245901639344,1.0,-0.13942245914528953,-0.06280977215692402,0.0,1.0,0.0
0.3,0.14,0.04,0.26,0.26,"(0.3, 0.14, 0.04, 0.26, 0.26)",0.1,0.054574366716480194,0.04747646424281805,1.149503603245599,0.0601580065221875,27398918.233777262,-0.11156386670524887,-0.1455486676240195,0.03464857309411347,0.0,61.0,22969302.996947937,23227733.567283172,20447966.880157284,24493991.869153276,0.6885245901639344,1.0,-0.14666956349323296,-0.0644313215117053,0.0,1.0,0.0
0.32,0.12,0.04,0.2,0.32,"(0.32, 0.12, 0.04, 0.2, 0.32)",0.12000000000000002,0.05454523987859572,0.04660266181153415,1.1704318542829626,0.0601580065221875,27387899.233761217,-0.10681935061606329,-0.13868031470042944,0.03432045309151988,0.0,61.0,23073139.734522052,23317608.967150316,20513967.89165024,24568672.789076082,0.6885245901639344,1.0,-0.1395557748729419,-0.07109298792886982,0.0,1.0,0.0
0.26,0.12,0.04,0.24,0.34,"(0.26, 0.12, 0.04, 0.24, 0.34)",0.12000000000000002,0.05454450070044237,0.04796055231106936,1.137278410529343,0.0601580065221875,27382676.64056474,-0.11140011846776643,-0.14562564433771621,0.035558941729394195,0.0,61.0,23054226.121453382,23314369.755753174,20518903.747314356,24579202.090786356,0.6885245901639344,1.0,-0.14648976493607047,-0.07269972829871583,0.0,1.0,0.0
0.34,0.14,0.04,0.24,0.24,"(0.34, 0.14, 0.04, 0.24, 0.24)",0.16000000000000006,0.05450134679971752,0.046395423466994004,1.1747138559580155,0.0601580065221875,27383413.906816993,-0.10779034490882633,-0.1400430853915055,0.03339915683250377,0.0,61.0,22970245.717498202,23216372.88527296,20463638.20477027,24472651.78622509,0.6885245901639344,1.0,-0.1411600128407944,-0.06273733764983755,0.0,1.0,0.0
0.3,0.12,0.04,0.22,0.32,"(0.3, 0.12, 0.04, 0.22, 0.32)",0.08000000000000002,0.05447350070887658,0.0468506954521088,1.1627042071245213,0.0601580065221875,27367678.191503894,-0.10762125506479092,-0.14010331981460544,0.03456683788076892,0.0,61.0,23055485.31786132,23317545.683706526,20534875.713686854,24558152.665398534,0.6885245901639344,1.0,-0.14097235923050158,-0.0710008827140828,0.0,1.0,0.0
0.36,0.12,0.04,0.18,0.3,"(0.36, 0.12, 0.04, 0.18, 0.3)",0.16,0.05447047879022349,0.04553889461359148,1.1961308954119034,0.0601580065221875,27371967.027250633,-0.10403245834825126,-0.13450135313821937,0.033466228962296125,0.0,61.0,23073930.806334555,23294834.833461553,20529523.165669043,24547014.30434045,0.6885245901639344,1.0,-0.1353863118212221,-0.06938939760532437,0.0,1.0,0.0
0.24,0.12,0.04,0.26,0.34,"(0.24, 0.12, 0.04, 0.26, 0.34)",0.14000000000000004,0.05447032529439633,0.04825041287301358,1.1289089989292411,0.0601580065221875,27361857.735916153,-0.11244788450661969,-0.1473956188900473,0.03591779753171723,0.0,61.0,23036360.721204627,23295544.68141751,20539553.512137093,24568295.623554487,0.6885245901639344,1.0,-0.14824812297488169,-0.07260375628604823,0.0,1.0,0.0
0.28,0.12,0.04,0.24,0.32,"(0.28, 0.12, 0.04, 0.24, 0.32)",0.07999999999999999,0.05440052869963363,0.04712271454353985,1.1544438648450381,0.0601580065221875,27347166.55948492,-0.10867235168474887,-0.14185762182202025,0.03481322267001795,0.0,61.0,23037749.28854045,23276896.31881187,20555668.581365533,24547443.53082467,0.6885245901639344,1.0,-0.1427161306728499,-0.07090884796403389,0.0,1.0,0.0
0.34,0.12,0.04,0.2,0.3,"(0.34, 0.12, 0.04, 0.2, 0.3)",0.12000000000000002,0.05439994332634579,0.04576729505035289,1.1886204606694653,0.0601580065221875,27352053.624012414,-0.10451226389639967,-0.13549170127909113,0.03371261375154516,0.0,61.0,23056406.18139989,23320322.897354748,20550573.828103412,24536691.379239183,0.6885245901639344,1.0,-0.1363629417577953,-0.06930121385729168,0.0,1.0,0.0
0.32,0.12,0.04,0.22,0.3,"(0.32, 0.12, 0.04, 0.22, 0.3)",0.08000000000000002,0.05432817487491559,0.04602045909162564,1.1805222274456126,0.0601580065221875,27331849.38320576,-0.10499275804356734,-0.13648665152850994,0.03395899854079419,0.0,61.0,23038799.777456123,23257931.726908684,20571509.71878833,24526179.4527069,0.6885245901639344,1.0,-0.13734393558169694,-0.06921310144083326,0.0,1.0,0.0
0.26,0.12,0.04,0.26,0.32,"(0.26, 0.12, 0.04, 0.26, 0.32)",0.1,0.05432632425818906,0.047418306303971924,1.145682511516412,0.0601580065221875,27326365.026758652,-0.10972351145638615,-0.14361979105448763,0.035059607459266985,0.0,61.0,23019931.818184562,23284616.895030506,20576346.118142907,24536545.649134837,0.6885245901639344,1.0,-0.14446733240349383,-0.07081688213656946,0.0,1.0,0.0
0.3,0.12,0.04,0.24,0.3,"(0.3, 0.12, 0.04, 0.24, 0.3)",0.04,0.054255173840992876,0.046297980506298436,1.1718691236135437,0.0601580065221875,27311354.984096214,-0.10594015476870955,-0.13809392667704842,0.03420538333004323,0.0,61.0,23021111.764739547,23272136.089182436,20592330.458932422,24515478.784238964,0.6885245901639344,1.0,-0.13894610016234799,-0.06912505877192919,0.0,1.0,0.0
0.36,0.12,0.04,0.2,0.28,"(0.36, 0.12, 0.04, 0.2, 0.28)",0.15999999999999995,0.05425326508539596,0.04494551845926818,1.2070895374043336,0.0601580065221875,27315907.5867845,-0.10220296869415124,-0.13230872107530758,0.033104774411570434,0.0,61.0,23039512.32081378,23258542.780707378,20587076.473690525,24504504.604087166,0.6885245901639344,1.0,-0.1331751445032327,-0.06751657860538302,0.0,1.0,0.0
0.24,0.12,0.04,0.28,0.32,"(0.24, 0.12, 0.04, 0.28, 0.32)",0.14000000000000004,0.05425088779410259,0.047737032843509795,1.1364528660997077,0.0601580065221875,27305274.291469272,-0.11077473200236643,-0.14538983123032934,0.03538609287475356,0.0,61.0,23002033.079115283,23245176.627151243,20596907.94928805,24525459.288137432,0.6885245901639344,1.0,-0.14622596545515187,-0.07072498369519081,0.0,1.0,0.0
0.34,0.12,0.04,0.22,0.28,"(0.34, 0.12, 0.04, 0.22, 0.28)",0.12,0.05418146761749121,0.04520392428431693,1.1986009727099944,0.0601580065221875,27295720.432009082,-0.10268515875078388,-0.13329625228654346,0.03335115920081947,0.0,61.0,23021954.017046906,23274288.811120752,20608040.335377976,24494001.02052692,0.6885245901639344,1.0,-0.13414920616371662,-0.06743244408664004,0.0,1.0,0.0
0.28,0.12,0.04,0.26,0.3,"(0.28, 0.12, 0.04, 0.26, 0.3)",0.05999999999999996,0.054180940631874286,0.046599424117674024,1.1626954980184998,0.0601580065221875,27290571.11506315,-0.10699471227300295,-0.1398482960711873,0.034451768119292264,0.0,61.0,23003342.31418583,23246702.661839377,20613035.671549343,24504589.637362972,0.6885245901639344,1.0,-0.14069015123717674,-0.06903708427226626,0.0,1.0,0.0
0.32,0.12,0.04,0.24,0.28,"(0.32, 0.12, 0.04, 0.24, 0.28)",0.07999999999999999,0.054108437824361255,0.04548706296313015,1.1895346566609328,0.0601580065221875,27275243.55322539,-0.10320352678382949,-0.1343345871777694,0.03359754399006851,0.0,61.0,23004314.10879283,23239206.106031854,20628888.8508474,24483308.965222742,0.6885245901639344,1.0,-0.13517969823752385,-0.06734837858568193,0.0,1.0,0.0
0.36,0.12,0.04,0.22,0.26,"(0.36, 0.12, 0.04, 0.22, 0.26)",0.15999999999999998,0.054033380634052275,0.04440184693727338,1.2169174113496988,0.0601580065221875,27259292.984482862,-0.10037535419630728,-0.1301115170518402,0.03274331986084475,0.0,61.0,23004948.59839603,23245921.01120044,20644467.036340628,24462904.834956646,0.6885245901639344,1.0,-0.1309595406020592,-0.06565892824433102,0.0,1.0,0.0
0.36,0.04,0.08,0.18,0.34,"(0.36, 0.04, 0.08, 0.18, 0.34)",0.26000000000000006,0.053594896246153434,0.04595794736328121,1.166172540790494,0.0601580065221875,27083100.669629056,-0.10923412728102044,-0.14808885307521455,0.03449574321917477,0.0,61.0,23067137.526855953,23285199.170563407,20279187.426873926,24861807.213709228,0.6885245901639344,1.0,-0.14808885307521455,-0.08428406059826786,0.0,1.0,0.0
0.32,0.06,0.06,0.2,0.36,"(0.32, 0.06, 0.06, 0.2, 0.36)",0.18,0.05354886324503649,0.04549493839478993,1.177029030798048,0.0601580065221875,27094655.571268275,-0.1058859337915139,-0.14105632172133628,0.03452058966514582,0.0,61.0,23084065.61339829,23406874.26296117,20526637.718223266,24686939.937417153,0.6885245901639344,1.0,-0.1412432946315557,-0.08137772100554697,0.0,1.0,0.0
0.3,0.06,0.06,0.22,0.36,"(0.3, 0.06, 0.06, 0.22, 0.36)",0.14,0.05347910700821479,0.04570875937506348,1.1699969051750383,0.0601580065221875,27075161.649191935,-0.10640489449055857,-0.14214214168090789,0.034715310249132166,0.0,61.0,23067147.239108395,23396489.61380869,20453917.709774695,24700443.14026983,0.6885245901639344,1.0,-0.1423094311128652,-0.08125901609092019,0.0,1.0,0.0
0.36,0.06,0.06,0.18,0.34,"(0.36, 0.06, 0.06, 0.18, 0.34)",0.22000000000000003,0.053474314171612525,0.04440064180273322,1.2043590362768304,0.0601580065221875,27078873.03238596,-0.10273364434886378,-0.136235089429203,0.03373549724960325,0.0,61.0,23084614.4817111,23397077.173933882,20600171.195355993,24666935.586837415,0.6885245901639344,1.0,-0.1364515484263129,-0.07971154836000088,0.0,1.0,0.0
0.28,0.06,0.06,0.24,0.36,"(0.28, 0.06, 0.06, 0.24, 0.36)",0.13999999999999996,0.05340812031968745,0.04594752368570959,1.1623721157425122,0.0601580065221875,27055379.620188355,-0.10692469907617808,-0.14323333326352677,0.03491003083311852,0.0,61.0,23050146.03273653,23388641.812423356,20381340.427285757,24713772.95109289,0.6885245901639344,1.0,-0.14338065662480354,-0.08114039010311001,0.0,1.0,0.0
0.34,0.06,0.06,0.2,0.34,"(0.34, 0.06, 0.06, 0.2, 0.34)",0.18000000000000005,0.05340575873117559,0.044593643647145305,1.1976092187881668,0.0601580065221875,27059683.006213814,-0.10325367976806865,-0.13730641204558375,0.033930217833589606,0.0,61.0,23067826.277774822,23393381.17815018,20527302.14647193,24680602.582828205,0.6885245901639344,1.0,-0.137504066597161,-0.07959671123148253,0.0,1.0,0.0
0.32,0.06,0.06,0.22,0.34,"(0.32, 0.06, 0.06, 0.22, 0.34)",0.14000000000000007,0.05333597269398238,0.04481241011307262,1.1902054042485717,0.0601580065221875,27040204.63893907,-0.1037745610121118,-0.13838309058651266,0.03412493841757595,0.0,61.0,23050955.083619267,23400189.012557067,20454575.53999872,24694096.518195067,0.6885245901639344,1.0,-0.13856166216127844,-0.0794819536986051,0.0,1.0,0.0
0.36,0.06,0.06,0.2,0.32,"(0.36, 0.06, 0.06, 0.2, 0.32)",0.18,0.05326127485855703,0.04370370479664124,1.2186901569646862,0.0601580065221875,27024412.057399143,-0.10061777191289656,-0.13356421359587958,0.03333984600203338,0.0,61.0,23051426.299528442,23411408.39045519,20527759.08752055,24674033.095572773,0.6885245901639344,1.0,-0.13377182510491398,-0.07782266615819497,0.0,1.0,0.0
0.36,0.04,0.06,0.18,0.36,"(0.36, 0.04, 0.06, 0.18, 0.36)",0.26,0.052877137741000446,0.04388467299293702,1.2049112853025181,0.0601580065221875,26922041.88369602,-0.1004326342920675,-0.13361395559046688,0.03375635785352088,0.0,61.0,23096140.46444073,23429575.070910703,20516244.931182925,24672802.889682975,0.6885245901639344,1.0,-0.13361445078970513,-0.08243439494974435,0.0,1.0,0.0
0.34,0.04,0.06,0.2,0.36,"(0.34, 0.04, 0.06, 0.2, 0.36)",0.22000000000000003,0.05281004986507987,0.04404838643467023,1.1989099746798757,0.0601580065221875,26903317.983983487,-0.10095461595311084,-0.1346835636910763,0.03395107843750723,0.0,61.0,23079580.53237683,23431590.11291568,20443825.98403462,24686666.416131407,0.6885245901639344,1.0,-0.1346835636910763,-0.08231239881137882,0.0,1.0,0.0
0.32,0.04,0.06,0.22,0.36,"(0.32, 0.04, 0.06, 0.22, 0.36)",0.18000000000000002,0.05274173240808522,0.0442384352851537,1.1922151420618894,0.0601580065221875,26884307.02245501,-0.1014774432214155,-0.1357585630233437,0.034145799021493575,0.0,61.0,23062937.242621448,23416924.33969775,20371547.86913801,24700357.1910098,0.6885245901639344,1.0,-0.1357585630233437,-0.08219048599153694,0.0,1.0,0.0
0.3,0.04,0.06,0.24,0.36,"(0.3, 0.04, 0.06, 0.24, 0.36)",0.14,0.05267218576581367,0.04445448178349505,1.18485659156575,0.0601580065221875,26865009.63988495,-0.10200111466312711,-0.1368389645134161,0.03434051960547992,0.0,61.0,23046210.754177406,23407192.095636543,20299410.93791313,24713874.927616004,0.6885245901639344,1.0,-0.1368389645134161,-0.08206865530398363,0.0,1.0,0.0
0.36,0.04,0.06,0.2,0.34,"(0.36, 0.04, 0.06, 0.2, 0.34)",0.22000000000000003,0.05266620813366574,0.04313358458565543,1.2210023497833864,0.0601580065221875,26868388.595372688,-0.0983148856521262,-0.13093035583397974,0.03336070660595101,0.0,61.0,23063230.327234834,23419778.413480394,20444235.76992498,24680111.81481059,0.6885245901639344,1.0,-0.13093035583397974,-0.08053959537284221,0.0,1.0,0.0
0.28,0.04,0.06,0.26,0.36,"(0.28, 0.04, 0.06, 0.26, 0.36)",0.15999999999999998,0.05260141033629928,0.044696148939020706,1.1768667230830956,0.0601580065221875,26845426.48607486,-0.10252562884135885,-0.13792477901879885,0.03453524018946627,0.0,61.0,23029401.22678175,23372915.626439575,20227415.537841786,24727219.3426729,0.6885245901639344,1.0,-0.13792477901879885,-0.08194690556665324,0.0,1.0,0.0
0.34,0.04,0.06,0.22,0.34,"(0.34, 0.04, 0.06, 0.22, 0.34)",0.18000000000000008,0.05259786109630116,0.043328313035940966,1.2139374328437638,0.0601580065221875,26849392.841933183,-0.09883963828268749,-0.1319961882358396,0.033555427189937356,0.0,61.0,23046634.174829923,23390925.496998448,20371952.06703895,24693793.245453205,0.6885245901639344,1.0,-0.1319961882358396,-0.08042160202779952,0.0,1.0,0.0
0.26,0.04,0.06,0.28,0.36,"(0.26, 0.04, 0.06, 0.28, 0.36)",0.2,0.05252940651980964,0.04496302363608144,1.168280117123983,0.0601580065221875,26825558.219817214,-0.10305098431620918,-0.1390160173277853,0.03472996077345262,0.0,61.0,23012508.82090505,23338505.09470174,20155562.01247607,24740390.156337928,0.6885245901639344,1.0,-0.1390160173277853,-0.08182523560171057,0.0,1.0,0.0
0.32,0.04,0.06,0.24,0.34,"(0.32, 0.04, 0.06, 0.24, 0.34)",0.14000000000000007,0.05252828512628094,0.043549538310443205,1.2061731803408033,0.0601580065221875,26830111.088148654,-0.09936523559458588,-0.13306741773644296,0.033750147773923704,0.0,61.0,23029954.827686198,23356857.192215867,20299809.611314025,24707301.687195674,0.6885245901639344,1.0,-0.13306741773644296,-0.08030369025286908,0.0,1.0,0.0
0.3,0.04,0.06,0.26,0.34,"(0.3, 0.04, 0.06, 0.26, 0.34)",0.12000000000000005,0.05245748062161537,0.04379685889130288,1.1977452709977863,0.0601580065221875,26810543.983204316,-0.09989167615018957,-0.13414405525739986,0.03394486835791005,0.0,61.0,23013192.444862057,23322654.385393027,20227808.749804694,24720636.856981214,0.6885245901639344,1.0,-0.13414405525739986,-0.08018585883003639,0.0,1.0,0.0
0.36,0.04,0.06,0.22,0.32,"(0.36, 0.04, 0.06, 0.22, 0.32)",0.18000000000000002,0.05245261446862948,0.04242951083435654,1.236229535461835,0.0601580065221875,26814183.836297628,-0.09619817898113814,-0.12824155017075045,0.03296505535838113,0.0,61.0,23030171.256114166,23340391.67619475,20372150.79481181,24686997.783196945,0.6885245901639344,1.0,-0.12824155017075045,-0.07865965112724094,0.0,1.0,0.0
0.34,0.04,0.06,0.24,0.32,"(0.34, 0.04, 0.06, 0.24, 0.32)",0.14000000000000007,0.05238300942772267,0.04265607516529099,1.2280316279624908,0.0601580065221875,26794917.98306774,-0.09672570400279146,-0.1293036255073061,0.03315977594236748,0.0,61.0,23013539.13036202,23306396.947896272,20300003.59494841,24700496.84031312,0.6885245901639344,1.0,-0.1293036255073061,-0.07854564393101694,0.0,1.0,0.0
0.3,0.04,0.04,0.3,0.32,"(0.3, 0.04, 0.04, 0.3, 0.32)",0.14,0.051291902696764646,0.04064771640450687,1.261864312039866,0.0601580065221875,26538600.832455043,-0.08678583094673087,-0.1145943962827004,0.03241418049711641,0.0,61.0,22973142.77967963,23353704.24309786,20317390.404303253,24542730.231628615,0.6885245901639344,1.0,-0.1145943962827004,-0.07229442246179221,0.0,1.0,0.0
0.34,0.04,0.04,0.28,0.3,"(0.34, 0.04, 0.04, 0.28, 0.3)",0.14000000000000007,0.05121446943856944,0.039487365573080496,1.2969836983372627,0.0601580065221875,26522434.8207054,-0.08358653084852119,-0.10986912755429745,0.031629088081573845,0.0,61.0,22973044.105933394,23347922.17246591,20389440.73212359,24522213.761374425,0.6885245901639344,1.0,-0.10987432424769902,-0.06999106051320417,0.0,1.0,0.0
0.34,0.14,0.04,0.18,0.3,"(0.34, 0.14, 0.04, 0.18, 0.3)",0.16000000000000006,0.05516312041349036,0.04790011712317306,1.1516280904207563,0.0601580065221875,27554826.56053489,-0.11281864665717345,-0.14601076636378177,0.034994270803394754,0.0,61.0,23074415.954751406,23363785.27394688,20293470.088321242,24601525.105169337,0.6721311475409836,1.0,-0.14718871910118683,-0.06834332698777545,0.0,1.0,0.0
0.36,0.14,0.04,0.18,0.28,"(0.36, 0.14, 0.04, 0.18, 0.28)",0.19999999999999998,0.055017214028266315,0.047099635177792525,1.1681027638661399,0.0601580065221875,27518631.287841186,-0.11009375163356883,-0.14228016474618782,0.03410371034410807,0.0,61.0,23057588.24764252,23326662.61145595,20329652.267222214,24569478.5022562,0.6721311475409836,1.0,-0.14344534832671657,-0.06652655465490309,0.0,1.0,0.0
0.3,0.12,0.04,0.18,0.36,"(0.3, 0.12, 0.04, 0.18, 0.36)",0.16,0.054902127141491563,0.04809681922838139,1.1414918496126754,0.0601580065221875,27478644.26992712,-0.11099074088862326,-0.1441117814610617,0.035372934781711815,0.0,61.0,23123792.05307985,23391640.87989672,20419482.68322872,24642361.321721118,0.6721311475409836,1.0,-0.14501495668876088,-0.074798088761899,0.0,1.0,0.0
0.34,0.1,0.06,0.18,0.32,"(0.34, 0.1, 0.06, 0.18, 0.32)",0.14000000000000007,0.05476862110854919,0.04721147699729987,1.1600700632958703,0.0601580065221875,27419626.06503496,-0.10998616763068925,-0.14515114640915622,0.034724239683833105,0.0,61.0,23073318.41938553,23346745.60560879,20719669.102609526,24654757.554058585,0.6721311475409836,1.0,-0.14582521232942616,-0.07596883581614867,0.0,1.0,0.0
0.32,0.1,0.06,0.2,0.32,"(0.32, 0.1, 0.06, 0.2, 0.32)",0.10000000000000002,0.05469715272715581,0.04745105176931808,1.1527068565953908,0.0601580065221875,27399479.690091897,-0.11050038279087382,-0.1462346792151514,0.03497062447308214,0.0,61.0,23056029.114363886,23339153.22846599,20689786.256863512,24668036.265811156,0.6721311475409836,1.0,-0.14689174475114028,-0.07586466395475301,0.0,1.0,0.0
0.3,0.1,0.06,0.22,0.32,"(0.3, 0.1, 0.06, 0.22, 0.32)",0.06000000000000001,0.0546244514887988,0.04771440089681628,1.1448210699936419,0.0601580065221875,27379042.11751857,-0.11120823938256152,-0.14757935171121256,0.03521700926233118,0.0,61.0,23038657.58045879,23355834.35732008,20616178.72745544,24681141.30081913,0.6721311475409836,1.0,-0.14822402904130375,-0.07576056417852703,0.0,1.0,0.0
0.36,0.1,0.06,0.18,0.3,"(0.36, 0.1, 0.06, 0.18, 0.3)",0.14,0.054624270472168446,0.04636830153374796,1.1780520024528307,0.0601580065221875,27383964.262794722,-0.10735970088239244,-0.14143267588554964,0.034116400343858384,0.0,61.0,23056936.082200002,23334119.335151277,20756802.878586914,24648402.091568433,0.6721311475409836,1.0,-0.14210635373159147,-0.07418168298190397,0.0,1.0,0.0
0.34,0.1,0.06,0.2,0.3,"(0.34, 0.1, 0.06, 0.2, 0.3)",0.10000000000000002,0.054552772112428594,0.046612830028055705,1.170338125352911,0.0601580065221875,27363834.272086445,-0.10787583007091295,-0.14250715943497688,0.034362785133107414,0.0,61.0,23039694.196469128,23350940.158950724,20690549.12537878,24661671.461364444,0.6721311475409836,1.0,-0.14316440876093775,-0.07408148574406198,0.0,1.0,0.0
0.32,0.1,0.06,0.22,0.3,"(0.32, 0.1, 0.06, 0.22, 0.3)",0.06000000000000001,0.054480041153200265,0.046881504290113354,1.1620796298699259,0.0601580065221875,27343413.5139373,-0.10839280549202956,-0.14358692747510637,0.03460916992235645,0.0,61.0,23022370.085113972,23363918.518772602,20616934.53453763,24674767.203501232,0.6721311475409836,1.0,-0.14422748328318924,-0.07398135992518275,0.0,1.0,0.0
0.32,0.14,0.04,0.26,0.24,"(0.32, 0.14, 0.04, 0.26, 0.24)",0.14000000000000004,0.054425579646955935,0.046727234563536064,1.1647507102726624,0.0601580065221875,27362193.032052163,-0.10884368236958564,-0.14179572613946909,0.033758012634826785,0.0,61.0,22952348.069109824,23180247.74160297,20484051.751377154,24474205.724676125,0.6721311475409836,1.0,-0.14290495560066133,-0.06266496486551046,0.0,1.0,0.0
0.36,0.1,0.06,0.2,0.28,"(0.36, 0.1, 0.06, 0.2, 0.28)",0.13999999999999996,0.054407007914465844,0.04578784399242715,1.1882413140803096,0.0601580065221875,27327887.171576,-0.10524763150567984,-0.13878736727039598,0.03375494579313269,0.0,61.0,23023198.344786197,23362520.95293712,20691102.42463243,24655073.95205912,0.6721311475409836,1.0,-0.13944409798821392,-0.07230534157663397,0.0,1.0,0.0
0.32,0.08,0.06,0.18,0.36,"(0.32, 0.08, 0.06, 0.18, 0.36)",0.18000000000000002,0.054342746803504705,0.04699905027397246,1.1562520197051533,0.0601580065221875,27303217.293482367,-0.11029969986541965,-0.14630856131866346,0.034960086925456296,0.0,61.0,23104053.949872345,23399718.403532133,20681215.28201882,24671253.46369643,0.6721311475409836,1.0,-0.14673903968462865,-0.08053972728050914,0.0,1.0,0.0
0.3,0.08,0.06,0.2,0.36,"(0.3, 0.08, 0.06, 0.2, 0.36)",0.13999999999999999,0.05427278149150383,0.047209654315812095,1.149611923197795,0.0601580065221875,27283527.29496412,-0.1108139521878223,-0.1473997128664042,0.035206471714705326,0.0,61.0,23086943.904695336,23383630.55630993,20607913.690038484,24684740.961357784,0.6721311475409836,1.0,-0.1478113996004599,-0.0804242194166587,0.0,1.0,0.0
0.28,0.08,0.06,0.22,0.36,"(0.28, 0.08, 0.06, 0.22, 0.36)",0.13999999999999996,0.05420158406528097,0.04744444308621641,1.1424221792799936,0.0601580065221875,27263546.87011008,-0.11132904953616685,-0.14849619467252287,0.03545285650395436,0.0,61.0,23069751.2399057,23373695.025473204,20534756.014898937,24698055.010477327,0.6721311475409836,1.0,-0.14888881365358725,-0.08030878839897303,0.0,1.0,0.0
0.34,0.08,0.06,0.18,0.34,"(0.34, 0.08, 0.06, 0.18, 0.34)",0.18000000000000008,0.054200417028672065,0.04611089286664633,1.175436294096946,0.0601580065221875,27268193.31241729,-0.10767302203085993,-0.1425711895790371,0.03435224758548157,0.0,61.0,23087880.350975607,23382456.662330978,20682144.99758278,24665144.163227122,0.6721311475409836,1.0,-0.14300721607211397,-0.07874661185542495,0.0,1.0,0.0
0.32,0.1,0.04,0.18,0.36,"(0.32, 0.1, 0.04, 0.18, 0.36)",0.16000000000000003,0.0541967398311729,0.04601934678530047,1.1776946788059246,0.0601580065221875,27293082.480767976,-0.10399042851690665,-0.13493264779084962,0.03430991554389403,0.0,61.0,23122044.76328811,23442679.728178382,20655791.268768102,24586026.378851775,0.6721311475409836,1.0,-0.1355870719019932,-0.07582149705027189,0.0,1.0,0.0
0.32,0.08,0.06,0.2,0.34,"(0.32, 0.08, 0.06, 0.2, 0.34)",0.14000000000000004,0.05413042143288593,0.046326158455826306,1.1684634175851485,0.0601580065221875,27248518.78686822,-0.10818918956023116,-0.14365323047122255,0.034598632374730605,0.0,61.0,23070817.518326625,23364974.52651778,20608835.711779438,24678622.419976346,0.6721311475409836,1.0,-0.14407105123962793,-0.07863507983421286,0.0,1.0,0.0
0.26,0.08,0.06,0.24,0.36,"(0.26, 0.08, 0.06, 0.24, 0.36)",0.13999999999999999,0.0541291549273184,0.04770305948347179,1.134710341714521,0.0601580065221875,27243276.69143467,-0.11184499047946328,-0.14959801712545773,0.0356992412932034,0.0,61.0,23052476.120568093,23359816.955622584,20461742.606151395,24711195.33136414,0.6721311475409836,1.0,-0.14997129040961504,-0.08019343294868783,0.0,1.0,0.0
0.3,0.1,0.04,0.2,0.36,"(0.3, 0.1, 0.04, 0.2, 0.36)",0.12,0.05412773562003115,0.046214054680446044,1.1712397017380412,0.0601580065221875,27273606.740791332,-0.1043437555457386,-0.1357435628452663,0.03455630033314307,0.0,61.0,23104651.456244957,23414594.49820132,20677134.695595924,24575899.32033573,0.6721311475409836,1.0,-0.13638572282816097,-0.0757177925987521,0.0,1.0,0.0
0.26,0.12,0.04,0.28,0.3,"(0.26, 0.12, 0.04, 0.28, 0.3)",0.1,0.054105475657093116,0.04692432889680785,1.1530367493603895,0.0601580065221875,27269498.4735611,-0.10804932843992576,-0.14161053784744462,0.0346981529085413,0.0,61.0,22985491.59742863,23252474.095278006,20633624.98146768,24514775.792587265,0.6721311475409836,1.0,-0.14244163691615128,-0.06894917636930363,0.0,1.0,0.0
0.3,0.08,0.06,0.22,0.34,"(0.3, 0.08, 0.06, 0.22, 0.34)",0.10000000000000003,0.05405919397842229,0.046566022578367026,1.1609149973555255,0.0601580065221875,27228554.2584461,-0.10870620261854125,-0.1447405966616132,0.03484501716397964,0.0,61.0,23053672.069245283,23371647.6428633,20535670.41288144,24691927.27539887,0.6721311475409836,1.0,-0.1451399377772512,-0.078523624057729,0.0,1.0,0.0
0.28,0.1,0.04,0.22,0.36,"(0.28, 0.1, 0.04, 0.22, 0.36)",0.11999999999999997,0.05405749890570766,0.046433612896784555,1.1641889470429523,0.0601580065221875,27253840.49157512,-0.10486246694039236,-0.1367979355437824,0.0348026851223921,0.0,61.0,23087175.967059027,23386357.895785034,20698363.03513146,24565582.8608427,0.6721311475409836,1.0,-0.13742437648774664,-0.0756141651004112,0.0,1.0,0.0
0.36,0.08,0.06,0.18,0.32,"(0.36, 0.08, 0.06, 0.18, 0.32)",0.18000000000000002,0.05405670381805594,0.04523422686753701,1.1950398528166402,0.0601580065221875,27232867.37969902,-0.10504269090846274,-0.13884150338467355,0.03374440824550685,0.0,61.0,23071545.31953711,23368778.926048372,20682865.206907332,24658802.130030893,0.6721311475409836,1.0,-0.13928236773427016,-0.0769604922454798,0.0,1.0,0.0
0.34,0.1,0.04,0.18,0.34,"(0.34, 0.1, 0.04, 0.18, 0.34)",0.1600000000000001,0.05405349506070145,0.045130561617883896,1.1977137691830022,0.0601580065221875,27257857.05323722,-0.10132954912038428,-0.1312433000372907,0.03370207620391931,0.0,61.0,23105471.401141997,23398437.464590177,20692869.16730159,24554303.176368408,0.6721311475409836,1.0,-0.13189552880267572,-0.07401964390376396,0.0,1.0,0.0
0.3,0.12,0.04,0.26,0.28,"(0.3, 0.12, 0.04, 0.26, 0.28)",0.05999999999999996,0.054034176113278765,0.04579447574217815,1.1799278239910407,0.0601580065221875,27254477.638129175,-0.10426148601790652,-0.13608116227101805,0.03384392877931754,0.0,61.0,22986592.766297895,23241336.315925293,20649621.642670605,24495484.803554337,0.6721311475409836,1.0,-0.13691660434931538,-0.06726438048826593,0.0,1.0,0.0
0.28,0.08,0.06,0.24,0.34,"(0.28, 0.08, 0.06, 0.24, 0.34)",0.1,0.05398673506773588,0.04683010725423673,1.1528210852613772,0.0601580065221875,27208300.39903439,-0.10922405977407068,-0.1458332986024883,0.03509140195322868,0.0,61.0,23036444.168113954,23378162.37826297,20462649.45000075,24705058.45002261,0.6721311475409836,1.0,-0.14621388431087282,-0.07841224321076212,0.0,1.0,0.0
0.34,0.08,0.06,0.2,0.32,"(0.34, 0.08, 0.06, 0.2, 0.32)",0.14000000000000004,0.05398667820548719,0.04545428009517593,1.1877138542827084,0.0601580065221875,27213208.608235046,-0.10556077548210308,-0.1399144513450536,0.033990793034755884,0.0,61.0,23054529.785607144,23375499.697972815,20609549.02489101,24672271.057420034,0.6721311475409836,1.0,-0.14033769501385962,-0.07685292163110276,0.0,1.0,0.0
0.26,0.1,0.04,0.24,0.36,"(0.26, 0.1, 0.04, 0.24, 0.36)",0.12,0.053986030089982595,0.04667767076953696,1.1565707799887748,0.0601580065221875,27233784.398387022,-0.10538202407517128,-0.13785754691443014,0.03504906991164113,0.0,61.0,23069618.465031493,23370539.6816179,20719475.903769158,24555077.25559286,0.6721311475409836,1.0,-0.13846800884072483,-0.07551061312887342,0.0,1.0,0.0
0.32,0.1,0.04,0.2,0.34,"(0.32, 0.1, 0.04, 0.2, 0.34)",0.12000000000000005,0.053984461003871775,0.0453297247483264,1.1909284978807402,0.0601580065221875,27238396.773173083,-0.10178002269918596,-0.1321839801213613,0.033948460993168346,0.0,61.0,23088125.891208265,23370398.750857197,20714241.57780641,24544183.66295631,0.6721311475409836,1.0,-0.13281239721852356,-0.07391993436420978,0.0,1.0,0.0
0.34,0.12,0.04,0.24,0.26,"(0.34, 0.12, 0.04, 0.24, 0.26)",0.12000000000000002,0.053960322345181444,0.04469071402542669,1.2074168766800377,0.0601580065221875,27238833.911925875,-0.10085992806656707,-0.13109624580783458,0.032989704650093786,0.0,61.0,22987356.880813286,23229875.020390976,20665343.229475833,24475809.0035675,0.6721311475409836,1.0,-0.13193104995553445,-0.06557882493076929,0.0,1.0,0.0
0.28,0.12,0.04,0.28,0.28,"(0.28, 0.12, 0.04, 0.28, 0.28)",0.09999999999999995,0.053958682893750165,0.04612567728684088,1.1698187661982353,0.0601580065221875,27233423.383476485,-0.10531950180186078,-0.13783561116919169,0.03409031356856658,0.0,61.0,22968790.160508316,23224800.807576742,20670238.33523772,24508052.749112725,0.6721311475409836,1.0,-0.13866094834189013,-0.06718044818602917,0.0,1.0,0.0
0.32,0.08,0.06,0.22,0.32,"(0.32, 0.08, 0.06, 0.22, 0.32)",0.10000000000000003,0.05391542099001767,0.045699352980291465,1.179785215192642,0.0601580065221875,27193260.26022064,-0.1060797060890275,-0.14099271964801455,0.03423717782400492,0.0,61.0,23037431.63882843,23362448.016909264,20536376.89787331,24685566.63212054,0.6721311475409836,1.0,-0.14139807090606188,-0.0767454266467198,0.0,1.0,0.0
0.3,0.1,0.04,0.22,0.34,"(0.3, 0.1, 0.04, 0.22, 0.34)",0.08000000000000004,0.05391419469899139,0.045554179662816045,1.1835180678931043,0.0601580065221875,27218646.409272537,-0.10226238557033118,-0.133174254514765,0.03419484578241738,0.0,61.0,23070698.203646243,23361914.35669192,20735498.703199215,24533875.01579458,0.6721311475409836,1.0,-0.13378764823256328,-0.07382030116210754,0.0,1.0,0.0
0.24,0.1,0.04,0.26,0.36,"(0.24, 0.1, 0.04, 0.26, 0.36)",0.14,0.05391332957687367,0.04694584620038072,1.1484153325675157,0.0601580065221875,27213439.135615878,-0.10592244235506565,-0.13895177615893714,0.035295454700890176,0.0,61.0,23051979.120166,23329433.127009332,20710849.370350506,24544382.763849586,0.6721311475409836,1.0,-0.1395309979908839,-0.07540713526285833,0.0,1.0,0.0
0.26,0.08,0.06,0.26,0.34,"(0.26, 0.08, 0.06, 0.26, 0.34)",0.12000000000000002,0.053913045105520085,0.047118005234701006,1.1442132330724124,0.0601580065221875,27187757.88960809,-0.1097427595920909,-0.14693134667706903,0.035337786742477714,0.0,61.0,23019133.98003528,23365460.010952745,20389773.168258935,24718015.66782689,0.6721311475409836,1.0,-0.14729289939525889,-0.0783009359828985,0.0,1.0,0.0
0.36,0.1,0.04,0.18,0.32,"(0.36, 0.1, 0.04, 0.18, 0.32)",0.16000000000000003,0.0539088687426581,0.04425349738027507,1.2181832382515076,0.0601580065221875,27222330.901326966,-0.09898035266378746,-0.12801431890798567,0.03309423686394459,0.0,61.0,23088737.220041506,23354043.10748559,20729843.94471284,24522373.879601903,0.6721311475409836,1.0,-0.12865683387793642,-0.07222489109062714,0.0,1.0,0.0
0.32,0.12,0.04,0.26,0.26,"(0.32, 0.12, 0.04, 0.26, 0.26)",0.1,0.053886032395841,0.045004208846990676,1.1973553980039409,0.0601580065221875,27218086.239478447,-0.10152383175802016,-0.13231841790537618,0.03323608943934282,0.0,61.0,22969683.732985877,23215541.7343727,20686103.503355533,24488540.598197684,0.6721311475409836,1.0,-0.1331467165593592,-0.06549878824290467,0.0,1.0,0.0
0.28,0.1,0.04,0.24,0.34,"(0.28, 0.1, 0.04, 0.24, 0.34)",0.08000000000000002,0.053842696547815594,0.045803554544651646,1.1755134963450704,0.0601580065221875,27198606.626175113,-0.10274640260179413,-0.1341705710169079,0.03444123057166641,0.0,61.0,23053188.507065963,23313868.80258053,20756640.159417007,24523377.48986561,0.6721311475409836,1.0,-0.13478074241226332,-0.0737207428345467,0.0,1.0,0.0
0.36,0.08,0.06,0.2,0.3,"(0.36, 0.08, 0.06, 0.2, 0.3)",0.13999999999999999,0.05384155350684594,0.04459470064601413,1.2073531771012862,0.0601580065221875,27177598.38106807,-0.10292871155722438,-0.1361833918646903,0.03338295369478116,0.0,61.0,23038081.259082135,23345620.079727873,20610053.80507938,24665687.26684429,0.6721311475409836,1.0,-0.13661134484733536,-0.07507776292735276,0.0,1.0,0.0
0.34,0.1,0.04,0.2,0.32,"(0.34, 0.1, 0.04, 0.2, 0.32)",0.12000000000000005,0.05383980510383557,0.04445723975407538,1.2110469611172856,0.0601580065221875,27202886.358301383,-0.09946372875419518,-0.12899251858690217,0.033340621653193625,0.0,61.0,23071439.594104245,23339130.80640606,20751245.24007039,24512262.054463916,0.6721311475409836,1.0,-0.12962074865588566,-0.07212916177894754,0.0,1.0,0.0
0.24,0.08,0.06,0.28,0.34,"(0.24, 0.08, 0.06, 0.28, 0.34)",0.16000000000000006,0.05383812449870451,0.04742928287810154,1.1351241518256643,0.0601580065221875,27166927.42019517,-0.1102623006348783,-0.1480347511989524,0.03558417153172675,0.0,61.0,23001741.670830984,23351864.671383638,20317041.908795707,24730798.656251054,0.6721311475409836,1.0,-0.14837699151355938,-0.07818970106858388,0.0,1.0,0.0
0.36,0.12,0.04,0.24,0.24,"(0.36, 0.12, 0.04, 0.24, 0.24)",0.16,0.05381082909452539,0.04390972635115938,1.225487689542492,0.0601580065221875,27202127.71138559,-0.0985496180535732,-0.127909795656429,0.032381865310119065,0.0,61.0,22970240.642268695,23206657.40082986,20701693.068726987,24468644.257157102,0.6721311475409836,1.0,-0.12873955468180528,-0.06381641499606913,0.0,1.0,0.0
0.26,0.1,0.04,0.26,0.34,"(0.26, 0.1, 0.04, 0.26, 0.34)",0.10000000000000003,0.05376996695433589,0.04607744478893445,1.1669476725681804,0.0601580065221875,27178278.09762624,-0.10331841432869016,-0.13529903406701196,0.034687615360915455,0.0,61.0,23035596.970781557,23326253.374425933,20711730.759823296,24520720.432669498,0.6721311475409836,1.0,-0.13587832148970932,-0.0736212579238247,0.0,1.0,0.0
0.32,0.1,0.04,0.22,0.32,"(0.32, 0.1, 0.04, 0.22, 0.32)",0.08000000000000004,0.053769509472330945,0.044686723843848024,1.203254677165897,0.0601580065221875,27183152.159697127,-0.09994779449844926,-0.1299753456439734,0.03358700644244266,0.0,61.0,23054059.79545214,23311894.38306899,20772531.052998297,24501961.364043828,0.6721311475409836,1.0,-0.13058904935504206,-0.07203350817577914,0.0,1.0,0.0
0.28,0.08,0.06,0.26,0.32,"(0.28, 0.08, 0.06, 0.26, 0.32)",0.07999999999999999,0.05376921336233176,0.046262926691352055,1.162252741186451,0.0601580065221875,27152497.528594803,-0.10712009966992497,-0.14316525927671334,0.034729947402502986,0.0,61.0,23002988.16224927,23335812.626234867,20390466.19953464,24711636.609900136,0.6721311475409836,1.0,-0.1435340032015209,-0.07653065816710165,0.0,1.0,0.0
0.3,0.1,0.04,0.24,0.32,"(0.3, 0.1, 0.04, 0.24, 0.32)",0.04000000000000003,0.0536979822498751,0.04494155531822412,1.1948403180452498,0.0601580065221875,27163128.969516363,-0.10043254878707919,-0.13096280765450227,0.03383339123169169,0.0,61.0,23036597.99200439,23308327.507174958,20786379.798895605,24501301.785866953,0.6721311475409836,1.0,-0.131561741974247,-0.07193792878190304,0.0,1.0,0.0
0.24,0.1,0.04,0.28,0.34,"(0.24, 0.1, 0.04, 0.28, 0.34)",0.14000000000000007,0.05369600632478089,0.04637541603920545,1.157854978150205,0.0601580065221875,27157661.506440382,-0.10402490834467482,-0.1366291209206372,0.034934000150164485,0.0,61.0,23017923.76481026,23269849.693576448,20637907.261697084,24533506.008018162,0.6721311475409836,1.0,-0.1371940738123413,-0.07352184497750551,0.0,1.0,0.0
0.36,0.1,0.04,0.2,0.3,"(0.36, 0.1, 0.04, 0.2, 0.3)",0.12,0.053693769613819775,0.0435973108389058,1.2315844390545299,0.0601580065221875,27167077.12139866,-0.09714522013213067,-0.12580667756806066,0.0327327823132189,0.0,61.0,23054593.124931213,23314275.817388624,20788145.149491798,24480135.60613087,0.6721311475409836,1.0,-0.12643411465040885,-0.07034549281866041,0.0,1.0,0.0
0.28,0.1,0.04,0.26,0.32,"(0.28, 0.1, 0.04, 0.26, 0.32)",0.05999999999999999,0.05362522384043533,0.045221305665862084,1.185839794999936,0.0601580065221875,27142817.460853063,-0.10091799050908667,-0.1319549121256299,0.034079776020940734,0.0,61.0,23019054.35238601,23271319.147103567,20712402.816662364,24514251.02996638,0.6721311475409836,1.0,-0.13253883244307235,-0.07184242210341928,0.0,1.0,0.0
0.34,0.1,0.04,0.22,0.3,"(0.34, 0.1, 0.04, 0.22, 0.3)",0.08000000000000004,0.05362344491761828,0.04383195656231964,1.223386978890099,0.0601580065221875,27147359.36661439,-0.0976309896985793,-0.1267820687502395,0.03297916710246794,0.0,61.0,23037261.300827164,23290159.377254352,20809459.551101387,24481498.669620384,0.6721311475409836,1.0,-0.12739547597395007,-0.07025380404881264,0.0,1.0,0.0
0.34,0.06,0.06,0.18,0.36,"(0.34, 0.06, 0.06, 0.18, 0.36)",0.22000000000000003,0.053617388631017615,0.04530641390204787,1.1834392531472036,0.0601580065221875,27113860.729826797,-0.10536781841147802,-0.1399758627278662,0.03432586908115947,0.0,61.0,23100900.993564535,23403542.46170914,20599500.102122646,24673263.625751592,0.6721311475409836,1.0,-0.14018223837437563,-0.08149650607937244,0.0,1.0,0.0
0.32,0.1,0.04,0.24,0.3,"(0.32, 0.1, 0.04, 0.24, 0.3)",0.04000000000000003,0.053551888886051335,0.044092383752272306,1.2145383018284088,0.0601580065221875,27127353.050703887,-0.09811744754136953,-0.12776209266879762,0.03322555189171697,0.0,61.0,23019847.47655064,23279195.650540557,20786848.521029968,24494611.124961343,0.6721311475409836,1.0,-0.12836122878995165,-0.0701621888102349,0.0,1.0,0.0
0.26,0.1,0.04,0.28,0.32,"(0.26, 0.1, 0.04, 0.28, 0.32)",0.10000000000000003,0.05355123465021383,0.0455255155161293,1.1762905711905907,0.0601580065221875,27122218.31585542,-0.10141952753409023,-0.13297414954274997,0.034326160810189764,0.0,61.0,23001429.045926835,23264375.353919752,20638572.762217134,24527027.58469633,0.6721311475409836,1.0,-0.13353906682225172,-0.0717469866518103,0.0,1.0,0.0
0.34,0.04,0.08,0.2,0.34,"(0.34, 0.04, 0.08, 0.2, 0.34)",0.22000000000000006,0.05352538493860104,0.046164825891382516,1.1594408492850505,0.0601580065221875,27063702.20126834,-0.10975053069894602,-0.14920301230922672,0.03469046380316112,0.0,61.0,23050629.65045055,23309979.10187925,20207398.578143064,24875476.730778147,0.6721311475409836,1.0,-0.14920301230922672,-0.08415778289187223,0.0,1.0,0.0
0.3,0.1,0.04,0.26,0.3,"(0.3, 0.1, 0.04, 0.26, 0.3)",0.02000000000000001,0.05347910192306227,0.04437813852578639,1.205077628300873,0.0601580065221875,27107058.84610098,-0.09860459254992915,-0.1287467568898023,0.03347193668096601,0.0,61.0,23002351.820037965,23253137.865280934,20712865.716775056,24507551.213907674,0.6721311475409836,1.0,-0.12933137908307876,-0.07007064557305827,0.0,1.0,0.0
0.34,0.08,0.04,0.18,0.36,"(0.34, 0.08, 0.04, 0.18, 0.36)",0.20000000000000004,0.05347640405642773,0.04417793008085536,1.2104778100412152,0.0601580065221875,27104970.223043516,-0.09895079585431354,-0.12858073799911493,0.03356562311158796,0.0,61.0,23118689.513814695,23278957.268323686,20893219.51024753,24527433.11154799,0.6721311475409836,1.0,-0.1290162203495486,-0.07682616792845665,0.0,1.0,0.0
0.24,0.1,0.04,0.3,0.32,"(0.24, 0.1, 0.04, 0.3, 0.32)",0.14,0.05347601508764743,0.045853698052316316,1.1662312388988672,0.0601580065221875,27101332.225687332,-0.1021289426912999,-0.13430157591717712,0.03457254559943879,0.0,61.0,22983722.242660366,23240961.402052376,20564889.97892646,24539631.18135338,0.6721311475409836,1.0,-0.1348524179608975,-0.07165162094399251,0.0,1.0,0.0
0.36,0.1,0.04,0.22,0.28,"(0.36, 0.1, 0.04, 0.22, 0.28)",0.11999999999999997,0.05347600272237618,0.042990634669731784,1.2438988894487473,0.0601580065221875,27111269.66001555,-0.0953119734461334,-0.12359444324738822,0.03237132776249322,0.0,61.0,23020303.27948607,23278611.78939216,20846283.665612794,24474587.369334243,0.6721311475409836,1.0,-0.12420694517788601,-0.06848120635159397,0.0,1.0,0.0
0.32,0.08,0.04,0.2,0.36,"(0.32, 0.08, 0.04, 0.2, 0.36)",0.16,0.05340883929377771,0.044350035204150935,1.2042569763006392,0.0601580065221875,27085976.979011804,-0.09937715592536334,-0.1294817009241815,0.033760343695574305,0.0,61.0,23101572.12607448,23320764.22254953,20850502.428241994,24517525.10021026,0.6721311475409836,1.0,-0.1299036912253048,-0.07671903421587373,0.0,1.0,0.0
0.28,0.1,0.04,0.28,0.3,"(0.28, 0.1, 0.04, 0.28, 0.3)",0.05999999999999999,0.05340508443482861,0.044688735026288146,1.195045785104749,0.0601580065221875,27086477.434279025,-0.09909242361216397,-0.12973606891082184,0.033718321470215036,0.0,61.0,22984774.499931872,23247876.191103555,20639029.905274116,24520318.664536733,0.6721311475409836,1.0,-0.13030593276839414,-0.06997917281290392,0.0,1.0,0.0
0.34,0.1,0.04,0.24,0.28,"(0.34, 0.1, 0.04, 0.24, 0.28)",0.08000000000000002,0.053404418141875576,0.04325679531050379,1.234590259369207,0.0601580065221875,27091280.498252198,-0.09580013578994118,-0.12456704057568643,0.03261771255174225,0.0,61.0,23002937.518777627,23250063.61918597,20787107.467001084,24487690.532275766,0.6721311475409836,1.0,-0.1251657691630452,-0.06839354042284687,0.0,1.0,0.0
0.3,0.08,0.04,0.22,0.36,"(0.3, 0.08, 0.04, 0.22, 0.36)",0.12,0.05334004328920039,0.044548229192298734,1.1973549623925688,0.0601580065221875,27066694.8816811,-0.09989975578922217,-0.13052547685487464,0.03395506427956066,0.0,61.0,23084372.17652582,23362727.411482282,20776691.89749953,24507428.110564858,0.6721311475409836,1.0,-0.13093115927388727,-0.07661198091629913,0.0,1.0,0.0
0.26,0.06,0.06,0.26,0.36,"(0.26, 0.06, 0.06, 0.26, 0.36)",0.15999999999999998,0.05333590358082563,0.04621084469331742,1.1541858612365632,0.0601580065221875,27035310.149915595,-0.10744534611291945,-0.14432990705718865,0.03510475141710486,0.0,61.0,23033062.157050844,23395147.98964401,20308906.217300054,24726929.090108663,0.6721311475409836,1.0,-0.14445697990289394,-0.08102184181416014,0.0,1.0,0.0
0.36,0.08,0.04,0.18,0.34,"(0.36, 0.08, 0.04, 0.18, 0.34)",0.20000000000000004,0.05333241974621261,0.04326798998284777,1.2326068247532314,0.0601580065221875,27069782.3089069,-0.09628203624871867,-0.12488805782231771,0.03297525128003174,0.0,61.0,23102003.949384745,23297772.91215358,20925106.46113384,24495566.614710093,0.6721311475409836,1.0,-0.12532581072723886,-0.07503255928037916,0.0,1.0,0.0
0.32,0.1,0.04,0.26,0.28,"(0.32, 0.1, 0.04, 0.26, 0.28)",0.05999999999999999,0.05333160288576044,0.04354869684551962,1.2246429112435615,0.0601580065221875,27071003.88039196,-0.09628898503237227,-0.12554427604364832,0.032864097340991286,0.0,61.0,22985489.93016974,23254437.356821474,20713119.641077492,24500621.381064843,0.6721311475409836,1.0,-0.12612899025364158,-0.06830594576917672,0.0,1.0,0.0
0.28,0.08,0.04,0.24,0.36,"(0.28, 0.08, 0.04, 0.24, 0.36)",0.11999999999999997,0.05327001644112861,0.0447721655820823,1.1898020957567244,0.0601580065221875,27047124.580469046,-0.10042320168468177,-0.13157452174237289,0.034149784863547,0.0,61.0,23067089.831442803,23334339.094948888,20703025.893574886,24517346.286144234,0.6721311475409836,1.0,-0.13196363182374277,-0.07650500665127982,0.0,1.0,0.0
0.3,0.06,0.06,0.24,0.34,"(0.3, 0.06, 0.06, 0.24, 0.34)",0.10000000000000005,0.05326495645914342,0.04505656591147967,1.1821796752950582,0.0601580065221875,27020438.58653601,-0.10429628664782509,-0.13946513577281477,0.0343196590015623,0.0,61.0,23034001.06060472,23406838.512631036,20381991.726011273,24707417.109941345,0.6721311475409836,1.0,-0.13962434398544207,-0.07936727449272904,0.0,1.0,0.0
0.34,0.08,0.04,0.2,0.34,"(0.34, 0.08, 0.04, 0.2, 0.34)",0.16000000000000006,0.05326482535913102,0.04344436506485282,1.226046813657385,0.0601580065221875,27050804.178075675,-0.09673013420828158,-0.12580913474359695,0.033169971864018086,0.0,61.0,23084934.319557734,23339835.984838475,20851145.166770514,24485666.052459076,0.6721311475409836,1.0,-0.1262341521028835,-0.07492939229779236,0.0,1.0,0.0
0.24,0.06,0.06,0.28,0.36,"(0.24, 0.06, 0.06, 0.28, 0.36)",0.2,0.05326245719523737,0.046498305204282754,1.145470936225254,0.0601580065221875,27014953.91306137,-0.10796683416233444,-0.14543187358038004,0.03529947200109121,0.0,61.0,23015895.77554505,23401495.685262498,20236615.422404703,24739911.280987415,0.6721311475409836,1.0,-0.14553840961117837,-0.08090337000059958,0.0,1.0,0.0
0.36,0.1,0.04,0.24,0.26,"(0.36, 0.1, 0.04, 0.24, 0.26)",0.12,0.05325557169854922,0.042435592386021036,1.2549741550466127,0.0601580065221875,27054912.946805984,-0.09348061580666212,-0.12137767073534615,0.03200987321176752,0.0,61.0,22985868.67811098,23246629.213381596,20787156.82363868,24480540.408969726,0.6721311475409836,1.0,-0.1219753801406595,-0.06663200078825239,0.0,1.0,0.0
0.26,0.08,0.04,0.26,0.36,"(0.26, 0.08, 0.04, 0.26, 0.36)",0.13999999999999999,0.05319875915023253,0.04502146024762948,1.1816311345217554,0.0601580065221875,27027266.733875908,-0.10094749218031351,-0.13262884622644303,0.03434450544753335,0.0,61.0,23049725.25781023,23298598.449130494,20629504.76977908,24530502.40780235,0.6721311475409836,1.0,-0.1330011176958051,-0.07639811004718704,0.0,1.0,0.0
0.32,0.08,0.04,0.22,0.34,"(0.32, 0.08, 0.04, 0.22, 0.34)",0.12000000000000005,0.05319599998380764,0.04364733370780239,1.218768604284718,0.0601580065221875,27031537.618300077,-0.09725466242627778,-0.1268439391017285,0.03336469244800444,0.0,61.0,23067782.133166343,23315114.21861085,20777328.109034397,24497581.17299952,0.6721311475409836,1.0,-0.12725322446537515,-0.07482630515094826,0.0,1.0,0.0
0.28,0.06,0.06,0.26,0.34,"(0.28, 0.06, 0.06, 0.26, 0.34)",0.12000000000000001,0.05319271042800455,0.045325700750330135,1.173566200796512,0.0601580065221875,27000385.514031686,-0.1048188552390158,-0.14055255825655327,0.03451437958554864,0.0,61.0,23016964.370819695,23403097.291241158,20309551.050620697,24720564.078508265,0.6721311475409836,1.0,-0.14069212086557784,-0.07925267234975658,0.0,1.0,0.0
0.34,0.06,0.06,0.22,0.32,"(0.34, 0.06, 0.06, 0.22, 0.32)",0.14000000000000007,0.05319145928288749,0.04392756129945641,1.2108903319325792,0.0601580065221875,27004949.52134343,-0.10114057554037537,-0.13463176849299607,0.03353456658601973,0.0,61.0,23034602.368635558,23402255.26754358,20455026.67199327,24687517.67434129,0.6721311475409836,1.0,-0.1348208966326962,-0.07771184162142976,0.0,1.0,0.0
0.3,0.08,0.04,0.24,0.34,"(0.3, 0.08, 0.04, 0.24, 0.34)",0.08000000000000004,0.05312594401865245,0.0438765268553926,1.2108055907374777,0.0601580065221875,27011983.27838371,-0.097780037177985,-0.12788400745786913,0.03355941303199078,0.0,61.0,23050547.55579442,23304942.55445628,20703655.64482206,24510900.37446104,0.6721311475409836,1.0,-0.12827729855864475,-0.07472329642505054,0.0,1.0,0.0
0.32,0.06,0.06,0.24,0.32,"(0.32, 0.06, 0.06, 0.24, 0.32)",0.10000000000000005,0.05312041376387455,0.04417726174926086,1.2024378981516057,0.0601580065221875,26985199.724787228,-0.10166422406597575,-0.1357046850623176,0.033729287170006075,0.0,61.0,23017695.61251417,23387219.626657657,20382437.113532566,24700828.95931677,0.6721311475409836,1.0,-0.1358750516595919,-0.07760109479881616,0.0,1.0,0.0
0.36,0.08,0.04,0.2,0.32,"(0.36, 0.08, 0.04, 0.2, 0.32)",0.16,0.053119433933771054,0.0425501729045548,1.248395254536906,0.0601580065221875,27015334.191530105,-0.09407944572015925,-0.12214419299633573,0.03257960003246187,0.0,61.0,23068136.487545874,23307821.682451125,20851577.399941202,24477432.59397206,0.6721311475409836,1.0,-0.122571528638729,-0.07314681855290238,0.0,1.0,0.0
0.34,0.08,0.04,0.22,0.32,"(0.34, 0.08, 0.04, 0.22, 0.32)",0.12000000000000005,0.05305057944633429,0.042758062169273706,1.2407152418721368,0.0601580065221875,26996083.441805933,-0.09460590413328163,-0.12317004338637905,0.03277432061644822,0.0,61.0,23051032.148125898,23311305.076628096,20777754.614570007,24490914.40853153,0.6721311475409836,1.0,-0.12358222202788542,-0.07304768292784919,0.0,1.0,0.0
0.36,0.06,0.06,0.22,0.3,"(0.36, 0.06, 0.06, 0.22, 0.3)",0.14,0.05304556845611197,0.043054921998922656,1.2320442354404755,0.0601580065221875,26969397.90652047,-0.09850293967669099,-0.13088819184396208,0.03294419475446351,0.0,61.0,23018089.644369975,23370933.70615816,20455271.28517184,24680707.004148845,0.6721311475409836,1.0,-0.13108714848929376,-0.07594869755045346,0.0,1.0,0.0
0.3,0.12,0.02,0.3,0.26,"(0.3, 0.12, 0.02, 0.3, 0.26)",0.13999999999999996,0.052867213895799514,0.042796381194499876,1.2353197261125883,0.0601580065221875,26978590.659704827,-0.09322680052182564,-0.11997768266740648,0.03209885619795237,0.0,61.0,22947672.01932004,23210368.149678465,20735978.201301042,24476464.00898127,0.6721311475409836,1.0,-0.1207443259513343,-0.061585223984434376,0.0,1.0,0.0
0.34,0.12,0.02,0.28,0.24,"(0.34, 0.12, 0.02, 0.28, 0.24)",0.18000000000000005,0.052790370394256936,0.04168087626460241,1.2665369619181757,0.0601580065221875,26962390.96803178,-0.09041586158760984,-0.11587777358799407,0.031244632068728614,0.0,61.0,22947988.846434496,23200357.014759663,20751352.34839451,24454480.595740378,0.6721311475409836,1.0,-0.1166497783399158,-0.059902016178698794,0.0,1.0,0.0
0.32,0.12,0.02,0.3,0.24,"(0.32, 0.12, 0.02, 0.3, 0.24)",0.18,0.05271600717821956,0.042019441633068165,1.2545622961523002,0.0601580065221875,26941796.576163474,-0.09090978683570039,-0.11682790480430051,0.03149101685797765,0.0,61.0,22930195.974656522,23177797.296377383,20772148.164248843,24443497.215721,0.6721311475409836,1.0,-0.11758856890477737,-0.05983455424153163,0.0,1.0,0.0
0.28,0.1,0.02,0.3,0.3,"(0.28, 0.1, 0.02, 0.3, 0.3)",0.09999999999999995,0.052456693494037365,0.04222824739791719,1.2422181058033839,0.0601580065221875,26867494.582138576,-0.09046217600198325,-0.11663267759792155,0.032334703439575556,0.0,61.0,22979911.902897302,23189688.28905356,20806374.65085874,24484447.477559675,0.6721311475409836,1.0,-0.11718165349053343,-0.06616453772376167,0.0,1.0,0.0
0.34,0.1,0.02,0.26,0.28,"(0.34, 0.1, 0.02, 0.26, 0.28)",0.1,0.05245200682651174,0.04080341853773323,1.285480695153187,0.0601580065221875,26871337.016889207,-0.08714713877136537,-0.11158816131543223,0.031234094521102766,0.0,61.0,22997791.01343633,23237413.004530665,20896452.04472901,24473119.77990089,0.6721311475409836,1.0,-0.11216019872255355,-0.06456574362770344,0.0,1.0,0.0
0.28,0.04,0.06,0.28,0.34,"(0.28, 0.04, 0.06, 0.28, 0.34)",0.16000000000000003,0.052385447982547184,0.0440698354389519,1.1886917085296258,0.0601580065221875,26790692.18526145,-0.1004189585088433,-0.13522611165129061,0.03413958894189639,0.0,61.0,22996347.186150916,23331683.461386856,20155949.825637087,24733798.475186132,0.6721311475409836,1.0,-0.13522611165129061,-0.08006810654562235,0.0,1.0,0.0
0.32,0.1,0.02,0.28,0.28,"(0.32, 0.1, 0.02, 0.28, 0.28)",0.1,0.05238037256761885,0.04108571513763201,1.2749047300783531,0.0601580065221875,26851476.167854182,-0.08764229731231021,-0.11252890864216081,0.0314804793103518,0.0,61.0,22980257.020869307,23191845.82173805,20880680.864273883,24462526.308604006,0.6721311475409836,1.0,-0.11308883559101882,-0.06448664747591917,0.0,1.0,0.0
0.24,0.06,0.04,0.3,0.36,"(0.24, 0.06, 0.04, 0.3, 0.36)",0.22,0.0523259598120176,0.04388460377431853,1.1923534750617708,0.0601580065221875,26799001.02644628,-0.0970480625888347,-0.1284088749147105,0.034164435387867446,0.0,61.0,23011443.078854106,23332308.845547885,20400895.962004147,24557758.111626387,0.6721311475409836,1.0,-0.12854165096329112,-0.07715018899676783,0.0,1.0,0.0
0.32,0.04,0.06,0.26,0.32,"(0.32, 0.04, 0.06, 0.26, 0.32)",0.12000000000000005,0.052312176105018926,0.042909219202297295,1.2191360522872952,0.0601580065221875,26775367.20155586,-0.09725407277669473,-0.13037110387371295,0.033354496526353826,0.0,61.0,22996823.972611956,23319824.823600546,20227998.05044312,24713822.676478717,0.6721311475409836,1.0,-0.13037110387371295,-0.07843171647598678,0.0,1.0,0.0
0.28,0.06,0.04,0.28,0.34,"(0.28, 0.06, 0.04, 0.28, 0.34)",0.14000000000000004,0.052253372271302556,0.04270351696809699,1.22363158777625,0.0601580065221875,26783879.56599062,-0.09387137069257678,-0.1236426475280306,0.03337934297232488,0.0,61.0,23012139.716339618,23334807.11142666,20474046.283742588,24538080.332522683,0.6721311475409836,1.0,-0.12380320830413906,-0.07549467828035024,0.0,1.0,0.0
0.36,0.04,0.06,0.24,0.3,"(0.36, 0.04, 0.06, 0.24, 0.3)",0.14,0.05223636033516854,0.04177482896436175,1.2504266715186687,0.0601580065221875,26759431.92275876,-0.09408252148665308,-0.12554760433622925,0.03256940411081126,0.0,61.0,22996964.2100492,23307641.420798153,20299993.071822595,24693460.7846429,0.6721311475409836,1.0,-0.12554760433622925,-0.0767945336069026,0.0,1.0,0.0
0.26,0.06,0.04,0.3,0.34,"(0.26, 0.06, 0.04, 0.3, 0.34)",0.18000000000000002,0.052181070482212544,0.04298926297337798,1.2138163549006826,0.0601580065221875,26763952.761304423,-0.09440317425644662,-0.12468791359305195,0.03357406355631123,0.0,61.0,22994933.76480051,23314638.504827186,20401253.666247465,24551070.179168705,0.6721311475409836,1.0,-0.12483112130546695,-0.07538852294582025,0.0,1.0,0.0
0.3,0.06,0.04,0.28,0.32,"(0.3, 0.06, 0.04, 0.28, 0.32)",0.10000000000000006,0.05210713838535441,0.04181349048690486,1.2461800672123586,0.0601580065221875,26748521.58561084,-0.0912208853096449,-0.11993840583750502,0.03278897114076866,0.0,61.0,22995423.681006517,23313847.883761823,20474203.147764087,24531171.89974416,0.6721311475409836,1.0,-0.12010807559447777,-0.07373606850952365,0.0,1.0,0.0
0.28,0.06,0.04,0.3,0.32,"(0.28, 0.06, 0.04, 0.3, 0.32)",0.13999999999999999,0.052034808700774926,0.04210596321900368,1.23580615957243,0.0601580065221875,26728611.92884914,-0.09175462595351291,-0.12097467289370774,0.03298369172475501,0.0,61.0,22978265.545935158,23311753.333154187,20401406.061817802,24544152.624065503,0.6721311475409836,1.0,-0.1211275855269995,-0.07363383400934624,0.0,1.0,0.0
0.34,0.06,0.04,0.26,0.3,"(0.34, 0.06, 0.04, 0.26, 0.3)",0.10000000000000006,0.052030663155469226,0.040663789640404874,1.2795330591561456,0.0601580065221875,26732481.295171443,-0.08803190367317626,-0.11521991425973425,0.03200387872522609,0.0,61.0,22995577.186711036,23302016.025981586,20547099.065524865,24510890.566125344,0.6721311475409836,1.0,-0.11541385894212955,-0.07208287213932288,0.0,1.0,0.0
0.32,0.06,0.04,0.28,0.3,"(0.32, 0.06, 0.04, 0.28, 0.3)",0.10000000000000006,0.05195953345105231,0.040936081114256,1.2692845049341421,0.0601580065221875,26712872.360157866,-0.08856673971670559,-0.1162418832255606,0.03219859930921244,0.0,61.0,22978549.21084993,23306280.99356713,20474154.10242911,24524034.32708083,0.6721311475409836,1.0,-0.11641993371840505,-0.07198446746055388,0.0,1.0,0.0
0.36,0.04,0.04,0.2,0.36,"(0.36, 0.04, 0.04, 0.2, 0.36)",0.24,0.05192638659508875,0.041443914811331785,1.2529315059032695,0.0601580065221875,26703351.49048817,-0.08943388162165766,-0.11687135142325651,0.03262132124029712,0.0,61.0,23090598.311938807,23354804.487831958,20680501.530552242,24489117.71949126,0.6721311475409836,1.0,-0.11690699050797357,-0.0781581667916456,0.0,1.0,0.0
0.36,0.06,0.04,0.26,0.28,"(0.36, 0.06, 0.04, 0.26, 0.28)",0.13999999999999999,0.0518817164717269,0.039793188875763434,1.3037838368195254,0.0601580065221875,26696525.162103407,-0.08537215922987651,-0.11154008547775096,0.03141350689366987,0.0,61.0,22978496.863910563,23300477.625864103,20546847.257959187,24503533.604096036,0.6721311475409836,1.0,-0.11174108839677667,-0.07033440434535924,0.0,1.0,0.0
0.34,0.04,0.04,0.22,0.36,"(0.34, 0.04, 0.04, 0.22, 0.36)",0.20000000000000004,0.05186046470609407,0.0415905309690441,1.2469296134904815,0.0601580065221875,26685026.987509206,-0.08996426830454307,-0.1178934647267436,0.032816041824283465,0.0,61.0,23073951.811557725,23397048.432574905,20607593.59083265,24502989.506512016,0.6721311475409836,1.0,-0.11791171999726092,-0.07796739234667892,0.0,1.0,0.0
0.32,0.04,0.04,0.24,0.36,"(0.32, 0.04, 0.04, 0.24, 0.36)",0.16000000000000003,0.051793314508728594,0.04176517021232854,1.2401078277765494,0.0601580065221875,26666417.67720687,-0.09049550158714292,-0.11892090624683123,0.033010762408269806,0.0,61.0,23057222.183134746,23413429.0888821,20534827.043958403,24516690.096358053,0.6721311475409836,1.0,-0.1189215041824424,-0.0777770723216602,0.0,1.0,0.0
0.3,0.04,0.04,0.26,0.36,"(0.3, 0.04, 0.04, 0.26, 0.36)",0.14,0.051724936396996046,0.04196748270533034,1.2325003327022612,0.0601580065221875,26647524.186625093,-0.09102758003524991,-0.11995368715647815,0.033205482992256154,0.0,61.0,23040409.587568033,23385433.75263083,20462202.245083857,24530219.202595092,0.6721311475409836,1.0,-0.11995368715647815,-0.07758720671658974,0.0,1.0,0.0
0.36,0.04,0.04,0.22,0.34,"(0.36, 0.04, 0.04, 0.22, 0.34)",0.20000000000000004,0.05171496472062942,0.040659581367393616,1.271901061974571,0.0601580065221875,26649964.944674853,-0.08730412429835177,-0.11420528120179144,0.03222566999272724,0.0,61.0,23057143.518315364,23396355.408766013,20607718.580726277,24496124.92923623,0.6721311475409836,1.0,-0.11423604314350709,-0.07544977736709464,0.0,1.0,0.0
0.28,0.04,0.04,0.28,0.36,"(0.28, 0.04, 0.04, 0.28, 0.36)",0.18,0.05165533076713258,0.042197070414417344,1.2241449527141501,0.0601580065221875,26628347.151773114,-0.09156050221155954,-0.1209918185617425,0.0334002035762425,0.0,61.0,23023514.186481293,23357287.504320726,20389719.54540341,24543576.542178888,0.6721311475409836,1.0,-0.1209918185617425,-0.07739779553146733,0.0,1.0,0.0
0.34,0.04,0.04,0.24,0.34,"(0.34, 0.04, 0.04, 0.24, 0.34)",0.1600000000000001,0.051647785819734615,0.040838909337803916,1.2646710369398895,0.0601580065221875,26631370.883372344,-0.08783729615363711,-0.11522369566472807,0.03242039057671359,0.0,61.0,23040461.560458492,23368558.734265067,20534947.59499468,24509816.251512203,0.6721311475409836,1.0,-0.11523740270601358,-0.0752595357222433,0.0,1.0,0.0
0.26,0.04,0.04,0.3,0.36,"(0.26, 0.04, 0.04, 0.3, 0.36)",0.21999999999999997,0.05158449801760523,0.04245349083027281,1.2150826000113344,0.0601580065221875,26608887.217589814,-0.09209426667569331,-0.12203531150121842,0.03359492416022885,0.0,61.0,23006536.142222844,23339977.62392696,20317379.2921599,24556761.83546453,0.6721311475409836,1.0,-0.12203531150121842,-0.07720883876629318,0.0,1.0,0.0
0.32,0.04,0.04,0.26,0.34,"(0.32, 0.04, 0.04, 0.26, 0.34)",0.14000000000000007,0.05157937925528233,0.04104649144580694,1.2566087243627584,0.0601580065221875,26612493.062654063,-0.0883713136814488,-0.11624744446066373,0.032615111160699935,0.0,61.0,23023696.640791047,23355453.97412154,20462318.417484377,24523336.141047623,0.6721311475409836,1.0,-0.11624744446066373,-0.07506974849734,0.0,1.0,0.0
0.3,0.04,0.04,0.28,0.34,"(0.3, 0.04, 0.04, 0.28, 0.34)",0.14000000000000007,0.05150974542348785,0.04128190147388688,1.24775612518892,0.0601580065221875,26593332.117915474,-0.08890617544376966,-0.11727653875862848,0.03280983174468629,0.0,61.0,23006848.920251753,23333172.369418327,20389831.39896518,24536684.31501637,0.6721311475409836,1.0,-0.11727653875862848,-0.07488041569238518,0.0,1.0,0.0
0.36,0.04,0.04,0.24,0.32,"(0.36, 0.04, 0.04, 0.24, 0.32)",0.16000000000000003,0.05150088765254246,0.039923936604228896,1.2899751886462842,0.0601580065221875,26596033.954219982,-0.08517542280960899,-0.11153416041491905,0.03183001874515737,0.0,61.0,23023542.504206643,23352758.496510655,20534861.729872335,24502713.75439628,0.6721311475409836,1.0,-0.11156023913578689,-0.07291351882081044,0.0,1.0,0.0
0.28,0.04,0.04,0.3,0.34,"(0.28, 0.04, 0.04, 0.3, 0.34)",0.18,0.05143888472279623,0.041544666369684256,1.238158570466507,0.0601580065221875,26573888.69346731,-0.08944187999949349,-0.11831098966036302,0.03300455232867263,0.0,61.0,22989918.560505547,23342651.87484983,20317486.886256773,24549860.49399037,0.6721311475409836,1.0,-0.11831098966036302,-0.07469153730737801,0.0,1.0,0.0
0.34,0.04,0.04,0.26,0.32,"(0.34, 0.04, 0.04, 0.26, 0.32)",0.14000000000000007,0.05143245288409792,0.04013697099233735,1.281423376315991,0.0601580065221875,26577172.066749543,-0.08571138126043543,-0.11254889480301344,0.032024739329143716,0.0,61.0,23006825.338183347,23325964.874780335,20462228.955675956,24516224.336294703,0.6721311475409836,1.0,-0.11255824915001852,-0.07274536997325998,0.0,1.0,0.0
0.32,0.04,0.04,0.28,0.32,"(0.32, 0.04, 0.04, 0.28, 0.32)",0.14000000000000007,0.051362791099363925,0.040378399573046966,1.2720363274043471,0.0601580065221875,26558027.47826975,-0.08624818445341897,-0.11356896970402491,0.032219459913130064,0.0,61.0,22990025.376347028,23335682.418985594,20389738.398354217,24529563.255108636,0.6721311475409836,1.0,-0.11356896970402491,-0.07251957692183689,0.0,1.0,0.0
0.36,0.04,0.04,0.26,0.3,"(0.36, 0.04, 0.04, 0.26, 0.3)",0.14,0.0512841589291706,0.03923971898356671,1.3069451121871696,0.0601580065221875,26541562.788182624,-0.08304778438396576,-0.10885805430531585,0.0314343674975875,0.0,61.0,22989796.2325187,23323555.959702365,20461934.049129836,24508884.187353317,0.6721311475409836,1.0,-0.10887964324486131,-0.07021555111011407,0.0,1.0,0.0
0.32,0.04,0.04,0.3,0.3,"(0.32, 0.04, 0.04, 0.3, 0.3)",0.14,0.051143553581403545,0.039763444507167484,1.2861952533358814,0.0601580065221875,26503025.22100527,-0.08412612112167861,-0.11088554755916488,0.031823808665560185,0.0,61.0,22956209.349305164,23310802.93389753,20317090.033937167,24535371.447197422,0.6721311475409836,1.0,-0.11088554755916488,-0.06976720843583863,0.0,1.0,0.0
0.36,0.04,0.04,0.28,0.28,"(0.36, 0.04, 0.04, 0.28, 0.28)",0.18,0.05106478208077436,0.03860966268648425,1.3225907331909992,0.0601580065221875,26486555.739017926,-0.08092121624434179,-0.10617702836131429,0.031038716250017622,0.0,61.0,22955905.661501024,23298412.23304524,20388938.593690876,24514636.237155233,0.6721311475409836,1.0,-0.10619432046443161,-0.06745929453130997,0.0,1.0,0.0
0.34,0.04,0.04,0.3,0.28,"(0.34, 0.04, 0.04, 0.3, 0.28)",0.18,0.050993839014476405,0.03889271543989294,1.311141133698552,0.0601580065221875,26467163.45149256,-0.08146275213585508,-0.10718445957596186,0.031233436834003966,0.0,61.0,22939118.820270725,23305725.208402224,20316585.96764298,24527784.54394061,0.6721311475409836,1.0,-0.1071856931500855,-0.0672367463904286,0.0,1.0,0.0
0.28,0.04,0.02,0.3,0.36,"(0.28, 0.04, 0.02, 0.3, 0.36)",0.21999999999999995,0.05068678117276759,0.04009690783017456,1.2641069826991427,0.0601580065221875,26407674.63680126,-0.08050361045192755,-0.10448994241354159,0.03226516696301874,0.0,61.0,23015459.499344397,23300987.32681777,20550432.400206268,24397150.611949462,0.6721311475409836,1.0,-0.10449079894094811,-0.06977274007511511,0.0,1.0,0.0
0.3,0.04,0.02,0.3,0.34,"(0.3, 0.04, 0.02, 0.3, 0.34)",0.18000000000000002,0.050539558127263184,0.039173309462652704,1.2901528826776023,0.0601580065221875,26372542.25997297,-0.07782880000584491,-0.10083932626386856,0.03167479513146251,0.0,61.0,22998341.855913192,23315770.48717529,20550260.477103155,24364654.34573377,0.6721311475409836,1.0,-0.10085179539102916,-0.06723852623367185,0.0,1.0,0.0
0.34,0.04,0.02,0.28,0.32,"(0.34, 0.04, 0.02, 0.28, 0.32)",0.18000000000000008,0.05045945838724175,0.03803596162547425,1.3266250209235404,0.0601580065221875,26355864.528777286,-0.07460500356627509,-0.09622278778023997,0.030889702715919953,0.0,61.0,22997949.64361413,23296762.748693403,20622850.6669758,24342095.306172367,0.6721311475409836,1.0,-0.09626058822548389,-0.06492237304043894,0.0,1.0,0.0
0.32,0.04,0.02,0.3,0.32,"(0.32, 0.04, 0.02, 0.3, 0.32)",0.18000000000000002,0.05039097186356578,0.038261618575440914,1.3170109822774294,0.0601580065221875,26337124.93919373,-0.07515031175060605,-0.0971963588541651,0.031084423299906298,0.0,61.0,22981067.361871313,23326161.939810958,20549882.779296536,24343094.081579905,0.6721311475409836,1.0,-0.0972197031832147,-0.06470105955755917,0.0,1.0,0.0
0.36,0.04,0.02,0.28,0.3,"(0.36, 0.04, 0.02, 0.28, 0.3)",0.18000000000000002,0.05030953740690669,0.03713080932620427,1.3549270355225416,0.0601580065221875,26320147.218751743,-0.07192088255746487,-0.09259634824420429,0.030299330884363734,0.0,61.0,22980470.497542076,23312242.819200058,20622268.999219585,24322108.610362284,0.6721311475409836,1.0,-0.09264368974056074,-0.06238034626844339,0.0,1.0,0.0
0.34,0.04,0.02,0.3,0.3,"(0.34, 0.04, 0.02, 0.3, 0.3)",0.18000000000000002,0.05024102400661978,0.03736270684531331,1.34468373007942,0.0601580065221875,26301424.253149685,-0.0724681473069877,-0.09356105595760275,0.030494051468350075,0.0,61.0,22963636.57318692,23327596.124978192,20549299.50179074,24335449.306602735,0.6721311475409836,1.0,-0.09359453576554254,-0.06216033995520324,0.0,1.0,0.0
0.36,0.04,0.02,0.3,0.28,"(0.36, 0.04, 0.02, 0.3, 0.28)",0.21999999999999995,0.05008971617733615,0.03647751903084482,1.3731667478531386,0.0601580065221875,26265441.786292695,-0.06978230830300602,-0.08993343324408141,0.029903679636793856,0.0,61.0,22946050.04710667,23300356.90201403,20548510.844459906,24327579.36036732,0.6721311475409836,1.0,-0.08997630651171754,-0.06001742938523574,0.0,1.0,0.0
0.28,0.14,0.04,0.28,0.26,"(0.28, 0.14, 0.04, 0.28, 0.26)",0.13999999999999999,0.0544973952642569,0.04782508746569485,1.1395148059760083,0.0601580065221875,27377389.025788777,-0.11261387655947463,-0.14731688715401914,0.035007428896436495,0.0,61.0,22951276.17584632,23182107.91688496,20468238.18677235,24493530.775566477,0.6557377049180327,1.0,-0.14842901748312887,-0.0643550356017196,0.0,1.0,0.0
0.3,0.1,0.06,0.24,0.3,"(0.3, 0.1, 0.06, 0.24, 0.3)",0.020000000000000004,0.05440607800024044,0.04717391176236172,1.1533085972244725,0.0601580065221875,27322702.67492707,-0.10924574881610605,-0.1451171528153316,0.03485555471160549,0.0,61.0,23004963.9141576,23351020.410664454,20543465.96066866,24687689.042511202,0.6557377049180327,1.0,-0.1457463620771354,-0.07388130409065116,0.0,1.0,0.0
0.34,0.1,0.06,0.22,0.28,"(0.34, 0.1, 0.06, 0.22, 0.28)",0.09999999999999999,0.05433424750291249,0.0460619578514229,1.1795904915325708,0.0601580065221875,27307483.516479824,-0.10576652328935465,-0.13985809893473342,0.034001330582381736,0.0,61.0,23005921.74276305,23360893.783377916,20617481.57290305,24668160.316178933,0.6557377049180327,1.0,-0.14049870933435504,-0.07220917506479203,0.0,1.0,0.0
0.24,0.12,0.04,0.3,0.3,"(0.24, 0.12, 0.04, 0.3, 0.3)",0.13999999999999999,0.05402877932841621,0.047272211096080555,1.1429289655735155,0.0601580065221875,27248137.766080845,-0.10910400089365702,-0.14338065563430946,0.03494453769779034,0.0,61.0,22967559.786798712,23230667.007878885,20645020.583042674,24527179.63813187,0.6557377049180327,1.0,-0.14420055813720656,-0.06886133349632845,0.0,1.0,0.0
0.3,0.08,0.06,0.24,0.32,"(0.3, 0.08, 0.06, 0.24, 0.32)",0.060000000000000026,0.05384293257407724,0.04596904536580579,1.1712867244819591,0.0601580065221875,27173023.006900273,-0.10659948129679087,-0.14207631880953597,0.03448356261325396,0.0,61.0,23020251.0429017,23349218.888624113,20463349.174526718,24698688.574881047,0.6557377049180327,1.0,-0.1424635040969288,-0.07663800594089408,0.0,1.0,0.0
0.3,0.12,0.04,0.28,0.26,"(0.3, 0.12, 0.04, 0.28, 0.26)",0.1,0.0538105111955125,0.04534182057399445,1.1867743843169638,0.0601580065221875,27197050.663189437,-0.10258525115234929,-0.13406507950271873,0.03348247422859185,0.0,61.0,22951929.325172834,23201717.95641267,20706747.48193272,24501099.350927897,0.6557377049180327,1.0,-0.13488392459210194,-0.06541881653678439,0.0,1.0,0.0
0.34,0.08,0.06,0.22,0.3,"(0.34, 0.08, 0.06, 0.22, 0.3)",0.10000000000000003,0.053770266795584165,0.04484511558582595,1.1990217015424343,0.0601580065221875,27157666.495969508,-0.1034495615476716,-0.13725258004354252,0.0336293384840302,0.0,61.0,23021030.499562398,23332580.074509967,20536875.644706573,24678973.473685697,0.6557377049180327,1.0,-0.1376632269853132,-0.07497421421725634,0.0,1.0,0.0
0.34,0.12,0.04,0.26,0.24,"(0.34, 0.12, 0.04, 0.26, 0.24)",0.14000000000000004,0.05373651116864031,0.044229410401074684,1.2149497513386391,0.0601580065221875,27181398.568762917,-0.09903657504106078,-0.1288917365699454,0.032628250099368095,0.0,61.0,22952615.774074215,23212838.65175286,20722480.726997707,24481366.52290474,0.6557377049180327,1.0,-0.12970852782704514,-0.06374032465893899,0.0,1.0,0.0
0.32,0.08,0.06,0.24,0.3,"(0.32, 0.08, 0.06, 0.24, 0.3)",0.060000000000000026,0.053697749139840045,0.0451205545542631,1.1900950613375507,0.0601580065221875,27137446.134084255,-0.10397125664392737,-0.13832709419342504,0.03387572327327923,0.0,61.0,23003897.294201642,23319362.87201887,20463841.95368998,24692086.09886815,0.6557377049180327,1.0,-0.13872016373414692,-0.07487073912189755,0.0,1.0,0.0
0.36,0.08,0.06,0.22,0.28,"(0.36, 0.08, 0.06, 0.22, 0.28)",0.13999999999999996,0.053623733086232805,0.044004034429077424,1.2186094702898147,0.0601580065221875,27121774.592519995,-0.10081577060178315,-0.1335201941546117,0.03302149914405547,0.0,61.0,23004469.203751057,23302516.392709617,20537166.833191752,24672148.197682105,0.6557377049180327,1.0,-0.1339354198842562,-0.07321000448596622,0.0,1.0,0.0
0.26,0.1,0.04,0.3,0.3,"(0.26, 0.1, 0.04, 0.3, 0.3)",0.09999999999999998,0.05332983682976189,0.045023659143447775,1.1844847319017362,0.0601580065221875,27065609.505712457,-0.09958093961446768,-0.13073003616044837,0.03396470625946407,0.0,61.0,22967115.68558058,23233343.219919953,20565341.429454435,24532913.208361764,0.6557377049180327,1.0,-0.13128489569093515,-0.06988776901094533,0.0,1.0,0.0
0.3,0.1,0.04,0.28,0.28,"(0.3, 0.1, 0.04, 0.28, 0.28)",0.05999999999999999,0.053257557360184116,0.043865825405784674,1.2141013389699247,0.0601580065221875,27050440.48722461,-0.09677852006175602,-0.12652615720779098,0.03311048213024032,0.0,61.0,22967960.681618445,23232572.763541423,20639278.870887082,24513379.643997997,0.6557377049180327,1.0,-0.12709661441983075,-0.06821842083056767,0.0,1.0,0.0
0.34,0.1,0.04,0.26,0.26,"(0.34, 0.1, 0.04, 0.26, 0.26)",0.10000000000000003,0.05318272840775351,0.042733779845838364,1.2445126220898224,0.0601580065221875,27034654.19687378,-0.09397117022759638,-0.12234748899193439,0.03225625800101656,0.0,61.0,22968469.240571037,23226427.116020586,20713164.77548101,24493461.932489607,0.6557377049180327,1.0,-0.12293168303388274,-0.06654833979442447,0.0,1.0,0.0
0.24,0.08,0.04,0.28,0.36,"(0.24, 0.08, 0.04, 0.28, 0.36)",0.18000000000000002,0.05312627181941565,0.045295694496585825,1.172876857499559,0.0601580065221875,27007122.0094472,-0.10147262584162675,-0.13368846087933642,0.03456200805181295,0.0,61.0,23032278.623322435,23321949.220771454,20556128.875408392,24543486.064945117,0.6557377049180327,1.0,-0.13404362564126837,-0.07629128973527853,0.0,1.0,0.0
0.26,0.06,0.06,0.28,0.34,"(0.26, 0.06, 0.06, 0.28, 0.34)",0.16000000000000003,0.05311923500414695,0.04561937253471503,1.1644008247532283,0.0601580065221875,26980046.095468577,-0.10534226534648117,-0.14164536862045796,0.03470910016953499,0.0,61.0,22999845.177079864,23368437.428713564,20237253.855983105,24733537.147783983,0.6557377049180327,1.0,-0.14176500152625807,-0.07913814601018569,0.0,1.0,0.0
0.28,0.08,0.04,0.26,0.34,"(0.28, 0.08, 0.04, 0.26, 0.34)",0.1,0.05305465786431096,0.044131535925723026,1.2021937771122735,0.0601580065221875,26992141.81619806,-0.09830625703127327,-0.12892935051449472,0.03375413361597713,0.0,61.0,23033230.753738064,23309503.125597857,20630128.12700827,24524047.43648509,0.6557377049180327,1.0,-0.12930638326292548,-0.0746203647102399,0.0,1.0,0.0
0.3,0.06,0.06,0.26,0.32,"(0.3, 0.06, 0.06, 0.26, 0.32)",0.08000000000000003,0.053048138702838976,0.04445237063180748,1.1933702960912702,0.0601580065221875,26965163.33211834,-0.10218871605276414,-0.13678297401982586,0.03392400775399242,0.0,61.0,23000706.192573503,23352767.665132757,20309990.757816777,24713966.671161246,0.6557377049180327,1.0,-0.13693429904181634,-0.07749042439033546,0.0,1.0,0.0
0.26,0.08,0.04,0.28,0.34,"(0.26, 0.08, 0.04, 0.28, 0.34)",0.14000000000000004,0.05298214192366313,0.04441191622317645,1.1929713110648057,0.0601580065221875,26972013.8986457,-0.09883332055093963,-0.12997997890674468,0.03395416871183823,0.0,61.0,23015831.89400475,23299598.692457758,20556745.90445467,24537022.083185766,0.6557377049180327,1.0,-0.13034048738883436,-0.07451750860165597,0.0,1.0,0.0
0.32,0.08,0.04,0.24,0.32,"(0.32, 0.08, 0.04, 0.24, 0.32)",0.08000000000000004,0.05298049462297483,0.04299266835072125,1.2323146400399225,0.0601580065221875,26976545.33850465,-0.09513320958355842,-0.12420115282020676,0.03296904120043456,0.0,61.0,23033845.422682084,23295378.852596756,20704076.487463243,24504224.413119927,0.6557377049180327,1.0,-0.12459791438688235,-0.07294862509717999,0.0,1.0,0.0
0.34,0.06,0.06,0.24,0.3,"(0.34, 0.06, 0.06, 0.24, 0.3)",0.10000000000000005,0.05297449391306963,0.043310320994312985,1.2231378733033549,0.0601580065221875,26949664.643608212,-0.09902851292822845,-0.13195199761080534,0.033138915338449856,0.0,61.0,23001230.23705278,23336690.006946947,20382676.768378302,24694008.89455102,0.6557377049180327,1.0,-0.13213279363062377,-0.07584186864522183,0.0,1.0,0.0
0.32,0.12,0.02,0.28,0.26,"(0.32, 0.12, 0.02, 0.28, 0.26)",0.14,0.05294155026445568,0.04246469117663666,1.246719304851161,0.0601580065221875,26999204.042835448,-0.09273457663804918,-0.11902024953876726,0.031852471408703335,0.0,61.0,22965513.726838056,23249859.663226876,20715209.713477325,24487457.11045085,0.6557377049180327,1.0,-0.119798717019916,-0.06165662051251717,0.0,1.0,0.0
0.3,0.08,0.04,0.26,0.32,"(0.3, 0.08, 0.04, 0.26, 0.32)",0.06000000000000003,0.052909179864315536,0.04325355671547035,1.2232330444490753,0.0601580065221875,26956720.53886079,-0.09566136063816044,-0.12523753206286165,0.0331637617844209,0.0,61.0,23016576.47682235,23291319.564699013,20630543.371059097,24517362.32865339,0.6557377049180327,1.0,-0.1256186146551356,-0.0728496436150283,0.0,1.0,0.0
0.36,0.08,0.04,0.22,0.3,"(0.36, 0.08, 0.04, 0.22, 0.3)",0.12,0.05290378335441859,0.04188115502446435,1.2631882602930962,0.0601580065221875,26960333.96554669,-0.09195348252688895,-0.11950380569881759,0.03218394878489199,0.0,61.0,23034122.779030193,23290136.78735078,20777971.596419014,24484018.0773286,0.6557377049180327,1.0,-0.11991816559773498,-0.07127613179371568,0.0,1.0,0.0
0.36,0.12,0.02,0.26,0.24,"(0.36, 0.12, 0.02, 0.26, 0.24)",0.18,0.0528635038751355,0.04136835024985936,1.2778731459158252,0.0601580065221875,26982700.10060727,-0.08992261958199099,-0.1149322165348774,0.030998247279479578,0.0,61.0,22965700.694444597,23234966.605281446,20730440.21378936,24465276.25788333,0.6557377049180327,1.0,-0.1157153333911693,-0.059969544158607724,0.0,1.0,0.0
0.28,0.08,0.04,0.28,0.32,"(0.28, 0.08, 0.04, 0.28, 0.32)",0.1,0.0528366355732115,0.04354025482632572,1.2135123182895318,0.0601580065221875,26936609.709125392,-0.09619035586117652,-0.12627919181222863,0.03335848236840725,0.0,61.0,22999225.476867553,23290078.075613096,20557155.613784075,24530327.87946325,0.6557377049180327,1.0,-0.12664433170257156,-0.07275073704064079,0.0,1.0,0.0
0.34,0.08,0.04,0.24,0.3,"(0.34, 0.08, 0.04, 0.24, 0.3)",0.08000000000000004,0.05283366992975891,0.04212133165011235,1.2543209784683524,0.0601580065221875,26940812.372741815,-0.09248272051431428,-0.12052597385366075,0.032378669368878336,0.0,61.0,23016983.988097146,23297904.26630597,20704288.602913156,24497318.796675626,0.6557377049180327,1.0,-0.12092549296547804,-0.07118101014757508,0.0,1.0,0.0
0.32,0.08,0.04,0.26,0.3,"(0.32, 0.08, 0.04, 0.26, 0.3)",0.06000000000000003,0.052762326823935224,0.042388264873122215,1.244739009295732,0.0601580065221875,26921004.5123199,-0.09301280461014672,-0.12155340693009375,0.032573389952864684,0.0,61.0,22999762.981421206,23278542.56258276,20630750.6824512,24510447.478754215,0.6557377049180327,1.0,-0.1219378255501166,-0.07108596417486791,0.0,1.0,0.0
0.24,0.1,0.02,0.3,0.34,"(0.24, 0.1, 0.02, 0.3, 0.34)",0.18000000000000002,0.05275094720798679,0.04393693224281405,1.200606062263582,0.0601580065221875,26938946.598564494,-0.09510362788406646,-0.12296646654935058,0.033550382119525005,0.0,61.0,23013978.374634217,23262826.74738496,20805825.733601805,24549246.116407197,0.6557377049180327,1.0,-0.12351640205826342,-0.06969974618130881,0.0,1.0,0.0
0.36,0.06,0.04,0.18,0.36,"(0.36, 0.06, 0.04, 0.18, 0.36)",0.24000000000000002,0.05274116793776984,0.04260318888225619,1.2379629159575896,0.0601580065221875,26914381.461834885,-0.09390700349293335,-0.12219954108072197,0.03299611188394936,0.0,61.0,23113727.798832525,23296564.412348915,20839773.33225275,24477184.382270277,0.6557377049180327,1.0,-0.12243430629948113,-0.07781193640684937,0.0,1.0,0.0
0.36,0.08,0.04,0.24,0.28,"(0.36, 0.08, 0.04, 0.24, 0.28)",0.11999999999999997,0.05268547161037551,0.041263310011230715,1.2768115693102664,0.0601580065221875,26904785.999129683,-0.08982857159041979,-0.11685848647833802,0.03178829753732212,0.0,61.0,22999963.809381593,23279929.72628986,20704292.177571602,24490183.924152426,0.6557377049180327,1.0,-0.11726004787625206,-0.06942046872316963,0.0,1.0,0.0
0.28,0.1,0.02,0.28,0.32,"(0.28, 0.1, 0.02, 0.28, 0.32)",0.1,0.052677315363493404,0.042780210841034165,1.2313477266214423,0.0601580065221875,26923548.283977825,-0.09229157862944626,-0.11883673272893847,0.03269615799030125,0.0,61.0,23014736.923323646,23277413.488838103,20844293.790298924,24527748.06707363,0.6557377049180327,1.0,-0.11939982377667145,-0.06801549791191643,0.0,1.0,0.0
0.34,0.06,0.04,0.2,0.36,"(0.34, 0.06, 0.04, 0.2, 0.36)",0.20000000000000004,0.05267504019653213,0.042749799581245404,1.2321704595696161,0.0601580065221875,26895867.150400598,-0.0944071554171243,-0.12319066638005152,0.033190832467935714,0.0,61.0,23096887.12588427,23338753.30073391,20766269.413948327,24491042.471550595,0.6557377049180327,1.0,-0.12341046531997103,-0.07770144030647808,0.0,1.0,0.0
0.32,0.06,0.04,0.22,0.36,"(0.32, 0.06, 0.04, 0.22, 0.36)",0.16000000000000003,0.05260768248104264,0.0429236765750066,1.2256098889645162,0.0601580065221875,26877065.680586856,-0.0949336470839508,-0.1242236887288075,0.03338555305192206,0.0,61.0,23079963.522424165,23374926.203720313,20692908.097938605,24504729.285532847,0.6557377049180327,1.0,-0.12442662472569219,-0.07759102792202288,0.0,1.0,0.0
0.26,0.1,0.02,0.3,0.32,"(0.26, 0.1, 0.02, 0.3, 0.32)",0.13999999999999999,0.05260450668333583,0.043075873573085,1.2212058008315028,0.0601580065221875,26903367.065044817,-0.09278400592505176,-0.1197967536401997,0.032942542779550284,0.0,61.0,22997024.34739978,23218260.711573992,20806204.865015298,24516948.22865402,0.6557377049180327,1.0,-0.12034651296531368,-0.06792858438830947,0.0,1.0,0.0
0.3,0.06,0.04,0.24,0.36,"(0.3, 0.06, 0.04, 0.24, 0.36)",0.12000000000000002,0.05253909518639843,0.0431244900535016,1.2183122657500824,0.0601580065221875,26857977.686068077,-0.09546098506890466,-0.1252620098842846,0.03358027363590841,0.0,61.0,23062957.15168299,23377137.79737571,20619689.742475804,24518244.53782551,0.6557377049180327,1.0,-0.12544781396806448,-0.07748069792271509,0.0,1.0,0.0
0.36,0.06,0.04,0.2,0.34,"(0.36, 0.06, 0.04, 0.2, 0.34)",0.20000000000000004,0.05253029413816024,0.04182672273848894,1.255902702838869,0.0601580065221875,26860738.740839534,-0.0917525959505654,-0.1195147393124952,0.032600460636379495,0.0,61.0,23080139.178565867,23357652.739672735,20766654.012397982,24484400.221647345,0.6557377049180327,1.0,-0.11974200766923693,-0.07592009054224669,0.0,1.0,0.0
0.3,0.1,0.02,0.28,0.3,"(0.3, 0.1, 0.02, 0.28, 0.3)",0.060000000000000026,0.05252952959309698,0.04192591861207966,1.252913026882665,0.0601580065221875,26887658.030749016,-0.08996804128759472,-0.11567999841539148,0.032088318650326526,0.0,61.0,22997575.942244455,23227977.310541995,20880716.452726003,24495238.134976417,0.6557377049180327,1.0,-0.1162418119042079,-0.06624749919937303,0.0,1.0,0.0
0.36,0.1,0.02,0.24,0.28,"(0.36, 0.1, 0.02, 0.24, 0.28)",0.11999999999999997,0.05252241167448357,0.040548550227349524,1.295296906547791,0.0601580065221875,26890912.646856166,-0.08665266587227771,-0.11065200780059045,0.031028051567750604,0.0,61.0,23015243.40877589,23273441.520913515,20875100.24807662,24483525.128171656,0.6557377049180327,1.0,-0.11123592369315215,-0.06464491309935455,0.0,1.0,0.0
0.28,0.06,0.04,0.26,0.36,"(0.28, 0.06, 0.04, 0.26, 0.36)",0.13999999999999999,0.05246927870993079,0.0433518656947197,1.210311894750163,0.0601580065221875,26838603.80956126,-0.09598916793915357,-0.12630564075251233,0.03377499421989475,0.0,61.0,23045868.177610103,23369126.64518797,20546614.701816253,24531587.945431773,0.6557377049180327,1.0,-0.1264740421066903,-0.07737044898234928,0.0,1.0,0.0
0.34,0.06,0.04,0.22,0.34,"(0.34, 0.06, 0.04, 0.22, 0.34)",0.1600000000000001,0.05246290726395486,0.04200510878302133,1.2489649184091776,0.0601580065221875,26841952.45587925,-0.09228102083581002,-0.12053876476284944,0.03279518122036584,0.0,61.0,23063263.2925603,23357581.817282364,20693287.191116787,24498077.799263004,0.6557377049180327,1.0,-0.12074975822121381,-0.07581361612321126,0.0,1.0,0.0
0.24,0.04,0.06,0.3,0.36,"(0.24, 0.04, 0.06, 0.3, 0.36)",0.24,0.052456174718845894,0.04525465991694317,1.1591331106038543,0.0601580065221875,26805405.50885799,-0.10357717964478008,-0.1401126901588854,0.03492468135743896,0.0,61.0,22995533.697750412,23343216.65820104,20083850.7014469,24753387.092211947,0.6557377049180327,1.0,-0.1401126901588854,-0.08170364423559771,0.0,1.0,0.0
0.26,0.06,0.04,0.28,0.36,"(0.26, 0.06, 0.04, 0.28, 0.36)",0.18000000000000002,0.052398233451204757,0.04360538798395376,1.2016458486847235,0.0601580065221875,26818944.702789705,-0.09651819425878738,-0.1273545921723079,0.0339697148038811,0.0,61.0,23028696.76487259,23340797.225073744,20473683.326228976,24544759.228758786,0.6557377049180327,1.0,-0.12750531813170968,-0.07726027977933755,0.0,1.0,0.0
0.32,0.06,0.04,0.24,0.34,"(0.32, 0.06, 0.04, 0.24, 0.34)",0.12000000000000008,0.05239429106283189,0.042210976983293715,1.2412480072083745,0.0601580065221875,26822880.068850417,-0.09281029254409912,-0.12156808398087737,0.032989901804352184,0.0,61.0,23046304.64455972,23352686.461457312,20620063.39402796,24511583.86489961,0.6557377049180327,1.0,-0.12176253577664804,-0.07570722351392503,0.0,1.0,0.0
0.3,0.06,0.04,0.26,0.34,"(0.3, 0.06, 0.04, 0.26, 0.34)",0.10000000000000006,0.052324445932100394,0.04244392744639114,1.2327899202586485,0.0601580065221875,26803522.221855998,-0.09334040964189572,-0.12260270793535519,0.03318462238833853,0.0,61.0,23029263.397825804,23334494.683134,20546982.974956773,24524918.135778192,0.6557377049180327,1.0,-0.12278034945443748,-0.0756009113521431,0.0,1.0,0.0
0.3,0.1,0.02,0.3,0.28,"(0.3, 0.1, 0.02, 0.3, 0.28)",0.09999999999999995,0.05230750930215722,0.041394878880793025,1.2636227165391607,0.0601580065221875,26831330.76637198,-0.08813814038718837,-0.1134742575593423,0.031726864099600835,0.0,61.0,22962641.60091234,23193912.1659249,20806335.277752213,24451744.975276396,0.6557377049180327,1.0,-0.11402184049243336,-0.06440762298957589,0.0,1.0,0.0
0.36,0.1,0.02,0.26,0.26,"(0.36, 0.1, 0.02, 0.26, 0.26)",0.13999999999999999,0.052301507375807965,0.03997163549265864,1.3084655339012556,0.0601580065221875,26834847.28060648,-0.0848174808729496,-0.10845005167957064,0.03063240032018073,0.0,61.0,22980266.019331064,23184504.083410032,20932962.99979019,24440197.981824677,0.6557377049180327,1.0,-0.10901910009455598,-0.0628081327775779,0.0,1.0,0.0
0.34,0.06,0.04,0.24,0.32,"(0.34, 0.06, 0.04, 0.24, 0.32)",0.12000000000000008,0.05224811372516336,0.041308941386027705,1.2648136691984004,0.0601580065221875,26787489.06385265,-0.09015593451425019,-0.11788182570695815,0.032399529972795965,0.0,61.0,23029492.987882107,23321473.484659474,20620229.376629934,24504693.83184635,0.6557377049180327,1.0,-0.11808420120823072,-0.07394077002368267,0.0,1.0,0.0
0.34,0.1,0.02,0.28,0.26,"(0.34, 0.1, 0.02, 0.28, 0.26)",0.14000000000000004,0.052229845946855535,0.04026048248984466,1.2972980629337971,0.0601580065221875,26815004.31925862,-0.085314348979739,-0.10938348240449818,0.03087263997037708,0.0,61.0,22962780.721930575,23177223.920557115,20880435.509338487,24429613.70317477,0.6557377049180327,1.0,-0.10994091159103686,-0.06273295927615463,0.0,1.0,0.0
0.32,0.06,0.04,0.26,0.32,"(0.32, 0.06, 0.04, 0.26, 0.32)",0.10000000000000006,0.052178240194067804,0.04154764517967948,1.2558651631979287,0.0601580065221875,26768147.517078284,-0.09068798768308517,-0.11890746040762651,0.032594250556782306,0.0,61.0,23012499.549660653,23336957.72040127,20547144.36784596,24518018.877088804,0.6557377049180327,1.0,-0.11909361716793622,-0.07383838005152883,0.0,1.0,0.0
0.32,0.1,0.02,0.3,0.26,"(0.32, 0.1, 0.02, 0.3, 0.26)",0.13999999999999999,0.05215695576556301,0.04057664650820564,1.2853934529807813,0.0601580065221875,26794877.24022839,-0.08581190135413153,-0.11032151256350635,0.03111902475962611,0.0,61.0,22945214.002546433,23198333.151072763,20806086.937299054,24418841.836054534,0.6557377049180327,1.0,-0.11086709075636955,-0.06265785665659027,0.0,1.0,0.0
0.36,0.06,0.04,0.24,0.3,"(0.36, 0.06, 0.04, 0.24, 0.3)",0.12000000000000002,0.052100564834976604,0.040419151698482245,1.2890068852418048,0.0601580065221875,26751806.272437867,-0.08749791259355377,-0.1142032511185031,0.031809158141239746,0.0,61.0,23012522.736867536,23332268.499403644,20620187.87623112,24497574.835529402,0.6557377049180327,1.0,-0.11441282393697338,-0.07218135457613051,0.0,1.0,0.0
0.36,0.1,0.02,0.28,0.24,"(0.36, 0.1, 0.02, 0.28, 0.24)",0.18000000000000002,0.05207795138642268,0.039451160151509616,1.3200613413248354,0.0601580065221875,26778244.114798505,-0.08298419856715644,-0.10624373859999743,0.030264800630402353,0.0,61.0,22945147.60945577,23200321.101589944,20879980.585450534,24396501.435964137,0.6557377049180327,1.0,-0.10679805658512624,-0.06098645080381777,0.0,1.0,0.0
0.32,0.08,0.02,0.26,0.32,"(0.32, 0.08, 0.02, 0.26, 0.32)",0.10000000000000005,0.05202300881768851,0.04065255767371824,1.279698296850858,0.0601580065221875,26756129.19368251,-0.08496509455735346,-0.10905589483433734,0.0318340045872108,0.0,61.0,23028090.546402447,23180341.3437666,20870202.3051691,24478469.05192411,0.6557377049180327,1.0,-0.10942805189196744,-0.06913955155086166,0.0,1.0,0.0
0.3,0.08,0.02,0.28,0.32,"(0.3, 0.08, 0.02, 0.28, 0.32)",0.10000000000000005,0.0519528715973443,0.04090121574764441,1.2702036026969779,0.0601580065221875,26736715.85161652,-0.08568833838201173,-0.11031280573652437,0.03202872517119715,0.0,61.0,23010735.774465095,23215881.502086062,20796171.452442717,24468078.61222612,0.6557377049180327,1.0,-0.11067290236370927,-0.06904900591236063,0.0,1.0,0.0
0.36,0.08,0.02,0.24,0.3,"(0.36, 0.08, 0.02, 0.24, 0.3)",0.12000000000000001,0.05194346806503125,0.03954361150756039,1.3135742054086315,0.0601580065221875,26739384.887503114,-0.08160150528666321,-0.10424349528378124,0.031048912171668226,0.0,61.0,23027997.19330941,23160469.105621766,20944305.38865731,24456008.30721173,0.6557377049180327,1.0,-0.10462692622721692,-0.06746255381253093,0.0,1.0,0.0
0.3,0.06,0.04,0.3,0.3,"(0.3, 0.06, 0.04, 0.3, 0.3)",0.1,0.05188717612345539,0.041235478307477674,1.2583139144537614,0.0601580065221875,26692980.12613657,-0.089102419283006,-0.11726916897591845,0.03239331989319879,0.0,61.0,22961438.972616144,23292163.60644921,20401353.331948295,24537005.842867892,0.6557377049180327,1.0,-0.11743105736425725,-0.07188613911613098,0.0,1.0,0.0
0.34,0.08,0.02,0.26,0.3,"(0.34, 0.08, 0.02, 0.26, 0.3)",0.10000000000000005,0.051874531775138566,0.03976997626920928,1.3043641621506543,0.0601580065221875,26720272.524350572,-0.08232701935327147,-0.10548507391607699,0.031243632755654577,0.0,61.0,23010772.883697476,23196119.461246908,20870125.24877652,24445814.637158696,0.6557377049180327,1.0,-0.10585735639124695,-0.0673758550049166,0.0,1.0,0.0
0.34,0.06,0.04,0.28,0.28,"(0.34, 0.06, 0.04, 0.28, 0.28)",0.14000000000000004,0.0518105591218847,0.04007211764217032,1.2929328962480713,0.0601580065221875,26676933.494160227,-0.08590893552771994,-0.11255309571246223,0.03160822747765622,0.0,61.0,22961516.859188475,23280204.88433416,20473899.336779833,24516668.01563968,0.6557377049180327,1.0,-0.11273879631626088,-0.07023989179914363,0.0,1.0,0.0
0.32,0.06,0.04,0.3,0.28,"(0.32, 0.06, 0.04, 0.3, 0.28)",0.13999999999999999,0.0517381744018115,0.040378637036598455,1.2813254284664677,0.0601580065221875,26657058.956239916,-0.08644655585514271,-0.11357141789413223,0.031802948061642564,0.0,61.0,22944454.59654829,23277784.31769198,20401095.664760765,24529630.236579295,0.6557377049180327,1.0,-0.11374155047811195,-0.07014545486794702,0.0,1.0,0.0
0.36,0.06,0.04,0.28,0.26,"(0.36, 0.06, 0.04, 0.28, 0.26)",0.18000000000000002,0.051660217047161394,0.03922248860925905,1.3171070699212652,0.0601580065221875,26640706.598077834,-0.0832474743638898,-0.10887205921387652,0.031017855646099993,0.0,61.0,22944327.180666424,23288391.515843943,20473439.04475151,24509073.370958265,0.6557377049180327,1.0,-0.10906467695299536,-0.06850235786417375,0.0,1.0,0.0
0.3,0.06,0.02,0.3,0.32,"(0.3, 0.06, 0.02, 0.3, 0.32)",0.14,0.05114364516870373,0.039560649173281164,1.2927908474071654,0.0601580065221875,26528246.881459173,-0.0806499789562709,-0.10420947852169267,0.03165393452754489,0.0,61.0,22987979.50365833,23243723.63943024,20636837.999748215,24395829.95216976,0.6557377049180327,1.0,-0.10438406919346563,-0.0699699607726557,0.0,1.0,0.0
0.32,0.06,0.02,0.3,0.3,"(0.32, 0.06, 0.02, 0.3, 0.3)",0.14,0.05099440187039428,0.03867328835618621,1.3185949278667215,0.0601580065221875,26492481.86137562,-0.07800860113319807,-0.10062074403995441,0.031063562695988672,0.0,61.0,22970652.679430023,23254039.756173644,20636502.698291197,24363062.57802503,0.6557377049180327,1.0,-0.10080085001055461,-0.06776583122228065,0.0,1.0,0.0
0.36,0.06,0.02,0.28,0.28,"(0.36, 0.06, 0.02, 0.28, 0.28)",0.18,0.050913773555731234,0.037533498738696505,1.3564888770478478,0.0601580065221875,26475614.13617671,-0.07462902418515094,-0.09580723104230894,0.030278470280446106,0.0,61.0,22970232.290932648,23259576.35727899,20709393.555121437,24340435.889697947,0.6557377049180327,1.0,-0.09600402349598354,-0.065424977897934,0.0,1.0,0.0
0.34,0.04,0.02,0.24,0.36,"(0.34, 0.04, 0.02, 0.24, 0.36)",0.20000000000000004,0.05088839819772706,0.039542463624286726,1.2869303916226336,0.0601580065221875,26463146.39155955,-0.07888194412693705,-0.10153174249746899,0.0316810052110597,0.0,61.0,23066147.942693315,23250339.010916978,20769746.948527414,24427048.07074009,0.6557377049180327,1.0,-0.10157874812911451,-0.07044642733293213,0.0,1.0,0.0
0.34,0.06,0.02,0.3,0.28,"(0.34, 0.06, 0.02, 0.3, 0.28)",0.18,0.05084379494539837,0.037799717281886545,1.3450840006616263,0.0601580065221875,26456431.874371763,-0.07536327705086698,-0.09703888558672555,0.030473190864432453,0.0,61.0,22953169.40329564,23264147.758640256,20635960.744477462,24331039.200964883,0.6557377049180327,1.0,-0.09722378505891582,-0.06523698415629484,0.0,1.0,0.0
0.32,0.04,0.02,0.26,0.36,"(0.32, 0.04, 0.02, 0.26, 0.36)",0.18000000000000002,0.05082241903033502,0.03969813564454712,1.280221809038932,0.0601580065221875,26444937.49581251,-0.07942165393920042,-0.10251252892401483,0.031875725795046043,0.0,61.0,23049334.473926455,23266429.3561257,20696499.693411887,24417270.046767086,0.6557377049180327,1.0,-0.10254441578484409,-0.07022122543430805,0.0,1.0,0.0
0.3,0.04,0.02,0.28,0.36,"(0.3, 0.04, 0.02, 0.28, 0.36)",0.18000000000000002,0.05075521322386467,0.03988308542486845,1.272599967710048,0.0601580065221875,26426446.70347324,-0.07996220986000468,-0.10349859178081423,0.0320704463790324,0.0,61.0,23032438.271645613,23282370.059906404,20623394.725662347,24407304.14484826,0.6557377049180327,1.0,-0.10351509623097505,-0.06999666323585725,0.0,1.0,0.0
0.36,0.04,0.02,0.24,0.34,"(0.36, 0.04, 0.02, 0.24, 0.34)",0.20000000000000004,0.05074125796975437,0.03860335787386321,1.3144260179529421,0.0601580065221875,26427966.947420243,-0.07620127658136877,-0.09790780703585306,0.03109063337950348,0.0,61.0,23048885.695908576,23268921.849832054,20769584.71111985,24394526.91024857,0.6557377049180327,1.0,-0.09796464273241369,-0.06790830108990085,0.0,1.0,0.0
0.36,0.06,0.02,0.3,0.26,"(0.36, 0.06, 0.02, 0.3, 0.26)",0.21999999999999997,0.05069182602413336,0.03694091425426426,1.372240699708231,0.0601580065221875,26420098.521517333,-0.07271400510920822,-0.09346392268995775,0.029882819032876234,0.0,61.0,22935530.23468879,23260604.985753585,20635212.33875325,24323150.853766903,0.6557377049180327,1.0,-0.0936528914175284,-0.0629231024833425,0.0,1.0,0.0
0.34,0.04,0.02,0.26,0.34,"(0.34, 0.04, 0.02, 0.26, 0.34)",0.18000000000000008,0.05067525094747616,0.03876354686640902,1.3072913869857807,0.0601580065221875,26409773.32006924,-0.07674293825443368,-0.09887970493205306,0.03128535396348983,0.0,61.0,23032120.421771716,23285436.57473478,20696334.17061263,24384756.91419791,0.6557377049180327,1.0,-0.09892201382257086,-0.0676844033969736,0.0,1.0,0.0
0.32,0.04,0.02,0.28,0.34,"(0.32, 0.04, 0.02, 0.28, 0.34)",0.18000000000000008,0.05060801753516775,0.038953676044382365,1.2991846386335109,0.0601580065221875,26391298.21703725,-0.07728544654196123,-0.09985687420555142,0.03148007454747617,0.0,61.0,23015272.42083915,23301369.982138883,20623225.974438593,24374799.310452357,0.6557377049180327,1.0,-0.0998843948648158,-0.06746114533238548,0.0,1.0,0.0
0.36,0.04,0.02,0.26,0.32,"(0.36, 0.04, 0.02, 0.26, 0.32)",0.18000000000000002,0.05052671916462814,0.03784045827835918,1.3352565339707891,0.0601580065221875,26374323.68735318,-0.07406054106486437,-0.0952544945045277,0.030694982131933602,0.0,61.0,23014749.36780044,23304248.990681954,20695961.30813178,24352044.477774944,0.6557377049180327,1.0,-0.09530648998120407,-0.06514432541735864,0.0,1.0,0.0
0.36,0.12,0.06,0.2,0.26,"(0.36, 0.12, 0.06, 0.2, 0.26)",0.17999999999999994,0.05495760219365531,0.04726025611709758,1.1628714422851598,0.0601580065221875,27475218.837219756,-0.10999666830234411,-0.14478303957939892,0.03412693789148423,0.0,61.0,23006781.038501196,23323660.110420134,20613211.405404355,24642193.35710508,0.639344262295082,1.0,-0.14568623131865965,-0.0695058679084428,0.0,1.0,0.0
0.26,0.12,0.04,0.3,0.28,"(0.26, 0.12, 0.04, 0.3, 0.28)",0.13999999999999993,0.05388195857751721,0.046480159068341194,1.159246432403403,0.0601580065221875,27212081.495045,-0.1063775717603197,-0.13959793756764052,0.03433669835781561,0.0,61.0,22950906.46306907,23196995.87092582,20645519.92069333,24520447.535164595,0.639344262295082,1.0,-0.140412731212088,-0.06709658007655665,0.0,1.0,0.0
0.28,0.1,0.04,0.3,0.28,"(0.28, 0.1, 0.04, 0.3, 0.28)",0.09999999999999992,0.05318228197353325,0.044207638087758856,1.203011159925766,0.0601580065221875,27029591.008526683,-0.0972687397649018,-0.12751269155578854,0.03335686691948935,0.0,61.0,22950349.941786986,23238499.453498963,20565585.498917807,24525965.05280672,0.639344262295082,1.0,-0.12806864756183056,-0.06813096405267426,0.0,1.0,0.0
0.32,0.1,0.04,0.28,0.26,"(0.32, 0.1, 0.04, 0.28, 0.26)",0.10000000000000003,0.05310865510352958,0.043057581955473344,1.2334332930829752,0.0601580065221875,27014109.106327407,-0.09446241016922308,-0.123321950836127,0.032502642790265594,0.0,61.0,22950988.147141624,23237930.51020953,20639319.844052166,24506210.924021877,0.639344262295082,1.0,-0.12389238868679023,-0.06646474774180373,0.0,1.0,0.0
0.3,0.12,0.02,0.28,0.28,"(0.3, 0.12, 0.02, 0.28, 0.28)",0.09999999999999998,0.05309135849559521,0.043264554456387036,1.2271329073575485,0.0601580065221875,27035725.597388305,-0.09505109352426533,-0.12216840121164442,0.03246031074867806,0.0,61.0,22982881.101140346,23239242.15761151,20678962.244237304,24520232.33784958,0.639344262295082,1.0,-0.12295272890309265,-0.06341842399116461,0.0,1.0,0.0
0.36,0.1,0.04,0.26,0.24,"(0.36, 0.1, 0.04, 0.26, 0.24)",0.14,0.05303248016397277,0.04193423431902293,1.2646583638684745,0.0601580065221875,26998011.43472954,-0.09165115040792082,-0.11915641504068776,0.03164841866104184,0.0,61.0,22951290.310372673,23233641.314973872,20713001.310878813,24486073.273695596,0.639344262295082,1.0,-0.11973947442905812,-0.06479784441886408,0.0,1.0,0.0
0.28,0.12,0.02,0.3,0.28,"(0.28, 0.12, 0.02, 0.3, 0.28)",0.1399999999999999,0.0530170492280968,0.04358949571371055,1.2162803987526043,0.0601580065221875,27015093.50419177,-0.09554161697785479,-0.12313314777283578,0.03270669553792709,0.0,61.0,22964990.64085307,23235558.87624321,20699703.306086764,24509229.65936867,0.639344262295082,1.0,-0.12390516717976849,-0.06334307761247415,0.0,1.0,0.0
0.34,0.12,0.02,0.26,0.26,"(0.34, 0.12, 0.02, 0.26, 0.26)",0.14,0.05301465664207461,0.04215866145039444,1.257503317662345,0.0601580065221875,27019531.72807985,-0.09224303626039165,-0.1180673926904096,0.0316060866194543,0.0,61.0,22983274.40553429,23253396.350589264,20694325.10076732,24498262.219747353,0.639344262295082,1.0,-0.11885745403659903,-0.06172808391817576,0.0,1.0,0.0
0.24,0.08,0.04,0.3,0.34,"(0.24, 0.08, 0.04, 0.3, 0.34)",0.18000000000000002,0.05290839660182156,0.044717190511537885,1.183178012674347,0.0601580065221875,26951600.201622948,-0.0993612262987269,-0.13103590320186234,0.034200553501087264,0.0,61.0,22998351.14431212,23301290.283431564,20483509.32201848,24549824.04210216,0.639344262295082,1.0,-0.13137961967687475,-0.07441472669949092,0.0,1.0,0.0
0.26,0.1,0.02,0.28,0.34,"(0.26, 0.1, 0.02, 0.28, 0.34)",0.14000000000000004,0.05282372821480252,0.04364776457942005,1.2102275734805659,0.0601580065221875,26959145.30953618,-0.09461290706285219,-0.12199909248997312,0.033303997330275975,0.0,61.0,23031739.402685862,23266319.71554824,20807440.350558132,24560054.99177487,0.639344262295082,1.0,-0.12256285438147498,-0.06979062674687452,0.0,1.0,0.0
0.26,0.08,0.04,0.3,0.32,"(0.26, 0.08, 0.04, 0.3, 0.32)",0.13999999999999999,0.05276286215475179,0.043852256467871956,1.203196058871181,0.0601580065221875,26916213.524528723,-0.09672019381363028,-0.12732614269847567,0.03359271416111254,0.0,61.0,22981792.58985053,23270426.08673294,20483913.56006182,24543120.79330477,0.639344262295082,1.0,-0.12767507432912498,-0.0726519039384257,0.0,1.0,0.0
0.3,0.1,0.02,0.26,0.32,"(0.3, 0.1, 0.02, 0.26, 0.32)",0.060000000000000026,0.05274889452941034,0.042510527876067836,1.2408430844046612,0.0601580065221875,26943444.089182533,-0.09179983640180633,-0.11788131770704108,0.03244977320105221,0.0,61.0,23032368.06225346,23278375.221283793,20823115.026654854,24538359.499969,0.639344262295082,1.0,-0.118457503351255,-0.06810248463322036,0.0,1.0,0.0
0.3,0.08,0.04,0.28,0.3,"(0.3, 0.08, 0.04, 0.28, 0.3)",0.06000000000000003,0.052689754439780634,0.04268145268273848,1.2344883111508944,0.0601580065221875,26900911.04987219,-0.09354373337776734,-0.12258611568860296,0.03276811053685103,0.0,61.0,22982459.924637105,23278563.882264942,20557358.18302422,24523403.848114517,0.639344262295082,1.0,-0.12295517228077,-0.07099099239916437,0.0,1.0,0.0
0.34,0.08,0.04,0.26,0.28,"(0.34, 0.08, 0.04, 0.26, 0.28)",0.1,0.05261410041257997,0.041536453320066336,1.2666969904038967,0.0601580065221875,26884995.353151947,-0.09036059056365375,-0.11787699107034505,0.031983018121308465,0.0,61.0,22982790.823248222,23286357.001777105,20630750.246671062,24503303.28570709,0.639344262295082,1.0,-0.11826402955019247,-0.06932934347109228,0.0,1.0,0.0
0.32,0.1,0.02,0.26,0.3,"(0.32, 0.1, 0.02, 0.26, 0.3)",0.060000000000000026,0.052601136431622564,0.04165001092212848,1.2629321161516383,0.0601580065221875,26907536.494891796,-0.08947459137392733,-0.11473192297507864,0.03184193386107749,0.0,61.0,23015158.54919861,23291660.216919374,20859835.878259744,24505840.658008844,0.639344262295082,1.0,-0.11530633871561558,-0.06633053311244295,0.0,1.0,0.0
0.3,0.08,0.04,0.3,0.28,"(0.3, 0.08, 0.04, 0.3, 0.28)",0.09999999999999995,0.05246767135014263,0.0421622854290809,1.2444219001931458,0.0601580065221875,26844559.221513562,-0.09142716259922257,-0.11992982359506665,0.032377035481163094,0.0,61.0,22948198.87950053,23250606.368413355,20484103.171367086,24529024.9590802,0.639344262295082,1.0,-0.12028703638275734,-0.0691473118829278,0.0,1.0,0.0
0.34,0.08,0.04,0.28,0.26,"(0.34, 0.08, 0.04, 0.28, 0.26)",0.14000000000000004,0.052391874489541745,0.041005645998634786,1.2776746521999933,0.0601580065221875,26828636.788604558,-0.08823952148795966,-0.1152231602021284,0.031587366873738594,0.0,61.0,22948453.632585768,23261493.521804474,20557142.64447571,24508867.902245846,0.639344262295082,1.0,-0.11559789664611075,-0.06749265160882224,0.0,1.0,0.0
0.36,0.06,0.04,0.22,0.32,"(0.36, 0.06, 0.04, 0.22, 0.32)",0.16000000000000003,0.052316758579121325,0.041097852037201024,1.2729803623742952,0.0601580065221875,26806545.575475924,-0.08962472724047399,-0.11686149077096561,0.03220480938880962,0.0,61.0,23046403.832375493,23335851.837506015,20693457.82470671,24491197.04317447,0.639344262295082,1.0,-0.11707981860650166,-0.07404323981920546,0.0,1.0,0.0
0.28,0.08,0.02,0.26,0.36,"(0.28, 0.08, 0.02, 0.26, 0.36)",0.13999999999999999,0.0523158528969383,0.042455160893107066,1.2322613269246188,0.0601580065221875,26826970.040502552,-0.09022939775857541,-0.11621799597878278,0.03301474825032324,0.0,61.0,23062251.67297644,23224585.6349398,20869727.148836087,24543172.252993185,0.639344262295082,1.0,-0.11658778732408169,-0.07268830584413455,0.0,1.0,0.0
0.26,0.04,0.06,0.3,0.34,"(0.26, 0.04, 0.06, 0.3, 0.34)",0.2,0.05231218761155243,0.04436799440663927,1.1790523396686234,0.0601580065221875,26770556.36142109,-0.10094708122688334,-0.1363135977010936,0.03433430952588274,0.0,61.0,22979419.212080453,23363177.593997743,20084233.178017724,24746786.265629217,0.639344262295082,1.0,-0.1363135977010936,-0.0799504321903427,0.0,1.0,0.0
0.26,0.08,0.02,0.28,0.36,"(0.26, 0.08, 0.02, 0.28, 0.36)",0.18000000000000002,0.05224577139176856,0.04269196793281096,1.2237845646748697,0.0601580065221875,26807523.575370234,-0.09094744151122724,-0.11749287668978381,0.033209468834309586,0.0,61.0,23044800.187150143,23183726.909230314,20795705.956899617,24532764.632847574,0.639344262295082,1.0,-0.11784942210206907,-0.07258986633914316,0.0,1.0,0.0
0.3,0.04,0.06,0.28,0.32,"(0.3, 0.04, 0.06, 0.28, 0.32)",0.12000000000000005,0.0522401149007381,0.043188475566686896,1.2095845990228262,0.0601580065221875,26755532.149284292,-0.09778328386143931,-0.13144399618669309,0.033549217110340174,0.0,61.0,22980025.941980768,23351446.7047618,20156134.50399576,24726975.01229091,0.639344262295082,1.0,-0.13144399618669309,-0.07831786751284989,0.0,1.0,0.0
0.24,0.08,0.02,0.3,0.36,"(0.24, 0.08, 0.02, 0.3, 0.36)",0.22,0.052174461117948656,0.042955215639924084,1.2146245884389388,0.0601580065221875,26787792.471194863,-0.09166582328609951,-0.11877415461403339,0.033404189418295926,0.0,61.0,23027266.870350514,23219150.544134345,20721830.58659505,24522168.488168996,0.639344262295082,1.0,-0.11911712482545855,-0.07249150516010158,0.0,1.0,0.0
0.3,0.08,0.02,0.26,0.34,"(0.3, 0.08, 0.02, 0.26, 0.34)",0.10000000000000005,0.05217011641036162,0.04154788807408908,1.2556622930467791,0.0601580065221875,26791695.5667012,-0.08759922015866883,-0.11263354206257582,0.03242437641876702,0.0,61.0,23045250.329809748,23164367.416263934,20870069.667858765,24510921.96024155,0.639344262295082,1.0,-0.11300486792378273,-0.07091037413428393,0.0,1.0,0.0
0.34,0.04,0.06,0.26,0.3,"(0.34, 0.04, 0.06, 0.26, 0.3)",0.12000000000000005,0.05216549844957741,0.04203396794733313,1.2410319795394686,0.0601580065221875,26739897.737815335,-0.09461282031604179,-0.1266059414132788,0.03276412469479761,0.0,61.0,22980296.356264442,23339390.47227573,20227983.621868264,24706777.1987351,0.639344262295082,1.0,-0.1266059414132788,-0.07668449570725196,0.0,1.0,0.0
0.28,0.08,0.02,0.28,0.34,"(0.28, 0.08, 0.02, 0.28, 0.34)",0.14000000000000004,0.052100006922125575,0.04179052793738664,1.2466941551967299,0.0601580065221875,26772265.528305985,-0.08831986213879994,-0.11389943048153756,0.03261909700275337,0.0,61.0,23027847.1598075,23199902.154974334,20796043.246981576,24500522.86007548,0.639344262295082,1.0,-0.11425810352998206,-0.07081588898524538,0.0,1.0,0.0
0.34,0.08,0.02,0.24,0.32,"(0.34, 0.08, 0.02, 0.24, 0.32)",0.12000000000000006,0.05209191737216612,0.04043184915848258,1.2883882003016738,0.0601580065221875,26775258.09252063,-0.08424218736414635,-0.10780535936452572,0.031639284003224445,0.0,61.0,23045363.328649595,23168270.804732453,20944378.750363614,24488671.25013531,0.639344262295082,1.0,-0.10818925427513984,-0.06923017564428514,0.0,1.0,0.0
0.26,0.08,0.02,0.3,0.34,"(0.26, 0.08, 0.02, 0.3, 0.34)",0.18000000000000002,0.05202866891703084,0.042060104996702284,1.2370075852428362,0.0601580065221875,26752551.2734994,-0.08904084073539342,-0.11517171032031419,0.032813817586739714,0.0,61.0,23010362.163373392,23235331.39954549,20722162.710230563,24489935.504537374,0.639344262295082,1.0,-0.11551740351773053,-0.07072148146544624,0.0,1.0,0.0
0.34,0.1,0.02,0.3,0.24,"(0.34, 0.1, 0.02, 0.3, 0.24)",0.18000000000000002,0.05200503453794991,0.039774484423921286,1.3074973891219792,0.0601580065221875,26758135.63205796,-0.0834834611774039,-0.10717446155158533,0.030511185419651386,0.0,61.0,22927629.67020106,23170562.324830055,20805629.826072305,24385739.17620257,0.639344262295082,1.0,-0.10771742099447341,-0.060915254865768466,0.0,1.0,0.0
0.28,0.08,0.02,0.3,0.32,"(0.28, 0.08, 0.02, 0.3, 0.32)",0.13999999999999999,0.051881506112192444,0.041177317045132875,1.2599535335273815,0.0601580065221875,26717018.71853999,-0.08641191741528609,-0.11157610226444113,0.03222344575518349,0.0,61.0,22993299.181040317,23242246.860716943,20722286.544376828,24457500.18753685,0.639344262295082,1.0,-0.11192381365848394,-0.06895853719421807,0.0,1.0,0.0
0.32,0.08,0.02,0.28,0.3,"(0.32, 0.08, 0.02, 0.28, 0.3)",0.10000000000000005,0.05180436707171521,0.04002483977514144,1.2943054204027016,0.0601580065221875,26700876.146781564,-0.08305286864065275,-0.10673302212416257,0.03143835333964092,0.0,61.0,22993466.590436563,23231664.73335195,20796090.760373827,24435432.99746962,0.639344262295082,1.0,-0.1070938357988594,-0.06728923396683215,0.0,1.0,0.0
0.3,0.08,0.02,0.3,0.3,"(0.3, 0.08, 0.02, 0.3, 0.3)",0.09999999999999999,0.05173297435580104,0.040307661440198775,1.2834526367289525,0.0601580065221875,26681196.4063567,-0.08377905172671418,-0.10798735016326089,0.03163307392362726,0.0,61.0,22976078.48103696,23193887.21513598,20722202.27520891,24424863.64438334,0.639344262295082,1.0,-0.1083363724763027,-0.06720268912826044,0.0,1.0,0.0
0.36,0.08,0.02,0.26,0.28,"(0.36, 0.08, 0.02, 0.26, 0.28)",0.13999999999999999,0.05172468693475052,0.03890101161322773,1.329648890600117,0.0601580065221875,26684127.167569574,-0.07969356343988743,-0.10193301017162432,0.03065326092409836,0.0,61.0,22993297.90394251,23211701.555529125,20869838.691681627,24412959.827160645,0.639344262295082,1.0,-0.10230801808882836,-0.06561930107625201,0.0,1.0,0.0
0.34,0.08,0.02,0.28,0.28,"(0.34, 0.08, 0.02, 0.28, 0.28)",0.14000000000000004,0.05165449499536057,0.03916226849221916,1.3189862840969846,0.0601580065221875,26664748.02123732,-0.08041345131374333,-0.1031600992040957,0.030847981508084706,0.0,61.0,22976040.168345075,23181904.339247722,20795801.36283846,24402587.126074303,0.639344262295082,1.0,-0.10352092094951164,-0.06553658966474318,0.0,1.0,0.0
0.32,0.08,0.02,0.3,0.28,"(0.32, 0.08, 0.02, 0.3, 0.28)",0.13999999999999999,0.05158307529606221,0.03945200663541098,1.3074892684866055,0.0601580065221875,26645085.942941915,-0.08114224206984688,-0.10440547362359696,0.031042702092071047,0.0,61.0,22958700.622363225,23217213.35402509,20721910.093856357,24392026.9843917,0.639344262295082,1.0,-0.10475509711806394,-0.06545395372014307,0.0,1.0,0.0
0.28,0.06,0.02,0.28,0.36,"(0.28, 0.06, 0.02, 0.28, 0.36)",0.18,0.05150790426121965,0.04113290446806826,1.2522311499107865,0.0601580065221875,26618165.41891315,-0.08519709027646827,-0.1101398837664918,0.03263995760667099,0.0,61.0,23039417.991425257,23225395.655761927,20710308.76054841,24471139.561713405,0.639344262295082,1.0,-0.1103156046216016,-0.07358812132290088,0.0,1.0,0.0
0.36,0.08,0.02,0.28,0.26,"(0.36, 0.08, 0.02, 0.28, 0.26)",0.18000000000000002,0.05150325701425662,0.03831443426344836,1.3442259556835028,0.0601580065221875,26628333.08828721,-0.07785466606379621,-0.09971151795470921,0.030257609676528477,0.0,61.0,22958457.0701072,23200222.478417147,20795303.45685951,24369542.11036659,0.639344262295082,1.0,-0.10007528249308797,-0.06379108919311129,0.0,1.0,0.0
0.34,0.06,0.02,0.24,0.34,"(0.34, 0.06, 0.02, 0.24, 0.34)",0.1600000000000001,0.051497533404623486,0.03980687777784604,1.293684314856859,0.0601580065221875,26620576.91499329,-0.0812164972288606,-0.10419837525565612,0.031660144607142074,0.0,61.0,23056527.026473336,23218906.38682396,20857674.136036303,24458932.137941644,0.639344262295082,1.0,-0.10441436344418716,-0.07201846180182489,0.0,1.0,0.0
0.26,0.06,0.02,0.3,0.36,"(0.26, 0.06, 0.02, 0.3, 0.36)",0.21999999999999997,0.051438034343210814,0.04137317729634044,1.243270101659817,0.0601580065221875,26598915.645526364,-0.08592090222108262,-0.11140749690920135,0.032834678190657336,0.0,61.0,23022161.56507915,23260995.31099013,20636887.868313562,24460764.84800606,0.639344262295082,1.0,-0.11156890152957642,-0.07348632856739726,0.0,1.0,0.0
0.34,0.08,0.02,0.3,0.26,"(0.34, 0.08, 0.02, 0.3, 0.26)",0.18000000000000002,0.0514318105770486,0.03861128344647279,1.3320409472621917,0.0601580065221875,26608688.94015136,-0.07850148684408409,-0.10083049214219053,0.030452330260514825,0.0,61.0,22941166.165317047,23201069.233518828,20721410.19638992,24358991.318935584,0.639344262295082,1.0,-0.10118000464887442,-0.0637123470943535,0.0,1.0,0.0
0.32,0.06,0.02,0.26,0.34,"(0.32, 0.06, 0.02, 0.26, 0.34)",0.14000000000000007,0.05143009086302697,0.039996291078400435,1.2858715014903277,0.0601580065221875,26601909.36863084,-0.08183491276565757,-0.10529428756234815,0.03185486519112842,0.0,61.0,23039483.434873924,23223834.304675944,20783960.852161124,24448941.991477653,0.639344262295082,1.0,-0.10548972987036448,-0.07192043060061501,0.0,1.0,0.0
0.3,0.06,0.02,0.28,0.34,"(0.3, 0.06, 0.02, 0.28, 0.34)",0.14000000000000007,0.051361420664181257,0.040214450969963074,1.2771881606078388,0.0601580065221875,26582958.631006785,-0.08256099537001838,-0.10654646813564292,0.03204958577511477,0.0,61.0,23022357.476706192,23241419.792329744,20710391.50671954,24438763.77612048,0.639344262295082,1.0,-0.10672853345114014,-0.07182248200230466,0.0,1.0,0.0
0.36,0.06,0.02,0.24,0.32,"(0.36, 0.06, 0.02, 0.24, 0.32)",0.16000000000000003,0.051349738002222534,0.0388892699287788,1.3204088967538767,0.0601580065221875,26585049.490197588,-0.0785397082804492,-0.10058524933929017,0.031069772775585855,0.0,61.0,23039212.19001607,23229459.62661188,20857555.97409794,24426338.700355984,0.639344262295082,1.0,-0.10080598874726208,-0.07025207447226614,0.0,1.0,0.0
0.28,0.06,0.02,0.3,0.34,"(0.28, 0.06, 0.02, 0.3, 0.34)",0.18,0.05129152320583752,0.0404608924615197,1.2676814594393409,0.0601580065221875,26563725.339322947,-0.08328741211938706,-0.10780506939403858,0.03224430635910112,0.0,61.0,23005149.317827072,23277024.921054948,20636966.453300826,24428397.743601006,0.639344262295082,1.0,-0.10797342544713637,-0.07172461455639141,0.0,1.0,0.0
0.34,0.06,0.02,0.26,0.32,"(0.34, 0.06, 0.02, 0.26, 0.32)",0.14000000000000007,0.0512822676650313,0.03908386981291755,1.3121082408293683,0.0601580065221875,26566397.841476012,-0.07919226134855917,-0.10171668501959327,0.0312644933595722,0.0,61.0,23022216.933028173,23234377.908791836,20783839.201844834,24416356.831631444,0.639344262295082,1.0,-0.10191715178044203,-0.07015795509929623,0.0,1.0,0.0
0.32,0.06,0.02,0.28,0.32,"(0.32, 0.06, 0.02, 0.28, 0.32)",0.14000000000000007,0.05121356992128123,0.039307829101750534,1.3028847202096054,0.0601580065221875,26547463.426373817,-0.07992095378589903,-0.10295987435614193,0.03145921394355855,0.0,61.0,23005139.3158539,23257248.00730952,20710266.42600764,24406187.16507578,0.639344262295082,1.0,-0.1031475680810122,-0.07006391769475655,0.0,1.0,0.0
0.36,0.06,0.02,0.26,0.3,"(0.36, 0.06, 0.02, 0.26, 0.3)",0.14,0.05113307871773043,0.038183917872824026,1.339126039607436,0.0601580065221875,26530599.22751212,-0.07654565803461966,-0.09814590918869877,0.03067412152801598,0.0,61.0,23004793.266328923,23244713.554077644,20783509.126864586,24383571.815305624,0.639344262295082,1.0,-0.09835068264351475,-0.0681424298858416,0.0,1.0,0.0
0.34,0.06,0.02,0.28,0.3,"(0.34, 0.06, 0.02, 0.28, 0.3)",0.14000000000000007,0.05106435367300444,0.038413876602209976,1.32932050055231,0.0601580065221875,26511681.395860717,-0.07727696392442662,-0.09938012212818012,0.030868842112002328,0.0,61.0,22987764.067341235,23249458.52784893,20709933.70997675,24373410.833831325,0.639344262295082,1.0,-0.09957272572009906,-0.06795390334408699,0.0,1.0,0.0
0.36,0.04,0.02,0.22,0.36,"(0.36, 0.04, 0.02, 0.22, 0.36)",0.24,0.05095315033381698,0.03941641625621084,1.2926885590667643,0.0601580065221875,26481072.777356975,-0.07860798158938376,-0.10092523723336289,0.031486284627073355,0.0,61.0,23082878.515169416,23208602.047597572,20843136.13209991,24436637.973815907,0.639344262295082,1.0,-0.10098677937363626,-0.07067226959419581,0.0,1.0,0.0
0.36,0.04,0.04,0.3,0.26,"(0.36, 0.04, 0.04, 0.3, 0.26)",0.21999999999999997,0.05084276062964266,0.038036459279787244,1.336684896342619,0.0601580065221875,26431017.1221251,-0.07879572560801573,-0.10349114831453106,0.030643065002447747,0.0,61.0,22921871.744777653,23319710.045491774,20315878.402738426,24519969.929509353,0.639344262295082,1.0,-0.10350433601951599,-0.0647030362339887,0.0,1.0,0.0
0.28,0.12,0.04,0.3,0.26,"(0.28, 0.12, 0.04, 0.3, 0.26)",0.13999999999999993,0.053733759155912386,0.04570301474919053,1.1757158570565434,0.0601580065221875,27175727.88811458,-0.10364672260784824,-0.13581962007396958,0.03372885901784089,0.0,61.0,22934093.82833371,23208041.280149966,20645810.855121065,24513484.997285064,0.6229508196721312,1.0,-0.13662857483141208,-0.06533890817451063,0.0,1.0,0.0
0.26,0.08,0.06,0.28,0.32,"(0.26, 0.08, 0.06, 0.28, 0.32)",0.12000000000000002,0.05369426376168418,0.04658053912778367,1.1527188127725516,0.0601580065221875,27131684.514663957,-0.10764155976995982,-0.14425955142720376,0.03497633219175202,0.0,61.0,22985643.162014533,23322229.546604134,20317728.31360027,24724410.464835793,0.6229508196721312,1.0,-0.14460957676340536,-0.07642338198378992,0.0,1.0,0.0
0.3,0.08,0.06,0.26,0.3,"(0.3, 0.08, 0.06, 0.26, 0.3)",0.04000000000000001,0.05362400094425368,0.045420562302134086,1.1806106799724527,0.0601580065221875,27116937.97507065,-0.10449379540978931,-0.13940694482516808,0.034122108062528266,0.0,61.0,22986681.806742482,23305968.785046123,20390953.076274596,24705024.866811473,0.6229508196721312,1.0,-0.13978216376907296,-0.07476733625886652,0.0,1.0,0.0
0.28,0.14,0.02,0.3,0.26,"(0.28, 0.14, 0.02, 0.3, 0.26)",0.17999999999999994,0.05356253746667461,0.045233054438795765,1.184145933349457,0.0601580065221875,27159756.8632049,-0.10206422025274198,-0.1314803065962957,0.03307868763627863,0.0,61.0,22948538.895145636,23184474.097142164,20497734.907499976,24531837.29568397,0.6229508196721312,1.0,-0.13251660466942128,-0.0604946283141921,0.0,1.0,0.0
0.34,0.08,0.06,0.24,0.28,"(0.34, 0.08, 0.06, 0.24, 0.28)",0.1,0.053551186454127375,0.04428535739683584,1.2092300842073271,0.0601580065221875,27101571.4059255,-0.10133938741904736,-0.13458564109535245,0.03326788393330451,0.0,61.0,22987383.472685482,23289311.27743249,20464127.966411386,24685251.419460207,0.6229508196721312,1.0,-0.13498387711268975,-0.0731104604029105,0.0,1.0,0.0
0.3,0.14,0.02,0.3,0.24,"(0.3, 0.14, 0.02, 0.3, 0.24)",0.18,0.05341205230023682,0.044482471920363656,1.2007437984979716,0.0601580065221875,27122917.58902309,-0.09932806626850565,-0.1277713542975055,0.0324708482963039,0.0,61.0,22931173.23471146,23179394.175758995,20533613.920957007,24499011.32597734,0.6229508196721312,1.0,-0.1287943384893106,-0.05873596369900782,0.0,1.0,0.0
0.24,0.06,0.06,0.3,0.34,"(0.24, 0.06, 0.06, 0.3, 0.34)",0.2,0.053044530593385764,0.04593711067963911,1.1547206563188768,0.0601580065221875,26959421.013867076,-0.10586651552802784,-0.14274357737736093,0.03490382075352134,0.0,61.0,22982643.642927226,23333644.590010524,20165100.480308067,24746336.045112543,0.6229508196721312,1.0,-0.14284299462019218,-0.07902369421916289,0.0,1.0,0.0
0.28,0.06,0.06,0.28,0.32,"(0.28, 0.06, 0.06, 0.28, 0.32)",0.12000000000000001,0.05297463450333684,0.04475241936579655,1.183726718109555,0.0601580065221875,26944841.016725324,-0.10271405006078738,-0.1378666460123509,0.03411872833797877,0.0,61.0,22983634.27095161,23318182.27942805,20237687.9465705,24726930.533982255,0.6229508196721312,1.0,-0.1379986475643532,-0.07737982910067298,0.0,1.0,0.0
0.24,0.1,0.02,0.28,0.36,"(0.24, 0.1, 0.02, 0.28, 0.36)",0.18000000000000002,0.0529687664787839,0.04452780469547248,1.1895660888974768,0.0601580065221875,26994447.49547043,-0.09693202431393422,-0.12516705850816912,0.03391183667025069,0.0,61.0,23048582.82023767,23282392.92465824,20770483.184745245,24592157.798097156,0.6229508196721312,1.0,-0.12573088681875708,-0.07157286850430444,0.0,1.0,0.0
0.32,0.06,0.06,0.26,0.3,"(0.32, 0.06, 0.06, 0.26, 0.3)",0.08000000000000003,0.05290219008252928,0.0435915643916023,1.213587785179846,0.0601580065221875,26929645.211376525,-0.09955493014802164,-0.1330211708609348,0.0333336359224362,0.0,61.0,22984288.16927666,23302312.441019844,20310225.516534917,24707137.263288397,0.6229508196721312,1.0,-0.13318352843612433,-0.0757351154927481,0.0,1.0,0.0
0.34,0.1,0.02,0.24,0.3,"(0.34, 0.1, 0.02, 0.24, 0.3)",0.08000000000000004,0.05267151360523936,0.04140105256318715,1.2722264373556929,0.0601580065221875,26927129.307265602,-0.08898182736934446,-0.1137884435564145,0.03161842339930682,0.0,61.0,23032659.553229168,23255223.48102543,20838512.510154553,24516254.785398737,0.6229508196721312,1.0,-0.1143752277851438,-0.06641364108198136,0.0,1.0,0.0
0.28,0.08,0.04,0.3,0.3,"(0.28, 0.08, 0.04, 0.3, 0.3)",0.09999999999999995,0.052615953182360675,0.043000358050176615,1.2236166294467532,0.0601580065221875,26880532.659954626,-0.09407550537748477,-0.12362411082213848,0.03298487482113782,0.0,61.0,22965074.9840932,23271176.08503489,20484111.448621817,24536187.63272975,0.6229508196721312,1.0,-0.123977542016691,-0.07089609334931357,0.0,1.0,0.0
0.32,0.08,0.04,0.28,0.28,"(0.32, 0.08, 0.04, 0.28, 0.28)",0.1,0.0525415001908216,0.04183630171175309,1.2558830021072607,0.0601580065221875,26864919.53598894,-0.09089345471339039,-0.11890076652405991,0.03217773870529481,0.0,61.0,22965535.79139977,23259650.8980554,20557353.796751104,24516250.38795215,0.6229508196721312,1.0,-0.11927302274620988,-0.0692382916931746,0.0,1.0,0.0
0.36,0.08,0.04,0.26,0.26,"(0.36, 0.08, 0.04, 0.26, 0.26)",0.13999999999999999,0.05246450229540578,0.04069896847472502,1.2890867818428229,0.0601580065221875,26848694.683963884,-0.08770472012234465,-0.11420830033333704,0.031392646289752246,0.0,61.0,22965660.55935609,23255185.04509535,20630542.25415826,24495930.152885843,0.6229508196721312,1.0,-0.11459724018228198,-0.06757979825424486,0.0,1.0,0.0
0.3,0.08,0.02,0.24,0.36,"(0.3, 0.08, 0.02, 0.24, 0.36)",0.12000000000000001,0.05238470523235672,0.04224523916517367,1.2400144079558644,0.0601580065221875,26846131.21308574,-0.08951169345245236,-0.11494950241180447,0.03282002766633689,0.0,61.0,23079621.158240587,23218415.541294083,20943893.809347976,24553391.091605518,0.6229508196721312,1.0,-0.11533221263994008,-0.07278682513806514,0.0,1.0,0.0
0.32,0.08,0.02,0.24,0.34,"(0.32, 0.08, 0.02, 0.24, 0.34)",0.12000000000000006,0.05223899698065804,0.041332659807085274,1.2638672958497383,0.0601580065221875,26810840.73581893,-0.08687891621857302,-0.11137403493207196,0.032229655834780664,0.0,61.0,23062571.504484426,23234074.332738698,20944241.620237507,24521132.548286207,0.6229508196721312,1.0,-0.1117576887892435,-0.07100493841145229,0.0,1.0,0.0
0.32,0.06,0.02,0.24,0.36,"(0.32, 0.06, 0.02, 0.24, 0.36)",0.16000000000000003,0.05164396116976744,0.040735940473835316,1.2677738765584248,0.0601580065221875,26655815.401178863,-0.0838956549690213,-0.10782757695287963,0.03225051643869829,0.0,61.0,23073684.059583478,23208145.31797661,20857582.8886054,24491324.476866353,0.6229508196721312,1.0,-0.1080364092124479,-0.07379195367931327,0.0,1.0,0.0
0.34,0.06,0.04,0.3,0.26,"(0.34, 0.06, 0.04, 0.3, 0.26)",0.18000000000000002,0.051587805183233915,0.039536326481614176,1.3048203961798048,0.0601580065221875,26620850.028160248,-0.08378703728737691,-0.1098814355979717,0.03121257623008634,0.0,61.0,22927312.97076689,23294676.242024668,20400633.253251866,24522026.210636817,0.6229508196721312,1.0,-0.11005907845389078,-0.0684117975407309,0.0,1.0,0.0
0.3,0.06,0.02,0.26,0.36,"(0.3, 0.06, 0.02, 0.26, 0.36)",0.14,0.05157654666932898,0.040920347573593606,1.260413210727759,0.0601580065221875,26637132.21673974,-0.08447361388674934,-0.10887869716435505,0.03244523702268464,0.0,61.0,23056592.211776428,23213082.838019595,20783873.885317724,24481326.18865959,0.6229508196721312,1.0,-0.10906839973753339,-0.07368999588860757,0.0,1.0,0.0
0.36,0.06,0.02,0.22,0.34,"(0.36, 0.06, 0.02, 0.22, 0.34)",0.20000000000000004,0.05156374789344875,0.039646623084347035,1.300583602889668,0.0601580065221875,26638960.64182177,-0.08099483816540198,-0.10365958991261613,0.031465424023155726,0.0,61.0,23073488.086358033,23212031.436331805,20931531.000748128,24468733.967798177,0.6229508196721312,1.0,-0.1038883747191992,-0.07211657706135449,0.0,1.0,0.0
0.36,0.08,0.02,0.3,0.24,"(0.36, 0.08, 0.02, 0.3, 0.24)",0.22,0.0512791818387246,0.03778648854084941,1.3570771939628314,0.0601580065221875,26572007.015615012,-0.07601768529765374,-0.09748570280230873,0.029861958428958606,0.0,61.0,22923475.671478454,23204171.72153485,20720702.783807505,24325757.761407513,0.6229508196721312,1.0,-0.097838367841287,-0.06197788504849974,0.0,1.0,0.0
0.34,0.12,0.06,0.22,0.26,"(0.34, 0.12, 0.06, 0.22, 0.26)",0.14,0.05488336554980888,0.04755511906533313,1.154100055441096,0.0601580065221875,27454341.139481753,-0.11104512720098003,-0.14656104017455213,0.034373322680733266,0.0,61.0,22989279.616125807,23332190.190112613,20633962.179107886,24655078.457476206,0.6065573770491803,1.0,-0.14745321379865808,-0.06941718928369797,0.0,1.0,0.0
0.32,0.12,0.06,0.24,0.26,"(0.32, 0.12, 0.06, 0.24, 0.26)",0.09999999999999999,0.05480789598793234,0.04787306001878331,1.144858840576059,0.0601580065221875,27433172.666822594,-0.11209365075258348,-0.14834696562837893,0.0346197074699823,0.0,61.0,22971696.536132943,23335830.61725771,20622914.534394067,24667789.45194736,0.6065573770491803,1.0,-0.14922767796117337,-0.0693285753341729,0.0,1.0,0.0
0.36,0.12,0.06,0.22,0.24,"(0.36, 0.12, 0.06, 0.22, 0.24)",0.18,0.05473555007081932,0.04678792556284589,1.1698648617643481,0.0601580065221875,27417776.115136,-0.10831905610688297,-0.14275849665842535,0.03376548334075854,0.0,61.0,22972624.872279327,23343096.514039937,20670544.343431234,24648225.784345496,0.6065573770491803,1.0,-0.14364451552057494,-0.06765123135435477,0.0,1.0,0.0
0.24,0.16,0.02,0.3,0.28,"(0.24, 0.16, 0.02, 0.3, 0.28)",0.21999999999999995,0.054391256860247816,0.048593819789052195,1.1193039998988048,0.0601580065221875,27374883.553267468,-0.11480739840528464,-0.14824893759352217,0.036017400151149875,0.0,61.0,22964908.151746012,23218905.16355798,20224970.290112015,24617417.509961948,0.6065573770491803,1.0,-0.1496124756799899,-0.06378197132805218,0.0,1.0,0.0
0.3,0.14,0.04,0.28,0.24,"(0.3, 0.14, 0.04, 0.28, 0.24)",0.14000000000000004,0.054348580271303515,0.04708201956595968,1.1543383391862307,0.0601580065221875,27340683.170337174,-0.10989707605592858,-0.14355618384740212,0.034116868437149804,0.0,61.0,22934369.57043702,23201409.763930082,20504349.739374947,24486563.613272216,0.6065573770491803,1.0,-0.14465728827123467,-0.06259265207571123,0.0,1.0,0.0
0.28,0.1,0.06,0.26,0.3,"(0.28, 0.1, 0.06, 0.26, 0.3)",0.039999999999999966,0.054330883061543656,0.047489614049831264,1.1440582145926432,0.0601580065221875,27301702.450733986,-0.11033490562578496,-0.14696866020867,0.03510193950085452,0.0,61.0,22987475.850338493,23274801.81285248,20470143.746970404,24700436.706388906,0.6065573770491803,1.0,-0.1475834552175769,-0.07378131681114435,0.0,1.0,0.0
0.28,0.14,0.04,0.3,0.24,"(0.28, 0.14, 0.04, 0.3, 0.24)",0.17999999999999997,0.05427034908781403,0.047459263247997936,1.143514361026315,0.0601580065221875,27318885.04206036,-0.1109505236010353,-0.14532446189189288,0.03447572423947282,0.0,61.0,22916310.394716732,23191865.80382232,20524531.80024591,24498748.160472352,0.6065573770491803,1.0,-0.14641701154525888,-0.06252039755865704,0.0,1.0,0.0
0.26,0.16,0.02,0.3,0.26,"(0.26, 0.16, 0.02, 0.3, 0.26)",0.21999999999999995,0.054242879170747216,0.04785353856723903,1.1335186653862708,0.0601580065221875,27338303.986467775,-0.11209750287758824,-0.1445410108956295,0.035126839691863185,0.0,61.0,22947813.718080882,23174427.533060625,20260661.489842877,24584941.674021456,0.6065573770491803,1.0,-0.14588821632971882,-0.06170242736039166,0.0,1.0,0.0
0.3,0.16,0.02,0.28,0.24,"(0.3, 0.16, 0.02, 0.28, 0.24)",0.18000000000000002,0.05417038577584021,0.046769618033829695,1.158238789477762,0.0601580065221875,27323002.655221887,-0.10832842013102728,-0.13910236638595536,0.033877423430253475,0.0,61.0,22948900.590920962,23158806.54494893,20276198.50319645,24563687.346892774,0.6065573770491803,1.0,-0.14043760825982834,-0.059593040644702604,0.0,1.0,0.0
0.28,0.16,0.02,0.3,0.24,"(0.28, 0.16, 0.02, 0.3, 0.24)",0.21999999999999995,0.054093122638696034,0.047129397515373705,1.1477575672604503,0.0601580065221875,27301426.87991926,-0.10938321368689741,-0.14083747369248772,0.034236279232576494,0.0,61.0,22930560.50791066,23131528.37524565,20296249.758620434,24552261.471193086,0.6065573770491803,1.0,-0.14216763599964025,-0.05962130604760204,0.0,1.0,0.0
0.24,0.14,0.02,0.3,0.3,"(0.24, 0.14, 0.02, 0.3, 0.3)",0.18,0.05385938081085473,0.04678203074278504,1.1512835153946623,0.0601580065221875,27232550.586477112,-0.10752328361351093,-0.13891141394247258,0.03461494321089357,0.0,61.0,22982795.34003153,23201398.26098956,20425665.608255535,24596879.83801697,0.6065573770491803,1.0,-0.13997217494642425,-0.06403354850770099,0.0,1.0,0.0
0.28,0.14,0.02,0.28,0.28,"(0.28, 0.14, 0.02, 0.28, 0.28)",0.13999999999999996,0.053787405194538174,0.04566224178983954,1.1779405278018258,0.0601580065221875,27217423.757085264,-0.1037365286834726,-0.13346438855060583,0.03344014218700432,0.0,61.0,22983911.069420036,23204340.111416914,20441384.22077335,24575684.624970693,0.6065573770491803,1.0,-0.13452032253252633,-0.06233209744843261,0.0,1.0,0.0
0.26,0.14,0.02,0.3,0.28,"(0.26, 0.14, 0.02, 0.3, 0.28)",0.17999999999999994,0.0537116475307422,0.04599983961516289,1.167648582692825,0.0601580065221875,27196301.74545572,-0.10479595906195072,-0.13519366904920485,0.03372438275160688,0.0,61.0,22965746.4515392,23173721.52639232,20461751.96349668,24564460.506971,0.6065573770491803,1.0,-0.13624255829376708,-0.06226049552990599,0.0,1.0,0.0
0.32,0.12,0.04,0.28,0.24,"(0.32, 0.12, 0.04, 0.28, 0.24)",0.14000000000000004,0.053660962249470145,0.04457353930079317,1.2038748345145496,0.0601580065221875,27160381.96080011,-0.09984657556105181,-0.13029897107528937,0.032874634888617124,0.0,61.0,22934909.64960467,23218862.25026486,20720034.797104623,24493916.001077686,0.6065573770491803,1.0,-0.1311105904722694,-0.06366429847841275,0.0,1.0,0.0
0.3,0.14,0.02,0.28,0.26,"(0.3, 0.14, 0.02, 0.28, 0.26)",0.14,0.0536383224244632,0.044889046683619975,1.1949089229385628,0.0601580065221875,27180859.78216387,-0.10100139237728734,-0.1297587085937098,0.0328323028470296,0.0,61.0,22966654.71527472,23188314.975356806,20477340.246653482,24543051.731133822,0.6065573770491803,1.0,-0.13080141833000733,-0.0605622524384345,0.0,1.0,0.0
0.24,0.08,0.06,0.3,0.32,"(0.24, 0.08, 0.06, 0.3, 0.32)",0.16,0.05361808418127145,0.04692140076766917,1.142721302093278,0.0601580065221875,27110584.66346704,-0.10816386015543844,-0.14535920556865736,0.03522271698100106,0.0,61.0,22968216.20806063,23308469.970327426,20245135.85345525,24737009.870813623,0.6065573770491803,1.0,-0.14569023325414893,-0.07631617605443423,0.0,1.0,0.0
0.34,0.14,0.02,0.26,0.24,"(0.34, 0.14, 0.02, 0.26, 0.24)",0.18000000000000005,0.05356244532001253,0.04380584807105209,1.2227236243237538,0.0601580065221875,27164797.865802933,-0.09732020499328531,-0.12451062284771229,0.031978078717805836,0.0,61.0,22967226.486178663,23202569.025250956,20492655.562638957,24521232.432508443,0.6065573770491803,1.0,-0.12553865530792085,-0.058863348858137717,0.0,1.0,0.0
0.32,0.14,0.02,0.28,0.24,"(0.32, 0.14, 0.02, 0.28, 0.24)",0.18000000000000005,0.05348786429306318,0.04413195921432886,1.2119984076233041,0.0601580065221875,27144001.1266574,-0.0982618369230378,-0.1260574331387623,0.03222446350705487,0.0,61.0,22949240.170686606,23183798.984576393,20513192.438201256,24510215.931118414,0.6065573770491803,1.0,-0.12708619580309755,-0.058799625361905535,0.0,1.0,0.0
0.24,0.12,0.02,0.3,0.32,"(0.24, 0.12, 0.02, 0.3, 0.32)",0.18,0.05331259906233132,0.045220828145429486,1.1789390254171999,0.0601580065221875,27087218.92633095,-0.10019481515157924,-0.12950005295188124,0.03392237421787654,0.0,61.0,22999153.363198098,23258502.126817398,20626840.810549855,24574153.0571484,0.6065573770491803,1.0,-0.13028663621667316,-0.06688027023943285,0.0,1.0,0.0
0.28,0.12,0.02,0.28,0.3,"(0.28, 0.12, 0.02, 0.28, 0.3)",0.09999999999999998,0.05323979341816232,0.04407959247693611,1.207810472522384,0.0601580065221875,27071953.991261568,-0.09736540996884124,-0.12532220971148378,0.033068150088652784,0.0,61.0,23000090.40454125,23261292.46985039,20642610.462697234,24552805.15783566,0.6065573770491803,1.0,-0.1261117972993946,-0.06518741006271561,0.0,1.0,0.0
0.26,0.12,0.02,0.3,0.3,"(0.26, 0.12, 0.02, 0.3, 0.3)",0.13999999999999996,0.05316551150754267,0.04439791836163904,1.197477572585454,0.0601580065221875,27051303.470716357,-0.09785423392905446,-0.12629428118195324,0.033314534877901814,0.0,61.0,22982151.276093733,23224748.129509818,20663324.00114162,24541793.0477647,0.6065573770491803,1.0,-0.12707107586882782,-0.06510809863773485,0.0,1.0,0.0
0.36,0.12,0.02,0.24,0.26,"(0.36, 0.12, 0.02, 0.24, 0.26)",0.15999999999999998,0.053086532620981064,0.04187885455728811,1.267621408994399,0.0601580065221875,27039573.033694062,-0.09175218049341449,-0.1171191046049156,0.03135970183020526,0.0,61.0,23000953.883262407,23265681.55837155,20673324.740919564,24508879.071121678,0.6065573770491803,1.0,-0.11792053104928425,-0.06179961594061243,0.0,1.0,0.0
0.26,0.1,0.02,0.26,0.36,"(0.26, 0.1, 0.02, 0.26, 0.36)",0.13999999999999999,0.05304028953497819,0.04427007450186367,1.1981070764347892,0.0601580065221875,27014377.154816333,-0.09644369462386182,-0.12419693009528104,0.03366545188100165,0.0,61.0,23066310.769332603,23258330.692339692,20749361.38084696,24602786.6212512,0.6065573770491803,1.0,-0.12477483929616172,-0.07166780572205782,0.0,1.0,0.0
0.3,0.1,0.04,0.3,0.26,"(0.3, 0.1, 0.04, 0.3, 0.26)",0.09999999999999998,0.0530333521942401,0.043406425480240755,1.221785751936235,0.0601580065221875,26993278.364236563,-0.09495433451877155,-0.12430106381456761,0.03274902757951463,0.0,61.0,22933425.565801363,23238617.57551818,20565622.371400245,24518787.115517683,0.6065573770491803,1.0,-0.12485750305468879,-0.0663812230407428,0.0,1.0,0.0
0.3,0.1,0.02,0.24,0.34,"(0.3, 0.1, 0.02, 0.24, 0.34)",0.08000000000000004,0.05296560052094024,0.04314652922381086,1.227574997891386,0.0601580065221875,26998684.542203467,-0.0936335225366639,-0.1200781608626559,0.032811227751777895,0.0,61.0,23067016.963288065,23272817.151318762,20765023.80520245,24581106.454401642,0.6065573770491803,1.0,-0.12066886038546781,-0.06997261126338732,0.0,1.0,0.0
0.34,0.1,0.04,0.28,0.24,"(0.34, 0.1, 0.04, 0.28, 0.24)",0.14000000000000007,0.05295837933783276,0.042264846080570906,1.25301247369685,0.0601580065221875,26977484.92925352,-0.09214409620419783,-0.12012346914624134,0.03189480345029087,0.0,61.0,22933857.45400231,23249601.066851325,20639153.014728583,24498812.91001487,0.6065573770491803,1.0,-0.12069327260633703,-0.0647181702520214,0.0,1.0,0.0
0.26,0.06,0.06,0.3,0.32,"(0.26, 0.06, 0.06, 0.3, 0.32)",0.15999999999999998,0.052899901571157315,0.04507690992710494,1.1735476468263495,0.0601580065221875,26924233.460960377,-0.10324022464709126,-0.13895571161700662,0.03431344892196511,0.0,61.0,22966480.010514576,23283464.222819667,20165529.017573524,24739720.275342297,0.6065573770491803,1.0,-0.1390681059404533,-0.07726930763927847,0.0,1.0,0.0
0.28,0.1,0.02,0.26,0.34,"(0.28, 0.1, 0.02, 0.26, 0.34)",0.1,0.0528952794539268,0.04338414083315454,1.2192307704640255,0.0601580065221875,26979058.18029463,-0.09412287157730526,-0.12103632646248283,0.03305761254102693,0.0,61.0,23049418.989543077,23269649.871402543,20786290.017732624,24570675.19169839,0.6065573770491803,1.0,-0.1216136758341394,-0.06988158125839818,0.0,1.0,0.0
0.36,0.06,0.06,0.24,0.28,"(0.36, 0.06, 0.06, 0.24, 0.28)",0.13999999999999996,0.05282719858159157,0.04245650101737869,1.2442664212947707,0.0601580065221875,26913834.9578544,-0.09638915483944421,-0.12820708979148107,0.03254854350689364,0.0,61.0,22984605.484191433,23286036.04222262,20382710.87399551,24686957.315496765,0.6065573770491803,1.0,-0.12839758380588082,-0.07408961332510909,0.0,1.0,0.0
0.32,0.1,0.02,0.24,0.32,"(0.32, 0.1, 0.02, 0.24, 0.32)",0.08000000000000004,0.052819243776689895,0.042267321966032,1.249647276426406,0.0601580065221875,26963053.81268576,-0.09130878035093337,-0.11693050091205309,0.03220879523086304,0.0,61.0,23049917.592965186,23276619.281783298,20801820.186766114,24548782.26582151,0.6065573770491803,1.0,-0.11751954560381794,-0.06818954613559941,0.0,1.0,0.0
0.36,0.1,0.02,0.22,0.3,"(0.36, 0.1, 0.02, 0.22, 0.3)",0.12,0.05274066071180439,0.041179532319415874,1.280749385464427,0.0601580065221875,26946435.809547983,-0.08848975038065099,-0.11284955237175483,0.031423702815320476,0.0,61.0,23050078.784503154,23258235.391917896,20817073.254631847,24526480.259907454,0.6065573770491803,1.0,-0.11344847290481565,-0.06649682473268774,0.0,1.0,0.0
0.36,0.08,0.02,0.18,0.36,"(0.36, 0.08, 0.02, 0.18, 0.36)",0.24000000000000002,0.05258388324256513,0.04178057898342338,1.258572392293271,0.0601580065221875,26901896.575451218,-0.08836124709165627,-0.11257913879429632,0.032235865914377854,0.0,61.0,23131235.92528906,23226643.282694932,20900486.829055455,24582912.408757545,0.6065573770491803,1.0,-0.11301398009543659,-0.07308287645917676,0.0,1.0,0.0
0.34,0.08,0.02,0.2,0.36,"(0.34, 0.08, 0.02, 0.2, 0.36)",0.20000000000000004,0.05251872080069031,0.04190761600220131,1.2532023009357445,0.0601580065221875,26883595.11153452,-0.08856345567346224,-0.11311250797935182,0.0324305864983642,0.0,61.0,23114113.452231646,23171305.422674533,20922452.989065297,24573261.416392114,0.6065573770491803,1.0,-0.11353228148585806,-0.0729841089700239,0.0,1.0,0.0
0.32,0.08,0.04,0.3,0.26,"(0.32, 0.08, 0.04, 0.3, 0.26)",0.13999999999999999,0.05231801831936034,0.04133887949380963,1.2655886893885162,0.0601580065221875,26808294.82884089,-0.0887751670950141,-0.11624329693459368,0.03178208745772494,0.0,61.0,22931164.829881508,23267644.39660997,20483888.916882996,24521633.175519332,0.6065573770491803,1.0,-0.11660357099479872,-0.0674055761612333,0.0,1.0,0.0
0.36,0.08,0.04,0.28,0.24,"(0.36, 0.08, 0.04, 0.28, 0.24)",0.18000000000000002,0.052240878994931794,0.040190384318321705,1.2998352685847943,0.0601580065221875,26792064.4347843,-0.0855819353286198,-0.11155331250164824,0.03099699504218237,0.0,61.0,22931214.004953034,23278348.159799308,20556724.92063051,24501256.798703734,0.6065573770491803,1.0,-0.11192980745208492,-0.06575408850365132,0.0,1.0,0.0
0.36,0.08,0.02,0.22,0.32,"(0.36, 0.08, 0.02, 0.22, 0.32)",0.16000000000000003,0.05215959686194904,0.040239550103266034,1.2962271379300416,0.0601580065221875,26794101.90486833,-0.08351961822544796,-0.10656118904076392,0.031444563419238104,0.0,61.0,23062553.9537079,23213685.542274483,21018529.646614823,24498684.95438271,0.6065573770491803,1.0,-0.10695650145080995,-0.06932087973249579,0.0,1.0,0.0
0.36,0.06,0.02,0.2,0.36,"(0.36, 0.06, 0.02, 0.2, 0.36)",0.24,0.05177510486769554,0.04045305678579988,1.2798811506840198,0.0601580065221875,26692328.423338834,-0.08348400142703938,-0.10677648908447267,0.0318610752707256,0.0,61.0,23107619.974913664,23171471.464629937,21005431.09461633,24510755.049271226,0.6065573770491803,1.0,-0.10701552909428233,-0.07399612461888273,0.0,1.0,0.0
0.34,0.06,0.02,0.22,0.36,"(0.34, 0.06, 0.02, 0.22, 0.36)",0.20000000000000004,0.051710147366992976,0.04058006693207477,1.2742745706543157,0.0601580065221875,26674214.34334671,-0.0836893259851903,-0.10730069937877522,0.032055795854711945,0.0,61.0,23090693.369006015,23193590.942647614,20931435.41238601,24501134.178377993,0.6065573770491803,1.0,-0.10752470050832567,-0.07389399611462052,0.0,1.0,0.0
0.36,0.06,0.04,0.3,0.24,"(0.36, 0.06, 0.04, 0.3, 0.24)",0.22,0.05143607011096951,0.03870949521020314,1.3287713991530394,0.0601580065221875,26584354.9567367,-0.08112386520438664,-0.10619923793219237,0.03062220439853012,0.0,61.0,22910014.64962184,23285864.923539937,20399966.2952798,24514194.17489304,0.6065573770491803,1.0,-0.10638365480132773,-0.066685183085763,0.0,1.0,0.0
0.26,0.16,0.02,0.28,0.28,"(0.26, 0.16, 0.02, 0.28, 0.28)",0.17999999999999997,0.05446846527270144,0.04824615992245301,1.1289699607232921,0.0601580065221875,27396498.5646471,-0.11375935636015011,-0.14649851047209236,0.03565854434882686,0.0,61.0,22983345.995594192,23248009.058169603,20204971.76890554,24628863.10219458,0.5901639344262295,1.0,-0.14786837273814094,-0.06375523768069472,0.0,1.0,0.0
0.3,0.16,0.02,0.26,0.26,"(0.3, 0.16, 0.02, 0.26, 0.26)",0.13999999999999999,0.05439611853582216,0.04716878019438435,1.1532229222730304,0.0601580065221875,27381206.331842896,-0.10999472562157031,-0.14106318542599863,0.03440912808721714,0.0,61.0,22984511.524878856,23232388.744537134,20220497.346357465,24607624.548596606,0.5901639344262295,1.0,-0.1424213825126673,-0.06164816669937906,0.0,1.0,0.0
0.34,0.16,0.02,0.24,0.24,"(0.34, 0.16, 0.02, 0.24, 0.24)",0.20000000000000004,0.05432121506573084,0.046119196093446384,1.1778439276275672,0.0601580065221875,27365288.602096103,-0.10621899225684239,-0.13565526233236017,0.03315971182560743,0.0,61.0,22985339.960445,23216373.463998195,20235752.966179498,24585973.40920147,0.5901639344262295,1.0,-0.13699943485066418,-0.05953872500663561,0.0,1.0,0.0
0.28,0.16,0.02,0.28,0.26,"(0.28, 0.16, 0.02, 0.28, 0.26)",0.17999999999999997,0.05432011507764023,0.04749985259583818,1.1435849188803509,0.0601580065221875,27359899.527914125,-0.11104608705559182,-0.1427982464889795,0.03476798388954016,0.0,61.0,22966202.726435136,23203481.900508925,20240636.554277923,24596377.483542964,0.5901639344262295,1.0,-0.14415115386690633,-0.061674927835263106,0.0,1.0,0.0
0.32,0.1,0.06,0.24,0.28,"(0.32, 0.1, 0.06, 0.24, 0.28)",0.059999999999999984,0.05426025515530797,0.0463601580014277,1.1704070368706894,0.0601580065221875,27286790.212891437,-0.10628626037742295,-0.140934120599256,0.034247715371630766,0.0,61.0,22988563.084118363,23284772.08188595,20544006.804947875,24681072.82790438,0.5901639344262295,1.0,-0.14155834606399262,-0.07211307782222309,0.0,1.0,0.0
0.26,0.1,0.06,0.28,0.3,"(0.26, 0.1, 0.06, 0.28, 0.3)",0.08,0.05425445674734153,0.047828149864075256,1.1343624393067566,0.0601580065221875,27280413.546096187,-0.1114242306217037,-0.14882877334468916,0.03534832429010356,0.0,61.0,22969906.061109547,23250077.401347786,20396968.232636195,24713009.926599856,0.5901639344262295,1.0,-0.1494286811602215,-0.07368139666269906,0.0,1.0,0.0
0.32,0.16,0.02,0.26,0.24,"(0.32, 0.16, 0.02, 0.26, 0.24)",0.18000000000000002,0.054246416722974145,0.04643271709773412,1.1682800429015026,0.0601580065221875,27344290.13358428,-0.10727367886905981,-0.1373749637493396,0.03351856762793046,0.0,61.0,22967160.467566144,23187663.93159702,20256032.78373367,24574924.751404114,0.5901639344262295,1.0,-0.13871487480713904,-0.05956551363104727,0.0,1.0,0.0
0.36,0.1,0.06,0.22,0.26,"(0.36, 0.1, 0.06, 0.22, 0.26)",0.13999999999999996,0.05418707223901942,0.04525648685822984,1.1973327140651786,0.0601580065221875,27271253.768621713,-0.1031365986860524,-0.13613703192926052,0.03339349124240701,0.0,61.0,22989313.107760288,23294460.60043875,20617820.0227387,24661321.03856176,0.5901639344262295,1.0,-0.13677699127900744,-0.07044402733833488,0.0,1.0,0.0
0.3,0.1,0.06,0.26,0.28,"(0.3, 0.1, 0.06, 0.26, 0.28)",0.039999999999999966,0.05418503127961971,0.046681982861786084,1.160726857726852,0.0601580065221875,27265807.955803264,-0.10728494374621378,-0.14265115021539831,0.0344941001608798,0.0,61.0,22971122.53491036,23234061.94718115,20470678.46352164,24693811.215451512,0.5901639344262295,1.0,-0.14326506466552366,-0.07201704838375582,0.0,1.0,0.0
0.34,0.1,0.06,0.24,0.26,"(0.34, 0.1, 0.06, 0.24, 0.26)",0.10000000000000002,0.05411305096352503,0.04556059343239635,1.1877161135712373,0.0601580065221875,27250578.29039883,-0.1036582544691309,-0.13720403020524874,0.033639876031656045,0.0,61.0,22972002.04697261,23218569.900547087,20544339.858355623,24674224.13916849,0.5901639344262295,1.0,-0.13782817914826176,-0.07035187395697273,0.0,1.0,0.0
0.24,0.14,0.02,0.28,0.32,"(0.24, 0.14, 0.02, 0.28, 0.32)",0.18000000000000005,0.05408143791218012,0.04725377579214662,1.144489239337531,0.0601580065221875,27289661.067812696,-0.10919354751561061,-0.14088885125478895,0.035146647867857234,0.0,61.0,23017946.945669893,23289012.89391747,20369162.742762897,24640337.204969507,0.5901639344262295,1.0,-0.1419690784050607,-0.06589337331709494,0.0,1.0,0.0
0.28,0.14,0.02,0.26,0.3,"(0.28, 0.14, 0.02, 0.26, 0.3)",0.09999999999999998,0.054009609291640226,0.04614289882103731,1.1704858314410094,0.0601580065221875,27274544.105632555,-0.10541126460423722,-0.13544523670082725,0.033897231606247524,0.0,61.0,23019141.3630029,23291624.834481176,20384869.337528042,24619158.220090367,0.5901639344262295,1.0,-0.1365209321321518,-0.06418480289317978,0.0,1.0,0.0
0.32,0.14,0.02,0.24,0.28,"(0.32, 0.14, 0.02, 0.24, 0.28)",0.12,0.05393522567051634,0.04505884421641207,1.1969953204186088,0.0601580065221875,27258804.05708959,-0.10161782808918751,-0.13002910764211437,0.03294737260850625,0.0,61.0,23019998.24330706,23293992.71001138,20400304.086288143,24597566.639491964,0.5901639344262295,1.0,-0.13109787652427932,-0.0624754937558497,0.0,1.0,0.0
0.26,0.14,0.02,0.28,0.3,"(0.26, 0.14, 0.02, 0.28, 0.3)",0.14,0.05393511091973324,0.046450740181657506,1.1611248972310493,0.0601580065221875,27253691.40056686,-0.10646724675621355,-0.13717444535040918,0.03425608740857054,0.0,61.0,23001008.667611632,23266105.06301791,20405324.879363228,24608113.489810105,0.5901639344262295,1.0,-0.13824288403431925,-0.06410914348818382,0.0,1.0,0.0
0.3,0.14,0.02,0.26,0.28,"(0.3, 0.14, 0.02, 0.26, 0.28)",0.09999999999999998,0.05386193137814699,0.04534841111997747,1.1877358003932144,0.0601580065221875,27238258.093753945,-0.10267715090442131,-0.1317428693366854,0.033193757397755284,0.0,61.0,23001995.058617566,23268891.822515715,20420901.471310835,24586720.09282696,0.5901639344262295,1.0,-0.1328054289732565,-0.062403762939265826,0.0,1.0,0.0
0.36,0.14,0.02,0.22,0.26,"(0.36, 0.14, 0.02, 0.22, 0.26)",0.19999999999999998,0.05385828831700912,0.04400359437756962,1.2239520220753335,0.0601580065221875,27242442.328788232,-0.09865876616192693,-0.12571792758625414,0.03209314847928249,0.0,61.0,23020517.727134112,23296116.473714773,20415466.552193254,24575563.693082448,0.5901639344262295,1.0,-0.12677861092160436,-0.060765508224691164,0.0,1.0,0.0
0.34,0.14,0.02,0.24,0.26,"(0.34, 0.14, 0.02, 0.24, 0.26)",0.16000000000000003,0.053786198259542006,0.04427380788124646,1.2148536761014588,0.0601580065221875,27222203.208098043,-0.09914364371727369,-0.12668091865072026,0.03233953326853153,0.0,61.0,23002644.306057125,23249365.380012624,20436205.696486954,24564915.198596984,0.5901639344262295,1.0,-0.12773054297469888,-0.060697690601446974,0.0,1.0,0.0
0.32,0.14,0.02,0.26,0.26,"(0.32, 0.14, 0.02, 0.26, 0.26)",0.14,0.05371287615909481,0.044569123792655305,1.205158898994248,0.0601580065221875,27201675.463012505,-0.09993861499433854,-0.12804487320223554,0.03258591805778056,0.0,61.0,22984689.910621937,23206885.438928664,20456830.385779075,24554077.78902964,0.5901639344262295,1.0,-0.12909357737807142,-0.06062993927118803,0.0,1.0,0.0
0.36,0.14,0.02,0.24,0.24,"(0.36, 0.14, 0.02, 0.24, 0.24)",0.2,0.05363579497008031,0.0435046872363505,1.2328739355989375,0.0601580065221875,27185307.109534897,-0.09683294946196164,-0.12355038590871047,0.0317316939285568,0.0,61.0,22985132.006751437,23209034.186813407,20472003.666309807,24532060.559648868,0.5901639344262295,1.0,-0.12458923216084805,-0.058927136012026836,0.0,1.0,0.0
0.26,0.12,0.02,0.26,0.34,"(0.26, 0.12, 0.02, 0.26, 0.34)",0.14,0.053605532048132565,0.0454705763903427,1.1789059278236378,0.0601580065221875,27163923.86159216,-0.10150268919971339,-0.13066455028081064,0.034037443979353196,0.0,61.0,23051987.70534393,23238850.093696725,20548822.51281478,24628180.561519817,0.5901639344262295,1.0,-0.13147639191574853,-0.06883421905088094,0.0,1.0,0.0
0.3,0.12,0.04,0.3,0.24,"(0.3, 0.12, 0.04, 0.3, 0.24)",0.13999999999999999,0.053584182748705356,0.044941551512511016,1.1923082525041078,0.0601580065221875,27139078.591821816,-0.10091145250315325,-0.1320457314361574,0.03312101967786617,0.0,61.0,22917122.43913452,23204337.655237243,20645893.57080396,24506292.427423067,0.5901639344262295,1.0,-0.1328481138408035,-0.06358833478133877,0.0,1.0,0.0
0.28,0.08,0.06,0.28,0.3,"(0.28, 0.08, 0.06, 0.28, 0.3)",0.07999999999999999,0.053549022615701825,0.045744655442789425,1.1706071910995797,0.0601580065221875,27096142.70761114,-0.10501717640604191,-0.14049214238034147,0.0343684928517773,0.0,61.0,22969384.201650172,23292398.130122393,20318209.352726668,24717789.50539342,0.5901639344262295,1.0,-0.1408492356939585,-0.07466400425083293,0.0,1.0,0.0
0.3,0.12,0.02,0.24,0.32,"(0.3, 0.12, 0.02, 0.24, 0.32)",0.08000000000000002,0.05353166927136943,0.04435934574597767,1.2067731922358993,0.0601580065221875,27148363.242169667,-0.09870532688813405,-0.12653658088783298,0.03318321985012944,0.0,61.0,23052873.195287436,23224192.883012317,20564436.81193968,24606650.55298277,0.5901639344262295,1.0,-0.12735668094392597,-0.06713035461668464,0.0,1.0,0.0
0.32,0.08,0.06,0.26,0.28,"(0.32, 0.08, 0.06, 0.26, 0.28)",0.07999999999999999,0.053477409538384535,0.044591632608317916,1.199270051583828,0.0601580065221875,27081080.852870684,-0.10186384841150709,-0.1356564196984,0.033514268722553545,0.0,61.0,22970215.46255567,23275929.52844595,20391233.97651283,24698180.83592311,0.5901639344262295,1.0,-0.13603739500894024,-0.07301098784005373,0.0,1.0,0.0
0.36,0.08,0.06,0.24,0.26,"(0.36, 0.08, 0.06, 0.24, 0.26)",0.13999999999999999,0.05340324620167691,0.0434642202424852,1.2286714429418557,0.0601580065221875,27065400.453958932,-0.09870387523296664,-0.13085197575084245,0.03266004459332979,0.0,61.0,22970710.1304101,23259065.14913041,20464207.396558367,24678184.938662346,0.5901639344262295,1.0,-0.13125465804646536,-0.07135718710058596,0.0,1.0,0.0
0.26,0.12,0.02,0.28,0.32,"(0.26, 0.12, 0.02, 0.28, 0.32)",0.14,0.05338685335839766,0.044908979042017565,1.188779048137524,0.0601580065221875,27107887.589990694,-0.09967752369548777,-0.12848165604535988,0.033675989428627505,0.0,61.0,23017141.073553883,23298967.380824987,20606154.892427232,24585174.452404995,0.5901639344262295,1.0,-0.12927590544548362,-0.06696356184136826,0.0,1.0,0.0
0.36,0.04,0.08,0.2,0.32,"(0.36, 0.04, 0.08, 0.2, 0.32)",0.22,0.05338180796425851,0.04528717599618146,1.178740047044655,0.0601580065221875,27028636.48350622,-0.10712937624141672,-0.14538249086450308,0.0341000919716049,0.0,61.0,23034626.920710437,23302548.004961707,20207879.41655799,24868997.098256994,0.5901639344262295,1.0,-0.14538249086450308,-0.08239236261986072,0.0,1.0,0.0
0.32,0.12,0.02,0.26,0.28,"(0.32, 0.12, 0.02, 0.26, 0.28)",0.09999999999999998,0.05316443751643596,0.04296489489366217,1.2373924723432372,0.0601580065221875,27056071.55685517,-0.09456125384090064,-0.12120823304320313,0.03221392595942902,0.0,61.0,23000690.527952816,23263685.63027689,20658105.251879398,24531046.75106746,0.5901639344262295,1.0,-0.12200463690715531,-0.06349383807089429,0.0,1.0,0.0
0.32,0.1,0.02,0.22,0.34,"(0.32, 0.1, 0.02, 0.22, 0.34)",0.12000000000000005,0.05303469101365765,0.04293536162035917,1.2352217149723401,0.0601580065221875,27018023.735634055,-0.09314486104861686,-0.11912458801891695,0.03260444647843292,0.0,61.0,23084533.15269722,23275821.494918942,20743642.096919104,24591348.522140868,0.5901639344262295,1.0,-0.11972840193613081,-0.07006371831481449,0.0,1.0,0.0
0.36,0.1,0.02,0.2,0.32,"(0.36, 0.1, 0.02, 0.2, 0.32)",0.16,0.05295625090891276,0.04186213699126882,1.2650154701839,0.0601580065221875,27001412.387699332,-0.09032873120691665,-0.11504263101739995,0.031819354062890354,0.0,61.0,23084771.148318853,23289820.695014462,20758883.81768153,24569060.770463385,0.5901639344262295,1.0,-0.11565669346004993,-0.06836389984487659,0.0,1.0,0.0
0.34,0.1,0.02,0.22,0.32,"(0.34, 0.1, 0.02, 0.22, 0.32)",0.12000000000000005,0.05288836270316799,0.04205105251046815,1.2577179296523435,0.0601580065221875,26982376.795507938,-0.09081841158407478,-0.11598427461430699,0.032014074646876695,0.0,61.0,23067385.344930694,23286963.409583606,20780409.65503922,24559016.107138585,0.5901639344262295,1.0,-0.11658594438066085,-0.06827668400799587,0.0,1.0,0.0
0.3,0.06,0.06,0.28,0.3,"(0.3, 0.06, 0.06, 0.28, 0.3)",0.08000000000000003,0.05282865736802145,0.04389815545969625,1.2034368372612938,0.0601580065221875,26909340.282551773,-0.10008218989536888,-0.1340957223051358,0.033528356506422545,0.0,61.0,22967263.602502476,23267801.75819246,20237917.870934606,24720091.834689893,0.5901639344262295,1.0,-0.13423936175107687,-0.07562843676213009,0.0,1.0,0.0
0.32,0.08,0.02,0.22,0.36,"(0.32, 0.08, 0.02, 0.22, 0.36)",0.16000000000000003,0.052452327999153114,0.04206260528029033,1.2470061625909605,0.0601580065221875,26865006.448597167,-0.08879433001739745,-0.11368738582624827,0.03262530708235054,0.0,61.0,23096908.474054396,23176655.932643645,20944303.733827177,24563420.89571489,0.5901639344262295,1.0,-0.11408269010350294,-0.0728854256889998,0.0,1.0,0.0
0.36,0.08,0.02,0.2,0.34,"(0.36, 0.08, 0.02, 0.2, 0.34)",0.20000000000000004,0.052373069774269476,0.04098611043865547,1.2778248341631988,0.0601580065221875,26848273.899641775,-0.0858758924490094,-0.10948269264719739,0.031840214666807976,0.0,61.0,23096967.195782017,23153408.456470553,20959588.50759722,24540987.18114691,0.5901639344262295,1.0,-0.10990234748169449,-0.07119431037160961,0.0,1.0,0.0
0.34,0.08,0.02,0.22,0.34,"(0.34, 0.08, 0.02, 0.22, 0.34)",0.1600000000000001,0.05230664823416653,0.041145273303492824,1.2712674879650445,0.0601580065221875,26829700.391762804,-0.08615895174231214,-0.11012089886549778,0.03203493525079432,0.0,61.0,23079810.515638407,23195266.61884829,20981468.898240957,24531154.371484865,0.5901639344262295,1.0,-0.11051655812203491,-0.07109958332082485,0.0,1.0,0.0
0.34,0.08,0.04,0.3,0.24,"(0.34, 0.08, 0.04, 0.3, 0.24)",0.18000000000000002,0.052166995747068734,0.040531034134902943,1.287087706014034,0.0601580065221875,26771741.10750399,-0.08611952048825045,-0.11256454665312605,0.03119171562616872,0.0,61.0,22913973.390377555,23284483.678595264,20483468.878658146,24514012.689651832,0.5901639344262295,1.0,-0.11292715934452373,-0.06567090247857404,0.0,1.0,0.0
0.28,0.04,0.06,0.3,0.32,"(0.28, 0.04, 0.06, 0.3, 0.32)",0.15999999999999998,0.0521668262173316,0.04349334128550589,1.1994209843499914,0.0601580065221875,26735413.492700364,-0.09831333581260038,-0.13252231329354974,0.03374393769432652,0.0,61.0,22963145.198321085,23382946.046687495,20084413.294388037,24739953.57178795,0.5901639344262295,1.0,-0.13252231329354974,-0.07820409579681088,0.0,1.0,0.0
0.32,0.04,0.06,0.28,0.3,"(0.32, 0.04, 0.06, 0.28, 0.3)",0.12000000000000005,0.05209340893548986,0.04231968304433349,1.2309498840271926,0.0601580065221875,26720079.707124833,-0.0951439619654254,-0.12766968751484198,0.032958845278783955,0.0,61.0,22963545.63301744,23370443.348590706,20156116.22877117,24719920.16511446,0.5901639344262295,1.0,-0.12766968751484198,-0.07657453564062074,0.0,1.0,0.0
0.3,0.04,0.06,0.3,0.3,"(0.3, 0.04, 0.06, 0.3, 0.3)",0.12,0.05202009219533377,0.042631439920883925,1.220228364133922,0.0601580065221875,26699978.49647257,-0.09567594498961851,-0.1287388535523992,0.0331535658627703,0.0,61.0,22946712.199486244,23351319.009446125,20084391.230887596,24732889.408040717,0.5901639344262295,1.0,-0.1287388535523992,-0.07646465212692051,0.0,1.0,0.0
0.36,0.04,0.06,0.26,0.28,"(0.36, 0.04, 0.06, 0.26, 0.28)",0.15999999999999998,0.052017449314108344,0.041171895211231,1.2634212986124298,0.0601580065221875,26704137.19475688,-0.09196792037065749,-0.12284858431590576,0.03217375286324139,0.0,61.0,22963610.143421862,23349811.054504912,20227765.651050072,24699500.825816885,0.5901639344262295,1.0,-0.12284858431590576,-0.0749442133998608,0.0,1.0,0.0
0.36,0.04,0.0,0.3,0.3,"(0.36, 0.04, 0.0, 0.3, 0.3)",0.22,0.04931258704437713,0.03552408620824238,1.3881451237142735,0.0601580065221875,26095322.22349415,-0.06203876904169481,-0.08341360212682829,0.029164294271139965,0.0,61.0,22968996.181598354,23120389.11772025,20780947.538887054,24347828.66377753,0.5901639344262295,1.0,-0.07862266458710158,-0.05969811677346896,0.0,1.0,0.0
0.26,0.16,0.02,0.26,0.3,"(0.26, 0.16, 0.02, 0.26, 0.3)",0.13999999999999999,0.05469138234971793,0.04868817532053957,1.1232990760006127,0.0601580065221875,27454142.67754295,-0.11542361530555068,-0.14845273598565326,0.036190249005790515,0.0,61.0,23018736.204245698,23290429.673142347,20149118.762338154,24672409.012878746,0.5737704918032787,1.0,-0.1498453761263059,-0.06580874080065473,0.0,1.0,0.0
0.34,0.12,0.06,0.24,0.24,"(0.34, 0.12, 0.06, 0.24, 0.24)",0.14,0.05466005163031973,0.04711165765572609,1.1602234850183877,0.0601580065221875,27396626.126208182,-0.10937097167908238,-0.14453655351210448,0.034011868130007575,0.0,61.0,22955089.511769332,23347240.69234665,20623295.307194527,24660927.361100383,0.5737704918032787,1.0,-0.14541176809613282,-0.06756657386671276,0.0,1.0,0.0
0.28,0.16,0.02,0.26,0.28,"(0.28, 0.16, 0.02, 0.26, 0.28)",0.13999999999999993,0.05454444097798494,0.04792084679984911,1.1382194727443067,0.0601580065221875,27417824.400723908,-0.11271137079604576,-0.14475578535240577,0.03529968854650383,0.0,61.0,23001703.62637988,23271621.384983692,20184859.16753369,24640119.67789987,0.5737704918032787,1.0,-0.14613155771982111,-0.06372924242258154,0.0,1.0,0.0
0.32,0.16,0.02,0.24,0.26,"(0.32, 0.16, 0.02, 0.24, 0.26)",0.16,0.05447088913090248,0.04686080066116672,1.1623977474213794,0.0601580065221875,27402223.68460037,-0.10894342093183607,-0.13933582432183872,0.03405027228489412,0.0,61.0,23002739.935316026,23261147.415707726,20200244.23160738,24618682.593377274,0.5737704918032787,1.0,-0.14069890153395714,-0.061622143952738496,0.0,1.0,0.0
0.26,0.14,0.02,0.26,0.32,"(0.26, 0.14, 0.02, 0.26, 0.32)",0.14,0.05415590820972249,0.046951815270029805,1.1534358767229855,0.0601580065221875,27310531.852316257,-0.1081409570111288,-0.13915194761119845,0.034787792065534215,0.0,61.0,23036128.25794196,23334451.2044861,20348734.504260626,24651391.04914566,0.5737704918032787,1.0,-0.14024006246416498,-0.06597304182583508,0.0,1.0,0.0
0.28,0.1,0.06,0.28,0.28,"(0.28, 0.1, 0.06, 0.28, 0.28)",0.07999999999999995,0.05410857628605159,0.04702694741399347,1.150586616003719,0.0601580065221875,27244537.449252453,-0.10837811278693676,-0.14450185022276496,0.03474048495012884,0.0,61.0,22953600.261913363,23220313.587528456,20397496.887374986,24706375.210506275,0.5737704918032787,1.0,-0.1451016179097481,-0.07192108528968526,0.0,1.0,0.0
0.3,0.14,0.02,0.24,0.3,"(0.3, 0.14, 0.02, 0.24, 0.3)",0.08000000000000002,0.05408287551549851,0.04585897889151904,1.1793301295136416,0.0601580065221875,27295108.00259103,-0.10435533952244158,-0.13372378429417706,0.03355521194848097,0.0,61.0,23037193.249685742,23318008.06945888,20364299.353496186,24630013.757539667,0.5737704918032787,1.0,-0.13480631820635106,-0.06426052844034591,0.0,1.0,0.0
0.32,0.1,0.06,0.26,0.26,"(0.32, 0.1, 0.06, 0.26, 0.26)",0.08,0.05403779841783596,0.04588865579045409,1.1775851239703796,0.0601580065221875,27229614.293176085,-0.10422881176517818,-0.1383401090072255,0.03388626082090508,0.0,61.0,22954609.09832552,23204090.38117479,20471006.184869982,24686953.16797613,0.5737704918032787,1.0,-0.13895230812562526,-0.07025978761655155,0.0,1.0,0.0
0.34,0.14,0.02,0.22,0.28,"(0.34, 0.14, 0.02, 0.22, 0.28)",0.16,0.05400728766282792,0.04479401163449145,1.2056809759196079,0.0601580065221875,27279060.957755487,-0.10096895667255656,-0.12884680471662516,0.03270098781925721,0.0,61.0,23037920.448346246,23301246.62914057,20379592.438687414,24608223.997945588,0.5737704918032787,1.0,-0.1299181453885109,-0.06254729165799026,0.0,1.0,0.0
0.36,0.06,0.08,0.2,0.3,"(0.36, 0.06, 0.08, 0.2, 0.3)",0.18,0.05396799790580564,0.046022462309656516,1.1726447303642418,0.0601580065221875,27183237.060935438,-0.10941651936330554,-0.14800554167991814,0.03407923136768727,0.0,61.0,23021485.53364763,23209253.108399294,20288810.819948684,24861535.03631185,0.5737704918032787,1.0,-0.14818534289096255,-0.0797030934108059,0.0,1.0,0.0
0.36,0.1,0.06,0.24,0.24,"(0.36, 0.1, 0.06, 0.24, 0.24)",0.14,0.0539644671195445,0.04477597819084943,1.2052102332534382,0.0601580065221875,27214068.555598766,-0.10102660960595222,-0.13348173523275783,0.033032036691681324,0.0,61.0,22955281.356822234,23187471.93701069,20544465.305159237,24667143.380435254,0.5737704918032787,1.0,-0.13410509877620722,-0.06859770983383266,0.0,1.0,0.0
0.34,0.06,0.08,0.22,0.3,"(0.34, 0.06, 0.08, 0.22, 0.3)",0.14000000000000004,0.05389575439457328,0.046285486556196014,1.1644201758392991,0.0601580065221875,27163094.612296328,-0.10993374469841,-0.14911739218838865,0.03427950986559246,0.0,61.0,23004714.74438842,23239184.70139477,20216718.12596422,24874821.085449155,0.5737704918032787,1.0,-0.14927643199486576,-0.07958791662304746,0.0,1.0,0.0
0.24,0.12,0.02,0.26,0.36,"(0.24, 0.12, 0.02, 0.26, 0.36)",0.18,0.05374980859486711,0.04633218401248278,1.1600965881596663,0.0601580065221875,27199280.136379194,-0.10381208759894123,-0.13382785793076415,0.03464528331932791,0.0,61.0,23068767.821848102,23219870.1284046,20512188.95094755,24660148.181061536,0.5737704918032787,1.0,-0.1346436563675927,-0.07062866125989332,0.0,1.0,0.0
0.28,0.12,0.02,0.24,0.34,"(0.28, 0.12, 0.02, 0.24, 0.34)",0.12,0.05367729603822324,0.04521382720384485,1.1871876228530966,0.0601580065221875,27184034.84890746,-0.101018631641978,-0.12968695685622095,0.03379105919010416,0.0,61.0,23069861.644702967,23212915.017446067,20527933.998757485,24638832.673314165,0.5737704918032787,1.0,-0.1305120888749274,-0.06892164769297031,0.0,1.0,0.0
0.32,0.12,0.02,0.22,0.32,"(0.32, 0.12, 0.02, 0.22, 0.32)",0.12000000000000002,0.053602230075020074,0.04412248418876815,1.2148506835130806,0.0601580065221875,27168168.87205803,-0.0982202576973108,-0.1255708987886887,0.032936835060880396,0.0,61.0,23070617.258896306,23227355.810596786,20543405.404232442,24617104.729239136,0.5737704918032787,1.0,-0.12640357457365303,-0.06721385906072934,0.0,1.0,0.0
0.24,0.12,0.02,0.28,0.34,"(0.24, 0.12, 0.02, 0.28, 0.34)",0.18000000000000005,0.053532536638266626,0.04575193383126566,1.1700606325340484,0.0601580065221875,27143524.765166495,-0.1019874324290484,-0.1316467211226471,0.03428382876860223,0.0,61.0,23034032.54602076,23280165.01974696,20569596.058534585,24617339.105690695,0.5737704918032787,1.0,-0.13244503650480322,-0.06874686210624521,0.0,1.0,0.0
0.36,0.12,0.02,0.2,0.3,"(0.36, 0.12, 0.02, 0.2, 0.3)",0.15999999999999998,0.053524611974364866,0.043060208976193226,1.2430179334233402,0.0601580065221875,27151683.61904767,-0.09541696552249335,-0.12147965448332784,0.032082610931656645,0.0,61.0,23071034.809157606,23241456.596647125,20558602.73043635,24594965.58401983,0.5737704918032787,1.0,-0.12231809038354126,-0.06550535760392745,0.0,1.0,0.0
0.26,0.08,0.06,0.3,0.3,"(0.26, 0.08, 0.06, 0.3, 0.3)",0.11999999999999997,0.05347281456329367,0.046092325917626145,1.1601240227897711,0.0601580065221875,27075061.029373575,-0.10554139819047226,-0.14158269723068737,0.03461487764102634,0.0,61.0,22952004.64411151,23278651.227505673,20245611.119342357,24730379.74595866,0.5737704918032787,1.0,-0.14192138804079696,-0.07456074172560995,0.0,1.0,0.0
0.28,0.12,0.02,0.26,0.32,"(0.28, 0.12, 0.02, 0.26, 0.32)",0.09999999999999998,0.0534598768973249,0.04462165936195051,1.1980701224865442,0.0601580065221875,27128269.25654705,-0.09919108258896903,-0.12750683083637865,0.03342960463937847,0.0,61.0,23035047.742326383,23257637.33779258,20585353.434081648,24596007.0398661,0.5737704918032787,1.0,-0.12831412261521857,-0.067046922756318,0.0,1.0,0.0
0.34,0.12,0.02,0.22,0.3,"(0.34, 0.12, 0.02, 0.22, 0.3)",0.12000000000000002,0.05345525450923039,0.04327602498230125,1.2352163705213723,0.0601580065221875,27132183.42849402,-0.09590304671713379,-0.12243344863009577,0.032328995720905675,0.0,61.0,23053420.870068196,23238440.43196537,20579776.9429277,24584709.204099044,0.5737704918032787,1.0,-0.12326001783255322,-0.06542576209407196,0.0,1.0,0.0
0.3,0.08,0.06,0.28,0.28,"(0.3, 0.08, 0.06, 0.28, 0.28)",0.07999999999999999,0.053402402745854394,0.04492234970217597,1.188771359911026,0.0601580065221875,27060303.62135225,-0.10238915213920441,-0.13673254046909242,0.03376065351180258,0.0,61.0,22952965.337149132,23262371.46194572,20318485.20332513,24710936.17517018,0.5737704918032787,1.0,-0.1370959822370586,-0.07291158538451212,0.0,1.0,0.0
0.32,0.12,0.02,0.24,0.3,"(0.32, 0.12, 0.02, 0.24, 0.3)",0.08000000000000002,0.05338466532561048,0.043518157872820866,1.2267216246060753,0.0601580065221875,27112394.648786236,-0.0963898152582191,-0.12339180087081819,0.03257538051015471,0.0,61.0,23035725.374717742,23235261.440585963,20600836.55581769,24574263.500274383,0.5737704918032787,1.0,-0.12420627415916365,-0.06534624011967062,0.0,1.0,0.0
0.3,0.12,0.02,0.26,0.3,"(0.3, 0.12, 0.02, 0.26, 0.3)",0.06,0.053312844826758354,0.043786171061174405,1.2175726612923992,0.0601580065221875,27092317.94499931,-0.09687727004341773,-0.12435471874160257,0.03282176529940375,0.0,61.0,23017948.495260548,23276231.58036891,20621781.188633006,24563628.730767224,0.5737704918032787,1.0,-0.12515686534401402,-0.0652667900006173,0.0,1.0,0.0
0.34,0.04,0.08,0.22,0.32,"(0.34, 0.04, 0.08, 0.22, 0.32)",0.18000000000000005,0.05331103649287705,0.045523920096760394,1.1710554886214821,0.0601580065221875,27008965.663644824,-0.10764853787487727,-0.14649281448304985,0.03429481255559125,0.0,61.0,23018082.298897274,23283615.138591185,20136225.342187237,24882482.612655044,0.5737704918032787,1.0,-0.14649281448304985,-0.08227007860555065,0.0,1.0,0.0
0.36,0.12,0.02,0.22,0.28,"(0.36, 0.12, 0.02, 0.22, 0.28)",0.15999999999999995,0.05330690318958653,0.04244351765099066,1.2559492271098862,0.0601580065221875,27095902.353808183,-0.09358363020329052,-0.11930160197911246,0.031721156380930954,0.0,61.0,23036065.590484515,23249315.606567282,20616044.986686498,24552109.721661266,0.5737704918032787,1.0,-0.12012146809738979,-0.06364487615486462,0.0,1.0,0.0
0.32,0.04,0.08,0.24,0.32,"(0.32, 0.04, 0.08, 0.24, 0.32)",0.14000000000000004,0.05323903547854414,0.04578547015618605,1.162793246349378,0.0601580065221875,26989007.732243624,-0.10816854222335126,-0.14760860342763882,0.034489533139577595,0.0,61.0,23001454.411048975,23264513.19660585,20064712.336929258,24895793.35866179,0.5737704918032787,1.0,-0.14760860342763882,-0.08214787231197664,0.0,1.0,0.0
0.34,0.12,0.02,0.24,0.28,"(0.34, 0.12, 0.02, 0.24, 0.28)",0.12,0.053236285882921175,0.04269104940519573,1.2470128194235026,0.0601580065221875,27076130.700144205,-0.09407209903276037,-0.12025263580799951,0.03196754117017999,0.0,61.0,23018418.748450506,23253187.44826064,20637132.706322495,24541672.633003887,0.5737704918032787,1.0,-0.12106088529409965,-0.06356932155549196,0.0,1.0,0.0
0.3,0.1,0.02,0.22,0.36,"(0.3, 0.1, 0.02, 0.22, 0.36)",0.12,0.0531796439691643,0.04383168560236305,1.213269424580315,0.0601580065221875,27053375.013645492,-0.09546909649234459,-0.12227047352784272,0.03319481830998914,0.0,61.0,23101521.642781194,23264470.204890188,20706771.10856596,24623476.391062707,0.5737704918032787,1.0,-0.1228758287667034,-0.07185791025465085,0.0,1.0,0.0
0.36,0.04,0.08,0.22,0.3,"(0.36, 0.04, 0.08, 0.22, 0.3)",0.18,0.0531660502875968,0.04466362466813585,1.1903657771315366,0.0601580065221875,26973618.153926045,-0.10502566055149887,-0.14267083033431838,0.03370444072403503,0.0,61.0,23001965.62102329,23244456.841648422,20136496.74696891,24875759.43402215,0.5737704918032787,1.0,-0.14267083033431838,-0.08051543836417029,0.0,1.0,0.0
0.3,0.04,0.08,0.26,0.32,"(0.3, 0.04, 0.08, 0.26, 0.32)",0.12000000000000002,0.05316580532328796,0.04607140370174811,1.1539870950637146,0.0601580065221875,26968763.36070752,-0.10868938784614002,-0.14872986835791502,0.03468425372356394,0.0,61.0,22984743.414400984,23245242.624952123,19993340.739809602,24908929.0567183,0.5737704918032787,1.0,-0.14872986835791502,-0.0820257425822326,0.0,1.0,0.0
0.28,0.1,0.02,0.24,0.36,"(0.28, 0.1, 0.02, 0.24, 0.36)",0.11999999999999997,0.0531105821658413,0.044037899438808904,1.2060198793005326,0.0601580065221875,27034019.880964436,-0.09595605164728893,-0.12323140430629481,0.033419067091752616,0.0,61.0,23083957.100820273,23261481.888223805,20728123.894288845,24613226.238237206,0.5737704918032787,1.0,-0.12382315529376786,-0.07176281913324983,0.0,1.0,0.0
0.34,0.1,0.02,0.2,0.34,"(0.34, 0.1, 0.02, 0.2, 0.34)",0.16000000000000006,0.0531025505321252,0.04275102988303938,1.242135000663284,0.0601580065221875,27037075.1100024,-0.09265688821929641,-0.11817560019281755,0.03240972589444658,0.0,61.0,23101967.387242224,23278662.845078148,20722145.278632246,24601401.141214058,0.5737704918032787,1.0,-0.1187922943186733,-0.0701549039710518,0.0,1.0,0.0
0.34,0.04,0.08,0.24,0.3,"(0.34, 0.04, 0.08, 0.24, 0.3)",0.14000000000000004,0.05309401982499562,0.04493082602506657,1.1816835905793246,0.0601580065221875,26953676.772501763,-0.10554758181562263,-0.1437773370056554,0.033899161308021376,0.0,61.0,22985384.49681387,23225381.317097258,20064978.695028137,24889060.6742495,0.5737704918032787,1.0,-0.1437773370056554,-0.08039713149545197,0.0,1.0,0.0
0.32,0.1,0.04,0.3,0.24,"(0.32, 0.1, 0.04, 0.3, 0.24)",0.14,0.05288304916288933,0.04262085646353963,1.240778659812446,0.0601580065221875,26956673.208975572,-0.0926377261430219,-0.12109517233158586,0.03214118823953991,0.0,61.0,22916343.113495942,23255602.02832378,20565452.235930238,24511379.80179174,0.5737704918032787,1.0,-0.12165147923835656,-0.06463856261612061,0.0,1.0,0.0
0.34,0.06,0.06,0.26,0.28,"(0.34, 0.06, 0.06, 0.26, 0.28)",0.12000000000000001,0.05275486623995951,0.04274403867754388,1.2342040638213005,0.0601580065221875,26893832.76519237,-0.09691749912590497,-0.1292671651880114,0.03274326409087998,0.0,61.0,22967710.8492812,23251733.094797574,20310255.50932214,24700076.254634496,0.5737704918032787,1.0,-0.12943982297683465,-0.07398676288415575,0.0,1.0,0.0
0.28,0.06,0.06,0.3,0.3,"(0.28, 0.06, 0.06, 0.3, 0.3)",0.11999999999999995,0.052753896175310455,0.044229567085828196,1.1927292001963452,0.0601580065221875,26888750.53880916,-0.1006102907265588,-0.13517566258465932,0.03372307709040889,0.0,61.0,22950156.69892074,23255888.736768868,20165754.16892686,24732872.336537756,0.5737704918032787,1.0,-0.1353003023491541,-0.0755218311273379,0.0,1.0,0.0
0.32,0.06,0.06,0.28,0.28,"(0.32, 0.06, 0.06, 0.28, 0.28)",0.12000000000000001,0.05268130526910997,0.04305733609358253,1.2235152020229565,0.0601580065221875,26873545.504848827,-0.09744668644759957,-0.13033261394186277,0.032937984674866326,0.0,61.0,22950733.718466856,23244147.916585617,20237943.81072521,24713021.449541133,0.5737704918032787,1.0,-0.13048715803570113,-0.07388398615592408,0.0,1.0,0.0
0.3,0.06,0.06,0.3,0.28,"(0.3, 0.06, 0.06, 0.3, 0.28)",0.11999999999999995,0.05260651607478217,0.04339583534930225,1.2122480337419757,0.0601580065221875,26852973.85781362,-0.09797671536006058,-0.13140344675827625,0.033132705258852674,0.0,61.0,22933674.253263846,23275322.264415234,20165776.115123633,24725792.628220644,0.5737704918032787,1.0,-0.13153959781645777,-0.07378128177912513,0.0,1.0,0.0
0.36,0.06,0.06,0.26,0.26,"(0.36, 0.06, 0.06, 0.26, 0.26)",0.15999999999999998,0.05260616884372582,0.04191059918288036,1.2551996361153048,0.0601580065221875,26857727.613046907,-0.0942764245947777,-0.12552097330334597,0.03215289225932376,0.0,61.0,22950974.78231068,23232083.078300178,20310080.923612203,24692784.049449455,0.5737704918032787,1.0,-0.12570319651604092,-0.07224538346320411,0.0,1.0,0.0
0.34,0.06,0.06,0.28,0.26,"(0.34, 0.06, 0.06, 0.28, 0.26)",0.16000000000000003,0.052532579873233454,0.04223076432209483,1.2439410159041047,0.0601580065221875,26837458.301608358,-0.0948075413220959,-0.12657733725951031,0.03234761284331011,0.0,61.0,22934045.166955464,23263384.541263912,20237765.95246092,24705719.78267866,0.5737704918032787,1.0,-0.12674205029110527,-0.07214649411589218,0.0,1.0,0.0
0.34,0.04,0.06,0.28,0.28,"(0.34, 0.04, 0.06, 0.28, 0.28)",0.16000000000000003,0.05194533174367044,0.04146424784331573,1.2527740027977938,0.0601580065221875,26684336.46010647,-0.0925009944194839,-0.12390320211062104,0.032368473447227736,0.0,61.0,22946906.80525785,23338735.671779502,20155895.186023057,24712634.335619174,0.5737704918032787,1.0,-0.12390320211062104,-0.07483812774042392,0.0,1.0,0.0
0.32,0.04,0.06,0.3,0.28,"(0.32, 0.04, 0.06, 0.3, 0.28)",0.15999999999999998,0.05187198720048003,0.04178307944992697,1.2414591715922627,0.0601580065221875,26664252.97259479,-0.09303491035287759,-0.12496323498759294,0.032563194031214084,0.0,61.0,22930120.759968635,23326551.144558653,20084167.172669183,24725594.176243033,0.5737704918032787,1.0,-0.12496323498759294,-0.07473211792782736,0.0,1.0,0.0
0.36,0.04,0.06,0.28,0.26,"(0.36, 0.04, 0.06, 0.28, 0.26)",0.2,0.05179588497793586,0.040623013803649605,1.2750379680909463,0.0601580065221875,26648304.015547477,-0.08985438282954239,-0.1201445563429087,0.03177810161567151,0.0,61.0,22930110.006057084,23309164.03554938,20155471.566638775,24705117.930248726,0.5737704918032787,1.0,-0.1201445563429087,-0.07245984661206438,0.0,1.0,0.0
0.34,0.04,0.06,0.3,0.26,"(0.34, 0.04, 0.06, 0.3, 0.26)",0.2,0.051722512883490834,0.04094910147915836,1.263092742335647,0.0601580065221875,26628238.526914824,-0.09039023350455755,-0.12119547400284351,0.03197282219965786,0.0,61.0,22913371.425523795,23295828.00453034,20083741.309695147,24718068.282734808,0.5737704918032787,1.0,-0.12119547400284351,-0.07227088841321391,0.0,1.0,0.0
0.36,0.06,0.0,0.3,0.28,"(0.36, 0.06, 0.0, 0.3, 0.28)",0.21999999999999997,0.0499234611310726,0.03575404059173348,1.3963026361449944,0.0601580065221875,26251239.144374464,-0.06520324724670923,-0.08236815880799293,0.02914343366722234,0.0,61.0,22959820.694122348,23097262.08830102,20870298.820202377,24380322.822979253,0.5737704918032787,1.0,-0.08256343410301291,-0.05782116219089325,0.0,1.0,0.0
0.32,0.04,0.0,0.3,0.34,"(0.32, 0.04, 0.0, 0.3, 0.34)",0.22000000000000006,0.04961429161042541,0.03734013308938145,1.3287122328049334,0.0601580065221875,26166663.867188297,-0.06737015043536365,-0.08843187036399626,0.03034503793425241,0.0,61.0,23004691.170655906,23090171.494664885,20782481.741051227,24414214.210464433,0.5737704918032787,1.0,-0.08565721528477326,-0.063565082794283,0.0,1.0,0.0
0.34,0.04,0.0,0.3,0.32,"(0.34, 0.04, 0.0, 0.3, 0.32)",0.22000000000000006,0.0494641173967143,0.036425465783039956,1.3579542864691456,0.0601580065221875,26131132.532507017,-0.06470643986938418,-0.08591629059651763,0.02975466610269619,0.0,61.0,22986921.136513066,23105377.367138118,20781818.266539082,24381119.76089294,0.5737704918032787,1.0,-0.08213690657427038,-0.06162931312632043,0.0,1.0,0.0
0.32,0.12,0.06,0.26,0.24,"(0.32, 0.12, 0.06, 0.26, 0.24)",0.12000000000000001,0.054583320942672264,0.04745829306713348,1.1501324092179184,0.0601580065221875,27375186.511031203,-0.11042294741619962,-0.1463225402618417,0.03425825291925661,0.0,61.0,22937472.66436711,23344105.55083022,20549525.089629218,24673454.616837382,0.5573770491803278,1.0,-0.14718650654596482,-0.06748197869154335,0.0,1.0,0.0
0.36,0.16,0.02,0.22,0.24,"(0.36, 0.16, 0.02, 0.22, 0.24)",0.24,0.05439478039197709,0.045829534851588645,1.1868935735028858,0.0601580065221875,27385997.356885932,-0.10516436265121287,-0.13394325853101577,0.03280085602328441,0.0,61.0,23003438.89283362,23244934.496330176,20215359.418282956,24596833.04878051,0.5573770491803278,1.0,-0.1352912874481852,-0.05951267477146805,0.0,1.0,0.0
0.36,0.08,0.08,0.22,0.26,"(0.36, 0.08, 0.08, 0.22, 0.26)",0.18,0.05431939734637603,0.04654237952737167,1.1670954063367276,0.0601580065221875,27278313.525136996,-0.10961165610268908,-0.1479270143735688,0.03404366262396927,0.0,61.0,22973597.467820372,23136478.534580432,20296350.65952789,24858123.26330302,0.5573770491803278,1.0,-0.1483355229832466,-0.07512173283753523,0.0,1.0,0.0
0.24,0.14,0.02,0.26,0.34,"(0.24, 0.14, 0.02, 0.26, 0.34)",0.18000000000000005,0.05430082643818945,0.047774427550040306,1.1366086256358219,0.0601580065221875,27346219.693627913,-0.11086622904792487,-0.14286297430545175,0.0356783525248209,0.0,61.0,23052955.17894188,23324545.266940877,20312497.49286439,24683417.460495174,0.5573770491803278,1.0,-0.14396279552502372,-0.06776846209102538,0.0,1.0,0.0
0.28,0.14,0.02,0.24,0.32,"(0.28, 0.14, 0.02, 0.24, 0.32)",0.12,0.054229146102649395,0.04667343540888345,1.161884605827148,0.0601580065221875,27331113.396750692,-0.10708842568215793,-0.13742279891845585,0.03442893626321119,0.0,61.0,23054228.75769952,23308301.977936186,20328192.01742874,24662255.430080723,0.5573770491803278,1.0,-0.13851838135928557,-0.06605277728113283,0.0,1.0,0.0
0.26,0.1,0.06,0.3,0.28,"(0.26, 0.1, 0.06, 0.3, 0.28)",0.11999999999999993,0.05403089058704258,0.04739454638910042,1.1400233719605417,0.0601580065221875,27222979.406282127,-0.10947144544665832,-0.14636116146700767,0.034986869739377875,0.0,61.0,22935996.432616867,23206389.663093332,20324462.411263943,24718764.54823317,0.5573770491803278,1.0,-0.14694630874714898,-0.07182518708582823,0.0,1.0,0.0
0.26,0.12,0.02,0.24,0.36,"(0.26, 0.12, 0.02, 0.24, 0.36)",0.15999999999999998,0.053821543939876815,0.04608086274005317,1.16798038794303,0.0601580065221875,27219407.843767345,-0.10332972724035638,-0.13284290967595577,0.03439889853007888,0.0,61.0,23086690.158844363,23201427.9497379,20491328.641864643,24670808.745630216,0.5573770491803278,1.0,-0.13367248110587068,-0.07072010165664946,0.0,1.0,0.0
0.36,0.06,0.08,0.22,0.28,"(0.36, 0.06, 0.08, 0.22, 0.28)",0.17999999999999997,0.053750128523408325,0.045452539211547016,1.1825550223551282,0.0601580065221875,27127406.838909946,-0.1073146640172522,-0.14530662291165256,0.0336835801201174,0.0,61.0,22988549.589516774,23204492.391839806,20217035.632987607,24868083.679947726,0.5573770491803278,1.0,-0.14547803984759397,-0.07783219241438474,0.0,1.0,0.0
0.3,0.12,0.02,0.22,0.34,"(0.3, 0.12, 0.02, 0.22, 0.34)",0.12000000000000002,0.053747828203006165,0.04498210765124236,1.1948712723673744,0.0601580065221875,27203857.051648244,-0.10053526086060949,-0.12871393349595947,0.033544674400855116,0.0,61.0,23087654.18986084,23216061.84396506,20506930.894146957,24649295.178302877,0.5573770491803278,1.0,-0.12955212157881507,-0.06900914963460797,0.0,1.0,0.0
0.34,0.06,0.08,0.24,0.28,"(0.34, 0.06, 0.08, 0.24, 0.28)",0.14,0.0536766250610603,0.04574552783615948,1.1733742641096316,0.0601580065221875,27106993.24346977,-0.10783464623285721,-0.14641466401067688,0.033918055314866774,0.0,61.0,22971742.792712398,23185240.821403284,20145080.33358287,24881185.1496738,0.5573770491803278,1.0,-0.1465656423972245,-0.07772100189652832,0.0,1.0,0.0
0.32,0.06,0.08,0.26,0.28,"(0.32, 0.06, 0.08, 0.26, 0.28)",0.12,0.05360189171486773,0.046062525966561296,1.1636767760799651,0.0601580065221875,27086292.42717628,-0.1083554704422961,-0.147528139637445,0.034164440104115804,0.0,61.0,22954853.264107037,23165821.45915999,20073268.09233113,24894111.332126886,0.5573770491803278,1.0,-0.14765839011417514,-0.07760988322578909,0.0,1.0,0.0
0.36,0.06,0.08,0.24,0.26,"(0.36, 0.06, 0.08, 0.24, 0.26)",0.18,0.053529590362574986,0.04493234113013359,1.1913376649469907,0.0601580065221875,27071025.267908555,-0.1052138494182836,-0.14260253259530706,0.033310215974892046,0.0,61.0,22955464.37099969,23146000.18623215,20145188.969208684,24874204.163420595,0.5573770491803278,1.0,-0.14276576435740085,-0.0759760931163604,0.0,1.0,0.0
0.3,0.06,0.08,0.28,0.28,"(0.3, 0.06, 0.08, 0.28, 0.28)",0.12,0.053525928892385055,0.04640304154913871,1.153500441036899,0.0601580065221875,27065305.085093133,-0.10887713520185549,-0.14864706023841703,0.03441082489336484,0.0,61.0,22937881.16334448,23146234.757474136,20001599.242482018,24906861.95524245,0.5573770491803278,1.0,-0.14875629157047346,-0.07749883513366906,0.0,1.0,0.0
0.34,0.08,0.06,0.26,0.26,"(0.34, 0.08, 0.06, 0.26, 0.26)",0.12000000000000002,0.05332944082746782,0.04377690078738886,1.2182096006858218,0.0601580065221875,27044927.79202178,-0.09923026028214765,-0.13191370016647377,0.032906429382578824,0.0,61.0,22953589.680119462,23245695.89965395,20391309.083211854,24691104.919129305,0.5573770491803278,1.0,-0.13229971075573707,-0.07126163016103995,0.0,1.0,0.0
0.28,0.08,0.06,0.3,0.28,"(0.28, 0.08, 0.06, 0.3, 0.28)",0.11999999999999991,0.05332616648562016,0.045276973088244805,1.177776756005475,0.0601580065221875,27039240.408337288,-0.10291529715917191,-0.13781401384311626,0.03400703830105162,0.0,61.0,22935633.260976654,23248637.39784909,20245881.98270877,24723517.168766454,0.5573770491803278,1.0,-0.13815964738934652,-0.07281225162865469,0.0,1.0,0.0
0.34,0.1,0.02,0.18,0.36,"(0.34, 0.1, 0.02, 0.18, 0.36)",0.20000000000000004,0.05331407349552397,0.04349857204330864,1.22565111890208,0.0601580065221875,27091219.902862456,-0.09449725407208831,-0.12036236621448812,0.032805377142016444,0.0,61.0,23136404.67391424,23244968.851260114,20663721.18257016,24643407.292512678,0.5573770491803278,1.0,-0.12099422361843205,-0.07204833172154675,0.0,1.0,0.0
0.32,0.08,0.06,0.28,0.26,"(0.32, 0.08, 0.06, 0.28, 0.26)",0.12000000000000002,0.05325440583289498,0.04411438120375466,1.207189228993705,0.0601580065221875,27024168.884389788,-0.09975748857276934,-0.13298076199804887,0.03315281417182785,0.0,61.0,22936387.11731707,23232150.584241875,20318556.04745617,24703850.875946987,0.5573770491803278,1.0,-0.13334983024797692,-0.07116614256913815,0.0,1.0,0.0
0.34,0.12,0.0,0.18,0.36,"(0.34, 0.12, 0.0, 0.18, 0.36)",0.24000000000000005,0.053130362959867394,0.04328948984912597,1.227327075117752,0.0601580065221875,27072622.019732323,-0.09276679106489383,-0.11615333489852088,0.03204513117244493,0.0,61.0,23154059.73784532,23049709.853675462,20433902.882478945,24757622.594610576,0.5573770491803278,1.0,-0.11698602906533123,-0.06785533940826667,0.0,1.0,0.0
0.28,0.04,0.08,0.28,0.32,"(0.28, 0.04, 0.08, 0.28, 0.32)",0.16,0.05309134643137137,0.04638126977407543,1.1446721206638137,0.0601580065221875,26948233.22942533,-0.10921107329958635,-0.14985661986234247,0.034878974307550284,0.0,61.0,22967949.466933586,23225803.87293793,19922110.885957498,24921889.430741917,0.5573770491803278,1.0,-0.14985661986234247,-0.08190368826372425,0.0,1.0,0.0
0.32,0.04,0.08,0.26,0.3,"(0.32, 0.04, 0.08, 0.26, 0.3)",0.12000000000000002,0.05302076047638371,0.045222802558810456,1.1724342030203085,0.0601580065221875,26933449.37573655,-0.10607034486391409,-0.1448893147414809,0.03409388189200772,0.0,61.0,22968720.265856348,23213903.168351218,19993602.11328746,24902186.917663947,0.5573770491803278,1.0,-0.1448893147414809,-0.08027890054285361,0.0,1.0,0.0
0.32,0.06,0.06,0.3,0.26,"(0.32, 0.06, 0.06, 0.3, 0.26)",0.15999999999999998,0.052457762934242425,0.04257651432149244,1.2320821412983067,0.0601580065221875,26816905.03446041,-0.09533950014846682,-0.1276390805095132,0.032542333427296455,0.0,61.0,22917033.22004297,23258226.78535345,20165595.04177035,24718481.55442386,0.5573770491803278,1.0,-0.12778600623597847,-0.07204767636387982,0.0,1.0,0.0
0.36,0.06,0.06,0.28,0.24,"(0.36, 0.06, 0.06, 0.28, 0.24)",0.2,0.05238248284277214,0.041419293137636204,1.264687996212424,0.0601580065221875,26801080.296822537,-0.09216475613070985,-0.12282990848894915,0.03175724101175389,0.0,61.0,22917198.497439276,23241083.82058579,20237384.487515926,24698187.24273474,0.5573770491803278,1.0,-0.12300405231372412,-0.07041597714952587,0.0,1.0,0.0
0.34,0.06,0.06,0.3,0.24,"(0.34, 0.06, 0.06, 0.3, 0.24)",0.2,0.05230763841411967,0.0417724519619483,1.2522041670373616,0.0601580065221875,26780545.69123265,-0.0926986466998797,-0.12388258010368794,0.031951961595740236,0.0,61.0,22900234.147122078,23231763.667390507,20165211.13931101,24710939.523672815,0.5573770491803278,1.0,-0.124039541424731,-0.07032103132547356,0.0,1.0,0.0
0.36,0.04,0.06,0.3,0.24,"(0.36, 0.04, 0.06, 0.3, 0.24)",0.24,0.051571670890909305,0.04013040269698819,1.2851022522826512,0.0601580065221875,26591936.771182165,-0.08774191605407233,-0.11743558689559086,0.03138245036810163,0.0,61.0,22896464.74325436,23264913.371456414,20083113.836724248,24710312.138322156,0.5573770491803278,1.0,-0.11743558689559086,-0.0697472148445767,0.0,1.0,0.0
0.34,0.06,0.0,0.3,0.3,"(0.34, 0.06, 0.0, 0.3, 0.3)",0.18000000000000005,0.05007565694804561,0.036633731555802164,1.3669275506855778,0.0601580065221875,26287402.363247793,-0.0678663365751413,-0.08588244248848802,0.029733805498778562,0.0,61.0,22977799.72075194,23082294.67999697,20871129.67737485,24413690.15774149,0.5573770491803278,1.0,-0.08607582597436507,-0.0603713958998546,0.0,1.0,0.0
0.34,0.04,0.0,0.26,0.36,"(0.34, 0.04, 0.0, 0.26, 0.36)",0.22000000000000006,0.049893942416056714,0.0379705522355299,1.3140167703268173,0.0601580065221875,26237814.125527386,-0.06855399964645625,-0.09043474677356766,0.030545968597835937,0.0,61.0,23056177.80503258,23075735.935672864,20930235.127962552,24466713.485374127,0.5573770491803278,1.0,-0.08680715535938181,-0.06575126341260121,0.0,1.0,0.0
0.3,0.04,0.0,0.3,0.36,"(0.3, 0.04, 0.0, 0.3, 0.36)",0.22,0.04976310807721451,0.038267135322552596,1.3004137272822407,0.0601580065221875,26201914.65704974,-0.0700299023435823,-0.09096031453670747,0.03093540976580863,0.0,61.0,23022305.721789446,23074771.70549255,20782937.759996086,24447110.908116106,0.5573770491803278,1.0,-0.08918357383051535,-0.06550538414530932,0.0,1.0,0.0
0.36,0.04,0.0,0.26,0.34,"(0.36, 0.04, 0.0, 0.26, 0.34)",0.22000000000000006,0.049745179769629555,0.03703456717318911,1.3432094274789363,0.0601580065221875,26202532.380865153,-0.06588899217303512,-0.08790468534892425,0.029955596766279714,0.0,61.0,23038465.826923717,23040335.7406118,20928950.777022522,24433799.98004568,0.5573770491803278,1.0,-0.08329736598839156,-0.06379956780028281,0.0,1.0,0.0
0.36,0.04,0.0,0.28,0.32,"(0.36, 0.04, 0.0, 0.28, 0.32)",0.22000000000000006,0.04953020058584312,0.03625192540894954,1.3662777915132631,0.0601580065221875,26149190.429687817,-0.06396306616166414,-0.0856525661367091,0.029559945518709843,0.0,61.0,23003800.91893938,23074646.5231024,20855398.91334386,24390997.909614146,0.5573770491803278,1.0,-0.08096223347369168,-0.06174098775874099,0.0,1.0,0.0
0.32,0.16,0.02,0.18,0.32,"(0.32, 0.16, 0.02, 0.18, 0.32)",0.20000000000000004,0.05512827805579268,0.04844007589519084,1.138071669728037,0.0601580065221875,27572696.956812657,-0.11396713104093836,-0.14519865671991639,0.03564538625578511,0.0,61.0,23108622.998248592,23175872.180583157,20031910.595381748,24747690.96112807,0.5409836065573771,1.0,-0.14663193736184016,-0.06779619171575353,0.0,1.0,0.0
0.3,0.16,0.02,0.2,0.32,"(0.3, 0.16, 0.02, 0.2, 0.32)",0.16,0.0550572956720059,0.04866290000151721,1.1314018619993738,0.0601580065221875,27552501.179855935,-0.1150081105069527,-0.14692596296080637,0.036004242058108135,0.0,61.0,23090490.64569392,23202233.15188011,20052420.817384243,24737176.771415055,0.5409836065573771,1.0,-0.1483537378045449,-0.06781770166134897,0.0,1.0,0.0
0.34,0.16,0.02,0.18,0.3,"(0.34, 0.16, 0.02, 0.18, 0.3)",0.20000000000000004,0.054982835186232704,0.047638869006880295,1.1541591211641014,0.0601580065221875,27536610.701869544,-0.11124579357610642,-0.14152809603702876,0.034754825796498426,0.0,61.0,23091555.954400346,23185764.7172789,20067643.606738728,24715574.414656505,0.5409836065573771,1.0,-0.1429427512136135,-0.0657152071717251,0.0,1.0,0.0
0.32,0.16,0.02,0.2,0.3,"(0.32, 0.16, 0.02, 0.2, 0.3)",0.16,0.05491182348343204,0.04786602664137083,1.1471982810449426,0.0601580065221875,27516431.629869495,-0.11229014935642012,-0.14324772228703503,0.035113681598821445,0.0,61.0,23073472.233825475,23212118.93941548,20088181.392287273,24705068.35174648,0.5409836065573771,1.0,-0.14465748437407883,-0.06573748299509143,0.0,1.0,0.0
0.3,0.16,0.02,0.22,0.3,"(0.3, 0.16, 0.02, 0.22, 0.3)",0.12,0.054839577170883835,0.04811688017515072,1.1397159784936546,0.0601580065221875,27495960.141791087,-0.1133345731447517,-0.1449750352446619,0.03547253740114447,0.0,61.0,23055307.58351755,23238348.156688683,20108606.759791587,24694371.92033332,0.5409836065573771,1.0,-0.146379498891478,-0.06576049720770204,0.0,1.0,0.0
0.36,0.16,0.02,0.18,0.28,"(0.36, 0.16, 0.02, 0.18, 0.28)",0.23999999999999996,0.05483600847261072,0.04685189273463857,1.1704118077618095,0.0601580065221875,27500221.840498906,-0.10852004050040187,-0.1378618361994115,0.033864265337211735,0.0,61.0,23074328.4531847,23195451.181528177,20103275.289318427,24683250.354374405,0.5409836065573771,1.0,-0.1392571611116272,-0.06363264528256758,0.0,1.0,0.0
0.28,0.16,0.02,0.24,0.3,"(0.28, 0.16, 0.02, 0.24, 0.3)",0.11999999999999997,0.05476609665632193,0.04839106109941041,1.1317399414700826,0.0601580065221875,27475196.925379653,-0.11437906258087671,-0.14671003862382823,0.03583139320346749,0.0,61.0,23037062.18094373,23264451.892754205,20128919.339226197,24683485.384622186,0.5409836065573771,1.0,-0.1481087958357297,-0.06578424980955654,0.0,1.0,0.0
0.34,0.16,0.02,0.2,0.28,"(0.34, 0.16, 0.02, 0.2, 0.28)",0.19999999999999998,0.054764967717822355,0.04708346101708868,1.1631466025393868,0.0601580065221875,27480059.758634664,-0.10956777656267158,-0.13957378804151216,0.03422312113953476,0.0,61.0,23056293.455818664,23221798.4309309,20123840.542420052,24672752.56521014,0.5409836065573771,1.0,-0.14096483269839816,-0.0636556869837054,0.0,1.0,0.0
0.3,0.14,0.02,0.18,0.36,"(0.3, 0.14, 0.02, 0.18, 0.36)",0.2,0.05472968244144072,0.04768063187622137,1.1478388663874808,0.0601580065221875,27462322.44724259,-0.10940446251443481,-0.13964653446629602,0.03513348977481549,0.0,61.0,23141924.683242314,23209029.37541152,20193530.5693959,24757620.162774168,0.5409836065573771,1.0,-0.14078973753431026,-0.06992267511899272,0.0,1.0,0.0
0.32,0.16,0.02,0.22,0.28,"(0.32, 0.16, 0.02, 0.22, 0.28)",0.15999999999999998,0.054692692611609584,0.04733907197080449,1.1553393493928295,0.0601580065221875,27459605.69848342,-0.11061557853903281,-0.14129342768699613,0.03458197694185778,0.0,61.0,23038177.53427219,23248020.600118898,20144293.186499942,24662064.67943385,0.5409836065573771,1.0,-0.14267978860188793,-0.06367946707408668,0.0,1.0,0.0
0.28,0.14,0.02,0.2,0.36,"(0.28, 0.14, 0.02, 0.2, 0.36)",0.19999999999999996,0.05466020320131326,0.047877359160220054,1.141671223310263,0.0601580065221875,27442580.87467567,-0.1104500139337189,-0.14136785782391764,0.03549234557713851,0.0,61.0,23123970.752467774,23235567.66237008,20214357.118047494,24747310.133844297,0.5409836065573771,1.0,-0.14250359100220103,-0.06983465931924246,0.0,1.0,0.0
0.3,0.16,0.02,0.24,0.28,"(0.3, 0.16, 0.02, 0.24, 0.28)",0.11999999999999997,0.054619183561681606,0.04761833842067543,1.147019937553438,0.0601580065221875,27438860.34710935,-0.11166344406974704,-0.14302075891511723,0.034940832744180805,0.0,61.0,23019980.86531173,23274117.212894488,20164632.851099107,24651186.960995715,0.5409836065573771,1.0,-0.144402029949901,-0.06370398555371207,0.0,1.0,0.0
0.36,0.16,0.02,0.2,0.26,"(0.36, 0.16, 0.02, 0.2, 0.26)",0.23999999999999996,0.05461673008536305,0.046315928375705945,1.179221317606388,0.0601580065221875,27443387.227294177,-0.10684099121544632,-0.135904187682152,0.03333256068024807,0.0,61.0,23038954.883164894,23231271.57795589,20159397.752704386,24640230.53904615,0.5409836065573771,1.0,-0.13727580701473707,-0.061572313627189644,0.0,1.0,0.0
0.26,0.14,0.02,0.22,0.36,"(0.26, 0.14, 0.02, 0.22, 0.36)",0.19999999999999998,0.05458948982410505,0.04809805993361213,1.134962405956764,0.0601580065221875,27422547.15784802,-0.11149563584092204,-0.14309692207285452,0.03585120137946154,0.0,61.0,23105935.47098395,23261981.25373507,20235070.926626433,24736809.312586527,0.5409836065573771,1.0,-0.1442247695223383,-0.0697467168998919,0.0,1.0,0.0
0.32,0.14,0.02,0.18,0.34,"(0.32, 0.14, 0.02, 0.18, 0.34)",0.20000000000000007,0.05458626358509311,0.046825969622470535,1.1657262844782315,0.0601580065221875,27426870.42704443,-0.10693215808235879,-0.13629613483882738,0.0342429293155288,0.0,61.0,23125064.603444997,23219168.374873914,20229757.31896315,24725768.712800667,0.5409836065573771,1.0,-0.13742111908880145,-0.06810392696024167,0.0,1.0,0.0
0.34,0.16,0.02,0.22,0.26,"(0.34, 0.16, 0.02, 0.22, 0.26)",0.2,0.05454442645072355,0.046576372093205476,1.1710750322410888,0.0601580065221875,27422950.881586313,-0.10789217534369833,-0.13761615963784793,0.033691416482571096,0.0,61.0,23020887.780326005,23257486.47644102,20179877.577352062,24629551.346107148,0.5409836065573771,1.0,-0.13898371004639587,-0.06159685959534202,0.0,1.0,0.0
0.24,0.14,0.02,0.24,0.36,"(0.24, 0.14, 0.02, 0.24, 0.36)",0.2,0.05451754271425946,0.04834240585425646,1.127737475015619,0.0601580065221875,27402221.970523275,-0.11254132586675958,-0.14483373117586454,0.036210057181784557,0.0,61.0,23087819.015366614,23288269.670446824,20255671.620351207,24726117.95892564,0.5409836065573771,1.0,-0.14595327440677416,-0.06965884623445052,0.0,1.0,0.0
0.3,0.14,0.02,0.2,0.34,"(0.3, 0.14, 0.02, 0.2, 0.34)",0.16000000000000003,0.054516754714756255,0.04702688675085148,1.1592677823557853,0.0601580065221875,27407144.642285306,-0.10771899767703863,-0.13767566869998993,0.03460178511785183,0.0,61.0,23107159.089659378,23245700.236175425,20250612.137636382,24715466.424499072,0.5409836065573771,1.0,-0.13879852432810266,-0.06801995333852454,0.0,1.0,0.0
0.3,0.12,0.06,0.28,0.24,"(0.3, 0.12, 0.06, 0.28, 0.24)",0.12000000000000001,0.054505358421388594,0.047827333814474654,1.139627783409764,0.0601580065221875,27353457.988319743,-0.1114749809395379,-0.14811646036583848,0.03450463770850565,0.0,61.0,22919774.49845909,23272020.979263235,20475903.31553271,24685807.28730996,0.5409836065573771,1.0,-0.148968731617399,-0.06739744425094583,0.0,1.0,0.0
0.28,0.14,0.02,0.22,0.34,"(0.28, 0.14, 0.02, 0.22, 0.34)",0.16,0.054446011963507734,0.04725217147444078,1.1522435956823314,0.0601580065221875,27387127.141521264,-0.10876800957551003,-0.13939702323097508,0.03496064092017485,0.0,61.0,23089172.230283838,23272107.324258294,20271354.02270068,24704973.61254879,0.5409836065573771,1.0,-0.14051261825294215,-0.06793605242763252,0.0,1.0,0.0
0.34,0.14,0.02,0.18,0.32,"(0.34, 0.14, 0.02, 0.18, 0.32)",0.20000000000000007,0.05444146127624516,0.045983881209548376,1.1839248850734374,0.0601580065221875,27391115.727997255,-0.10462519250162461,-0.13316513227437168,0.03342389692070859,0.0,61.0,23108043.61992993,23229101.37421227,20265882.79697205,24693709.13824289,0.5409836065573771,1.0,-0.13428027884046423,-0.06629240223457603,0.0,1.0,0.0
0.26,0.14,0.02,0.24,0.34,"(0.26, 0.14, 0.02, 0.24, 0.34)",0.16000000000000003,0.054374035735766935,0.047501477090740755,1.1446809460661134,0.0601580065221875,27366818.59787543,-0.10981708748840957,-0.14112612380762213,0.03531949672249787,0.0,61.0,23071104.201193184,23298389.160199754,20291982.59892815,24694290.53663155,0.5409836065573771,1.0,-0.14223404157868172,-0.06785222256426575,0.0,1.0,0.0
0.32,0.14,0.02,0.2,0.32,"(0.32, 0.14, 0.02, 0.2, 0.32)",0.16000000000000003,0.05437192304142391,0.04618908702105554,1.1771595099214274,0.0601580065221875,27371406.01163628,-0.10510362099260073,-0.13414099451735761,0.03371122465856514,0.0,61.0,23090186.614208363,23255626.58494993,20286765.788999975,24683414.73609492,0.5409836065573771,1.0,-0.13524412882786824,-0.0662124557886283,0.0,1.0,0.0
0.3,0.14,0.02,0.22,0.32,"(0.3, 0.14, 0.02, 0.22, 0.32)",0.12000000000000002,0.054301151182093665,0.04641906045756521,1.1698028923212265,0.0601580065221875,27351405.010396034,-0.1060359558950349,-0.13570140138877598,0.034070080460888164,0.0,61.0,23072248.268406816,23282026.94578522,20307535.65437649,24672930.080228977,0.5409836065573771,1.0,-0.13680403396354637,-0.06613258137077486,0.0,1.0,0.0
0.36,0.14,0.02,0.18,0.3,"(0.36, 0.14, 0.02, 0.18, 0.3)",0.2,0.0542952772215346,0.045155070104515485,1.202418180192463,0.0601580065221875,27355059.989981428,-0.10231602114256699,-0.13003968475129063,0.032816057580733866,0.0,61.0,23090862.302506138,23238828.319217738,20301906.4826248,24661442.560287304,0.5409836065573771,1.0,-0.13114441116725115,-0.06448811920489392,0.0,1.0,0.0
0.34,0.08,0.08,0.24,0.26,"(0.34, 0.08, 0.08, 0.24, 0.26)",0.14,0.05424441832819138,0.04685822580651626,1.1576285144079863,0.0601580065221875,27257425.321717735,-0.11012969464649391,-0.14903649862437737,0.03429004741321831,0.0,61.0,22956565.97351854,23143025.344496567,20223961.12717515,24871023.495393507,0.5409836065573771,1.0,-0.14942580016056697,-0.07501776354045586,0.0,1.0,0.0
0.34,0.14,0.02,0.2,0.3,"(0.34, 0.14, 0.02, 0.2, 0.3)",0.16000000000000003,0.054225709885935114,0.045364662097720956,1.195329302114637,0.0601580065221875,27335366.621145483,-0.10279614066695064,-0.13100822715111365,0.033062442369982896,0.0,61.0,23073053.894252762,23265346.654487908,20322817.55081838,24651156.188851826,0.5409836065573771,1.0,-0.13210140859364344,-0.06441218486303298,0.0,1.0,0.0
0.32,0.14,0.02,0.22,0.3,"(0.32, 0.14, 0.02, 0.22, 0.3)",0.12000000000000002,0.054154909182466016,0.0455994272279462,1.1876225749887594,0.0601580065221875,27315382.401409972,-0.10329947387668725,-0.13201008427690072,0.03330882715923193,0.0,61.0,23055164.151821367,23291740.064114295,20343615.299814202,24640679.83487368,0.5409836065573771,1.0,-0.13309904107190978,-0.0643363218535961,0.0,1.0,0.0
0.36,0.08,0.08,0.24,0.24,"(0.36, 0.08, 0.08, 0.24, 0.24)",0.18,0.054096743249731905,0.046077437815853495,1.1740397429632963,0.0601580065221875,27221118.51278735,-0.10751271681780628,-0.14523576656664722,0.03368220807324358,0.0,61.0,22940240.26776181,23103846.17273812,20224115.3117018,24864028.591860358,0.5409836065573771,1.0,-0.14563197181240697,-0.07327194421200102,0.0,1.0,0.0
0.36,0.14,0.02,0.2,0.28,"(0.36, 0.14, 0.02, 0.2, 0.28)",0.19999999999999996,0.054078116948497845,0.044554354441319055,1.2137560430759287,0.0601580065221875,27299028.11548915,-0.10048645778670096,-0.12788104511975643,0.032454603030008175,0.0,61.0,23055761.499276422,23274860.394675855,20358766.903283663,24618691.905205037,0.5409836065573771,1.0,-0.1289636885329572,-0.06261915841180293,0.0,1.0,0.0
0.32,0.12,0.02,0.18,0.36,"(0.32, 0.12, 0.02, 0.18, 0.36)",0.2,0.054029355883968844,0.045476012670954316,1.1880847222667255,0.0601580065221875,27278053.04347084,-0.10188677283676817,-0.1299154690448377,0.03365974416233177,0.0,61.0,23139968.081594594,23245954.493354477,20428062.862642366,24701650.154460873,0.5409836065573771,1.0,-0.13078494911800057,-0.07099487315398371,0.0,1.0,0.0
0.34,0.08,0.08,0.26,0.24,"(0.34, 0.08, 0.08, 0.26, 0.24)",0.16000000000000003,0.05402050452439999,0.046422745253485206,1.1636645835878132,0.0601580065221875,27199960.492620774,-0.10803351086064772,-0.1463414676570764,0.03392859286249262,0.0,61.0,22923173.517078158,23084280.91157487,20151865.79387735,24876743.70792087,0.5409836065573771,1.0,-0.14671878390322274,-0.07317195244498302,0.0,1.0,0.0
0.3,0.12,0.02,0.2,0.36,"(0.3, 0.12, 0.02, 0.2, 0.36)",0.15999999999999998,0.05396131798663295,0.04565242750838927,1.182003256600469,0.0601580065221875,27258794.959768403,-0.10236706875638235,-0.13088672262867146,0.03390612895158081,0.0,61.0,23122290.46262296,23207526.66961866,20449265.217699412,24691559.98926463,0.5409836065573771,1.0,-0.1317431333328028,-0.0709032060296726,0.0,1.0,0.0
0.3,0.1,0.06,0.28,0.26,"(0.3, 0.1, 0.06, 0.28, 0.26)",0.08,0.053961315012130306,0.04624016405439215,1.1669793158314878,0.0601580065221875,27208362.48028147,-0.10532583086512526,-0.14018140766230183,0.03413264561015412,0.0,61.0,22937134.427915264,23190354.832609348,20397819.340589896,24699507.856892675,0.5409836065573771,1.0,-0.14078020027373503,-0.07016776682185051,0.0,1.0,0.0
0.32,0.08,0.08,0.28,0.24,"(0.32, 0.08, 0.08, 0.28, 0.24)",0.16000000000000003,0.0539430355963435,0.046790974164317066,1.1528513043329758,0.0601580065221875,27178515.23565715,-0.10900797897845949,-0.14806766366920537,0.03417497765174165,0.0,61.0,22906024.582464702,23064549.168450776,20079761.317718662,24889283.04900998,0.5409836065573771,1.0,-0.14843571203576317,-0.07307202606853222,0.0,1.0,0.0
0.28,0.12,0.02,0.22,0.36,"(0.28, 0.12, 0.02, 0.22, 0.36)",0.15999999999999995,0.0538920472049067,0.04585415500855233,1.1752925595260715,0.0601580065221875,27239246.340571307,-0.10284805392494933,-0.13186253369598255,0.03415251374082984,0.0,61.0,23104531.097185515,23204558.637929313,20470353.93774066,24681279.43468705,0.5409836065573771,1.0,-0.13270564203348278,-0.07081161605615313,0.0,1.0,0.0
0.34,0.12,0.02,0.18,0.34,"(0.34, 0.12, 0.02, 0.18, 0.34)",0.20000000000000007,0.053885195445684486,0.04459527599359145,1.208316222853471,0.0601580065221875,27242632.44699863,-0.09957058403829822,-0.12678156722048423,0.03305190482235705,0.0,61.0,23122994.40406069,23221867.296664566,20464582.43334799,24669650.337036822,0.5409836065573771,1.0,-0.12764517066438497,-0.06918437985325046,0.0,1.0,0.0
0.32,0.12,0.02,0.2,0.34,"(0.32, 0.12, 0.02, 0.2, 0.34)",0.16000000000000003,0.05381712813918105,0.044775806327261615,1.2019242656589448,0.0601580065221875,27223389.80343259,-0.10005257795882772,-0.12774547277976056,0.03329828961160609,0.0,61.0,23105365.167267397,23219045.95597123,20485813.578558438,24659567.817764565,0.5409836065573771,1.0,-0.1285964841553571,-0.06909672648356979,0.0,1.0,0.0
0.36,0.12,0.02,0.18,0.32,"(0.36, 0.12, 0.02, 0.18, 0.32)",0.2,0.053739655360272254,0.0437267272784154,1.2289887376684485,0.0601580065221875,27206912.410806805,-0.09725218325524587,-0.12365320815889061,0.03244406548238232,0.0,61.0,23105860.527339444,23233193.29490791,20500999.754006278,24637444.04133301,0.5409836065573771,1.0,-0.12451034396256692,-0.06738109228179893,0.0,1.0,0.0
0.34,0.12,0.02,0.2,0.32,"(0.34, 0.12, 0.02, 0.2, 0.32)",0.16000000000000003,0.053671558905001415,0.043911486562682796,1.2222669535085382,0.0601580065221875,27187685.48047958,-0.09773587611927603,-0.12460977706070182,0.032690450271631366,0.0,61.0,23088279.760301057,23230355.966936436,20522259.590985034,24627369.310162537,0.5409836065573771,1.0,-0.12545479757800596,-0.06729743773250364,0.0,1.0,0.0
0.34,0.06,0.08,0.26,0.26,"(0.34, 0.06, 0.08, 0.26, 0.26)",0.16000000000000003,0.05345482813260838,0.04525567415471671,1.181174054547525,0.0601580065221875,27050342.35885268,-0.10573658991886536,-0.14370678308135748,0.03355660076414108,0.0,61.0,22938621.811545193,23126608.030059595,20073372.30698719,24887120.797255717,0.5409836065573771,1.0,-0.14384990082799293,-0.07586887180283086,0.0,1.0,0.0
0.28,0.06,0.08,0.3,0.28,"(0.28, 0.06, 0.08, 0.3, 0.28)",0.15999999999999992,0.0534487370034018,0.04676656088255497,1.1428836329792949,0.0601580065221875,27044031.921237275,-0.10939963906487571,-0.14977143618837474,0.034657209682613876,0.0,61.0,22920826.65080814,23126481.172032017,19930074.11337455,24919436.750452355,0.5409836065573771,1.0,-0.14985935526462726,-0.07738785635651628,0.0,1.0,0.0
0.32,0.06,0.08,0.28,0.26,"(0.32, 0.06, 0.08, 0.28, 0.26)",0.16000000000000003,0.05337883668316756,0.04560284850906532,1.1705154048119706,0.0601580065221875,27029373.35478374,-0.10626017147853029,-0.1448164737759837,0.03380298555339012,0.0,61.0,22921696.681413367,23121607.867281213,20001699.096925113,24899861.925009202,0.5409836065573771,1.0,-0.14493918849324974,-0.07576172032238791,0.0,1.0,0.0
0.36,0.06,0.08,0.26,0.24,"(0.36, 0.06, 0.08, 0.26, 0.24)",0.2,0.053306387075211514,0.044463613359871916,1.198876632984582,0.0601580065221875,27014096.82074741,-0.10311408273362144,-0.13989333734241916,0.03294876142416636,0.0,61.0,22922230.83288848,23121015.4117263,20073273.876714483,24879896.52131222,0.5409836065573771,1.0,-0.14004858261132014,-0.0741347659555715,0.0,1.0,0.0
0.3,0.06,0.08,0.3,0.26,"(0.3, 0.06, 0.08, 0.3, 0.26)",0.15999999999999998,0.05330161642401432,0.045973324072371535,1.1594031430075957,0.0601580065221875,27008118.959007435,-0.10678459264982876,-0.14593161511914163,0.034049370342639156,0.0,61.0,22904689.14032099,23135534.62388654,19930169.66792927,24912427.27833721,0.5409836065573771,1.0,-0.14603363591298896,-0.07565463737623869,0.0,1.0,0.0
0.32,0.1,0.02,0.2,0.36,"(0.32, 0.1, 0.02, 0.2, 0.36)",0.16,0.05324747454497181,0.04365180092144907,1.2198230868135325,0.0601580065221875,27072441.901649475,-0.09498283026560594,-0.1213141300795453,0.03300009772600279,0.0,61.0,23119004.223989546,23261137.018179137,20685303.40896827,24633536.825783398,0.5409836065573771,1.0,-0.12193285360188388,-0.0719530806083201,0.0,1.0,0.0
0.34,0.06,0.08,0.28,0.24,"(0.34, 0.06, 0.08, 0.28, 0.24)",0.20000000000000007,0.053230367262004474,0.0448175684783429,1.1877120751815635,0.0601580065221875,26993146.445040256,-0.10363958291873732,-0.14099381618331622,0.0331951462134154,0.0,61.0,22905352.75404043,23135073.13908342,20001597.082321756,24892628.071128756,0.5409836065573771,1.0,-0.1411292736377149,-0.0740314965773409,0.0,1.0,0.0
0.36,0.08,0.06,0.26,0.24,"(0.36, 0.08, 0.06, 0.26, 0.24)",0.16,0.05318009648991828,0.0429771743075682,1.2374032808516535,0.0601580065221875,27008480.428650804,-0.09659303263601748,-0.12817880239351528,0.032298590042604096,0.0,61.0,22936805.011238117,23215268.944011606,20391178.584249135,24683797.522837523,0.5409836065573771,1.0,-0.12856912476762114,-0.06951928014189916,0.0,1.0,0.0
0.3,0.08,0.06,0.3,0.26,"(0.3, 0.08, 0.06, 0.3, 0.26)",0.11999999999999997,0.05317814162701695,0.04447609695792949,1.1956566619889968,0.0601580065221875,27003124.42732113,-0.10028555866111688,-0.13405317174506062,0.03339919896107689,0.0,61.0,22919102.605838142,23210016.925146267,20245948.62471593,24716422.540902384,0.5409836065573771,1.0,-0.13440502517567823,-0.0710707228820297,0.0,1.0,0.0
0.36,0.1,0.02,0.18,0.34,"(0.36, 0.1, 0.02, 0.18, 0.34)",0.20000000000000004,0.053169178678624585,0.04259388242259337,1.248282045555483,0.0601580065221875,27055838.023806136,-0.09216960515326766,-0.11723118957951127,0.032215005310460225,0.0,61.0,23119319.497091237,23264530.01967346,20700533.737878665,24611264.061970733,0.5409836065573771,1.0,-0.11786053129793725,-0.07024616979581615,0.0,1.0,0.0
0.32,0.06,0.08,0.3,0.24,"(0.32, 0.06, 0.08, 0.3, 0.24)",0.2,0.05315311889611829,0.04519512098429871,1.1760809073745875,0.0601580065221875,26971911.11045821,-0.10416592322503981,-0.14209974097614445,0.03344153100266443,0.0,61.0,22888392.265459906,23148984.341789138,19930064.12737931,24905183.90143422,0.5409836065573771,1.0,-0.1422151219443325,-0.07392829494108218,0.0,1.0,0.0
0.36,0.14,0.0,0.22,0.28,"(0.36, 0.14, 0.0, 0.22, 0.28)",0.19999999999999996,0.05311640055663891,0.04238074574481044,1.2533144385063837,0.0601580065221875,27075685.8251555,-0.09186441947756818,-0.11511584528316993,0.03107098499936869,0.0,61.0,23051769.658705223,23086499.40924116,20385510.40957415,24664931.719962347,0.5409836065573771,1.0,-0.11612909699026558,-0.058700098578192084,0.0,1.0,0.0
0.34,0.08,0.06,0.28,0.24,"(0.34, 0.08, 0.06, 0.28, 0.24)",0.16000000000000006,0.053105033553258796,0.043321552145050186,1.2258340461914046,0.0601580065221875,26987740.131322492,-0.09712218731729583,-0.1292368231656396,0.03254497483185313,0.0,61.0,22919650.09233799,23194138.370491043,20318422.072077006,24696534.014020946,0.5409836065573771,1.0,-0.1296107935053731,-0.06942769265971788,0.0,1.0,0.0
0.32,0.12,0.0,0.2,0.36,"(0.32, 0.12, 0.0, 0.2, 0.36)",0.2,0.05306473501125897,0.043421788571809394,1.2220762146520614,0.0601580065221875,27054062.455727354,-0.09325268356837635,-0.11708387767883308,0.03227612613169229,0.0,61.0,23136375.21593245,23072936.978129905,20455339.964014888,24747791.820698168,0.5409836065573771,1.0,-0.11790554392340158,-0.06797500981857814,0.0,1.0,0.0
0.34,0.14,0.0,0.24,0.28,"(0.34, 0.14, 0.0, 0.24, 0.28)",0.16000000000000003,0.053046755746993135,0.04260656001265066,1.245037283724445,0.0601580065221875,27056135.027635425,-0.09235318724806163,-0.11604565789301921,0.03131736978861773,0.0,61.0,23033840.72787222,23112723.802670605,20406457.212570243,24654532.14314043,0.5409836065573771,1.0,-0.11704937191540024,-0.05863688991453064,0.0,1.0,0.0
0.32,0.08,0.06,0.3,0.24,"(0.32, 0.08, 0.06, 0.3, 0.24)",0.16,0.053028741661941714,0.04369049363682188,1.2137363817114133,0.0601580065221875,26966714.719379302,-0.09765218430311384,-0.1303001871692323,0.03279135962110217,0.0,61.0,22902413.22726097,23166085.131283667,20245811.23140379,24709096.26855081,0.5409836065573771,1.0,-0.13065753519890064,-0.06933617227588056,0.0,1.0,0.0
0.3,0.12,0.0,0.22,0.36,"(0.3, 0.12, 0.0, 0.22, 0.36)",0.15999999999999998,0.05299787506178011,0.0435810337111446,1.216076594535375,0.0601580065221875,27035214.027834877,-0.09373926514367859,-0.11801892575178399,0.03252251092094133,0.0,61.0,23118608.99131663,23047110.432928815,20476663.978263535,24737770.0996585,0.5409836065573771,1.0,-0.11882934154374608,-0.06809345767118823,0.0,1.0,0.0
0.36,0.12,0.0,0.18,0.34,"(0.36, 0.12, 0.0, 0.18, 0.34)",0.24000000000000005,0.05298455698959725,0.042400195524505566,1.249630015478923,0.0601580065221875,27037052.533506125,-0.0904387531632227,-0.11307718722837874,0.03145475934088871,0.0,61.0,23136574.441093862,23055823.132942885,20470156.70664194,24725202.901191384,0.5409836065573771,1.0,-0.11390168892754904,-0.06576870050456933,0.0,1.0,0.0
0.36,0.04,0.08,0.24,0.28,"(0.36, 0.04, 0.08, 0.24, 0.28)",0.17999999999999997,0.05294762684863863,0.04408929691214324,1.2009179224188442,0.0601580065221875,26918050.06818228,-0.10292298739229921,-0.13995393796520164,0.03330878947646515,0.0,61.0,22969154.578164347,23213243.238022774,20065042.46288605,24882094.225195978,0.5409836065573771,1.0,-0.13995393796520164,-0.07865325967526808,0.0,1.0,0.0
0.3,0.04,0.08,0.28,0.3,"(0.3, 0.04, 0.08, 0.28, 0.3)",0.12000000000000002,0.052946272645997494,0.04553907772925551,1.162655795551683,0.0601580065221875,26912936.643354613,-0.10659394825192903,-0.14600677419558766,0.034288602475994065,0.0,61.0,22951973.08546274,23228216.114754207,19922367.33644817,24915137.88840621,0.5409836065573771,1.0,-0.14600677419558766,-0.08016074431827354,0.0,1.0,0.0
0.34,0.12,0.0,0.2,0.34,"(0.34, 0.12, 0.0, 0.2, 0.34)",0.20000000000000007,0.052918900271982316,0.042535939559924456,1.244098539246568,0.0601580065221875,27018508.024523076,-0.09092634832918012,-0.11400048453416178,0.03166828679171757,0.0,61.0,23118938.841831096,23050363.55502796,20491622.899853468,24715379.7687079,0.5409836065573771,1.0,-0.11481442630520815,-0.06589237691261515,0.0,1.0,0.0
0.36,0.14,0.0,0.24,0.26,"(0.36, 0.14, 0.0, 0.24, 0.26)",0.2,0.05289609504768089,0.04181286064025226,1.2650675949389376,0.0601580065221875,27019393.83480689,-0.09003289922441138,-0.11296741126412692,0.030709530448643007,0.0,61.0,23015979.363718163,23121595.970191125,20442096.1004589,24621461.104313698,0.5409836065573771,1.0,-0.11395867786153116,-0.056859120837486864,0.0,1.0,0.0
0.34,0.04,0.08,0.26,0.28,"(0.34, 0.04, 0.08, 0.26, 0.28)",0.16,0.0528743385683168,0.044387460262301386,1.1911999077186084,0.0601580065221875,26897839.92919403,-0.10344766969729469,-0.14105664653131697,0.0335035100604515,0.0,61.0,22952537.192935176,23227687.53467294,19993661.669596154,24895210.928074922,0.5409836065573771,1.0,-0.14105664653131697,-0.07853891319783177,0.0,1.0,0.0
0.28,0.04,0.08,0.3,0.3,"(0.28, 0.04, 0.08, 0.3, 0.3)",0.15999999999999995,0.052870556740307384,0.04587914901966758,1.1523874760110024,0.0601580065221875,26892139.264011577,-0.10711839053227179,-0.1471297259501941,0.03448332305998041,0.0,61.0,22935143.11369082,23242382.26119163,19851274.69532528,24927913.314101465,0.5409836065573771,1.0,-0.1471297259501941,-0.08004266163808811,0.0,1.0,0.0
0.34,0.14,0.0,0.26,0.26,"(0.34, 0.14, 0.0, 0.26, 0.26)",0.18000000000000005,0.05282519161004262,0.04207074314387692,1.255627727548971,0.0601580065221875,26999573.370718945,-0.09052404875978615,-0.11389451140972703,0.03095591523789204,0.0,61.0,22998018.83684857,23103824.426348206,20462956.825244438,24610880.895417973,0.5409836065573771,1.0,-0.11487648545030732,-0.05679995224182266,0.0,1.0,0.0
0.32,0.04,0.08,0.28,0.28,"(0.32, 0.04, 0.08, 0.28, 0.28)",0.16,0.052799822061353474,0.0447102912096009,1.180932188829391,0.0601580065221875,26877344.88150423,-0.10397319285245787,-0.14216483196396196,0.033698230644437846,0.0,61.0,22935836.860068724,23241985.205943614,19922422.740921166,24908152.41107392,0.5409836065573771,1.0,-0.14216483196396196,-0.07842464075294076,0.0,1.0,0.0
0.32,0.14,0.0,0.28,0.26,"(0.32, 0.14, 0.0, 0.28, 0.26)",0.18000000000000005,0.052753057396141445,0.0423551948126159,1.245492025937476,0.0601580065221875,26979466.543997556,-0.0910158819740694,-0.1148261060434408,0.031202300027141076,0.0,61.0,22979977.562075276,23144932.75580299,20483703.277196035,24600111.459623814,0.5409836065573771,1.0,-0.11579857057014273,-0.05680831261850397,0.0,1.0,0.0
0.36,0.04,0.08,0.26,0.26,"(0.36, 0.04, 0.08, 0.26, 0.26)",0.19999999999999998,0.052726541271137295,0.04356613949895199,1.210264252870183,0.0601580065221875,26861936.63713589,-0.10082136393930174,-0.13723188048975976,0.03291313822889528,0.0,61.0,22936194.73801562,23230079.984755762,19993519.59320276,24888001.493033763,0.5409836065573771,1.0,-0.13723188048975976,-0.07680579759006492,0.0,1.0,0.0
0.3,0.04,0.08,0.3,0.28,"(0.3, 0.04, 0.08, 0.3, 0.28)",0.15999999999999995,0.05272407773419219,0.04505725953425166,1.1701572239233138,0.0601580065221875,26856565.613080703,-0.10449955540959821,-0.1432785049107203,0.033892951228424194,0.0,61.0,22919053.736956496,23225055.545001656,19851326.007249337,24920918.40204181,0.5409836065573771,1.0,-0.1432785049107203,-0.07831044112179449,0.0,1.0,0.0
0.36,0.14,0.0,0.26,0.24,"(0.36, 0.14, 0.0, 0.26, 0.24)",0.22000000000000003,0.05267313371197768,0.04129913673286716,1.2754051992098598,0.0601580065221875,26962559.514889922,-0.08820326431360714,-0.11081467776918431,0.03034807589791732,0.0,61.0,22980049.87679817,23121536.83598495,20498519.515681103,24577617.21565677,0.5409836065573771,1.0,-0.1117840772913715,-0.05503347123153632,0.0,1.0,0.0
0.34,0.04,0.08,0.28,0.26,"(0.34, 0.04, 0.08, 0.28, 0.26)",0.20000000000000004,0.05265199634750828,0.04389566954386254,1.19948042471242,0.0601580065221875,26841459.558429714,-0.10134880869044915,-0.13833080996538286,0.03310785881288163,0.0,61.0,22919541.331526414,23200452.716510914,19922277.282941777,24900933.403716773,0.5409836065573771,1.0,-0.13833080996538286,-0.07669539454541396,0.0,1.0,0.0
0.32,0.04,0.08,0.3,0.26,"(0.32, 0.04, 0.08, 0.3, 0.26)",0.19999999999999998,0.05257622385903793,0.04424967891121344,1.1881718727164468,0.0601580065221875,26820698.687978618,-0.1018770933546036,-0.1394352221726914,0.03330257939686797,0.0,61.0,22902805.136341188,23170681.7754981,19851177.225053158,24913689.876815345,0.5409836065573771,1.0,-0.1394352221726914,-0.07658506357202659,0.0,1.0,0.0
0.36,0.04,0.08,0.28,0.24,"(0.36, 0.04, 0.08, 0.28, 0.24)",0.24000000000000002,0.052502797170243864,0.04309601599221413,1.218274960259185,0.0601580065221875,26805282.294750042,-0.09872079736241757,-0.13450472489023996,0.0325174869813254,0.0,61.0,22903087.042003226,23145905.64776378,19921931.15086541,24893481.27584722,0.5409836065573771,1.0,-0.13450472489023996,-0.07497302234928124,0.0,1.0,0.0
0.34,0.04,0.08,0.3,0.24,"(0.34, 0.04, 0.08, 0.3, 0.24)",0.24000000000000002,0.05242699677865925,0.04345720487784032,1.2064051732280832,0.0601580065221875,26784540.107804127,-0.0992510059600561,-0.135599894461834,0.03271220756531175,0.0,61.0,22886397.852414984,23116203.81799059,19850828.536175497,24906228.147824403,0.5409836065573771,1.0,-0.135599894461834,-0.07486654557834918,0.0,1.0,0.0
0.36,0.1,0.0,0.18,0.36,"(0.36, 0.1, 0.0, 0.18, 0.36)",0.24,0.0524052496475198,0.04144417637564609,1.2644780094680512,0.0601580065221875,26884598.735232174,-0.08532557815188391,-0.10672023095291232,0.031475619944806334,0.0,61.0,23148678.14679415,23084454.697503645,20668885.7659108,24697476.8962269,0.5409836065573771,1.0,-0.10733121430686426,-0.06919284935823683,0.0,1.0,0.0
0.3,0.1,0.0,0.24,0.36,"(0.3, 0.1, 0.0, 0.24, 0.36)",0.12000000000000001,0.05220898189897061,0.04184515168909761,1.2476709915374307,0.0601580065221875,26829481.334906068,-0.086801261898799,-0.10946721599043616,0.03205978169676538,0.0,61.0,23096216.210833974,23051664.816779625,20734000.287374374,24668073.613331553,0.5409836065573771,1.0,-0.11004435066479051,-0.0695342722268626,0.0,1.0,0.0
0.34,0.12,0.0,0.3,0.24,"(0.34, 0.12, 0.0, 0.3, 0.24)",0.22000000000000003,0.051821720858852505,0.039530651301813186,1.3109250455601664,0.0601580065221875,26739741.340490405,-0.08175248510025002,-0.1031703115435431,0.02986101403808913,0.0,61.0,22941216.826700874,23141990.398984313,20777820.79836333,24498517.344070897,0.5409836065573771,1.0,-0.1038923875899259,-0.056308361699771964,0.0,1.0,0.0
0.3,0.1,0.0,0.3,0.3,"(0.3, 0.1, 0.0, 0.3, 0.3)",0.09999999999999999,0.051557452918221,0.03988067662818188,1.2927928329527807,0.0601580065221875,26664638.369663063,-0.0812887018333458,-0.10292082803102169,0.030872827954055753,0.0,61.0,22990644.44949551,23099698.722337987,20907927.770800322,24538826.32712533,0.5409836065573771,1.0,-0.10345419530067469,-0.06373175352205274,0.0,1.0,0.0
0.32,0.08,0.0,0.24,0.36,"(0.32, 0.08, 0.0, 0.24, 0.36)",0.16000000000000003,0.051473305560016946,0.04019853414894172,1.2804771778319197,0.0601580065221875,26640444.65756967,-0.07943500448144403,-0.10007666485904489,0.03149027046912678,0.0,61.0,23090071.17640904,23038363.89153628,20971233.185754724,24606343.533660218,0.5409836065573771,1.0,-0.10045605247884078,-0.07083360310680316,0.0,1.0,0.0
0.36,0.08,0.0,0.22,0.34,"(0.36, 0.08, 0.0, 0.22, 0.34)",0.20000000000000004,0.05139122302140153,0.03913982351806861,1.3130162172978923,0.0601580065221875,26623190.989737246,-0.0764908778209683,-0.09595594796334352,0.030705178053584213,0.0,61.0,23089758.39571234,23041167.012742493,20986153.58426073,24583437.572092455,0.5409836065573771,1.0,-0.09634904763062195,-0.06866664626763616,0.0,1.0,0.0
0.36,0.06,0.0,0.22,0.36,"(0.36, 0.06, 0.0, 0.22, 0.36)",0.24,0.05078658610077702,0.0387580978389697,1.3103477449224343,0.0601580065221875,26466756.16748277,-0.07298340497201072,-0.09174247450770251,0.030726038657501835,0.0,61.0,23099338.25029012,23028743.826457676,21155945.852984857,24551939.341003496,0.5409836065573771,1.0,-0.09197818388169839,-0.06889707889815606,0.0,1.0,0.0
0.34,0.06,0.0,0.24,0.36,"(0.34, 0.06, 0.0, 0.24, 0.36)",0.20000000000000007,0.05072280255984141,0.03886207077072363,1.3052007150903793,0.0601580065221875,26449040.88145252,-0.07363493911254171,-0.09283242815751686,0.030920759241488183,0.0,61.0,23082328.24539582,23034049.454600714,21094946.364009816,24542389.062221285,0.5409836065573771,1.0,-0.09305031309759161,-0.06867248578233892,0.0,1.0,0.0
0.32,0.04,0.0,0.28,0.36,"(0.32, 0.04, 0.0, 0.28, 0.36)",0.22000000000000006,0.049829137926272304,0.03810350048017891,1.3077312398684464,0.0601580065221875,26220004.176933907,-0.06929178640442901,-0.0906982265297427,0.03074068918182228,0.0,61.0,23039283.012347277,23039138.50019481,20856515.043182332,24457006.267881118,0.5409836065573771,1.0,-0.0879923417500512,-0.06562843419656944,0.0,1.0,0.0
0.34,0.04,0.0,0.28,0.34,"(0.34, 0.04, 0.0, 0.28, 0.34)",0.2200000000000001,0.04968034824599599,0.03717164053185243,1.3365121241669393,0.0601580065221875,26184737.699252512,-0.06662940742503154,-0.0881689599547889,0.030150317350266062,0.0,61.0,23021619.743673597,23056338.194414493,20856061.09846668,24424101.03020927,0.5409836065573771,1.0,-0.08447426965018982,-0.06368243870368206,0.0,1.0,0.0
0.3,0.16,0.0,0.18,0.36,"(0.3, 0.16, 0.0, 0.18, 0.36)",0.24,0.05453579593280655,0.047696951583477275,1.143381162155829,0.0601580065221875,27441085.49897687,-0.10782739886284554,-0.13528607716463464,0.03489404476791916,0.0,61.0,23160008.88446713,23043403.750939265,19967296.61102381,24871093.71053049,0.5245901639344263,1.0,-0.13665496013024905,-0.06510759254379446,0.0,1.0,0.0
0.24,0.16,0.0,0.26,0.34,"(0.24, 0.16, 0.0, 0.26, 0.34)",0.22000000000000003,0.05410990608664368,0.04772952347409856,1.1336779030699429,0.0601580065221875,27325686.571803547,-0.1092937715751171,-0.1384361245186275,0.03543890751792457,0.0,61.0,23069496.702584084,23058518.878038146,20085154.05161697,24796763.058066998,0.5245901639344263,1.0,-0.13976867033492257,-0.06352700075748977,0.0,1.0,0.0
0.26,0.16,0.0,0.26,0.32,"(0.26, 0.16, 0.0, 0.26, 0.32)",0.18,0.05396406999209269,0.046924066741677505,1.15002969135585,0.0601580065221875,27289810.03745853,-0.10656763322351348,-0.1347892815607689,0.03454834705863788,0.0,61.0,23052271.279339045,23068160.64425726,20120837.69253022,24764460.476017788,0.5245901639344263,1.0,-0.13610358358325478,-0.06144584169954413,0.0,1.0,0.0
0.24,0.16,0.0,0.28,0.32,"(0.24, 0.16, 0.0, 0.28, 0.32)",0.22000000000000003,0.05389057112698281,0.04720627338118621,1.1415976578329226,0.0601580065221875,27269162.74760506,-0.10762158124727672,-0.1364934549913928,0.034907202860960905,0.0,61.0,23033806.38627184,23093988.565941136,20141130.374666795,24753441.37449777,0.5245901639344263,1.0,-0.13780327567736164,-0.06157819007973456,0.0,1.0,0.0
0.34,0.1,0.06,0.26,0.24,"(0.34, 0.1, 0.06, 0.26, 0.24)",0.12000000000000004,0.05388918616883709,0.04511038751376437,1.1946070326350904,0.0601580065221875,27193123.109454863,-0.1015510307877836,-0.13454501878533948,0.03327842148093036,0.0,61.0,22937936.093052372,23173924.751881696,20471127.094373044,24679862.96798054,0.5245901639344263,1.0,-0.13515288353205948,-0.06850955178191864,0.0,1.0,0.0
0.3,0.16,0.0,0.24,0.3,"(0.3, 0.16, 0.0, 0.24, 0.3)",0.12000000000000001,0.05388914910266451,0.0458694537682398,1.1748373846993045,0.0601580065221875,27273975.396437727,-0.10277980011367527,-0.12945779552648753,0.03329893079702817,0.0,61.0,23053221.8433104,23051652.46854899,20135987.245516375,24742770.83106115,0.5245901639344263,1.0,-0.13075662235750776,-0.05928678943682876,0.0,1.0,0.0
0.32,0.14,0.0,0.18,0.36,"(0.32, 0.14, 0.0, 0.18, 0.36)",0.24000000000000005,0.053840560992490794,0.04538472294026428,1.18631463418552,0.0601580065221875,27258141.980767265,-0.10016844816586623,-0.12555160105877927,0.03300957278076952,0.0,61.0,23157837.12921295,23047748.225800384,20200033.707283095,24815501.78804603,0.5245901639344263,1.0,-0.12663274702205302,-0.06649353287977933,0.0,1.0,0.0
0.28,0.16,0.0,0.26,0.3,"(0.28, 0.16, 0.0, 0.26, 0.3)",0.13999999999999996,0.053816855120639495,0.046132914422685384,1.1665609206379473,0.0601580065221875,27253634.951749064,-0.10383708031946415,-0.13114673624838724,0.03365778659935119,0.0,61.0,23034886.515202615,23077598.001911845,20156420.034623068,24731951.116863724,0.5245901639344263,1.0,-0.13244209198606677,-0.05937333475828647,0.0,1.0,0.0
0.32,0.1,0.06,0.28,0.24,"(0.32, 0.1, 0.06, 0.28, 0.24)",0.12000000000000004,0.053812674616215306,0.04546854831107125,1.183514244793083,0.0601580065221875,27171890.284221727,-0.10226738118758216,-0.13586747081995135,0.03352480627017939,0.0,61.0,22920509.10995127,23160202.17893922,20397935.774731517,24692408.26966046,0.5245901639344263,1.0,-0.13646444985204895,-0.06842145846524751,0.0,1.0,0.0
0.3,0.14,0.0,0.2,0.36,"(0.3, 0.14, 0.0, 0.2, 0.36)",0.2,0.053773494622968876,0.04554083138045372,1.1807754270829725,0.0601580065221875,27239104.815605603,-0.10064906179102961,-0.12650135057696846,0.03325595757001855,0.0,61.0,23139874.193039425,23040613.88316284,20221093.007122822,24805450.683360055,0.5245901639344263,1.0,-0.12757155526087535,-0.06661791863406347,0.0,1.0,0.0
0.26,0.16,0.0,0.28,0.3,"(0.26, 0.16, 0.0, 0.28, 0.3)",0.18,0.05374332861590636,0.04642055344827984,1.1577485536829133,0.0601580065221875,27233005.719810266,-0.1048944159869103,-0.13284331774169744,0.03401664240167421,0.0,61.0,23016470.83401401,23103418.84213206,20176739.839955576,24720941.23841522,0.5245901639344263,1.0,-0.13413480327278085,-0.05950973279672964,0.0,1.0,0.0
0.32,0.16,0.0,0.24,0.28,"(0.32, 0.16, 0.0, 0.24, 0.28)",0.15999999999999998,0.053740584781541534,0.04508817899670285,1.1918996503600512,0.0601580065221875,27237485.495942112,-0.1000414380431629,-0.12582716253788664,0.032408370337741486,0.0,61.0,23035629.013813674,23060892.599343665,20171440.557613373,24710046.7235559,0.5245901639344263,1.0,-0.12710572803057524,-0.05749350185258728,0.0,1.0,0.0
0.3,0.1,0.06,0.3,0.24,"(0.3, 0.1, 0.06, 0.3, 0.24)",0.11999999999999998,0.05373493287406417,0.045849903975582335,1.1719748181518779,0.0601580065221875,27150370.791484866,-0.10336841685484888,-0.13770798908702636,0.033771191059428426,0.0,61.0,22903000.573655922,23146304.541663624,20324891.68010801,24704779.021082666,0.5245901639344263,1.0,-0.1382918325387163,-0.06833342835905444,0.0,1.0,0.0
0.28,0.14,0.0,0.22,0.36,"(0.28, 0.14, 0.0, 0.22, 0.36)",0.19999999999999996,0.05370519499555382,0.04572247318836716,1.1745907701514633,0.0601580065221875,27219777.145446263,-0.1011303637002301,-0.12745558368945908,0.03350234235926758,0.0,61.0,23121829.94413019,23048940.339881454,20242040.122154653,24795208.211503685,0.5245901639344263,1.0,-0.12851462587755938,-0.06674107109823409,0.0,1.0,0.0
0.34,0.14,0.0,0.18,0.34,"(0.34, 0.14, 0.0, 0.18, 0.34)",0.2400000000000001,0.05369548422327597,0.044521091495562784,1.2060684592296564,0.0601580065221875,27222532.599543862,-0.09785187873378087,-0.12247285376065659,0.03240173344079479,0.0,61.0,23140462.636478454,23044022.660711598,20235997.157190815,24783225.616647426,0.5245901639344263,1.0,-0.12354250404354723,-0.06439711537683941,0.0,1.0,0.0
0.24,0.16,0.0,0.3,0.3,"(0.24, 0.16, 0.0, 0.3, 0.3)",0.21999999999999997,0.053668569998858606,0.04673192438727583,1.148434837694625,0.0601580065221875,27212088.39215988,-0.10595180476232369,-0.13454754377329453,0.03437549820399723,0.0,61.0,22997974.980476625,23129114.520004116,20196946.293395367,24709741.466748837,0.5245901639344263,1.0,-0.13583475734374859,-0.059644900292762454,0.0,1.0,0.0
0.3,0.16,0.0,0.26,0.28,"(0.3, 0.16, 0.0, 0.26, 0.28)",0.13999999999999996,0.05366826316287998,0.04535681505269906,1.1832458496154115,0.0601580065221875,27217162.957423873,-0.10110211195581553,-0.12750851578157624,0.032767226140064505,0.0,61.0,23017342.982052375,23086830.90457789,20191900.56482386,24699236.106345844,0.5245901639344263,1.0,-0.12878421956192,-0.05743427571035218,0.0,1.0,0.0
0.32,0.14,0.0,0.2,0.34,"(0.32, 0.14, 0.0, 0.2, 0.34)",0.20000000000000007,0.05362838887952637,0.04468086410049103,1.2002540675782725,0.0601580065221875,27203510.84802988,-0.09833418615893008,-0.12341536311706508,0.03264811823004383,0.0,61.0,23122548.667972438,23032266.98059751,20257085.048987504,24773182.25729114,0.5245901639344263,1.0,-0.12447453126319498,-0.06452554076173757,0.0,1.0,0.0
0.28,0.16,0.0,0.28,0.28,"(0.28, 0.16, 0.0, 0.28, 0.28)",0.17999999999999994,0.053594709277912544,0.045649977474150505,1.1740358318525081,0.0601580065221875,27196552.068220887,-0.10216283923004887,-0.12919751093031775,0.033126081942387524,0.0,61.0,22998976.602705747,23112644.44390674,20212247.39807292,24688235.598488104,0.5245901639344263,1.0,-0.130469955745185,-0.057449929247876425,0.0,1.0,0.0
0.34,0.16,0.0,0.24,0.26,"(0.34, 0.16, 0.0, 0.24, 0.26)",0.2,0.053590644803219734,0.04432265906419957,1.209102656174032,0.0601580065221875,27200700.055155847,-0.0974364709626866,-0.12237396305495439,0.03168936188696926,0.0,61.0,23017877.900584567,23069928.45312733,20206791.64254903,24677117.947292738,0.5245901639344263,1.0,-0.12362415893701154,-0.05570755166723517,0.0,1.0,0.0
0.24,0.14,0.0,0.26,0.36,"(0.24, 0.14, 0.0, 0.26, 0.36)",0.22000000000000003,0.05356489757088512,0.04616110888265173,1.1603901827197198,0.0601580065221875,27180252.90079683,-0.10209502799416215,-0.12937753022664455,0.03403645057766826,0.0,61.0,23085498.22016238,23087676.575781632,20283596.28687076,24774150.188539498,0.5245901639344263,1.0,-0.13041357770151293,-0.06698368125754574,0.0,1.0,0.0
0.36,0.14,0.0,0.18,0.32,"(0.36, 0.14, 0.0, 0.18, 0.32)",0.24000000000000005,0.053549029719593744,0.04367034720022869,1.226210304078217,0.0601580065221875,27186625.12000994,-0.09553310326841602,-0.11939960172496777,0.03179389410082007,0.0,61.0,23122928.57039613,23044530.287990615,20271859.233032025,24750742.603887644,0.5245901639344263,1.0,-0.12045717746020336,-0.062428173286203294,0.0,1.0,0.0
0.26,0.16,0.0,0.3,0.28,"(0.26, 0.16, 0.0, 0.3, 0.28)",0.21999999999999992,0.05351992353701007,0.04596719700216467,1.1643068759334996,0.0601580065221875,27175653.519164007,-0.10322361751266362,-0.13089415181569383,0.03348493774471055,0.0,61.0,22980530.055802036,23144697.42678247,20232480.68881254,24677045.47074339,0.5245901639344263,1.0,-0.13216293776377477,-0.05758913140013814,0.0,1.0,0.0
0.32,0.16,0.0,0.26,0.26,"(0.32, 0.16, 0.0, 0.26, 0.26)",0.18,0.053518295805094374,0.04459655452340698,1.2000544969680274,0.0601580065221875,27180395.703316934,-0.09836272723089867,-0.12387464728214323,0.031935746676218305,0.0,61.0,22999641.253076237,23095859.30988198,20227278.771577913,24666316.572370604,0.5245901639344263,1.0,-0.12512999027596725,-0.0556523228486648,0.0,1.0,0.0
0.3,0.16,0.0,0.28,0.26,"(0.3, 0.16, 0.0, 0.28, 0.26)",0.18,0.05344471479731472,0.04489532525081892,1.1904293932326473,0.0601580065221875,27159803.44014752,-0.09942685007225438,-0.12555606173305234,0.03223552148310084,0.0,61.0,22981324.263869066,23121922.974499177,20247652.536959045,24655325.581631247,0.5245901639344263,1.0,-0.12680875709890368,-0.05559715812615222,0.0,1.0,0.0
0.36,0.16,0.0,0.24,0.24,"(0.36, 0.16, 0.0, 0.24, 0.24)",0.24,0.053439330851650535,0.04357372433983988,1.2264118264224304,0.0601580065221875,27163620.730418462,-0.09512542148210335,-0.11929878960069021,0.03108152254699454,0.0,61.0,22999969.07976719,23078759.99155312,20242039.99080213,24643985.633286335,0.5245901639344263,1.0,-0.12053265377243567,-0.053928955757706946,0.0,1.0,0.0
0.26,0.14,0.0,0.26,0.34,"(0.26, 0.14, 0.0, 0.26, 0.34)",0.18000000000000005,0.05341970643051841,0.04531482775290425,1.178857099971978,0.0601580065221875,27144707.746140648,-0.09978523216720148,-0.12626980820801584,0.03338727259779094,0.0,61.0,23068319.63842889,23107042.83691551,20319672.95434125,24741906.624414116,0.5245901639344263,1.0,-0.12729620713890177,-0.06490344037511055,0.0,1.0,0.0
0.28,0.16,0.0,0.3,0.26,"(0.28, 0.16, 0.0, 0.3, 0.26)",0.21999999999999992,0.05336990219022941,0.04521847817622896,1.1802675442157096,0.0601580065221875,27138923.955761813,-0.10049102182138203,-0.12724512310344954,0.03259437728542386,0.0,61.0,22962927.11228768,23162794.490334142,20267912.569716133,24644145.24556002,0.5245901639344263,1.0,-0.12849477280178626,-0.05554205555679815,0.0,1.0,0.0
0.34,0.16,0.0,0.26,0.24,"(0.34, 0.16, 0.0, 0.26, 0.24)",0.22000000000000003,0.05336695472927433,0.043852956616791554,1.2169522615229964,0.0601580065221875,27143334.84425628,-0.09561892524852711,-0.12024515779333644,0.03132790733624358,0.0,61.0,22981781.90275588,23104683.179498624,20262554.144857716,24633193.64496869,0.5245901639344263,1.0,-0.1214794280397296,-0.0538777086998663,0.0,1.0,0.0
0.24,0.14,0.0,0.28,0.34,"(0.24, 0.14, 0.0, 0.28, 0.34)",0.22000000000000008,0.053347681483645326,0.04557650254028196,1.170508453045403,0.0601580065221875,27124529.625981998,-0.10028735979248227,-0.12725195250278754,0.033633657387039974,0.0,61.0,23050081.51327089,23122423.995417334,20340309.0765747,24731100.42311674,0.5245901639344263,1.0,-0.12827426602693542,-0.06502695221561007,0.0,1.0,0.0
0.3,0.14,0.0,0.24,0.32,"(0.3, 0.14, 0.0, 0.24, 0.32)",0.12000000000000004,0.0533439596902785,0.04424000015386612,1.2057857030910697,0.0601580065221875,27128738.6306878,-0.09698717190950856,-0.12221888722500185,0.03253304846856717,0.0,61.0,23069090.115215346,23094366.601573218,20334870.30999562,24720063.968508597,0.5245901639344263,1.0,-0.12324573783321761,-0.06270304026525095,0.0,1.0,0.0
0.32,0.16,0.0,0.28,0.24,"(0.32, 0.16, 0.0, 0.28, 0.24)",0.22000000000000003,0.05329334685414722,0.04415741319873388,1.2068946750638756,0.0601580065221875,27122761.48889028,-0.09668644761456602,-0.12191899724701667,0.031574292125492606,0.0,61.0,22963514.390324328,23139813.599625517,20282954.746082295,24622212.316884525,0.5245901639344263,1.0,-0.12315123128454801,-0.0538265248834795,0.0,1.0,0.0
0.28,0.14,0.0,0.26,0.32,"(0.28, 0.14, 0.0, 0.26, 0.32)",0.14,0.053273138585635094,0.044481865746787884,1.1976372324149205,0.0601580065221875,27108865.586369455,-0.09747323404528585,-0.12316762667269777,0.032779433257816216,0.0,61.0,23050981.838724907,23120481.272317674,20355647.85894776,24709456.79105049,0.5245901639344263,1.0,-0.1241837961356079,-0.06283180970727363,0.0,1.0,0.0
0.3,0.16,0.0,0.3,0.24,"(0.3, 0.16, 0.0, 0.3, 0.24)",0.21999999999999997,0.053218507636597634,0.044486576199488544,1.1962823886008445,0.0601580065221875,27101901.3537098,-0.09775401678674966,-0.1236004847875223,0.03182067691474164,0.0,61.0,22945166.7210941,23180698.743589535,20303241.425073005,24611041.919241074,0.5245901639344263,1.0,-0.12483028644743292,-0.05377540233024479,0.0,1.0,0.0
0.26,0.14,0.0,0.28,0.32,"(0.26, 0.14, 0.0, 0.28, 0.32)",0.18000000000000005,0.05320108593973938,0.044749057333044635,1.1888761263458705,0.0601580065221875,27088704.872740507,-0.09795998065010147,-0.12412086728446392,0.033025818047065246,0.0,61.0,23032792.795584295,23141588.30090326,20376311.70883848,24698659.564364556,0.5245901639344263,1.0,-0.12512613333946404,-0.06295935553374866,0.0,1.0,0.0
0.32,0.14,0.0,0.24,0.3,"(0.32, 0.14, 0.0, 0.24, 0.3)",0.12000000000000004,0.05319604451924942,0.04341589250887944,1.225266634985558,0.0601580065221875,27092583.839579087,-0.09467127890621063,-0.11912948936566296,0.03192520912859245,0.0,61.0,23051544.503074273,23103647.3331326,20370715.11100422,24687400.13992904,0.5245901639344263,1.0,-0.12014506402515661,-0.06063602569849603,0.0,1.0,0.0
0.24,0.14,0.0,0.3,0.32,"(0.24, 0.14, 0.0, 0.3, 0.32)",0.22000000000000003,0.05312780215965174,0.045041124200630674,1.179539878334294,0.0601580065221875,27068257.166163873,-0.09860811353371968,-0.1252827913472077,0.033272202836314275,0.0,61.0,23014523.16424031,23133803.677870326,20396861.485904373,24687672.55470204,0.5245901639344263,1.0,-0.1262855789048119,-0.06308567898864341,0.0,1.0,0.0
0.3,0.14,0.0,0.26,0.3,"(0.3, 0.14, 0.0, 0.26, 0.3)",0.10000000000000002,0.05312519571698582,0.04366298514068488,1.2167101160356557,0.0601580065221875,27072728.04788629,-0.09515903591285424,-0.120071004313138,0.03217159391784149,0.0,61.0,23033485.39090361,23129754.86944621,20391520.4828969,24676801.809358295,0.5245901639344263,1.0,-0.12107636122463726,-0.060768808631659794,0.0,1.0,0.0
0.28,0.14,0.0,0.28,0.3,"(0.28, 0.14, 0.0, 0.28, 0.3)",0.14,0.05305311562821147,0.04393581461209558,1.2075140997523666,0.0601580065221875,27052585.01966407,-0.09564747712470867,-0.12101701820366063,0.03241797870709052,0.0,61.0,23015345.517937813,23136235.546513032,20412211.96396842,24666013.70244477,0.5245901639344263,1.0,-0.12201193686791696,-0.06090037082766866,0.0,1.0,0.0
0.26,0.14,0.0,0.3,0.3,"(0.26, 0.14, 0.0, 0.3, 0.3)",0.18,0.05297980465996366,0.044233904700363744,1.1977193742863943,0.0601580065221875,27032155.430591043,-0.09613660144465686,-0.12196753840933285,0.032664363496339555,0.0,61.0,22997125.06192028,23149898.856709693,20432789.180016104,24655036.085173436,0.5245901639344263,1.0,-0.12295179679487232,-0.06103071348320113,0.0,1.0,0.0
0.32,0.14,0.0,0.26,0.28,"(0.32, 0.14, 0.0, 0.26, 0.28)",0.14,0.05297587950104643,0.04285899307632651,1.236050492523308,0.0601580065221875,27036296.76317705,-0.09284264005546317,-0.11697995972552813,0.03156375457786677,0.0,61.0,23015830.866126865,23138424.987936158,20427290.30991225,24643942.802413765,0.5245901639344263,1.0,-0.1179739188667333,-0.05871445613029744,0.0,1.0,0.0
0.3,0.14,0.0,0.28,0.28,"(0.3, 0.14, 0.0, 0.28, 0.28)",0.14,0.05290377222358389,0.04313757763367426,1.226396453524685,0.0601580065221875,27016171.697753627,-0.0933327768047002,-0.11791875827576427,0.0318101393671158,0.0,61.0,22997740.249834746,23127014.42644042,20448009.325174723,24633163.959456157,0.5245901639344263,1.0,-0.11890274380507133,-0.0588500170145399,0.0,1.0,0.0
0.26,0.12,0.0,0.26,0.36,"(0.26, 0.12, 0.0, 0.26, 0.36)",0.18,0.05286046075066553,0.0439791428746052,1.2019438601016632,0.0601580065221875,26996653.128229745,-0.09471449112167418,-0.11990256855909982,0.033015280499439394,0.0,61.0,23082832.133902688,23034160.17139695,20518971.26944418,24717154.818325993,0.5245901639344263,1.0,-0.12068980969468959,-0.06832669086937586,0.0,1.0,0.0
0.28,0.14,0.0,0.3,0.28,"(0.28, 0.14, 0.0, 0.3, 0.28)",0.17999999999999994,0.05283043432162282,0.04344181057305982,1.2161195315000362,0.0601580065221875,26995760.50635109,-0.09382359639910975,-0.11886206097279717,0.032056524156364834,0.0,61.0,22979569.056036346,23168023.4248246,20468613.883717433,24622195.879984066,0.5245901639344263,1.0,-0.11983585262378513,-0.0589843611767261,0.0,1.0,0.0
0.24,0.12,0.0,0.28,0.36,"(0.24, 0.12, 0.0, 0.28, 0.36)",0.22000000000000003,0.052789907189841445,0.04421729005808641,1.193874774335866,0.0601580065221875,26976941.953171067,-0.09520313332635366,-0.12085117852190862,0.03326166528868843,0.0,61.0,23064821.852764033,23075343.668739334,20539953.78305747,24706561.769286796,0.5245901639344263,1.0,-0.12162649237018223,-0.06844147885553953,0.0,1.0,0.0
0.3,0.12,0.0,0.24,0.34,"(0.3, 0.12, 0.0, 0.24, 0.34)",0.12000000000000004,0.052783891989844456,0.04288955883712307,1.2306932834235018,0.0601580065221875,26980554.33305795,-0.09190360397537711,-0.11586059551178664,0.032161056370215636,0.0,61.0,23083422.733105782,23029712.924363304,20534215.12227883,24695161.726561,0.5245901639344263,1.0,-0.11665275361985672,-0.06613607255629243,0.0,1.0,0.0
0.36,0.12,0.0,0.2,0.32,"(0.36, 0.12, 0.0, 0.2, 0.32)",0.2,0.052771691814974764,0.04166266567031811,1.2666422315020305,0.0601580065221875,26982658.973797474,-0.0885978040662101,-0.11092260459816021,0.031060447451742846,0.0,61.0,23101343.694956116,23046208.985034596,20527803.388165634,24682762.66502592,0.5245901639344263,1.0,-0.11172823186035558,-0.06381838365001542,0.0,1.0,0.0
0.28,0.12,0.0,0.26,0.34,"(0.28, 0.12, 0.0, 0.26, 0.34)",0.14,0.05271454122162589,0.04310676033421312,1.222883390283153,0.0601580065221875,26961146.427818805,-0.09239326226172107,-0.11679742465670717,0.03240744115946467,0.0,61.0,23065542.572531298,23052664.06867344,20555340.38372954,24684767.319519352,0.5245901639344263,1.0,-0.11757835594224826,-0.06625609429122942,0.0,1.0,0.0
0.3,0.14,0.0,0.3,0.26,"(0.3, 0.14, 0.0, 0.3, 0.26)",0.18,0.052679692812974466,0.04266568424074423,1.2347087302227584,0.0601580065221875,26959074.028927717,-0.09150839777105635,-0.11576220265119254,0.03144868481639011,0.0,61.0,22961855.715736095,23185955.555985898,20504335.081237346,24589153.062375933,0.5245901639344263,1.0,-0.11672493916780916,-0.05694664052977206,0.0,1.0,0.0
0.26,0.12,0.0,0.28,0.34,"(0.26, 0.12, 0.0, 0.28, 0.34)",0.18000000000000005,0.052643959903231785,0.0433503667915187,1.2143832636159224,0.0601580065221875,26941452.016189225,-0.09288360605830426,-0.11773877977895157,0.03265382594871371,0.0,61.0,23047581.241540752,23093862.696621604,20576351.23644416,24674182.99702583,0.5245901639344263,1.0,-0.1185082588537499,-0.0663749003395312,0.0,1.0,0.0
0.32,0.12,0.0,0.24,0.32,"(0.32, 0.12, 0.0, 0.24, 0.32)",0.12000000000000004,0.052636627258016544,0.04202500896440134,1.2525072226065228,0.0601580065221875,26944737.20777489,-0.08957846610639275,-0.11276824007358878,0.031553217030240915,0.0,61.0,23065925.62535435,23040588.498093367,20570453.05827018,24662560.99985731,0.5245901639344263,1.0,-0.11355302389928554,-0.06407006566388863,0.0,1.0,0.0
0.34,0.14,0.0,0.28,0.24,"(0.34, 0.14, 0.0, 0.28, 0.24)",0.22000000000000008,0.05260097281195586,0.04158956090377179,1.2647638414279443,0.0601580065221875,26942471.201281205,-0.0886967949179226,-0.11173907995273959,0.030594460687166355,0.0,61.0,22962058.026739817,23162658.731297165,20519293.306309156,24566857.329257905,0.5245901639344263,1.0,-0.11269943350979313,-0.05497832373827882,0.0,1.0,0.0
0.24,0.12,0.0,0.3,0.34,"(0.24, 0.12, 0.0, 0.3, 0.34)",0.22000000000000003,0.052572148438395194,0.043619935815940765,1.2052321365219174,0.0601580065221875,26921471.759414263,-0.0933746342642019,-0.11868466845115398,0.032900210737962746,0.0,61.0,23029538.91627617,23128655.30981723,20597247.30097819,24663409.02054552,0.5245901639344263,1.0,-0.1194424683796333,-0.06649249200834624,0.0,1.0,0.0
0.3,0.12,0.0,0.26,0.32,"(0.3, 0.12, 0.0, 0.26, 0.32)",0.10000000000000002,0.05256724873205454,0.04224733944378237,1.2442735903406332,0.0601580065221875,26925345.90997081,-0.09006982718905632,-0.11369782796308854,0.03179960181948995,0.0,61.0,23048094.49506661,23070977.151769668,20591606.75447508,24652175.19002318,0.5245901639344263,1.0,-0.11447185774236358,-0.06419408507570541,0.0,1.0,0.0
0.36,0.12,0.0,0.22,0.3,"(0.36, 0.12, 0.0, 0.22, 0.3)",0.15999999999999998,0.05255616656943496,0.04097431531973556,1.282661251550454,0.0601580065221875,26927715.73738841,-0.08675874463654942,-0.10876359486040266,0.03069899290101715,0.0,61.0,23065971.170344852,23054163.524098884,20585291.383395977,24639944.065196577,0.5245901639344263,1.0,-0.10955047265225111,-0.061883471992487296,0.0,1.0,0.0
0.32,0.14,0.0,0.3,0.24,"(0.32, 0.14, 0.0, 0.3, 0.24)",0.22000000000000003,0.05252758179816186,0.04190641290586318,1.2534497265647058,0.0601580065221875,26922097.639697406,-0.08919100784292555,-0.1126679819331759,0.030840845476415385,0.0,61.0,22943985.6114522,23203694.985582743,20539952.25834444,24555908.7576771,0.5245901639344263,1.0,-0.11361907280423492,-0.05492324188179564,0.0,1.0,0.0
0.28,0.12,0.0,0.28,0.32,"(0.28, 0.12, 0.0, 0.28, 0.32)",0.14,0.05249663990900166,0.04249655264698531,1.235315258277209,0.0601580065221875,26905668.53472908,-0.09056187351545975,-0.11463193956970362,0.03204598660873899,0.0,61.0,23030182.200572975,23112190.562693946,20612645.84861716,24641599.73688039,0.5245901639344263,1.0,-0.11539499168492502,-0.06431689173229577,0.0,1.0,0.0
0.34,0.12,0.0,0.24,0.3,"(0.34, 0.12, 0.0, 0.24, 0.3)",0.12000000000000004,0.05248799098165291,0.041174089239636044,1.2747820765668714,0.0601580065221875,26908627.61238659,-0.08725112337421215,-0.10968143916692419,0.030945377690266195,0.0,61.0,23048270.486300994,23051257.00461564,20606587.828415595,24629756.62002539,0.5245901639344263,1.0,-0.11045825543012076,-0.062012682602695296,0.0,1.0,0.0
0.26,0.12,0.0,0.3,0.32,"(0.26, 0.12, 0.0, 0.3, 0.32)",0.18,0.052424801192570536,0.04277217867793839,1.2256752593154885,0.0601580065221875,26885705.742633883,-0.0910546039851341,-0.1155705825232435,0.032292371397988025,0.0,61.0,23012188.917312622,23147641.828359302,20633569.960802976,24630834.90163449,0.5245901639344263,1.0,-0.1163224318058588,-0.06443848689354832,0.0,1.0,0.0
0.32,0.12,0.0,0.26,0.3,"(0.32, 0.12, 0.0, 0.26, 0.3)",0.10000000000000002,0.05241858494866247,0.04140168738935138,1.266097791032176,0.0601580065221875,26889253.19075263,-0.08774418818798257,-0.11060379717353193,0.03119176247951523,0.0,61.0,23030488.47060202,23089099.148382902,20627769.860677324,24619379.548014116,0.5245901639344263,1.0,-0.11137033161920723,-0.06214068218611181,0.0,1.0,0.0
0.3,0.12,0.0,0.28,0.3,"(0.3, 0.12, 0.0, 0.28, 0.3)",0.10000000000000002,0.052347948871925176,0.04165665370426806,1.2566527605303472,0.0601580065221875,26869593.123411026,-0.08823793797944302,-0.11153067663276278,0.03143814726876427,0.0,61.0,23012625.29730304,23130326.994238168,20648837.09805155,24608813.106064435,0.5245901639344263,1.0,-0.11228670741905458,-0.06226747193255524,0.0,1.0,0.0
0.34,0.1,0.0,0.2,0.36,"(0.34, 0.1, 0.0, 0.2, 0.36)",0.2,0.05234105767078434,0.041549597973409666,1.2597247680779209,0.0601580065221875,26866513.245721858,-0.08581678325360009,-0.10763136357474969,0.03167034052879268,0.0,61.0,23131272.859223135,23082059.873152833,20690704.683040965,24687866.229104478,0.5245901639344263,1.0,-0.10823128841520784,-0.06930786845409725,0.0,1.0,0.0
0.36,0.12,0.0,0.24,0.28,"(0.36, 0.12, 0.0, 0.24, 0.28)",0.15999999999999998,0.05233798482518481,0.04033766225265838,1.2974967289220034,0.0601580065221875,26872227.170382652,-0.08492157806693656,-0.10660021134785107,0.030337538350291474,0.0,61.0,23030457.887976978,23065703.58399231,20642618.913760968,24596749.70832328,0.5245901639344263,1.0,-0.10736846463343522,-0.059963942007631686,0.0,1.0,0.0
0.28,0.12,0.0,0.3,0.3,"(0.28, 0.12, 0.0, 0.3, 0.3)",0.13999999999999996,0.052276083155133435,0.04193848903058753,1.246494195749548,0.0601580065221875,26849648.07027679,-0.08873237164858172,-0.11246208523148567,0.0316845320580133,0.0,61.0,22994681.141140852,23166433.69470366,20669789.160197746,24598057.555119596,0.5245901639344263,1.0,-0.11320738896207905,-0.06239305305487642,0.0,1.0,0.0
0.32,0.1,0.0,0.22,0.36,"(0.32, 0.1, 0.0, 0.22, 0.36)",0.16000000000000003,0.05227563495669507,0.041683346953285134,1.2541131837441173,0.0601580065221875,26848140.572581667,-0.0863086782023943,-0.1085470225785089,0.03186506111277902,0.0,61.0,23113785.489983127,23079503.484271325,20712409.65369231,24678065.05330941,0.5245901639344263,1.0,-0.10913566504650107,-0.0694216756430765,0.0,1.0,0.0
0.34,0.12,0.0,0.26,0.28,"(0.34, 0.12, 0.0, 0.26, 0.28)",0.14,0.05226855153395049,0.04057066516996625,1.2883336103802405,0.0601580065221875,26852869.89221923,-0.08541634754392324,-0.10751535088719137,0.030583923139540507,0.0,61.0,23012725.069521185,23107029.789881095,20663829.182859495,24586381.513794944,0.5245901639344263,1.0,-0.10827379402489877,-0.06009590419372834,0.0,1.0,0.0
0.32,0.12,0.0,0.28,0.28,"(0.32, 0.12, 0.0, 0.28, 0.28)",0.14,0.05219788845257578,0.04083152867377308,1.2783721341812888,0.0601580065221875,26833227.40283949,-0.08591180173299828,-0.10843500961038367,0.030830307928789543,0.0,61.0,22994911.10046839,23148271.722213738,20684924.46475046,24575824.22391888,0.5245901639344263,1.0,-0.10918342253928093,-0.0602266594481017,0.0,1.0,0.0
0.36,0.1,0.0,0.2,0.34,"(0.36, 0.1, 0.0, 0.2, 0.34)",0.2,0.05219450104453505,0.04064068971793661,1.2842917137181167,0.0601580065221875,26831005.555411506,-0.0834789595050015,-0.10455065151747357,0.031079968697236462,0.0,61.0,23113727.77885226,23093023.43173221,20727278.678058777,24655315.528606005,0.5245901639344263,1.0,-0.10514614449417839,-0.06723507270073519,0.0,1.0,0.0
0.28,0.1,0.0,0.26,0.36,"(0.28, 0.1, 0.0, 0.26, 0.36)",0.13999999999999996,0.05214109889356311,0.04203468819580918,1.240430252525616,0.0601580065221875,26810536.160857,-0.08729453324173786,-0.11039195177212978,0.03225450228075172,0.0,61.0,23078565.19422286,23067456.33989051,20755476.195362616,24657892.1577323,0.5245901639344263,1.0,-0.11095735166798139,-0.06964565952991694,0.0,1.0,0.0
0.34,0.1,0.0,0.22,0.34,"(0.34, 0.1, 0.0, 0.22, 0.34)",0.1600000000000001,0.052129050010522704,0.04077812850754044,1.2783580786666884,0.0601580065221875,26812648.000986226,-0.08397256573427403,-0.10545905749659405,0.0312746892812228,0.0,61.0,23096289.288632836,23054763.135758463,20749013.090638246,24645522.157327037,0.5245901639344263,1.0,-0.10604374669694135,-0.06735285539451552,0.0,1.0,0.0
0.3,0.12,0.0,0.3,0.28,"(0.3, 0.12, 0.0, 0.3, 0.28)",0.13999999999999996,0.05212599598473355,0.04111972252484763,1.2676640984927636,0.0601580065221875,26813300.361481205,-0.08640793953460912,-0.10935919526124352,0.031076692718038573,0.0,61.0,22977016.15485323,23185030.610824037,20705904.378647752,24565078.099373166,0.5245901639344263,1.0,-0.11009735636243452,-0.0603562089367929,0.0,1.0,0.0
0.36,0.12,0.0,0.26,0.26,"(0.36, 0.12, 0.0, 0.26, 0.26)",0.18,0.05211715014623497,0.03975519024004256,1.3109521003811244,0.0601580065221875,26816197.642323714,-0.08308630754341728,-0.10443250760700512,0.02997608379956578,0.0,61.0,22994804.863481812,23124768.811307296,20699784.203081734,24553182.209754106,0.5245901639344263,1.0,-0.10518226133943742,-0.05805976927925025,0.0,1.0,0.0
0.26,0.1,0.0,0.28,0.36,"(0.26, 0.1, 0.0, 0.28, 0.36)",0.18,0.05207198633865562,0.04225158326896022,1.2324268656912054,0.0601580065221875,26791305.687628243,-0.08778849112853793,-0.11132123782006775,0.03244922286473807,0.0,61.0,23060832.61328294,23083098.948264003,20776836.99070866,24647520.93913514,0.5245901639344263,1.0,-0.11187467438742,-0.06975583889937835,0.0,1.0,0.0
0.32,0.1,0.0,0.24,0.34,"(0.32, 0.1, 0.0, 0.24, 0.34)",0.12000000000000006,0.05206236888434668,0.04094421636305954,1.271543908001573,0.0601580065221875,26794004.308339037,-0.08446686044103813,-0.10637199547049755,0.03146940986520916,0.0,61.0,23078768.89647453,23070696.300058365,20770632.972286467,24635538.79373144,0.5245901639344263,1.0,-0.10694565725824506,-0.06746943056149471,0.0,1.0,0.0
0.34,0.12,0.0,0.28,0.26,"(0.34, 0.12, 0.0, 0.28, 0.26)",0.18000000000000005,0.05204646030735338,0.040022091335630165,1.3004432944516913,0.0601580065221875,26796572.999513425,-0.08358346705998676,-0.1053449570484,0.03022246858881482,0.0,61.0,22977040.180085145,23166024.481262367,20720907.43025518,24542634.21187101,0.5245901639344263,1.0,-0.10608515345647435,-0.05819447239724526,0.0,1.0,0.0
0.24,0.1,0.0,0.3,0.36,"(0.24, 0.1, 0.0, 0.3, 0.36)",0.21999999999999997,0.05200164463466228,0.04249541799922112,1.2237000383339067,0.0601580065221875,26771790.5614098,-0.08828313445493596,-0.11225508196512962,0.03264394344872441,0.0,61.0,23043018.641832396,23098592.32570313,20798082.288251273,24636960.214216318,0.5245901639344263,1.0,-0.1127963250874672,-0.06986481170496635,0.0,1.0,0.0
0.3,0.1,0.0,0.26,0.34,"(0.3, 0.1, 0.0, 0.26, 0.34)",0.10000000000000005,0.051994458061939586,0.041138606293507955,1.2638847726386098,0.0601580065221875,26775075.105023194,-0.08496184252468708,-0.10728947345777601,0.031664130449195506,0.0,61.0,23061166.77411895,23084823.095650405,20792137.933814272,24625365.68613993,0.5245901639344263,1.0,-0.10785188262946531,-0.06758479947879703,0.0,1.0,0.0
0.36,0.1,0.0,0.22,0.32,"(0.36, 0.1, 0.0, 0.22, 0.32)",0.16000000000000003,0.05198109532999129,0.039885175704358455,1.3032685555979902,0.0601580065221875,26776864.280577652,-0.08163424124910235,-0.10237662349049333,0.030684317449666584,0.0,61.0,23078635.116668753,23073608.18929223,20785513.001717903,24612776.000639517,0.5245901639344263,1.0,-0.10295675818905255,-0.06529263359125538,0.0,1.0,0.0
0.32,0.12,0.0,0.3,0.26,"(0.32, 0.12, 0.0, 0.3, 0.26)",0.18,0.05197454133585744,0.04031678836307201,1.2891538102638973,0.0601580065221875,26776664.241276044,-0.08408130992439922,-0.10626193120125267,0.03046885337806385,0.0,61.0,22959194.526825614,23203432.282577857,20741915.09717813,24531897.654854868,0.5245901639344263,1.0,-0.10699235044864235,-0.05832797259537731,0.0,1.0,0.0
0.28,0.1,0.0,0.28,0.34,"(0.28, 0.1, 0.0, 0.28, 0.34)",0.14,0.05192531794146604,0.041360899254478736,1.2554204303438432,0.0601580065221875,26755861.02760972,-0.08545751088300835,-0.10821149941203453,0.031858851033181854,0.0,61.0,23043483.09399543,23102116.111843884,20813527.587812107,24615003.08692927,0.5245901639344263,1.0,-0.1087624291955065,-0.06769896344627709,0.0,1.0,0.0
0.34,0.1,0.0,0.24,0.32,"(0.34, 0.1, 0.0, 0.24, 0.32)",0.12000000000000006,0.05191438638260637,0.040055687640171714,1.2960553030312132,0.0601580065221875,26758236.393068943,-0.08213024790547174,-0.1032823173898237,0.030879038033652936,0.0,61.0,23061163.693599824,23089534.254605167,20807162.030927468,24602800.850473944,0.5245901639344263,1.0,-0.10385190448776509,-0.06541317001247324,0.0,1.0,0.0
0.36,0.12,0.0,0.28,0.24,"(0.36, 0.12, 0.0, 0.28, 0.24)",0.22000000000000003,0.051893666088509205,0.03922931277703474,1.3228288342305174,0.0601580065221875,26759631.545736022,-0.08125293624538332,-0.10226053739614806,0.029614629248840094,0.0,61.0,22959013.10743167,23183585.009712096,20756785.4776554,24509244.193393923,0.5245901639344263,1.0,-0.1029919165091647,-0.05617092851026584,0.0,1.0,0.0
0.26,0.1,0.0,0.3,0.34,"(0.26, 0.1, 0.0, 0.3, 0.34)",0.18,0.05185494892332021,0.04161064805654551,1.2461942157895143,0.0601580065221875,26736362.721650925,-0.08595386441219643,-0.10913808122141887,0.032053571617168194,0.0,61.0,23025718.02921994,23117602.12452687,20834801.548660293,24604451.25252221,0.5245901639344263,1.0,-0.10967730327438004,-0.0678119237864268,0.0,1.0,0.0
0.32,0.1,0.0,0.26,0.32,"(0.32, 0.1, 0.0, 0.26, 0.32)",0.10000000000000005,0.05184644799070659,0.04025508624840011,1.2879477557389947,0.0601580065221875,26739323.42337541,-0.08262694166952067,-0.10419254894197919,0.03107375861763928,0.0,61.0,23043610.547996093,23095532.923584823,20828695.946091406,24592636.229167536,0.5245901639344263,1.0,-0.10475136502243579,-0.06553250320143998,0.0,1.0,0.0
0.3,0.1,0.0,0.28,0.32,"(0.3, 0.1, 0.0, 0.28, 0.32)",0.10000000000000005,0.05177728055243791,0.04048294468766973,1.2789899784194356,0.0601580065221875,26720126.007436883,-0.0831243214395011,-0.10510732615758023,0.03126847920162563,0.0,61.0,23025975.851583403,23120939.461227983,20850114.35934028,24582282.388847295,0.5245901639344263,1.0,-0.10565514623143897,-0.06565063441095356,0.0,1.0,0.0
0.36,0.1,0.0,0.24,0.3,"(0.36, 0.1, 0.0, 0.24, 0.3)",0.12000000000000001,0.05176503604848004,0.03918040959598948,1.3211969089210014,0.0601580065221875,26722179.1960588,-0.07979142657893634,-0.10019820040260545,0.030288666202096713,0.0,61.0,23043401.172121193,23108178.381275162,20843586.939619016,24569860.89983632,0.5245901639344263,1.0,-0.10076310883694597,-0.06336550919630793,0.0,1.0,0.0
0.28,0.1,0.0,0.3,0.32,"(0.28, 0.1, 0.0, 0.3, 0.32)",0.13999999999999996,0.051706884468175174,0.040738785419835354,1.2692298981255232,0.0601580065221875,26700644.7901601,-0.0836223861120663,-0.10602665698192414,0.031463199785611976,0.0,61.0,23008259.7767759,23089227.299267862,20871416.884597655,24571739.585680366,0.5245901639344263,1.0,-0.10656325448634352,-0.06576756491650351,0.0,1.0,0.0
0.34,0.1,0.0,0.26,0.3,"(0.34, 0.1, 0.0, 0.26, 0.3)",0.10000000000000005,0.051697070332678896,0.03938497346705389,1.312608992257523,0.0601580065221875,26703282.72147984,-0.08028983296039727,-0.10110119692231839,0.030483386786083057,0.0,61.0,23025897.084125724,23108460.226205282,20865149.70798484,24559704.902151376,0.5245901639344263,1.0,-0.10165581536175249,-0.06348878925098375,0.0,1.0,0.0
0.32,0.1,0.0,0.28,0.3,"(0.32, 0.1, 0.0, 0.28, 0.3)",0.10000000000000005,0.05162787582247397,0.039618565838142626,1.3031232890507465,0.0601580065221875,26684102.23126361,-0.08078892507949609,-0.10200873679767963,0.030678107370069412,0.0,61.0,23008311.452679615,23102947.9154365,20886596.7805558,24549359.95927815,0.5245901639344263,1.0,-0.10255284204131655,-0.06361087028332758,0.0,1.0,0.0
0.36,0.08,0.0,0.2,0.36,"(0.36, 0.08, 0.0, 0.2, 0.36)",0.24,0.0516025105627298,0.039958971830542304,1.291387345539453,0.0601580065221875,26676530.602170825,-0.07834125666539427,-0.09814508228284638,0.031100829301154088,0.0,61.0,23124568.9222018,23135391.207250975,20927168.442163244,24625695.135709018,0.5245901639344263,1.0,-0.09855011122596843,-0.0706163415699477,0.0,1.0,0.0
0.36,0.1,0.0,0.26,0.28,"(0.36, 0.1, 0.0, 0.26, 0.28)",0.13999999999999996,0.05154632673652637,0.038529176297651034,1.3378517707804964,0.0601580065221875,26666954.610797416,-0.07795051868259639,-0.09801543600036018,0.02989301495452684,0.0,61.0,23008026.952051528,23116331.017677363,20901498.69682216,24526572.822514266,0.5245901639344263,1.0,-0.09856525009043804,-0.06145367579209308,0.0,1.0,0.0
0.34,0.08,0.0,0.22,0.36,"(0.34, 0.08, 0.0, 0.22, 0.36)",0.20000000000000004,0.05153852259984304,0.040064064897973345,1.2864027334992194,0.0601580065221875,26658630.060614295,-0.07883849880505478,-0.09904115055322399,0.03129554988514043,0.0,61.0,23107361.18975623,23080394.74909976,20949258.423426073,24616114.24092854,0.5245901639344263,1.0,-0.09943492171662487,-0.07072557234867538,0.0,1.0,0.0
0.32,0.1,0.0,0.3,0.28,"(0.32, 0.1, 0.0, 0.3, 0.28)",0.13999999999999996,0.05140665591832594,0.0390372286951874,1.3168623295398905,0.0601580065221875,26628345.068772577,-0.07895281385595865,-0.09982061305666136,0.03028245612249953,0.0,61.0,22972872.61365584,23097418.010328453,20944333.68354442,24505712.59237997,0.5245901639344263,1.0,-0.10035014222254687,-0.06170450764363404,0.0,1.0,0.0
0.34,0.08,0.0,0.24,0.34,"(0.34, 0.08, 0.0, 0.24, 0.34)",0.1600000000000001,0.0513259781004336,0.03927819266402259,1.3067296283071177,0.0601580065221875,26605020.761870407,-0.07699052938859152,-0.09684931106042118,0.03089989863757056,0.0,61.0,23072517.21127867,23048571.550902985,21008158.120239913,24573674.82805409,0.5245901639344263,1.0,-0.09723141534345038,-0.06877862208283568,0.0,1.0,0.0
0.34,0.1,0.0,0.3,0.26,"(0.34, 0.1, 0.0, 0.3, 0.26)",0.18,0.05125449510925728,0.038209412519949075,1.341410184794058,0.0601580065221875,26591766.501899276,-0.07661472446094775,-0.09672603065028601,0.02969208429094331,0.0,61.0,22954944.83679935,23031658.978495527,20980634.100655474,24472399.499015164,0.5245901639344263,1.0,-0.0972511116849242,-0.05968584493695158,0.0,1.0,0.0
0.28,0.08,0.0,0.3,0.34,"(0.28, 0.08, 0.0, 0.3, 0.34)",0.18,0.05112287431366003,0.039870117027789746,1.2822353713691643,0.0601580065221875,26548809.625484787,-0.0789728467221057,-0.10021675688569372,0.0314840603895296,0.0,61.0,23020301.71515847,23018274.959264643,20960342.99237782,24543251.80805968,0.5245901639344263,1.0,-0.10056361929167455,-0.0691073811396292,0.0,1.0,0.0
0.36,0.08,0.0,0.28,0.28,"(0.36, 0.08, 0.0, 0.28, 0.28)",0.18,0.050741470687458934,0.03698971344014535,1.371772473165165,0.0601580065221875,26459935.981059205,-0.07095124005406539,-0.08936226090532272,0.029518224310874593,0.0,61.0,22984480.062667586,23022169.379531596,21033754.634056505,24454423.070175357,0.5245901639344263,1.0,-0.08972040670868961,-0.06290894810048697,0.0,1.0,0.0
0.34,0.08,0.0,0.3,0.28,"(0.34, 0.08, 0.0, 0.3, 0.28)",0.18,0.050672461707792715,0.037234551654415256,1.3608989354323002,0.0601580065221875,26440967.05482371,-0.07145811566441052,-0.09024759823293549,0.02971294489486094,0.0,61.0,22967140.101728916,23057479.1953601,20959229.732683003,24444120.33856243,0.5245901639344263,1.0,-0.09059554425266986,-0.0630290995486716,0.0,1.0,0.0
0.32,0.06,0.0,0.26,0.36,"(0.32, 0.06, 0.0, 0.26, 0.36)",0.18000000000000005,0.05065779160449657,0.03899633221550436,1.2990399026387356,0.0601580065221875,26431043.071709406,-0.0743669113023342,-0.09403731527913155,0.031115479825474534,0.0,61.0,23065235.765982036,23039067.08800853,21020610.514847644,24532649.679276448,0.5245901639344263,1.0,-0.09424402620172997,-0.06844853316357276,0.0,1.0,0.0
0.3,0.06,0.0,0.28,0.36,"(0.3, 0.06, 0.0, 0.28, 0.36)",0.18000000000000005,0.05059155362627887,0.03916057064337678,1.291900316954023,0.0601580065221875,26412763.344436854,-0.07509921658672936,-0.09524853585345526,0.03131020040946088,0.0,61.0,23048060.97906146,23044175.138372347,20946418.7207899,24522721.434743363,0.5245901639344263,1.0,-0.09544375400350161,-0.06822522037939106,0.0,1.0,0.0
0.36,0.06,0.0,0.24,0.34,"(0.36, 0.06, 0.0, 0.24, 0.34)",0.20000000000000007,0.0505747676640369,0.037928313346946706,1.333430442883331,0.0601580065221875,26413677.158181846,-0.07097586221392194,-0.08932438145084183,0.030330387409931964,0.0,61.0,23064669.81617501,23044422.569447003,21094506.85737319,24509591.460126344,0.5245901639344263,1.0,-0.08954452921422157,-0.06612811143439076,0.0,1.0,0.0
0.28,0.06,0.0,0.3,0.36,"(0.28, 0.06, 0.0, 0.3, 0.36)",0.21999999999999997,0.05052408901895378,0.03935441074577906,1.2838227802552655,0.0601580065221875,26394202.314732965,-0.07583185354712751,-0.09646610056308222,0.03150492099344722,0.0,61.0,23030804.05234816,23048994.968969103,20872371.343651302,24512604.575232863,0.5245901639344263,1.0,-0.0966495049509671,-0.06800254676732917,0.0,1.0,0.0
0.36,0.08,0.0,0.3,0.26,"(0.36, 0.08, 0.0, 0.3, 0.26)",0.21999999999999997,0.05051960167730085,0.036385545967479935,1.3884524839191204,0.0601580065221875,26404453.159412086,-0.06910853766538438,-0.08715578438839937,0.029122573063304714,0.0,61.0,22949108.343898356,23072401.261030998,20958439.501468733,24410679.58528069,0.5245901639344263,1.0,-0.0875025562701219,-0.06081908514372094,0.0,1.0,0.0
0.32,0.06,0.0,0.28,0.34,"(0.32, 0.06, 0.0, 0.28, 0.34)",0.1800000000000001,0.050443464074164,0.03823561515883016,1.3192795215827606,0.0601580065221875,26377430.49298866,-0.07244538208837759,-0.09172274757242471,0.030719828577904663,0.0,61.0,23030500.10263721,23054529.585269123,20946216.575446635,24489940.340075172,0.5245901639344263,1.0,-0.09192141192288511,-0.06568345655468892,0.0,1.0,0.0
0.3,0.06,0.0,0.3,0.34,"(0.3, 0.06, 0.0, 0.3, 0.34)",0.18000000000000005,0.050375972511709666,0.038434872199067584,1.31068401244565,0.0601580065221875,26358885.532664355,-0.07318063812048303,-0.09293143258520402,0.030914549161891007,0.0,61.0,23013291.96370501,23059339.985997256,20872166.13966319,24479832.142372273,0.5245901639344263,1.0,-0.09311887823329824,-0.06546208809649862,0.0,1.0,0.0
0.34,0.06,0.0,0.28,0.32,"(0.34, 0.06, 0.0, 0.28, 0.32)",0.1800000000000001,0.050294012893819184,0.03732279953425185,1.3475412756126026,0.0601580065221875,26341813.65856998,-0.06978758760258763,-0.08820372009668168,0.03012945674634844,0.0,61.0,23012782.940138813,23064678.274317253,20945804.88754245,24456959.702392377,0.5245901639344263,1.0,-0.08840511734992411,-0.06313843292171135,0.0,1.0,0.0
0.32,0.06,0.0,0.3,0.32,"(0.32, 0.06, 0.0, 0.3, 0.32)",0.18000000000000005,0.05022649461416551,0.03752767354646905,1.3383855130793547,0.0601580065221875,26323285.02170723,-0.07052546633131274,-0.0894035401358857,0.03032417733033478,0.0,61.0,22995623.665433887,23069479.211771183,20871752.184872333,24446860.300708804,0.5245901639344263,1.0,-0.08959431294938176,-0.06291837117119838,0.0,1.0,0.0
0.36,0.06,0.0,0.28,0.3,"(0.36, 0.06, 0.0, 0.28, 0.3)",0.18000000000000005,0.0501432017088288,0.03642303651007511,1.3766892196085436,0.0601580065221875,26305914.4239277,-0.06712583152372176,-0.08469147265288958,0.029539084914792214,0.0,61.0,22994910.056396116,23074621.115106758,20945183.856128324,24423780.63011795,0.5245901639344263,1.0,-0.0848948871272076,-0.060590149388884504,0.0,1.0,0.0
0.36,0.04,0.0,0.24,0.36,"(0.36, 0.04, 0.0, 0.24, 0.36)",0.24000000000000002,0.04995752115611207,0.03786861379135606,1.3192328990800144,0.0601580065221875,26255343.903108153,-0.06807615223544172,-0.09016988355030761,0.03035124801384959,0.0,61.0,23072989.935207233,23060302.24841721,20990126.009703867,24476232.319001835,0.5245901639344263,1.0,-0.08598214339915125,-0.06587386953064717,0.0,1.0,0.0
0.28,0.16,0.0,0.2,0.36,"(0.28, 0.16, 0.0, 0.2, 0.36)",0.23999999999999994,0.05446728873527884,0.047873958389671234,1.137722690318211,0.0601580065221875,27421567.3444532,-0.10887432233629435,-0.1369749248657092,0.035252900570242184,0.0,61.0,23141768.4036342,23036990.44438886,19987982.185360983,24860822.11013467,0.5081967213114754,1.0,-0.13833970745123178,-0.06523675733879684,0.0,1.0,0.0
0.32,0.16,0.0,0.18,0.34,"(0.32, 0.16, 0.0, 0.18, 0.34)",0.24000000000000005,0.05439145552445557,0.04686055446130889,1.1607087485352883,0.0601580065221875,27405443.505327627,-0.10522552383187411,-0.13183250475233277,0.034003484308632474,0.0,61.0,23142747.315302696,23051738.117423393,20002969.874886416,24838966.03026878,0.5081967213114754,1.0,-0.13317396977155097,-0.06310966255635334,0.0,1.0,0.0
0.24,0.16,0.0,0.24,0.36,"(0.24, 0.16, 0.0, 0.24, 0.36)",0.24,0.054326571218675124,0.04830008540896973,1.1247717422997812,0.0601580065221875,27381655.383304212,-0.11096837340585941,-0.1403755012551658,0.03597061217488823,0.0,61.0,23105044.887399334,23022706.858227983,20029019.0642948,24839703.86297945,0.5081967213114754,1.0,-0.14173089014472273,-0.06549135587021543,0.0,1.0,0.0
0.28,0.16,0.0,0.22,0.34,"(0.28, 0.16, 0.0, 0.22, 0.34)",0.2,0.05425314850234342,0.04724662440199909,1.1482968188526899,0.0601580065221875,27366147.05496877,-0.10719282421501752,-0.1350354942906265,0.03472119591327852,0.0,61.0,23106283.459014956,23006476.14758285,20044285.68658165,24818247.019475184,0.5081967213114754,1.0,-0.13637701899692417,-0.06326672525597882,0.0,1.0,0.0
0.26,0.16,0.0,0.24,0.34,"(0.26, 0.16, 0.0, 0.24, 0.34)",0.2,0.054182144015985534,0.047476141077747835,1.141249958105395,0.0601580065221875,27346061.981279917,-0.10824326688789287,-0.13673199207002526,0.035080051715601544,0.0,61.0,23087930.352991533,23032559.549531028,20064775.985541478,24807600.52639693,0.5081967213114754,1.0,-0.13806922742038075,-0.06339748233807045,0.0,1.0,0.0
0.3,0.16,0.0,0.22,0.32,"(0.3, 0.16, 0.0, 0.22, 0.32)",0.16000000000000003,0.05410736897753621,0.04643154726253089,1.1653147949519123,0.0601580065221875,27330236.27097188,-0.10445991221323492,-0.13140384971310903,0.033830635453991835,0.0,61.0,23088959.81013972,23016131.413784284,20079914.31844971,24785927.101954583,0.5081967213114754,1.0,-0.13272591415124077,-0.061177440054554076,0.0,1.0,0.0
0.28,0.16,0.0,0.24,0.32,"(0.28, 0.16, 0.0, 0.24, 0.32)",0.15999999999999998,0.054036336078338465,0.046665692085248116,1.1579456698001132,0.0601580065221875,27310168.10630105,-0.10551374276045666,-0.1330927477525187,0.03418949125631486,0.0,61.0,23070655.814219534,23042208.103132915,20100432.21730479,24775289.140917182,0.5081967213114754,1.0,-0.13441113014719241,-0.06131225875921009,0.0,1.0,0.0
0.32,0.16,0.0,0.22,0.3,"(0.32, 0.16, 0.0, 0.22, 0.3)",0.16000000000000003,0.053960210153820576,0.045630590288119575,1.1825446441325067,0.0601580065221875,27294026.371400062,-0.10172257772417459,-0.12777649165776725,0.03294007499470515,0.0,61.0,23071476.638269663,23025582.713114217,20115441.842528794,24753400.114029802,0.5081967213114754,1.0,-0.12907839311184052,-0.059350096049037245,0.0,1.0,0.0
0.28,0.1,0.06,0.3,0.26,"(0.28, 0.1, 0.06, 0.3, 0.26)",0.11999999999999993,0.05388360115881863,0.04661458782912376,1.1559385949381569,0.0601580065221875,27186823.56403328,-0.10642301202272786,-0.1420313165107539,0.03437903039940315,0.0,61.0,22919578.202554785,23176443.96892,20324779.659830008,24711887.941303357,0.5081967213114754,1.0,-0.1426162312193486,-0.07007581008328187,0.0,1.0,0.0
0.36,0.16,0.0,0.2,0.28,"(0.36, 0.16, 0.0, 0.2, 0.28)",0.23999999999999994,0.053881529589624444,0.044626217269735695,1.2073962994431404,0.0601580065221875,27277262.802878678,-0.0987790444961123,-0.12356161002492222,0.031804431648445916,0.0,61.0,23071959.317799307,23008643.576701242,20130182.50438024,24731097.223246016,0.5081967213114754,1.0,-0.12484620182226391,-0.0576121566175479,0.0,1.0,0.0
0.34,0.16,0.0,0.22,0.28,"(0.34, 0.16, 0.0, 0.22, 0.28)",0.2,0.0538116737257579,0.04484451007573115,1.19996123572057,0.0601580065221875,27257519.00199268,-0.09926184471762944,-0.12450594183699641,0.03205081643769495,0.0,61.0,23053834.51862756,23034829.999126177,20150867.746767662,24720667.18340678,0.5081967213114754,1.0,-0.12578131968277487,-0.05755279484805009,0.0,1.0,0.0
0.36,0.16,0.0,0.22,0.26,"(0.36, 0.16, 0.0, 0.22, 0.26)",0.24,0.053661761383572815,0.044074102632532405,1.2175349735643506,0.0601580065221875,27220715.814582944,-0.09695129724873552,-0.12143236591071822,0.031442977097720225,0.0,61.0,23036034.027737148,23043873.229414478,20186191.52062946,24687729.43995505,0.5081967213114754,1.0,-0.12269153839084589,-0.05576284653167944,0.0,1.0,0.0
0.26,0.14,0.0,0.24,0.36,"(0.26, 0.14, 0.0, 0.24, 0.36)",0.2,0.053635662510646664,0.045929345426194104,1.1677863468974576,0.0601580065221875,27200159.62066825,-0.10161235279971903,-0.12841430779497842,0.033748727148516615,0.0,61.0,23103704.56033205,23072138.32271197,20262874.674209464,24784774.627020035,0.5081967213114754,1.0,-0.12946196475309837,-0.0668629915417826,0.0,1.0,0.0
0.3,0.14,0.0,0.22,0.34,"(0.3, 0.14, 0.0, 0.22, 0.34)",0.16000000000000003,0.05356006053219131,0.044866631595836245,1.1937615690579688,0.0601580065221875,27184199.02059905,-0.09881718160200315,-0.12436235368425358,0.032894503019292864,0.0,61.0,23104553.393925015,23058636.07522992,20278060.564565785,24762947.801919084,0.5081967213114754,1.0,-0.1254108202404564,-0.06465273590480185,0.0,1.0,0.0
0.28,0.14,0.0,0.24,0.34,"(0.28, 0.14, 0.0, 0.24, 0.34)",0.16000000000000003,0.05349049958165031,0.045078072606602224,1.1866190475458789,0.0601580065221875,27164597.767006878,-0.09930086396971793,-0.1253138329178517,0.033140887808541894,0.0,61.0,23086476.991473857,23084881.65202538,20298923.32530532,24752522.504832704,0.5081967213114754,1.0,-0.12635137690982182,-0.06477870202760129,0.0,1.0,0.0
0.34,0.14,0.0,0.2,0.32,"(0.34, 0.14, 0.0, 0.2, 0.32)",0.20000000000000007,0.05348190565873456,0.04383387999881719,1.2201043042545565,0.0601580065221875,27167619.05119041,-0.09601710542746289,-0.12033488223088905,0.03204027889006911,0.0,61.0,23105063.65781683,23041765.532787785,20292975.618847102,24740707.13102143,0.5081967213114754,1.0,-0.12138243445001853,-0.06244182567511251,0.0,1.0,0.0
0.32,0.14,0.0,0.22,0.32,"(0.32, 0.14, 0.0, 0.22, 0.32)",0.16000000000000003,0.053413548848843195,0.044023877976531726,1.2132858644873794,0.0601580065221875,27148323.33837507,-0.09650179533876457,-0.12127464156009381,0.03228666367931814,0.0,61.0,23087117.44728029,23068127.863288105,20313979.437524937,24730480.834542774,0.5081967213114754,1.0,-0.12231195257839023,-0.06257304598697709,0.0,1.0,0.0
0.36,0.14,0.0,0.2,0.3,"(0.36, 0.14, 0.0, 0.2, 0.3)",0.2,0.053334046647252054,0.043000646271601425,1.2403080249162448,0.0601580065221875,27131431.05583711,-0.0936978218891078,-0.11725992648126557,0.03143243955009438,0.0,61.0,23087419.737423103,23051060.31315176,20328764.20046651,24708026.42835452,0.5081967213114754,1.0,-0.11829528126087722,-0.06055643836135562,0.0,1.0,0.0
0.34,0.14,0.0,0.22,0.3,"(0.34, 0.14, 0.0, 0.22, 0.3)",0.16000000000000003,0.05326566163019586,0.04319497839412757,1.2331447684538583,0.0601580065221875,27112151.72809135,-0.09418420720031451,-0.1181924659230051,0.031678824339343416,0.0,61.0,23069522.677379444,23077415.655974198,20349796.22427523,24697808.432220437,0.5081967213114754,1.0,-0.11921803936207481,-0.06050202085482371,0.0,1.0,0.0
0.28,0.12,0.0,0.24,0.36,"(0.28, 0.12, 0.0, 0.24, 0.36)",0.15999999999999998,0.052929783508486095,0.04376693113605975,1.2093556055813344,0.0601580065221875,27016077.37073854,-0.09422653469418263,-0.1189584868295317,0.03276889571019036,0.0,61.0,23100761.238809764,23018630.38300373,20497874.54092136,24727557.681003816,0.5081967213114754,1.0,-0.11975742809886403,-0.06821068425184985,0.0,1.0,0.0
0.32,0.12,0.0,0.22,0.34,"(0.32, 0.12, 0.0, 0.22, 0.34)",0.16000000000000003,0.05285201180638621,0.04269916525126058,1.2377762304106377,0.0601580065221875,26999675.079682097,-0.09141463229861369,-0.1149282847056182,0.0319146715809666,0.0,61.0,23101221.547800507,23032588.21997319,20512975.833319962,24705365.96073968,0.5081967213114754,1.0,-0.1157314457939977,-0.06601483385049076,0.0,1.0,0.0
0.34,0.12,0.0,0.22,0.32,"(0.34, 0.12, 0.0, 0.22, 0.32)",0.16000000000000003,0.052704775085406164,0.0418299898639424,1.2599758034088806,0.0601580065221875,26963841.77656253,-0.08908779136635014,-0.11184316820559381,0.03130683224099188,0.0,61.0,23083675.416676894,23043479.422672834,20549185.141681936,24672756.909225035,0.5081967213114754,1.0,-0.1126384840095842,-0.06394483225993729,0.0,1.0,0.0
0.34,0.1,0.0,0.28,0.28,"(0.34, 0.1, 0.0, 0.28, 0.28)",0.14,0.05147710539834116,0.03876867076130009,1.3278016601416978,0.0601580065221875,26647791.30913454,-0.07845132408559452,-0.09891574997708595,0.03008773553851319,0.0,61.0,22990490.46519377,23113227.774595257,20922974.328259252,24516236.914698023,0.5081967213114754,1.0,-0.09945553309924941,-0.06157968916593554,0.0,1.0,0.0
0.3,0.08,0.0,0.26,0.36,"(0.3, 0.08, 0.0, 0.26, 0.36)",0.14,0.05140685983587612,0.0403620859777826,1.2736422954991262,0.0601580065221875,26621975.005678333,-0.08016151088525225,-0.10129528097038695,0.03168499105311313,0.0,61.0,23072699.051546965,23054279.21150047,20993092.33419168,24596383.25744413,0.5081967213114754,1.0,-0.10166417252664993,-0.07094043518411595,0.0,1.0,0.0
0.28,0.08,0.0,0.28,0.36,"(0.28, 0.08, 0.0, 0.28, 0.36)",0.18,0.05133918582227559,0.04055436852438791,1.2659347855805494,0.0601580065221875,26603221.72657305,-0.08088835286811646,-0.10252020257700731,0.031879711637099475,0.0,61.0,23055244.985251088,23070046.04345064,21014835.475562137,24586233.659874413,0.5081967213114754,1.0,-0.10287828440608622,-0.07104606994279287,0.0,1.0,0.0
0.36,0.1,0.0,0.28,0.26,"(0.36, 0.1, 0.0, 0.28, 0.26)",0.18,0.051324970922697055,0.037934232971887735,1.3529987797758536,0.0601580065221875,26611194.856896058,-0.07611152074151728,-0.09582838424425613,0.029497363706956964,0.0,61.0,22972513.458296373,23106454.07188979,20959246.480799407,24482914.373630084,0.5081967213114754,1.0,-0.0963632358072903,-0.05955710877537148,0.0,1.0,0.0
0.26,0.08,0.0,0.3,0.36,"(0.26, 0.08, 0.0, 0.3, 0.36)",0.21999999999999997,0.05127028391629973,0.040774975334455836,1.2573958290779175,0.0601580065221875,26584185.450842492,-0.0816155290105186,-0.10375144006422969,0.03207443222108582,0.0,61.0,23037709.14829567,23083512.99905381,20960294.27213847,24575894.992589727,0.5081967213114754,1.0,-0.10409839629454248,-0.07115050876731342,0.0,1.0,0.0
0.32,0.08,0.0,0.26,0.34,"(0.32, 0.08, 0.0, 0.26, 0.34)",0.14000000000000007,0.05125950474522423,0.03944629308386616,1.2994758375962523,0.0601580065221875,26586566.709699407,-0.07751360503205029,-0.09777832424907035,0.031094619221556905,0.0,61.0,23055193.923340503,23073131.898920298,21030046.84685768,24563722.787128847,0.5081967213114754,1.0,-0.0981459569058203,-0.06888940228606781,0.0,1.0,0.0
0.3,0.08,0.0,0.28,0.34,"(0.3, 0.08, 0.0, 0.28, 0.34)",0.14000000000000007,0.05119180335061113,0.03964374657299843,1.291295797594422,0.0601580065221875,26567829.45424892,-0.07824305950458732,-0.09899438555622618,0.031289339805543256,0.0,61.0,23037788.701276116,23088891.56660019,21034860.504113212,24553581.696667623,0.5081967213114754,1.0,-0.09935178990879572,-0.06899898819249371,0.0,1.0,0.0
0.36,0.08,0.0,0.24,0.32,"(0.36, 0.08, 0.0, 0.24, 0.32)",0.16000000000000003,0.051177284856957383,0.03836988161593738,1.3337879269270485,0.0601580065221875,26569309.179308645,-0.07464241331197341,-0.09376239696113496,0.03030952680601434,0.0,61.0,23054806.079135157,23066536.18723449,21044978.445700042,24540804.653736934,0.5081967213114754,1.0,-0.09414370646625302,-0.06673219775947432,0.0,1.0,0.0
0.34,0.08,0.0,0.26,0.32,"(0.34, 0.08, 0.0, 0.26, 0.32)",0.14000000000000007,0.05111078411309111,0.03854269342792673,1.326082314632894,0.0601580065221875,26550870.982571315,-0.07514447360173593,-0.09465306975183906,0.030504247390000686,0.0,61.0,23037531.70717757,23091791.325074732,21066896.648850434,24530860.983118746,0.5081967213114754,1.0,-0.09502364767649646,-0.06684690884520755,0.0,1.0,0.0
0.36,0.1,0.0,0.3,0.24,"(0.36, 0.1, 0.0, 0.3, 0.24)",0.21999999999999997,0.05110097212770803,0.0373982661507114,1.3663994988905648,0.0601580065221875,26554904.2891625,-0.07427443593047267,-0.09363709930675622,0.02910171245938709,0.0,61.0,22936861.68771771,23045809.98254132,21016828.501518566,24438888.16660911,0.5081967213114754,1.0,-0.09415712004848714,-0.05767578267429438,0.0,1.0,0.0
0.32,0.08,0.0,0.28,0.32,"(0.32, 0.08, 0.0, 0.28, 0.32)",0.14000000000000007,0.05104305558014932,0.03874549784577445,1.3173932048395665,0.0601580065221875,26532150.00923693,-0.07564722064700369,-0.09554830954067285,0.030698967973987034,0.0,61.0,23020175.40880285,23027461.52908964,21034702.4516148,24520728.536002122,0.5081967213114754,1.0,-0.09590792950983387,-0.06696042864247681,0.0,1.0,0.0
0.3,0.08,0.0,0.3,0.32,"(0.3, 0.08, 0.0, 0.3, 0.32)",0.14,0.05097409965517974,0.038977826711277086,1.3077717244925788,0.0601580065221875,26513146.88864097,-0.07632621036549181,-0.096688848784241,0.03089368855797338,0.0,61.0,23002737.35338323,23027051.719428163,20960181.679270566,24510407.563524257,0.5081967213114754,1.0,-0.09703491515231691,-0.06707275844205791,0.0,1.0,0.0
0.36,0.08,0.0,0.26,0.3,"(0.36, 0.08, 0.0, 0.26, 0.3)",0.14,0.05096069957853944,0.037652164882521086,1.353460013190276,0.0601580065221875,26514889.419200547,-0.07279586632852297,-0.09156448322137135,0.029913875558444464,0.0,61.0,23019712.970446195,23036369.558198676,21103641.212760333,24497798.957804322,0.5081967213114754,1.0,-0.09193414150067585,-0.06481297300866018,0.0,1.0,0.0
0.34,0.08,0.0,0.28,0.3,"(0.34, 0.08, 0.0, 0.28, 0.3)",0.14000000000000007,0.050892944148065,0.0378605030253195,1.3442226088235,0.0601580065221875,26496184.98506508,-0.07330033463304542,-0.09245248071004657,0.03010859614243081,0.0,61.0,23002405.67359308,23007057.275950424,21034333.761725493,24487675.28933603,0.5081967213114754,1.0,-0.0928116726120876,-0.06493040937800126,0.0,1.0,0.0
0.32,0.08,0.0,0.3,0.3,"(0.32, 0.08, 0.0, 0.3, 0.3)",0.14,0.050823961576148324,0.038098987434045634,1.3339976991286526,0.0601580065221875,26477198.832444638,-0.07380548831677092,-0.09334505116436134,0.03030331672641716,0.0,61.0,22985016.62710655,23042362.614132788,20959810.52648874,24477363.369502526,0.5081967213114754,1.0,-0.0936935505140581,-0.06504665869814572,0.0,1.0,0.0
0.34,0.06,0.0,0.26,0.34,"(0.34, 0.06, 0.0, 0.26, 0.34)",0.1800000000000001,0.05050972925618913,0.03806662734429379,1.3268769202838395,0.0601580065221875,26395694.57299115,-0.07171045631357853,-0.09052040077544853,0.03052510799391831,0.0,61.0,23047626.109131824,23049557.07619101,21020411.4847792,24499860.194781534,0.5081967213114754,1.0,-0.09072996508494868,-0.06590546411316428,0.0,1.0,0.0
0.36,0.06,0.0,0.26,0.32,"(0.36, 0.06, 0.0, 0.26, 0.32)",0.18000000000000005,0.05036030504200184,0.037148881995521944,1.3556344723395026,0.0601580065221875,26360061.839938145,-0.06905003771036489,-0.08701023235339071,0.02993473616236209,0.0,61.0,23029860.090166695,23059715.165920034,21020002.118465204,24466871.034270603,0.5081967213114754,1.0,-0.08722193755512436,-0.06335913370067543,0.0,1.0,0.0
0.26,0.16,0.0,0.22,0.36,"(0.26, 0.16, 0.0, 0.22, 0.36)",0.24,0.05439754702931543,0.0480751035216258,1.1315118022542705,0.0601580065221875,27401757.08383705,-0.10992131463663135,-0.138671398220762,0.03561175637256521,0.0,61.0,23123447.010990236,22996616.965000574,20008556.460480496,24850358.741090566,0.4918032786885246,1.0,-0.14003168365599195,-0.06536467802997037,0.0,1.0,0.0
0.3,0.16,0.0,0.2,0.34,"(0.3, 0.16, 0.0, 0.2, 0.34)",0.2,0.054322919139745185,0.04704132277384005,1.154791488345529,0.0601580065221875,27385941.118163954,-0.10614244591305422,-0.13334662724073107,0.03436234011095549,0.0,61.0,23124555.83983667,22980269.145400796,20023683.525519677,24828702.273877736,0.4918032786885246,1.0,-0.1346920437552542,-0.06313472828279912,0.0,1.0,0.0
0.34,0.16,0.0,0.18,0.32,"(0.34, 0.16, 0.0, 0.18, 0.32)",0.24000000000000005,0.05424573359322915,0.046037387670528694,1.17829738692917,0.0601580065221875,27369500.200772535,-0.1029181918433234,-0.12875673336127813,0.033112923849345784,0.0,61.0,23125325.465325866,22992657.82865598,20038542.73648559,24806629.863847267,0.4918032786885246,1.0,-0.1300828120162512,-0.06128961684200995,0.0,1.0,0.0
0.32,0.16,0.0,0.2,0.32,"(0.32, 0.16, 0.0, 0.2, 0.32)",0.2,0.05417716828373753,0.04622200049510795,1.1721078210250018,0.0601580065221875,27350013.857426167,-0.10340614393790781,-0.12972258343815307,0.03347177965166881,0.0,61.0,23107183.086989958,22989931.049278364,20059284.3671858,24796374.09596059,0.4918032786885246,1.0,-0.13104793422874933,-0.0612221387784361,0.0,1.0,0.0
0.36,0.16,0.0,0.18,0.3,"(0.36, 0.16, 0.0, 0.18, 0.3)",0.24,0.05409863184205377,0.045228173605312914,1.1961268282497892,0.0601580065221875,27333257.22778367,-0.1006086600357291,-0.1256864690105141,0.0322223633900591,0.0,61.0,23107743.91180151,22973072.429561146,20074014.683297943,24774086.33870643,0.4918032786885246,1.0,-0.1269965909723033,-0.05947691976479048,0.0,1.0,0.0
0.34,0.16,0.0,0.2,0.3,"(0.34, 0.16, 0.0, 0.2, 0.3)",0.2,0.054030037868180836,0.04541671208120909,1.1896510203462187,0.0601580065221875,27313787.20326079,-0.10108908607571476,-0.12663354955795966,0.032581219192382126,0.0,61.0,23089650.72067839,22999389.208530832,20094784.197318476,24763838.70285725,0.4918032786885246,1.0,-0.12793422171517813,-0.059413472194598575,0.0,1.0,0.0
0.28,0.08,0.08,0.2,0.36,"(0.28, 0.08, 0.08, 0.2, 0.36)",0.17999999999999994,0.05511046328742397,0.05041553126780581,1.0931247157682187,0.0601580065221875,27476099.092666816,-0.1224898054799215,-0.16632179065991132,0.03683647453459385,0.0,61.0,23070228.050069597,23375342.535114907,20364969.836118642,24876405.205566507,0.7049180327868853,0.6065573770491803,-0.16671300134669823,-0.08409810721696706,0.0,0.0,0.0
0.24,0.16,0.06,0.18,0.36,"(0.24, 0.16, 0.06, 0.18, 0.36)",0.26,0.057094289648034646,0.055930302706786596,1.0208113828267698,0.0601580065221875,28034540.280683935,-0.1422873325641485,-0.18849448666667235,0.04249143198723713,0.0,61.0,23100565.782577686,23336099.353971403,19937761.459764466,24780751.419997446,0.6885245901639344,0.26229508196721313,-0.19015455197593756,-0.08411765981850007,0.0,0.0,0.0
0.26,0.16,0.06,0.18,0.34,"(0.26, 0.16, 0.06, 0.18, 0.34)",0.22000000000000003,0.05695501196775776,0.0551337820675194,1.0330329215943865,0.0601580065221875,27999444.99893717,-0.13982893768473348,-0.1849733112423306,0.041600871527950445,0.0,61.0,23084864.08144911,23279012.076439653,19974208.725515768,24702191.235393036,0.6885245901639344,0.29508196721311475,-0.1866244206985078,-0.08202546732639356,0.0,0.0,0.0
0.24,0.16,0.06,0.2,0.34,"(0.24, 0.16, 0.06, 0.2, 0.34)",0.22000000000000003,0.05687923236248382,0.05541229341678466,1.0264731678702694,0.0601580065221875,27977799.45276929,-0.14110970127277056,-0.18717480870635456,0.041959727330273464,0.0,61.0,23066711.47374678,23249813.18597259,19994223.363703948,24645935.601883054,0.6885245901639344,0.2786885245901639,-0.18881687754065338,-0.08173137492721652,0.0,0.0,0.0
0.28,0.16,0.06,0.18,0.32,"(0.28, 0.16, 0.06, 0.18, 0.32)",0.18,0.056814335346160316,0.05434966618393526,1.0453483771893628,0.0601580065221875,27964034.635032494,-0.13736869794601625,-0.18145893409421793,0.040710311068663754,0.0,61.0,23068998.20590103,23258571.599799242,20010555.958675463,24627772.273686633,0.6885245901639344,0.3442622950819672,-0.1831004764983418,-0.0799464935370096,0.0,0.0,0.0
0.26,0.16,0.06,0.2,0.32,"(0.26, 0.16, 0.06, 0.2, 0.32)",0.18,0.05673852474765728,0.05463270388051662,1.038545060331375,0.0601580065221875,27942406.179729227,-0.13865330050231917,-0.18365349711216924,0.04106916687098679,0.0,61.0,23050892.983518887,23250089.396864347,20030597.58583155,24640471.54682102,0.6885245901639344,0.3442622950819672,-0.1852866345542663,-0.07965726685910238,0.0,0.0,0.0
0.3,0.16,0.06,0.18,0.3,"(0.3, 0.16, 0.06, 0.18, 0.3)",0.14,0.05667226154192351,0.053578499685808634,1.0577425996296481,0.0601580065221875,27928310.85265851,-0.13490662647021567,-0.1779513876782457,0.03981975060937707,0.0,61.0,23052968.712369613,23262395.44756804,20046802.63160844,24622082.349384405,0.6885245901639344,0.4262295081967213,-0.17958274958728876,-0.07788069395258795,0.0,0.0,0.0
0.24,0.16,0.06,0.22,0.32,"(0.24, 0.16, 0.06, 0.22, 0.32)",0.18,0.05666147756830364,0.05493597580335589,1.0314093222103529,0.0601580065221875,27920481.909855537,-0.139937277952769,-0.18585685164910906,0.041428022673309806,0.0,61.0,23032706.749135084,23256202.190820113,20050525.950780123,24652996.277902562,0.6885245901639344,0.29508196721311475,-0.18748105551793612,-0.07936900129897292,0.0,0.0,0.0
0.28,0.16,0.06,0.2,0.3,"(0.28, 0.16, 0.06, 0.2, 0.3)",0.13999999999999996,0.056596420237042144,0.053866125997004126,1.050686664197642,0.0601580065221875,27906699.798918888,-0.13619506972239936,-0.18013902346701693,0.04017860641170009,0.0,61.0,23034910.973858304,23268651.2507523,20066871.154817782,24634772.49011932,0.6885245901639344,0.3770491803278688,-0.1817626162025562,-0.07759630258779746,0.0,0.0,0.0
0.26,0.12,0.08,0.18,0.36,"(0.26, 0.12, 0.08, 0.18, 0.36)",0.21999999999999997,0.05656866650229464,0.054380346504301916,1.040241008722142,0.0601580065221875,27864712.83098831,-0.13692005244614247,-0.18482399212040482,0.04043785959459047,0.0,61.0,23085186.417171475,23401242.22016512,20394085.84833997,24848186.13352371,0.6885245901639344,0.36065573770491804,-0.18584097688216922,-0.08305116328626219,0.0,0.0,0.0
0.26,0.14,0.06,0.18,0.36,"(0.26, 0.14, 0.06, 0.18, 0.36)",0.21999999999999997,0.05642898320917933,0.05342496887019077,1.0562286586687126,0.0601580065221875,27855771.882141285,-0.13242299889049247,-0.17525219476612017,0.04019841458769414,0.0,61.0,23103854.212902866,23358808.232281975,20172375.311275933,24650367.44466858,0.6885245901639344,0.4426229508196721,-0.17652174955418665,-0.08139007501656127,0.0,0.0,0.0
0.24,0.14,0.06,0.2,0.36,"(0.24, 0.14, 0.06, 0.2, 0.36)",0.21999999999999997,0.056354684048904646,0.05368645451123614,1.0497002374613893,0.0601580065221875,27834607.29026885,-0.1334432598117392,-0.17708337707306818,0.040557270390017164,0.0,61.0,23085925.362515774,23314891.365940325,20192730.468895294,24663279.427791774,0.6885245901639344,0.4262295081967213,-0.17833986692217096,-0.08140719155876266,0.0,0.0,0.0
0.28,0.14,0.06,0.18,0.34,"(0.28, 0.14, 0.06, 0.18, 0.34)",0.18,0.056288931410779286,0.05260422607076164,1.0700458045910817,0.0601580065221875,27820683.213087652,-0.12973402925687438,-0.17144920418906232,0.03930785412840745,0.0,61.0,23088031.56497405,23310343.584596246,20209120.069649797,24644923.25516322,0.6885245901639344,0.47540983606557374,-0.17271103089475157,-0.079320055380071,0.0,0.0,0.0
0.26,0.14,0.06,0.2,0.34,"(0.26, 0.14, 0.06, 0.2, 0.34)",0.18,0.056214601230291095,0.05287031758994719,1.063254464750554,0.0601580065221875,27799535.08256063,-0.1307576427636582,-0.17327250775712666,0.03966670993073047,0.0,61.0,23070149.992471457,23281558.31192796,20229502.825160936,24657826.203383736,0.6885245901639344,0.47540983606557374,-0.17452191067229997,-0.07933793780004336,0.0,0.0,0.0
0.3,0.14,0.06,0.18,0.32,"(0.3, 0.14, 0.06, 0.18, 0.32)",0.14,0.05614748458464369,0.05179574333154482,1.0840173530331123,0.0601580065221875,27785282.735591095,-0.1270406558687911,-0.16765047095012106,0.038417293669120764,0.0,61.0,23072045.41464028,23279942.296220873,20245763.809976395,24639244.374943297,0.6885245901639344,0.5573770491803278,-0.16890386317384679,-0.07724845839845151,0.0,0.0,0.0
0.24,0.14,0.06,0.22,0.34,"(0.24, 0.14, 0.06, 0.22, 0.34)",0.18000000000000005,0.05613903544363574,0.05315749569721686,1.0560887925082405,0.0601580065221875,27778092.205438018,-0.13178133549313342,-0.17510366704893546,0.0400255657330535,0.0,61.0,23052186.990142707,23273999.09050927,20249771.591244634,24670554.834399484,0.6885245901639344,0.4426229508196721,-0.17634020354805163,-0.07935655860926004,0.0,0.0,0.0
0.28,0.14,0.06,0.2,0.32,"(0.28, 0.14, 0.06, 0.2, 0.32)",0.13999999999999996,0.05607312366734396,0.052066521788739245,1.0769515946323738,0.0601580065221875,27764151.370753046,-0.12806762595117716,-0.1694659011381111,0.03877614947144378,0.0,61.0,23054211.21672426,23286350.665430844,20266174.069285013,24652138.20620583,0.6885245901639344,0.5081967213114754,-0.17070751095627684,-0.07726710669619517,0.0,0.0,0.0
0.32,0.14,0.06,0.18,0.3,"(0.32, 0.14, 0.06, 0.18, 0.3)",0.14,0.05600464447443443,0.051000103716279534,1.0981280506015405,0.0601580065221875,27749572.103550017,-0.12434287777503594,-0.1638560236841877,0.03752673320983407,0.0,61.0,23055896.31786942,23298374.555549175,20282306.001333352,24633331.18975908,0.6885245901639344,0.6229508196721312,-0.1651002715205366,-0.07517528407170272,0.0,0.0,0.0
0.26,0.14,0.06,0.22,0.32,"(0.26, 0.14, 0.06, 0.22, 0.32)",0.14,0.05599752740412178,0.05235866060421061,1.0694988519171276,0.0601580065221875,27742725.688429687,-0.12909467316555379,-0.1712891884820693,0.03913500527376681,0.0,61.0,23036295.590396155,23267410.639540896,20286470.141931295,24664857.76592925,0.6885245901639344,0.47540983606557374,-0.17251857509122873,-0.07728649338318253,0.0,0.0,0.0
0.3,0.14,0.06,0.2,0.3,"(0.3, 0.14, 0.06, 0.2, 0.3)",0.09999999999999999,0.05593025310161592,0.0512756474881904,1.0907761450403441,0.0601580065221875,27728457.807188194,-0.12537320842035637,-0.1656635859074367,0.0378855890121571,0.0,61.0,23038109.589566745,23262136.57785034,20302743.669827715,24646215.821880687,0.6885245901639344,0.5901639344262295,-0.16689669294405687,-0.07519469824721736,0.0,0.0,0.0
0.24,0.14,0.06,0.24,0.32,"(0.24, 0.14, 0.06, 0.24, 0.32)",0.14,0.055920696207502285,0.05267180435998222,1.0616818027595127,0.0601580065221875,27721006.408148155,-0.13012179513701472,-0.17312033603234236,0.039493861076089834,0.0,61.0,23018298.708319116,23272675.3605391,20306651.659188777,24677402.78566526,0.6885245901639344,0.47540983606557374,-0.17433705597430632,-0.07730661845941386,0.0,0.0,0.0
0.28,0.1,0.08,0.18,0.36,"(0.28, 0.1, 0.08, 0.18, 0.36)",0.17999999999999997,0.055883261721442645,0.052177914668815134,1.071013705245719,0.0601580065221875,27681936.83862907,-0.12896084424116128,-0.17435560648874918,0.03814484219504747,0.0,61.0,23087063.507211484,23453410.166975416,20514837.286351338,24856896.16958294,0.6885245901639344,0.47540983606557374,-0.1750469615494015,-0.08327491301882411,0.0,0.0,0.0
0.34,0.14,0.06,0.18,0.28,"(0.34, 0.14, 0.06, 0.18, 0.28)",0.18,0.05586041281917331,0.050217917678014055,1.1123601973570003,0.0601580065221875,27713552.97746119,-0.1216406940299023,-0.16006589094705734,0.03663617275054738,0.0,61.0,23039584.832073,23256457.94398643,20318746.11430593,24627184.089978356,0.6885245901639344,0.6885245901639344,-0.16130028101019436,-0.07310053239982471,0.0,0.0,0.0
0.28,0.14,0.06,0.22,0.3,"(0.28, 0.14, 0.06, 0.22, 0.3)",0.09999999999999996,0.05585462664333041,0.05157282672856639,1.0830243402654582,0.0601580065221875,27707049.625361905,-0.1264036141059286,-0.167479006703146,0.03824444481448012,0.0,61.0,23020241.43465941,23268553.046473876,20323066.954924934,24658926.22956718,0.6885245901639344,0.5901639344262295,-0.1687005339682307,-0.0752148508119758,0.0,0.0,0.0
0.26,0.1,0.08,0.2,0.36,"(0.26, 0.1, 0.08, 0.2, 0.36)",0.17999999999999997,0.05580945271814208,0.05243760659882248,1.064302059876915,0.0601580065221875,27661051.653631542,-0.13002185086754037,-0.17627651021158344,0.03850369799737049,0.0,61.0,23069691.32544664,23473008.3318225,20441772.137297947,24870001.144232374,0.6885245901639344,0.47540983606557374,-0.17694913446640204,-0.08315428522977501,0.0,0.0,0.0
0.28,0.12,0.06,0.18,0.36,"(0.28, 0.12, 0.06, 0.18, 0.36)",0.17999999999999994,0.05574859208493721,0.05108511334737331,1.0912884093229418,0.0601580065221875,27674246.554171283,-0.12273551723085063,-0.16229763656138216,0.03790539718815114,0.0,61.0,23105531.462460294,23365850.07690781,20408158.086863995,24659807.703119725,0.6885245901639344,0.6557377049180327,-0.1632550803360933,-0.07857013038196456,0.0,0.0,0.0
0.3,0.1,0.08,0.18,0.34,"(0.3, 0.1, 0.08, 0.18, 0.34)",0.14000000000000004,0.05574336793423673,0.051334886961404445,1.0858769003649849,0.0601580065221875,27647072.450544327,-0.12594910851297292,-0.16998152640516126,0.03725428173576078,0.0,61.0,23071522.404766396,23474401.658199895,20516303.2897862,24851329.15591642,0.6885245901639344,0.5737704918032787,-0.1706751855826446,-0.08147472582100539,0.0,0.0,0.0
0.26,0.12,0.06,0.2,0.36,"(0.26, 0.12, 0.06, 0.2, 0.36)",0.17999999999999994,0.05567573984292906,0.051332002199788805,1.0846204600832448,0.0601580065221875,27653576.693987895,-0.12380409627148992,-0.16416442768749678,0.03826425299047416,0.0,61.0,23087874.63324306,23339345.23826471,20428884.931232486,24672912.98362086,0.6885245901639344,0.6229508196721312,-0.1651079115626069,-0.07846137441011601,0.0,0.0,0.0
0.3,0.12,0.06,0.18,0.34,"(0.3, 0.12, 0.06, 0.18, 0.34)",0.14,0.05560777359528668,0.05024050402776552,1.1068315231183774,0.0601580065221875,27639172.017054316,-0.1198354406757971,-0.15820380433382136,0.03701483672886445,0.0,61.0,23089589.827359818,23339752.585200276,20445200.534003638,24654140.380180806,0.6885245901639344,0.7540983606557377,-0.15914013531296597,-0.07676093465296759,0.0,0.0,0.0
0.24,0.12,0.06,0.22,0.36,"(0.24, 0.12, 0.06, 0.22, 0.36)",0.18,0.05560165297903197,0.051600805024184807,1.077534603442175,0.0601580065221875,27632613.20197939,-0.12487285923561076,-0.16603974133348154,0.038623108792797185,0.0,61.0,23070135.966096476,23334308.73257499,20449497.064415514,24685844.18915502,0.6885245901639344,0.6065573770491803,-0.1669688027777616,-0.07835268819161753,0.0,0.0,0.0
0.28,0.12,0.06,0.2,0.34,"(0.28, 0.12, 0.06, 0.2, 0.34)",0.13999999999999996,0.05553489058672856,0.05049209513815975,1.0998729689225686,0.0601580065221875,27618518.294650737,-0.12087028756918938,-0.16000542492787187,0.03737369253118748,0.0,61.0,23071980.261521794,23318812.925968617,20465955.496964604,24667236.56021281,0.6885245901639344,0.6885245901639344,-0.16092856682941958,-0.0766562101643456,0.0,0.0,0.0
0.32,0.12,0.06,0.18,0.32,"(0.32, 0.12, 0.06, 0.18, 0.32)",0.14,0.05546556396648472,0.049407942774966816,1.1226041978535297,0.0601580065221875,27603788.95178832,-0.11712028997890178,-0.15439960500299932,0.03612427626957777,0.0,61.0,23073485.370978054,23314072.727105696,20482140.975462887,24648239.000016313,0.6885245901639344,0.8524590163934426,-0.15533138228470272,-0.07495876627229817,0.0,0.0,0.0
0.26,0.12,0.06,0.22,0.34,"(0.26, 0.12, 0.06, 0.22, 0.34)",0.14,0.05546077321480225,0.05076591457954535,1.0924805289955035,0.0601580065221875,27597571.36576939,-0.1219052099213026,-0.16181496110099927,0.0377325483335105,0.0,61.0,23054288.85949326,23308548.595674697,20486595.549891956,24680158.710510742,0.6885245901639344,0.6557377049180327,-0.1627244660477837,-0.07655155475058262,0.0,0.0,0.0
0.3,0.12,0.06,0.2,0.32,"(0.3, 0.12, 0.06, 0.2, 0.32)",0.09999999999999999,0.055392650469252125,0.049664333460576665,1.1153406601786486,0.0601580065221875,27583151.663662907,-0.11815851711265346,-0.15619333207445033,0.03648313207190079,0.0,61.0,23055923.16170119,23310645.03090089,20502923.961216755,24661325.995368626,0.6885245901639344,0.819672131147541,-0.1571125728580186,-0.07485805870812386,0.0,0.0,0.0
0.24,0.12,0.06,0.24,0.34,"(0.24, 0.12, 0.06, 0.24, 0.34)",0.14,0.055385421888686004,0.05106160475282855,1.0846784419876254,0.0601580065221875,27576331.934416417,-0.12294020534905803,-0.16363241629033018,0.03809140413583352,0.0,61.0,23036515.791650772,23306605.74845658,20507120.31839785,24692906.55876895,0.6885245901639344,0.6229508196721312,-0.1645278337282797,-0.07644696700265362,0.0,0.0,0.0
0.34,0.12,0.06,0.18,0.3,"(0.34, 0.12, 0.06, 0.18, 0.3)",0.14,0.05532196492733621,0.04858804892754385,1.1385920231091025,0.0601580065221875,27568099.002299637,-0.11440071300241295,-0.1505997121279846,0.03523371581029108,0.0,61.0,23057218.64875118,23304783.76623158,20518978.877036765,24642103.950941082,0.6885245901639344,0.9672131147540983,-0.15152621357999782,-0.0731636441654329,0.0,0.0,0.0
0.28,0.12,0.06,0.22,0.32,"(0.28, 0.12, 0.06, 0.22, 0.32)",0.09999999999999996,0.05531850286738749,0.049943269937920386,1.1076267720585482,0.0601580065221875,27562221.59731174,-0.11919681760057899,-0.15799497614186217,0.03684198787422381,0.0,61.0,23038279.118368555,23298203.748382445,20523591.83858947,24674239.007654637,0.6885245901639344,0.7540983606557377,-0.1589012343882912,-0.07475741952693463,0.0,0.0,0.0
0.26,0.14,0.04,0.22,0.34,"(0.26, 0.14, 0.04, 0.22, 0.34)",0.16000000000000003,0.0553056983374105,0.05003667936355292,1.1053031304410577,0.0601580065221875,27585140.88345027,-0.12032771351954519,-0.1570289026776459,0.03749310332661417,0.0,61.0,23071716.74210043,23333581.849419754,20261925.65616759,24643690.092362434,0.6885245901639344,0.7704918032786885,-0.1582106293878543,-0.0717528848462318,0.0,0.0,0.0
0.32,0.12,0.06,0.2,0.3,"(0.32, 0.12, 0.06, 0.2, 0.3)",0.09999999999999999,0.05524902121722408,0.04884933458877677,1.1310086756006221,0.0601580065221875,27547478.44342927,-0.11544232437993918,-0.15238555112911079,0.0355925716126141,0.0,61.0,23039703.887553975,23302538.78496595,20539789.78925954,24655181.67728159,0.6885245901639344,0.8852459016393442,-0.15330016885818312,-0.07306693889535715,0.0,0.0,0.0
0.26,0.12,0.06,0.24,0.32,"(0.26, 0.12, 0.06, 0.24, 0.32)",0.09999999999999999,0.055243121570039744,0.050244376713024105,1.0994886429891744,0.0601580065221875,27540999.456072845,-0.12023518906004027,-0.1598045407100059,0.03720084367654684,0.0,61.0,23020553.410673253,23302389.55550049,20544144.232750528,24686977.764786955,0.6885245901639344,0.6885245901639344,-0.16069736769533322,-0.07465684728310215,0.0,0.0,0.0
0.24,0.14,0.04,0.24,0.34,"(0.24, 0.14, 0.04, 0.24, 0.34)",0.16000000000000006,0.05523130871697601,0.05031795421184984,1.0976461500091965,0.0601580065221875,27564120.309054192,-0.12136409200813825,-0.15881260855490467,0.0378519591289372,0.0,61.0,23053659.4342449,23330017.766132034,20282318.08261595,24632752.63808695,0.6885245901639344,0.7213114754098361,-0.1599838792878348,-0.07166042578610882,0.0,0.0,0.0
0.3,0.12,0.06,0.22,0.3,"(0.3, 0.12, 0.06, 0.22, 0.3)",0.059999999999999984,0.05517484366143521,0.049133486199605225,1.1229580461131319,0.0601580065221875,27526565.537473988,-0.11648400700604811,-0.15417930852723308,0.03595142741493712,0.0,61.0,23022107.29483304,23309743.70357439,20560485.395256966,24668085.468656,0.6885245901639344,0.8524590163934426,-0.15508159834209642,-0.07297030130323333,0.0,0.0,0.0
0.28,0.14,0.04,0.22,0.32,"(0.28, 0.14, 0.04, 0.22, 0.32)",0.12,0.055162505398135275,0.04921894970254053,1.120757467022665,0.0601580065221875,27549588.45212725,-0.11761841097393311,-0.15327411467961077,0.03660254286732749,0.0,61.0,23055307.6703898,23335697.588249635,20298367.208336417,24612074.909163933,0.6885245901639344,0.8688524590163934,-0.15444576622454614,-0.06994998112715077,0.0,0.0,0.0
0.26,0.14,0.04,0.24,0.32,"(0.26, 0.14, 0.04, 0.24, 0.32)",0.12000000000000002,0.05508808625671624,0.04950545451268919,1.1127680131205768,0.0601580065221875,27528585.167210493,-0.11865816157411313,-0.15505003381395113,0.03696139866965051,0.0,61.0,23037298.31631621,23325139.795176186,20318787.087309867,24601145.86065235,0.6885245901639344,0.819672131147541,-0.156211865509872,-0.06986155693593869,0.0,0.0,0.0
0.3,0.1,0.06,0.18,0.36,"(0.3, 0.1, 0.06, 0.18, 0.36)",0.14,0.05505316398372484,0.048934479476869464,1.1250383077998731,0.0601580065221875,27490037.210362125,-0.11522815165461042,-0.15261115214003768,0.03593991836378255,0.0,61.0,23105597.809668295,23390068.001699284,20645091.489500865,24666769.047197912,0.6885245901639344,0.8852459016393442,-0.1532838991884436,-0.07956421432416202,0.0,0.0,0.0
0.32,0.08,0.08,0.18,0.34,"(0.32, 0.08, 0.08, 0.18, 0.34)",0.18000000000000005,0.05504216891625324,0.049309820717078644,1.1162516536424798,0.0601580065221875,27461646.31634283,-0.11903263793154728,-0.16089521071543567,0.03598225040537009,0.0,61.0,23071669.740780026,23356151.47336084,20438816.837806262,24857315.93192955,0.6885245901639344,0.7049180327868853,-0.16131363275869295,-0.0824297182887211,0.0,0.0,0.0
0.26,0.08,0.08,0.22,0.36,"(0.26, 0.08, 0.08, 0.22, 0.36)",0.18,0.05503686636834537,0.05068090498146674,1.0859487688404843,0.0601580065221875,27455415.878024813,-0.12355947789224586,-0.16823854753137588,0.03708285932384288,0.0,61.0,23053044.90753475,23334096.61020937,20292471.62641314,24889527.768977385,0.6885245901639344,0.5901639344262295,-0.16860924961396617,-0.08397429492588321,0.0,0.0,0.0
0.3,0.14,0.04,0.22,0.3,"(0.3, 0.14, 0.04, 0.22, 0.3)",0.08000000000000002,0.055017925512323096,0.04841443857933247,1.136394991386094,0.0601580065221875,27513731.00277978,-0.11490469588481866,-0.14952362810166223,0.0357119824080408,0.0,61.0,23038737.13292477,23333655.88589997,20334706.890425984,24580251.760222245,0.6885245901639344,0.9836065573770492,-0.15068449288660765,-0.06815419987295981,0.0,0.0,0.0
0.24,0.14,0.04,0.26,0.32,"(0.24, 0.14, 0.04, 0.26, 0.32)",0.14000000000000004,0.055012433444331155,0.04981423519812715,1.1043516622413072,0.0601580065221875,27507290.440127958,-0.11969797916704106,-0.1568337609206405,0.037320254471973534,0.0,61.0,23019207.92718792,23264078.976051457,20339092.55708004,24590027.688099004,0.6885245901639344,0.7704918032786885,-0.15798534100351813,-0.06977319771346926,0.0,0.0,0.0
0.28,0.1,0.06,0.2,0.36,"(0.28, 0.1, 0.06, 0.2, 0.36)",0.13999999999999996,0.054981756372146195,0.0491644838345352,1.118322660666778,0.0601580065221875,27469858.930242643,-0.11621536971949908,-0.15434611040856647,0.03618630315303158,0.0,61.0,23088213.9317962,23361741.97544634,20666194.10574176,24680066.183607474,0.6885245901639344,0.8524590163934426,-0.15500703633034643,-0.07945204958133813,0.0,0.0,0.0
0.28,0.14,0.04,0.24,0.3,"(0.28, 0.14, 0.04, 0.24, 0.3)",0.07999999999999999,0.054943477122789686,0.04870626922676984,1.1280575990532193,0.0601580065221875,27492745.303945642,-0.11594782258141167,-0.1512917659532823,0.036070838210363824,0.0,61.0,23020775.825635217,23262598.328191794,20355154.127017338,24569331.268897828,0.6885245901639344,0.9016393442622951,-0.1524434472038926,-0.06806979564067245,0.0,0.0,0.0
0.26,0.14,0.04,0.26,0.3,"(0.26, 0.14, 0.04, 0.26, 0.3)",0.1,0.05486779532075792,0.04902067366131238,1.119278688413051,0.0601580065221875,27471468.594652034,-0.11699101417247382,-0.1530677131645636,0.03642969401268684,0.0,61.0,23002733.485754382,23228443.623894483,20375486.758881845,24558221.9217093,0.6885245901639344,0.8688524590163934,-0.15420978095310078,-0.0679854555839892,0.0,0.0,0.0
0.24,0.14,0.04,0.28,0.3,"(0.24, 0.14, 0.04, 0.28, 0.3)",0.14000000000000004,0.05479088051912684,0.049357220501228115,1.1100884523625782,0.0601580065221875,27449901.58842903,-0.11803426828878905,-0.15485147306899166,0.03678854981500987,0.0,61.0,22984610.287889168,23223315.42489845,20395704.416961983,24546923.9912221,0.6885245901639344,0.819672131147541,-0.15598349480450857,-0.06790117808200047,0.0,0.0,0.0
0.28,0.14,0.04,0.26,0.28,"(0.28, 0.14, 0.04, 0.26, 0.28)",0.09999999999999995,0.05472177250887311,0.04824118561026428,1.1343372227823099,0.0601580065221875,27435343.97462729,-0.11427964366329069,-0.14930600600242427,0.03553913355340016,0.0,61.0,22986098.322648223,23224193.802450657,20411778.37487237,24526209.60940454,0.6885245901639344,0.9836065573770492,-0.15043784685449116,-0.06620482424420283,0.0,0.0,0.0
0.24,0.12,0.04,0.24,0.36,"(0.24, 0.12, 0.04, 0.24, 0.36)",0.16,0.05468708813915213,0.04881081903691258,1.1203886601000423,0.0601580065221875,27417883.594827652,-0.11412345605907381,-0.1493979658701039,0.036449502188680885,0.0,61.0,23070541.706123963,23362225.14371974,20482036.487469796,24610753.352158427,0.6885245901639344,0.9836065573770492,-0.15026697806543504,-0.07449768157369209,0.0,0.0,0.0
0.26,0.14,0.04,0.28,0.28,"(0.26, 0.14, 0.04, 0.28, 0.28)",0.13999999999999999,0.05464482924731806,0.04858372711962149,1.1247558079019564,0.0601580065221875,27413795.7179403,-0.11532627365992498,-0.1510819929497207,0.035897989355723185,0.0,61.0,22968023.26793114,23236232.308875497,20432022.904679444,24514920.925092477,0.6885245901639344,0.9016393442622951,-0.15220442791800842,-0.06612455007442522,0.0,0.0,0.0
0.32,0.06,0.08,0.18,0.36,"(0.32, 0.06, 0.08, 0.18, 0.36)",0.22000000000000003,0.05446741108198139,0.04838862544831933,1.1256242676319541,0.0601580065221875,27308447.339549955,-0.11674703016908639,-0.15832279834235355,0.03565562627836959,0.0,61.0,23085982.16415191,23290208.989004992,20358823.608132016,24866822.0268874,0.6885245901639344,0.8032786885245902,-0.1584852206571305,-0.0851504973120944,0.0,0.0,0.0
0.3,0.06,0.08,0.2,0.36,"(0.3, 0.06, 0.08, 0.2, 0.36)",0.18,0.0543964898810938,0.04861257007444056,1.118979922225801,0.0601580065221875,27288546.61321988,-0.11725768331276065,-0.15945702347684568,0.035856643096267585,0.0,61.0,23069154.28649976,23277305.469175342,20286609.4857688,24880311.188303754,0.6885245901639344,0.7704918032786885,-0.15959714258189023,-0.0850234184827016,0.0,0.0,0.0
0.34,0.06,0.08,0.18,0.34,"(0.34, 0.06, 0.08, 0.18, 0.34)",0.22000000000000008,0.05432599562136731,0.047508727492806574,1.1434950689763888,0.0601580065221875,27273630.972521637,-0.11413503940719194,-0.15450712439932757,0.03506525444681337,0.0,61.0,23070207.72402876,23261034.36111086,20359770.783283424,24860807.62086941,0.6885245901639344,0.8852459016393442,-0.1546828910532987,-0.08336621499767072,0.0,0.0,0.0
0.28,0.06,0.08,0.22,0.36,"(0.28, 0.06, 0.08, 0.22, 0.36)",0.17999999999999997,0.05432433696273997,0.048859879767419796,1.1118393500215678,0.0601580065221875,27268355.59997158,-0.11776917929738484,-0.1605966819182539,0.03610302788551662,0.0,61.0,23052243.350128006,23264225.001301866,20214537.475589033,24893625.4210517,0.6885245901639344,0.7213114754098361,-0.16071420331967437,-0.08489641647997995,0.0,0.0,0.0
0.32,0.06,0.08,0.2,0.34,"(0.32, 0.06, 0.08, 0.2, 0.34)",0.18000000000000005,0.05425504369702461,0.04773740532121871,1.1365310563477333,0.0601580065221875,27253745.725497756,-0.11464759999360807,-0.1556320672908839,0.035259975030799716,0.0,61.0,23053426.47487732,23248141.811020378,20287548.911499992,24874287.427370556,0.6885245901639344,0.8360655737704918,-0.15578614148762449,-0.08324309271960458,0.0,0.0,0.0
0.36,0.06,0.08,0.18,0.32,"(0.36, 0.06, 0.08, 0.18, 0.32)",0.22000000000000003,0.05418319484900658,0.04664028760882914,1.1617251442238006,0.0601580065221875,27238511.484556947,-0.11151940828366658,-0.15069922253745152,0.03447488261525714,0.0,61.0,23054271.244063634,23231662.350261535,20360511.46592622,24854558.215028577,0.6885245901639344,0.9672131147540983,-0.15088760753317715,-0.0815888248582801,0.0,0.0,0.0
0.34,0.04,0.08,0.18,0.36,"(0.34, 0.04, 0.08, 0.18, 0.36)",0.26000000000000006,0.05373706151999591,0.04685158132988799,1.1469636668531287,0.0601580065221875,27117882.00783476,-0.11185355310619194,-0.15190786408341841,0.035086115050731,0.0,61.0,23083025.59823738,23300841.68594964,20278495.354146395,24868043.033184357,0.6885245901639344,0.9180327868852459,-0.15190786408341841,-0.08606027190362558,0.0,0.0,0.0
0.32,0.04,0.08,0.2,0.36,"(0.32, 0.04, 0.08, 0.2, 0.36)",0.22,0.053667580698461004,0.047053917100436334,1.1405550059500433,0.0601580065221875,27098468.394510914,-0.11236804429588465,-0.15303133146825557,0.035280835634717345,0.0,61.0,23066471.12673965,23296849.27262526,20206713.23784185,24881721.977593046,0.6885245901639344,0.9016393442622951,-0.15303133146825557,-0.08593006525820825,0.0,0.0,0.0
0.24,0.14,0.08,0.18,0.36,"(0.24, 0.14, 0.08, 0.18, 0.36)",0.26,0.05723899370643859,0.056756870612242036,1.0084945327146448,0.0601580065221875,28044745.031711612,-0.1457377758501146,-0.19640776296354065,0.04273087699413346,0.0,61.0,23081696.934249386,23333861.39168623,20157716.249206208,24836975.72381245,0.6721311475409836,0.2459016393442623,-0.19777754892061733,-0.08940736852107424,0.0,0.0,0.0
0.26,0.14,0.08,0.18,0.34,"(0.26, 0.14, 0.08, 0.18, 0.34)",0.22000000000000003,0.0571006512946064,0.05595707217854417,1.0204367217858248,0.0601580065221875,28009862.47051958,-0.14311946129447062,-0.19256712045366897,0.04184031653484677,0.0,61.0,23066397.056012373,23343615.366988916,20194715.549472988,24831861.833051287,0.6721311475409836,0.26229508196721313,-0.19391439825483245,-0.0873104567188217,0.0,0.0,0.0
0.32,0.16,0.06,0.18,0.28,"(0.32, 0.16, 0.06, 0.18, 0.28)",0.18,0.056528792309012976,0.0528208497460967,1.0701984648247784,0.0601580065221875,27892275.322203495,-0.13244273641498705,-0.1744507043056188,0.03892919015009039,0.0,61.0,23036776.15875377,23264370.271743514,20082948.218177393,24616157.891222194,0.6721311475409836,0.45901639344262296,-0.1760712700655599,-0.07582802408092718,0.0,0.0,0.0
0.26,0.16,0.06,0.22,0.3,"(0.26, 0.16, 0.06, 0.22, 0.3)",0.13999999999999996,0.05651934261328595,0.054174222804279505,1.0432884808976197,0.0601580065221875,27884793.3634381,-0.1374828836931381,-0.18233545206470683,0.040537462214023115,0.0,61.0,23016772.224431016,23216531.63123947,20086826.220203727,24647288.134898096,0.6721311475409836,0.3442622950819672,-0.18395074855083932,-0.07731286835099156,0.0,0.0,0.0
0.24,0.12,0.08,0.2,0.36,"(0.24, 0.12, 0.08, 0.2, 0.36)",0.21999999999999997,0.056493410161968294,0.05465448149635753,1.0336464387780044,0.0601580065221875,27843330.5909981,-0.13824151775872973,-0.18712313742165412,0.04079671539691349,0.0,61.0,23067543.4351159,23419366.53099996,20414572.10361352,24861096.81074093,0.6721311475409836,0.3442622950819672,-0.18812408983468595,-0.08324572587710061,0.0,0.0,0.0
0.3,0.16,0.06,0.2,0.28,"(0.3, 0.16, 0.06, 0.2, 0.28)",0.13999999999999996,0.05645292058247886,0.05311312315797819,1.0628808329453132,0.0601580065221875,27870681.979130402,-0.13373502207002963,-0.1766314201378131,0.039288045952413406,0.0,61.0,23018766.000981443,23212002.261847813,20103043.544015918,24628838.819417275,0.6721311475409836,0.4426229508196721,-0.17824485262544018,-0.07554843772888846,0.0,0.0,0.0
0.28,0.12,0.08,0.18,0.34,"(0.28, 0.12, 0.08, 0.18, 0.34)",0.18,0.05642954466687167,0.053558526758630695,1.053605244243921,0.0601580065221875,27829835.591961574,-0.13414065283963594,-0.18075012736416796,0.039547299135303776,0.0,61.0,23069764.95747081,23417120.347190313,20431385.25700668,24842844.99210592,0.6721311475409836,0.4426229508196721,-0.18176627162218323,-0.08113433348354325,0.0,0.0,0.0
0.34,0.16,0.06,0.18,0.26,"(0.34, 0.16, 0.06, 0.18, 0.26)",0.22000000000000003,0.05638392939671122,0.05207730630762097,1.082696732884973,0.0601580065221875,27855929.72065991,-0.1299770409733948,-0.17095691614239394,0.038038629690803696,0.0,61.0,23020421.104398225,23207528.578243554,20118992.19375288,24609999.29159457,0.6721311475409836,0.47540983606557374,-0.17256606792131896,-0.07378843943620825,0.0,0.0,0.0
0.32,0.14,0.06,0.2,0.28,"(0.32, 0.14, 0.06, 0.2, 0.28)",0.13999999999999996,0.055785991270031365,0.050498301798472416,1.1047102433792912,0.0601580065221875,27692456.050801955,-0.12267438922275364,-0.16186559067730483,0.03699502855287041,0.0,61.0,23021845.66673972,23264096.518875282,20339211.096858144,24640059.440651476,0.6721311475409836,0.6557377049180327,-0.16308948175182006,-0.07312071245311035,0.0,0.0,0.0
0.36,0.14,0.06,0.18,0.26,"(0.36, 0.14, 0.06, 0.18, 0.26)",0.21999999999999997,0.05571479135327073,0.04944982363771232,1.1266934289080155,0.0601580065221875,27677227.024325613,-0.11893410369318203,-0.1562801012151353,0.0357456122912607,0.0,61.0,23023111.516089484,23259306.159752056,20355083.620997474,24620803.470567793,0.6721311475409836,0.819672131147541,-0.15750391666426697,-0.0710242033828173,0.0,0.0,0.0
0.26,0.16,0.04,0.24,0.3,"(0.26, 0.16, 0.04, 0.24, 0.3)",0.12,0.05561675125152998,0.05128870532626687,1.0843859461402032,0.0601580065221875,27671451.63955057,-0.1258721431072818,-0.16439989516831666,0.038363855609906815,0.0,61.0,23018839.04455698,23250582.75796825,20119147.303516038,24620899.826037113,0.6721311475409836,0.5901639344262295,-0.1658881473461913,-0.07135940135222218,0.0,0.0,0.0
0.28,0.14,0.04,0.18,0.36,"(0.28, 0.14, 0.04, 0.18, 0.36)",0.19999999999999998,0.055592518055904705,0.05038115451490273,1.1034387479044463,0.0601580065221875,27661582.076554835,-0.12096680677839733,-0.15722836994747136,0.03766595218125481,0.0,61.0,23123930.302692592,23394959.929138005,20184312.431807104,24696417.566459026,0.6721311475409836,0.7704918032786885,-0.1584403518081088,-0.07384362968073682,0.0,0.0,0.0
0.24,0.16,0.04,0.26,0.3,"(0.24, 0.16, 0.04, 0.26, 0.3)",0.14,0.05553961855227807,0.05161375333517186,1.0760623857678444,0.0601580065221875,27649679.062177967,-0.12690405889103162,-0.16619705257206369,0.03872271141222984,0.0,61.0,23000524.76876721,23221840.837581053,20139111.45213829,24609570.270989887,0.6721311475409836,0.5573770491803278,-0.16767646569299055,-0.07108993783988886,0.0,0.0,0.0
0.26,0.14,0.04,0.2,0.36,"(0.26, 0.14, 0.04, 0.2, 0.36)",0.19999999999999998,0.05552062783584111,0.05061288582839429,1.0969662552751247,0.0601580065221875,27641131.21495642,-0.12199966765463643,-0.15900426769548262,0.03802480798357784,0.0,61.0,23105987.740616087,23366525.27392281,20204904.234194696,24685851.97600649,0.6721311475409836,0.7213114754098361,-0.16020602053837024,-0.07365946919315101,0.0,0.0,0.0
0.28,0.16,0.04,0.24,0.28,"(0.28, 0.16, 0.04, 0.24, 0.28)",0.11999999999999994,0.05547150632120568,0.0505293668774982,1.0978072702887618,0.0601580065221875,27635284.642688677,-0.12317915749147479,-0.1606514386723116,0.03747329515062013,0.0,61.0,23002272.110655986,23212495.46631075,20155118.208604082,24589031.98088844,0.6721311475409836,0.6557377049180327,-0.16212501852404843,-0.06934869225797098,0.0,0.0,0.0
0.3,0.14,0.04,0.18,0.34,"(0.3, 0.14, 0.04, 0.18, 0.34)",0.16000000000000006,0.055450774150022086,0.049541535791700834,1.1192784653097323,0.0601580065221875,27626303.60523411,-0.11825517329809698,-0.1534848970500738,0.03677539172196813,0.0,61.0,23107587.54593096,23351254.74978862,20220799.645499654,24664995.755842503,0.6721311475409836,0.8688524590163934,-0.15468624554675403,-0.072003049026993,0.0,0.0,0.0
0.24,0.14,0.04,0.22,0.36,"(0.24, 0.14, 0.04, 0.22, 0.36)",0.2,0.05544750260929421,0.05086699006901545,1.0900488221155606,0.0601580065221875,27620386.65265706,-0.12303260446138853,-0.16078796385909513,0.038383663785900864,0.0,61.0,23087963.78844349,23337940.280312754,20225382.76082552,24675096.194349587,0.6721311475409836,0.6557377049180327,-0.16197905756400713,-0.07365657747142855,0.0,0.0,0.0
0.32,0.16,0.04,0.22,0.26,"(0.32, 0.16, 0.04, 0.22, 0.26)",0.16,0.055400830518819166,0.04947058566718247,1.1198741589908177,0.0601580065221875,27620256.321744278,-0.11944321905729072,-0.1551334229158811,0.03622387888901042,0.0,61.0,23003681.489221994,23196611.308634363,20170855.85435316,24568079.53616989,0.6721311475409836,0.819672131147541,-0.15659878751675474,-0.06761188303962744,0.0,0.0,0.0
0.26,0.16,0.04,0.26,0.28,"(0.26, 0.16, 0.04, 0.26, 0.28)",0.13999999999999996,0.055394344678831864,0.05085983620394435,1.0891569618255248,0.0601580065221875,27613530.736997757,-0.12421442761774126,-0.16244084167911257,0.03783215095294315,0.0,61.0,22984006.00150589,23185098.121030007,20175108.916497912,24577711.491317526,0.6721311475409836,0.6229508196721312,-0.1639062097892962,-0.0690839438998217,0.0,0.0,0.0
0.28,0.14,0.04,0.2,0.34,"(0.28, 0.14, 0.04, 0.2, 0.34)",0.16,0.05537885361791828,0.04977775640359711,1.1125220905680757,0.0601580065221875,27605868.881047815,-0.11929140649211967,-0.15525300001335765,0.037134247524291154,0.0,61.0,23089692.83753279,23336982.134622484,20241419.386533927,24654437.8866129,0.6721311475409836,0.819672131147541,-0.1564447517603847,-0.0718454112096727,0.0,0.0,0.0
0.36,0.16,0.04,0.2,0.24,"(0.36, 0.16, 0.04, 0.2, 0.24)",0.24,0.05532759241379859,0.04843908877119436,1.1422096042132954,0.0601580065221875,27604595.467009414,-0.11569622687857894,-0.14964301745649242,0.03497446262740071,0.0,61.0,23004753.023758788,23203232.78534055,20186323.939304415,24546714.141577195,0.6721311475409836,0.9836065573770492,-0.1510977891542245,-0.06587954572937431,0.0,0.0,0.0
0.3,0.16,0.04,0.24,0.26,"(0.3, 0.16, 0.04, 0.24, 0.26)",0.12,0.05532487433050015,0.049784733253051744,1.1112819275195935,0.0601580065221875,27598813.027555108,-0.12048178296136536,-0.15690732481420247,0.03658273469133344,0.0,61.0,22985544.25217078,23184068.409642704,20190987.09427392,24556956.94196316,0.6721311475409836,0.7540983606557377,-0.15836552635584006,-0.06735088060678915,0.0,0.0,0.0
0.24,0.16,0.04,0.28,0.28,"(0.24, 0.16, 0.04, 0.28, 0.28)",0.18,0.05531594906953008,0.05121144350165257,1.080148210775294,0.0601580065221875,27591485.486238517,-0.12524976199642046,-0.1642379984959782,0.038191006755266176,0.0,61.0,22965659.454804275,23199537.344527204,20194985.387904163,24566202.333139326,0.6721311475409836,0.5901639344262295,-0.1656947292070275,-0.06889925162278798,0.0,0.0,0.0
0.32,0.14,0.04,0.18,0.32,"(0.32, 0.14, 0.04, 0.18, 0.32)",0.16000000000000006,0.05530764102755814,0.048714309314479384,1.1353469197421016,0.0601580065221875,27590717.88418503,-0.11553912023576951,-0.14974568648052505,0.03588483126268144,0.0,61.0,23091082.575631127,23352107.66485567,20257185.70629392,24633364.5629331,0.6721311475409836,0.9836065573770492,-0.15093569306725532,-0.07016960829726152,0.0,0.0,0.0
0.34,0.16,0.04,0.22,0.24,"(0.34, 0.16, 0.04, 0.22, 0.24)",0.20000000000000004,0.055252841844597,0.04873603325035147,1.1337164344248007,0.0601580065221875,27583462.922930334,-0.11673809033381477,-0.15140142434840215,0.03533331842972373,0.0,61.0,22986744.919682298,23178665.51493173,20206595.636764973,24535789.325888418,0.6721311475409836,0.9016393442622951,-0.1528500754874802,-0.06562226529074046,0.0,0.0,0.0
0.28,0.16,0.04,0.26,0.26,"(0.28, 0.16, 0.04, 0.26, 0.26)",0.13999999999999996,0.055247684019400944,0.05012068903238123,1.1022929869082074,0.0601580065221875,27577078.097611316,-0.12152041139242586,-0.15868897894269643,0.036941590493656466,0.0,61.0,22967326.403209638,23196876.053681087,20211004.26772003,24545645.671925914,0.6721311475409836,0.6885245901639344,-0.16013959624817656,-0.06709081761321715,0.0,0.0,0.0
0.3,0.14,0.04,0.2,0.32,"(0.3, 0.14, 0.04, 0.2, 0.32)",0.12000000000000002,0.05523569045789922,0.04895511187112292,1.1282926000314386,0.0601580065221875,27570299.58976778,-0.11657872973722672,-0.15150600009464224,0.036243687065004464,0.0,61.0,23073235.81480098,23348854.656379245,20277833.290589597,24622814.564840358,0.6721311475409836,0.9016393442622951,-0.15268704238282663,-0.07003847187772042,0.0,0.0,0.0
0.3,0.08,0.08,0.18,0.36,"(0.3, 0.08, 0.08, 0.18, 0.36)",0.18,0.05518282722985446,0.05017250682863493,1.0998618709312724,0.0601580065221875,27496490.390719388,-0.12163717852119538,-0.1647074160177333,0.03659008974534481,0.0,61.0,23087328.514122773,23394561.97423711,20437611.67339462,24863107.385026485,0.6721311475409836,0.6229508196721312,-0.16511713571067693,-0.08422199301437475,0.0,0.0,0.0
0.32,0.16,0.04,0.24,0.24,"(0.32, 0.16, 0.04, 0.24, 0.24)",0.16000000000000003,0.05517685699928321,0.049055474089593175,1.1247849098045644,0.0601580065221875,27562038.465828884,-0.11778001858974585,-0.1531675815866246,0.03569217423204675,0.0,61.0,22968656.031794168,23185817.287215468,20226753.440919176,24524675.832936045,0.6721311475409836,0.8688524590163934,-0.15460969549825912,-0.06536592242538308,0.0,0.0,0.0
0.24,0.12,0.06,0.26,0.32,"(0.24, 0.12, 0.06, 0.26, 0.32)",0.12000000000000001,0.05516650698859715,0.05056725774301235,1.0909531078184747,0.0601580065221875,27519485.952432707,-0.12127362910950579,-0.16162202912541604,0.037559699478869855,0.0,61.0,23002746.209013823,23306410.087521985,20546775.481506698,24699541.99815429,0.6721311475409836,0.6721311475409836,-0.16250097344392042,-0.07455634053645428,0.0,0.0,0.0
0.28,0.12,0.06,0.24,0.3,"(0.28, 0.12, 0.06, 0.24, 0.3)",0.059999999999999956,0.055099432669089454,0.04944010950298351,1.114468257109431,0.0601580065221875,27505360.98709476,-0.11752575849854208,-0.1559809878946938,0.03631028321726014,0.0,61.0,23004429.039598394,23313919.14030812,20581065.31975728,24680815.05319693,0.6721311475409836,0.819672131147541,-0.1568705029110923,-0.0728737299070588,0.0,0.0,0.0
0.3,0.08,0.08,0.2,0.34,"(0.3, 0.08, 0.08, 0.2, 0.34)",0.14,0.05496977400484249,0.04955765887376069,1.1092084504005364,0.0601580065221875,27441270.826454192,-0.1195413588980565,-0.16203077586778936,0.03622863519461913,0.0,61.0,23054615.93142226,23336957.591826975,20366166.21861578,24870604.46692419,0.6721311475409836,0.6721311475409836,-0.16242816605497462,-0.08230981660096783,0.0,0.0,0.0
0.26,0.1,0.06,0.22,0.36,"(0.26, 0.1, 0.06, 0.22, 0.36)",0.13999999999999996,0.054909115389334184,0.049417533780431164,1.1111261770630414,0.0601580065221875,27449388.600730017,-0.11729267111316932,-0.1562087256423208,0.03643268794228063,0.0,61.0,23070747.819724314,23362591.079089113,20614040.111439824,24693189.549384188,0.6721311475409836,0.819672131147541,-0.15685397231176681,-0.07933995821651631,0.0,0.0,0.0
0.3,0.1,0.06,0.2,0.34,"(0.3, 0.1, 0.06, 0.2, 0.34)",0.10000000000000002,0.054840148051079396,0.04830182015043662,1.135364006579443,0.0601580065221875,27434821.786907475,-0.11317240874313095,-0.15003768333472664,0.03557846381305686,0.0,61.0,23072202.543869637,23356952.581677493,20688813.643027693,24674167.970126912,0.6721311475409836,0.9672131147540983,-0.15069800226288144,-0.0776548580622346,0.0,0.0,0.0
0.24,0.1,0.06,0.24,0.36,"(0.24, 0.1, 0.06, 0.24, 0.36)",0.14,0.05483524144112972,0.04969327725501213,1.1034740405574472,0.0601580065221875,27428626.910365257,-0.11837015136541984,-0.15807993679343516,0.036688947195577214,0.0,61.0,23053199.6415237,23352916.37109876,20540594.914629698,24706138.8684021,0.6721311475409836,0.8032786885245902,-0.1587090304299539,-0.079227938904326,0.0,0.0,0.0
0.28,0.1,0.06,0.22,0.34,"(0.28, 0.1, 0.06, 0.22, 0.34)",0.09999999999999999,0.05476747680417815,0.048559960733312126,1.127831982916075,0.0601580065221875,27414367.69004547,-0.11425354078933259,-0.15189085385924558,0.0358248486023059,0.0,61.0,23054783.67584225,23343853.22533769,20615213.976476226,24687282.21297551,0.6721311475409836,0.9016393442622951,-0.1525362277074891,-0.0775467697473541,0.0,0.0,0.0
0.26,0.1,0.06,0.24,0.34,"(0.26, 0.1, 0.06, 0.24, 0.34)",0.10000000000000002,0.05469357284887799,0.04884113766259107,1.1198259390826901,0.0601580065221875,27393622.656126376,-0.11533485014195499,-0.1537526190712396,0.036071233391554935,0.0,61.0,23037282.74346144,23347478.90887769,20541760.187313173,24700222.455512855,0.6721311475409836,0.8852459016393442,-0.15438257629319424,-0.07743875280871843,0.0,0.0,0.0
0.24,0.1,0.06,0.26,0.34,"(0.24, 0.1, 0.06, 0.26, 0.34)",0.12000000000000004,0.05461843659322985,0.0491449555408406,1.1113742192286786,0.0601580065221875,27372587.382174067,-0.11641633379832683,-0.1556229856744032,0.03631761818080397,0.0,61.0,23019699.91482719,23353699.718304235,20468452.619624306,24712988.425295096,0.6721311475409836,0.819672131147541,-0.15623705179295336,-0.07733080588938152,0.0,0.0,0.0
0.28,0.1,0.06,0.24,0.32,"(0.28, 0.1, 0.06, 0.24, 0.32)",0.059999999999999984,0.05455051779926223,0.04800113308089058,1.1364422941294898,0.0601580065221875,27358314.03455711,-0.11229338385730847,-0.14943168263737733,0.03546339405158021,0.0,61.0,23021203.984375656,23355274.659089357,20542717.146225195,24694072.383393936,0.6721311475409836,0.9836065573770492,-0.15006167960559164,-0.0756565350890441,0.0,0.0,0.0
0.24,0.08,0.06,0.26,0.36,"(0.24, 0.08, 0.06, 0.26, 0.36)",0.16,0.054055494482336375,0.04798511825124262,1.126505392761777,0.0601580065221875,27222717.440558087,-0.11236177358372246,-0.1507051905444078,0.035945626082452435,0.0,61.0,23035118.712465625,23366188.426112067,20388873.809355035,24724161.64777958,0.6721311475409836,0.9672131147540983,-0.15105883836290343,-0.08007815179172365,0.0,0.0,0.0
0.3,0.04,0.08,0.22,0.36,"(0.3, 0.04, 0.08, 0.22, 0.36)",0.18,0.053596869424975324,0.047280593704584865,1.1335912945563955,0.0601580065221875,27078766.16360143,-0.11288337861963182,-0.1541602635652069,0.035475556218703685,0.0,61.0,23049833.227168106,23322000.514338836,20135071.716106076,24895226.339550972,0.6721311475409836,0.8852459016393442,-0.1541602635652069,-0.08579993860784091,0.0,0.0,0.0
0.24,0.16,0.08,0.18,0.34,"(0.24, 0.16, 0.08, 0.18, 0.34)",0.26,0.05775664018753557,0.0585090166902478,0.987140845201768,0.0601580065221875,28187080.375050824,-0.15414916798303768,-0.2076131935378961,0.04413333393438977,0.0,61.0,23061418.77479294,23293618.085269127,19959227.209008098,24818378.76732977,0.6557377049180327,0.11475409836065574,-0.20936680521742584,-0.0878559136031717,0.0,0.0,0.0
0.36,0.16,0.06,0.18,0.24,"(0.36, 0.16, 0.06, 0.18, 0.24)",0.26,0.056237674549645345,0.05134848217480592,1.0952159083922894,0.0601580065221875,27819275.731529366,-0.1275095533738807,-0.16747005520903463,0.037148069231517006,0.0,61.0,23003904.110076737,23219165.314416565,20154934.03522386,24603606.94750232,0.6557377049180327,0.5737704918032787,-0.1690671730302713,-0.07176189553980529,0.0,0.0,0.0
0.3,0.16,0.04,0.2,0.3,"(0.3, 0.16, 0.04, 0.2, 0.3)",0.12,0.05576731230596743,0.050702897066982104,1.0998841394071601,0.0601580065221875,27714118.54535642,-0.12380851999933395,-0.1608288257356462,0.03764614400526077,0.0,61.0,23055225.569615472,23295342.95685408,20078878.3336018,24642991.018228456,0.6557377049180327,0.6557377049180327,-0.16233348412727833,-0.07190117210220069,0.0,0.0,0.0
0.24,0.1,0.08,0.22,0.36,"(0.24, 0.1, 0.08, 0.22, 0.36)",0.18,0.05573440948532826,0.05271862458011642,1.05720530323451,0.0601580065221875,27639872.96290214,-0.1310830441272658,-0.17820607981107695,0.038862553799693514,0.0,61.0,23052236.856278352,23461381.68710143,20368852.128607724,24882930.55116977,0.6557377049180327,0.45901639344262296,-0.1788594850994688,-0.0830337274733755,0.0,0.0,0.0
0.34,0.16,0.04,0.18,0.28,"(0.34, 0.16, 0.04, 0.18, 0.28)",0.2,0.05569558329549773,0.04966887116862141,1.1213378114919537,0.0601580065221875,27698791.045358032,-0.12007375624327776,-0.15532972222125901,0.036396727743651054,0.0,61.0,23056586.04748319,23310373.7353354,20094464.30920999,24621858.684938494,0.6557377049180327,0.819672131147541,-0.15682540978246431,-0.07014860525250456,0.0,0.0,0.0
0.28,0.16,0.04,0.22,0.3,"(0.28, 0.16, 0.04, 0.22, 0.3)",0.11999999999999997,0.05569264930743856,0.05098495895776494,1.0923348855409178,0.0601580065221875,27692931.707461186,-0.12484029602251889,-0.16261048723645613,0.03800499980758379,0.0,61.0,23037072.703800026,23291767.072838787,20099069.47573785,24632040.166300427,0.6557377049180327,0.6229508196721312,-0.16410715362565675,-0.07162981212477676,0.0,0.0,0.0
0.32,0.16,0.04,0.2,0.28,"(0.32, 0.16, 0.04, 0.2, 0.28)",0.15999999999999998,0.055622126042426334,0.04993349406237604,1.1139241722789148,0.0601580065221875,27677915.51212513,-0.12110881944157936,-0.15709588212817432,0.03675558354597409,0.0,61.0,23038562.309492815,23306944.892072666,20114795.53883983,24611105.848968286,0.6557377049180327,0.7540983606557377,-0.15858461905963533,-0.06988102096899598,0.0,0.0,0.0
0.36,0.16,0.04,0.18,0.26,"(0.36, 0.16, 0.04, 0.18, 0.26)",0.24,0.055549038873439205,0.048909366834442775,1.1357546103892857,0.0601580065221875,27662265.135541763,-0.11736629427790535,-0.15160886296116002,0.03550616728436437,0.0,61.0,23039713.42628131,23284743.104767703,20130252.63947566,24589757.609031785,0.6557377049180327,0.9016393442622951,-0.153087300760906,-0.06813671419437685,0.0,0.0,0.0
0.3,0.16,0.04,0.22,0.28,"(0.3, 0.16, 0.04, 0.22, 0.28)",0.11999999999999997,0.05554743358040626,0.05022045281127246,1.1060719382430202,0.0601580065221875,27656746.474344354,-0.12214395397870692,-0.1588697865243724,0.03711443934829711,0.0,61.0,23020457.60538165,23252979.395944458,20135013.627643466,24600163.524534885,0.6557377049180327,0.6885245901639344,-0.16035115510172088,-0.06961438395770102,0.0,0.0,0.0
0.34,0.16,0.04,0.2,0.26,"(0.34, 0.16, 0.04, 0.2, 0.26)",0.2,0.05547555217037914,0.04917866420115772,1.1280410534020398,0.0601580065221875,27641407.261061512,-0.1184047220418949,-0.15336727007439754,0.035865023086687396,0.0,61.0,23021737.938863534,23242213.941456012,20150610.91360578,24579013.18152303,0.6557377049180327,0.8688524590163934,-0.15483937920971752,-0.06787382690685533,0.0,0.0,0.0
0.32,0.12,0.06,0.22,0.28,"(0.32, 0.12, 0.06, 0.22, 0.28)",0.09999999999999996,0.05502979731704705,0.048337209737449066,1.1384562248410652,0.0601580065221875,27490604.833613,-0.11376677718769046,-0.15036798698780582,0.03506086695565044,0.0,61.0,23005773.942431428,23321072.552789528,20597275.68616328,24661698.48618145,0.6557377049180327,0.9672131147540983,-0.15126558309997762,-0.07119021852135907,0.0,0.0,0.0
0.34,0.08,0.08,0.18,0.32,"(0.34, 0.08, 0.08, 0.18, 0.32)",0.18000000000000005,0.05490012143427592,0.048458781679608744,1.1329240961371025,0.0601580065221875,27426495.80555495,-0.11642445932570167,-0.15709076951702747,0.03537441106539537,0.0,61.0,23055848.231759243,23317568.5890774,20439814.313252542,24851288.793895315,0.6557377049180327,0.819672131147541,-0.15751718159574601,-0.08064435104341598,0.0,0.0,0.0
0.24,0.14,0.04,0.3,0.28,"(0.24, 0.14, 0.04, 0.3, 0.28)",0.17999999999999997,0.05456665365993918,0.04894821833083801,1.1147832448389952,0.0601580065221875,27391958.32003697,-0.11637296171524392,-0.1528657972717962,0.036256845158046204,0.0,61.0,22949867.532008406,23195690.153791465,20452151.897584643,24512470.10284709,0.6557377049180327,0.8688524590163934,-0.15397839293507817,-0.06604433596713262,0.0,0.0,0.0
0.26,0.1,0.06,0.26,0.32,"(0.26, 0.1, 0.06, 0.26, 0.32)",0.08,0.05447535206656817,0.04831083197727298,1.1276011990891646,0.0601580065221875,27337296.137563046,-0.11337870108076986,-0.15129261378953254,0.035709778840829244,0.0,61.0,23003668.493533533,23340864.577535428,20469401.85681512,24706829.2413101,0.6557377049180327,0.9344262295081968,-0.1519074581544919,-0.07555257529305935,0.0,0.0,0.0
0.28,0.14,0.08,0.18,0.32,"(0.28, 0.14, 0.08, 0.18, 0.32)",0.18,0.05696090799575804,0.055169399280174766,1.0324728697241234,0.0601580065221875,27974663.55687055,-0.14066712219164124,-0.18899801529092755,0.04094975607556009,0.0,61.0,23050932.40785596,23357884.137056094,20231613.982767712,24826510.317955334,0.639344262295082,0.29508196721311475,-0.1903423602830627,-0.08522671296273131,0.0,0.0,0.0
0.26,0.12,0.08,0.2,0.34,"(0.26, 0.12, 0.08, 0.2, 0.34)",0.18,0.05635425684179274,0.053837383225920396,1.0467495532855053,0.0601580065221875,27808469.800066605,-0.13546649040792624,-0.18304069496599687,0.0399061549376268,0.0,61.0,23052168.66076106,23440491.50662797,20451899.280956376,24855746.513122544,0.639344262295082,0.39344262295081966,-0.18404153786159763,-0.08140566871800356,0.0,0.0,0.0
0.32,0.16,0.06,0.2,0.26,"(0.32, 0.16, 0.06, 0.2, 0.26)",0.18,0.05630802753113562,0.052374280885798534,1.0751083657628555,0.0601580065221875,27834354.3957554,-0.13127317071760947,-0.1731307193461437,0.03839748549312672,0.0,61.0,23002458.62255517,23223833.032187507,20139114.228288572,24622670.926981784,0.639344262295082,0.45901639344262296,-0.17473337385064838,-0.07351362790427067,0.0,0.0,0.0
0.3,0.12,0.08,0.18,0.32,"(0.3, 0.12, 0.08, 0.18, 0.32)",0.14,0.05628902587574025,0.05274871198638415,1.0671165940557932,0.0601580065221875,27794645.299804207,-0.13135786607316324,-0.1766852604716029,0.03865673867601709,0.0,61.0,23054179.396845132,23432788.474426948,20468582.80661901,24837266.853284612,0.639344262295082,0.47540983606557374,-0.17769983417344798,-0.07931039990907038,0.0,0.0,0.0
0.26,0.16,0.04,0.22,0.32,"(0.26, 0.16, 0.04, 0.22, 0.32)",0.16,0.0558364759734753,0.05176345549054114,1.0786852509040559,0.0601580065221875,27728810.354157574,-0.12753224611867053,-0.16635549703537444,0.03889556026687048,0.0,61.0,23053526.2215028,23310147.474179965,20063023.91926064,24663708.339009758,0.639344262295082,0.5081967213114754,-0.16786675841776386,-0.07365821162810446,0.0,0.0,0.0
0.24,0.16,0.04,0.24,0.32,"(0.24, 0.16, 0.04, 0.24, 0.32)",0.16000000000000003,0.05576060739709354,0.05206210518303103,1.0710401971080492,0.0601580065221875,27707312.352789856,-0.12856074074147572,-0.16815266623012246,0.039254416069193505,0.0,61.0,23035244.49257266,23276247.767265964,20083074.90013961,24652559.355961423,0.639344262295082,0.4918032786885246,-0.16965488811141893,-0.0733830518701954,0.0,0.0,0.0
0.3,0.14,0.06,0.22,0.28,"(0.3, 0.14, 0.06, 0.22, 0.28)",0.09999999999999996,0.055710334896091895,0.0508005974209268,1.096647238899253,0.0601580065221875,27671065.67359355,-0.12380648365087488,-0.16380324182847866,0.037353884355193434,0.0,61.0,23004025.07700396,23265604.467222776,20359561.499780875,24652760.615429413,0.639344262295082,0.6229508196721312,-0.1650367458256367,-0.07314163089563977,0.0,0.0,0.0
0.28,0.1,0.08,0.2,0.34,"(0.28, 0.1, 0.08, 0.2, 0.34)",0.13999999999999999,0.05566952770822842,0.05159938185985174,1.0788797404478903,0.0601580065221875,27626203.396751326,-0.12701391156228103,-0.17189286172030743,0.037613137538083805,0.0,61.0,23054196.896652743,23446907.753950648,20443228.31087923,24864424.911277503,0.639344262295082,0.5409836065573771,-0.17256853372436617,-0.08135810964270475,0.0,0.0,0.0
0.34,0.14,0.06,0.2,0.26,"(0.34, 0.14, 0.06, 0.2, 0.26)",0.18,0.05564033990491546,0.04973511906858738,1.1187334211100302,0.0601580065221875,27656147.76703009,-0.12001426041840235,-0.15812872257896451,0.036104468093583725,0.0,61.0,23005420.00541558,23258682.014906056,20375575.821964636,24633669.457363307,0.639344262295082,0.7377049180327869,-0.15936342027936587,-0.07104514931387403,0.0,0.0,0.0
0.32,0.1,0.08,0.18,0.32,"(0.32, 0.1, 0.08, 0.18, 0.32)",0.14000000000000004,0.05560208109743381,0.05050369872132851,1.10095067302372,0.0601580065221875,27611898.314998806,-0.12293123678441575,-0.1656138260806232,0.036363721276474095,0.0,61.0,23055817.879546087,23432020.920993637,20517560.42171308,24845525.791381784,0.639344262295082,0.6229508196721312,-0.16630896724590244,-0.07968146075431175,0.0,0.0,0.0
0.26,0.16,0.04,0.28,0.26,"(0.26, 0.16, 0.04, 0.28, 0.26)",0.18,0.055169260001738385,0.05047801757461829,1.0929363444232996,0.0601580065221875,27555052.2601422,-0.12255910198982878,-0.16047838831885883,0.037300446295979485,0.0,61.0,22949028.118522715,23186458.594198048,20230907.010849535,24534146.00310335,0.639344262295082,0.6557377049180327,-0.1619209975618718,-0.06693145310691165,0.0,0.0,0.0
0.3,0.16,0.04,0.26,0.24,"(0.3, 0.16, 0.04, 0.26, 0.24)",0.14,0.055099638291809194,0.049396974851804436,1.1154456008108449,0.0601580065221875,27540322.81409076,-0.11882200928513009,-0.154941492410637,0.036051030034369776,0.0,61.0,22950486.534904018,23180771.835684054,20246796.985696435,24513373.935474757,0.639344262295082,0.819672131147541,-0.15637664976623447,-0.06511051511323929,0.0,0.0,0.0
0.26,0.16,0.08,0.18,0.32,"(0.26, 0.16, 0.08, 0.18, 0.32)",0.22,0.05761767987411304,0.05774367139932515,0.9978180894605605,0.0601580065221875,28151880.438823324,-0.15171919595103345,-0.20404857831368844,0.04324277347510308,0.0,61.0,23046076.9532121,23286522.119193986,19995826.722738184,24813255.219064046,0.6229508196721312,0.13114754098360656,-0.20579587447960115,-0.08574887521863067,0.0,0.0,0.0
0.24,0.14,0.08,0.2,0.34,"(0.24, 0.14, 0.08, 0.2, 0.34)",0.22000000000000003,0.05702391362935111,0.056248239314093076,1.013790197252693,0.0601580065221875,27987996.916795876,-0.14439586632870272,-0.194811634322849,0.04219917233716979,0.0,61.0,23048530.92935496,23355860.23562574,20214859.508905035,24844567.719011746,0.6229508196721312,0.2459016393442623,-0.19614520666845184,-0.08700588764059317,0.0,0.0,0.0
0.24,0.16,0.06,0.24,0.3,"(0.24, 0.16, 0.06, 0.24, 0.3)",0.14,0.05644102908653359,0.054502442955797696,1.0355687933531368,0.0601580065221875,27862592.28131426,-0.1387700662813105,-0.18454067113102435,0.04089631801634614,0.0,61.0,22998552.639018174,23232166.805646837,20106667.464664362,24659629.019165773,0.6229508196721312,0.3442622950819672,-0.18614714132297908,-0.07703038936314069,0.0,0.0,0.0
0.28,0.16,0.06,0.22,0.28,"(0.28, 0.16, 0.06, 0.22, 0.28)",0.1399999999999999,0.05637581279924997,0.053426103362205456,1.0552110158033945,0.0601580065221875,27848793.690060902,-0.1350266742663948,-0.17882093003767666,0.039646901754736424,0.0,61.0,23000674.83376953,23228166.988564868,20123025.216914546,24641345.29919433,0.6229508196721312,0.4098360655737705,-0.18042670372117994,-0.07526980453174002,0.0,0.0,0.0
0.26,0.16,0.04,0.18,0.36,"(0.26, 0.16, 0.04, 0.18, 0.36)",0.24,0.056267864832755476,0.052845533488143186,1.064761033122698,0.0601580065221875,27841822.883193407,-0.1308596053038258,-0.17025613969065395,0.03995896958079781,0.0,61.0,23122458.847227015,23365491.17438979,19950298.839259457,24753486.612374205,0.6229508196721312,0.45901639344262296,-0.17181379459781737,-0.0783264816148693,0.0,0.0,0.0
0.24,0.16,0.04,0.2,0.36,"(0.24, 0.16, 0.04, 0.2, 0.36)",0.24,0.05619452813767056,0.05309214957365228,1.0584338473565569,0.0601580065221875,27820879.685234122,-0.13188124992041872,-0.1720533658719485,0.040317825383120835,0.0,61.0,23104243.04746711,23338955.5035236,19970520.943762098,24737390.313684106,0.6229508196721312,0.4426229508196721,-0.17360158406110646,-0.07803980989996406,0.0,0.0,0.0
0.28,0.16,0.04,0.18,0.34,"(0.28, 0.16, 0.04, 0.18, 0.34)",0.2,0.05612688234139673,0.05203182978202221,1.078702835870466,0.0601580065221875,27806529.021143824,-0.12816974099895306,-0.16651814422839756,0.03906840912151112,0.0,61.0,23106234.429901358,23324130.847044747,19986490.986855626,24716911.525923546,0.6229508196721312,0.4918032786885246,-0.16806135537287137,-0.07626237709048121,0.0,0.0,0.0
0.26,0.16,0.04,0.2,0.34,"(0.26, 0.16, 0.04, 0.2, 0.34)",0.2,0.056053515088950956,0.05228283685418995,1.0721207658505016,0.0601580065221875,27785602.29072511,-0.12919473430331907,-0.168307595687176,0.039427264923834145,0.0,61.0,23088066.501144573,23295572.57069801,20006740.513685487,24706134.37062449,0.6229508196721312,0.47540983606557374,-0.16984199133922429,-0.07598052236413541,0.0,0.0,0.0
0.3,0.16,0.04,0.18,0.32,"(0.3, 0.16, 0.04, 0.18, 0.32)",0.16000000000000003,0.055984506762335684,0.051230746005936044,1.0927911679413926,0.0601580065221875,27770924.65500229,-0.12547547867661224,-0.1627843908002807,0.038177848662224435,0.0,61.0,23089847.11492082,23286925.18577444,20022582.96253942,24685436.766706057,0.6229508196721312,0.6229508196721312,-0.16431246170580946,-0.07421139239653697,0.0,0.0,0.0
0.24,0.16,0.04,0.22,0.34,"(0.24, 0.16, 0.04, 0.22, 0.34)",0.20000000000000004,0.05597891184752668,0.05255532069884096,1.0651426174012715,0.0601580065221875,27764380.75392237,-0.13021980520259446,-0.1701047878253191,0.03978612072615717,0.0,61.0,23069817.596919294,23290572.53436386,20026877.480348244,24695166.922473725,0.6229508196721312,0.45901639344262296,-0.17162994475340285,-0.07569962656155911,0.0,0.0,0.0
0.28,0.16,0.04,0.2,0.32,"(0.28, 0.16, 0.04, 0.2, 0.32)",0.15999999999999998,0.055911109232497536,0.05148621988195627,1.0859431778189643,0.0601580065221875,27750014.69224855,-0.12650382464235133,-0.1645660729354204,0.038536704464547454,0.0,61.0,23071727.154582646,23283529.627158426,20042859.818007983,24674667.565844588,0.6229508196721312,0.5901639344262295,-0.16608594978195657,-0.0739343245003776,0.0,0.0,0.0
0.32,0.16,0.04,0.18,0.3,"(0.32, 0.16, 0.04, 0.18, 0.3)",0.16000000000000003,0.055840739835320896,0.05044288341505328,1.107009275735748,0.0601580065221875,27735011.441865172,-0.12277681740136692,-0.15905490746963252,0.037287288202937745,0.0,61.0,23073297.46580462,23298755.17853901,20058574.243695978,24653752.112314835,0.6229508196721312,0.6885245901639344,-0.1605671382942744,-0.07217348321967924,0.0,0.0,0.0
0.26,0.14,0.06,0.24,0.3,"(0.26, 0.14, 0.06, 0.24, 0.3)",0.09999999999999999,0.05577776551207192,0.051891269722333495,1.0748969106081772,0.0601580065221875,27685348.276906747,-0.1275885230609719,-0.16950745763509162,0.03860330061680314,0.0,61.0,23002292.02512678,23278911.12886257,20343275.48746532,24671462.144588973,0.6229508196721312,0.5245901639344263,-0.17073730152453317,-0.07523574176597823,0.0,0.0,0.0
0.24,0.08,0.08,0.24,0.36,"(0.24, 0.08, 0.08, 0.24, 0.36)",0.18,0.05496203687916945,0.05096827887662563,1.07835771759551,0.0601580065221875,27434441.442515578,-0.12462933189676584,-0.17016404462680884,0.03732924411309192,0.0,61.0,23035779.25037398,23257931.28860868,20220117.3861246,24902474.79892031,0.6229508196721312,0.5901639344262295,-0.17051373838777903,-0.08385055496210625,0.0,0.0,0.0
0.28,0.08,0.08,0.22,0.34,"(0.28, 0.08, 0.08, 0.22, 0.34)",0.14,0.0548961463742339,0.049828181505301744,1.1017088064591103,0.0601580065221875,27420603.84240783,-0.1205376482206707,-0.16383328863665897,0.036475019983868165,0.0,61.0,23037479.44471613,23268270.785014775,20293659.29998747,24883717.79063288,0.6229508196721312,0.639344262295082,-0.16421285386721376,-0.08218998779462443,0.0,0.0,0.0
0.32,0.08,0.08,0.2,0.32,"(0.32, 0.08, 0.08, 0.2, 0.32)",0.14,0.05482769582965474,0.04871154317121852,1.1255585896126974,0.0601580065221875,27406136.41661295,-0.11693508476673797,-0.1582170964770313,0.03562079585464441,0.0,61.0,23038841.16606635,23278328.866584234,20367155.705935493,24864567.957612783,0.6229508196721312,0.8032786885245902,-0.15862307399435321,-0.08052841921667982,0.0,0.0,0.0
0.36,0.08,0.08,0.18,0.3,"(0.36, 0.08, 0.08, 0.18, 0.3)",0.18,0.05475668650178589,0.047620014170872076,1.1498670770089592,0.0601580065221875,27391040.488625403,-0.11381264429449722,-0.15329410919211434,0.03476657172542064,0.0,61.0,23039864.53439282,23278814.586589962,20440604.26884688,24845026.362416856,0.6229508196721312,0.8852459016393442,-0.15372779643789264,-0.0788659099742201,0.0,0.0,0.0
0.26,0.14,0.04,0.3,0.26,"(0.26, 0.14, 0.04, 0.3, 0.26)",0.17999999999999997,0.05441919174508447,0.04819591590978237,1.1291245475436427,0.0601580065221875,27355571.11251186,-0.11366394237293542,-0.14909292554766146,0.03536628469875951,0.0,61.0,22933168.675419036,23201878.123010162,20488393.761116963,24505724.466028217,0.6229508196721312,0.9836065573770492,-0.15019585875481078,-0.064278808865096,0.0,0.0,0.0
0.26,0.06,0.08,0.24,0.36,"(0.26, 0.06, 0.08, 0.24, 0.36)",0.18,0.054250952730112045,0.04913020168603739,1.1042281706229988,0.0601580065221875,27247874.979429144,-0.11828151668825326,-0.1617417839947082,0.03634941267476566,0.0,61.0,23035249.51588972,23250967.895025782,20142607.92043405,24906764.44520571,0.6229508196721312,0.6885245901639344,-0.16183641134312066,-0.08476949017000757,0.0,0.0,0.0
0.34,0.06,0.08,0.2,0.32,"(0.34, 0.06, 0.08, 0.2, 0.32)",0.18000000000000005,0.05411221247153053,0.0468738188054139,1.1544229561530968,0.0601580065221875,27218642.001908,-0.11203387814765575,-0.15181490107949677,0.03466960319924349,0.0,61.0,23037536.708901267,23218780.931746233,20288282.631929986,24868028.578753013,0.6229508196721312,0.9180327868852459,-0.15198220350591363,-0.08146964494215572,0.0,0.0,0.0
0.26,0.14,0.08,0.2,0.32,"(0.26, 0.14, 0.08, 0.2, 0.32)",0.18,0.056884138867749234,0.05546522242295563,1.0255820923960877,0.0601580065221875,27952815.07819578,-0.14194735975767125,-0.19123551498417413,0.04130861187788311,0.0,61.0,23033113.070469417,23371656.521075226,20251785.097226545,24839207.028383233,0.6065573770491803,0.26229508196721313,-0.19256680729314726,-0.08492702410825115,0.0,0.0,0.0
0.3,0.14,0.08,0.18,0.3,"(0.3, 0.14, 0.08, 0.18, 0.3)",0.14,0.05681976557259483,0.054394378681224244,1.0445889253664327,0.0601580065221875,27939149.950948093,-0.13821296279647988,-0.18543579824497944,0.0400591956162734,0.0,61.0,23035303.538618892,23378737.320844565,20268411.013132986,24820921.562213797,0.6065573770491803,0.3442622950819672,-0.1867765854618152,-0.0831560930500759,0.0,0.0,0.0
0.26,0.16,0.06,0.24,0.28,"(0.26, 0.16, 0.06, 0.24, 0.28)",0.13999999999999996,0.05629746937517299,0.05375942870346775,1.0472110796732021,0.0601580065221875,27826611.1893779,-0.13631769090675194,-0.18101923171798182,0.04000575755705945,0.0,61.0,22982502.83136437,23244179.53422944,20142892.873347633,24653677.06621777,0.6065573770491803,0.36065573770491804,-0.18261681808793193,-0.07499212258470844,0.0,0.0,0.0
0.24,0.12,0.08,0.22,0.34,"(0.24, 0.12, 0.08, 0.22, 0.34)",0.18000000000000002,0.05627773380113199,0.054136816140718295,1.039546427238144,0.0601580065221875,27786809.378855906,-0.13679178409005366,-0.185340878489526,0.04026501073994982,0.0,61.0,23034490.478228588,23429278.249998745,20445365.16845755,24868472.217652228,0.6065573770491803,0.36065573770491804,-0.18632584488890547,-0.08170670527267922,0.0,0.0,0.0
0.3,0.16,0.06,0.22,0.26,"(0.3, 0.16, 0.06, 0.22, 0.26)",0.13999999999999996,0.0562308898712538,0.05269219818465473,1.0671577920169142,0.0601580065221875,27812484.56349851,-0.1325686628242888,-0.17531331784506907,0.03875634129544974,0.0,61.0,22984415.13314109,23239985.55084277,20159122.41526952,24635168.162928417,0.6065573770491803,0.4426229508196721,-0.1769089510961622,-0.07323976557076019,0.0,0.0,0.0
0.28,0.12,0.08,0.2,0.32,"(0.28, 0.12, 0.08, 0.2, 0.32)",0.13999999999999996,0.05621370685275684,0.053032371648211896,1.0599885523817076,0.0601580065221875,27773296.264527436,-0.132688079820953,-0.17896726392937906,0.03901559447834011,0.0,61.0,23036629.881462805,23438936.76298873,20489124.50475215,24850159.1367026,0.6065573770491803,0.4426229508196721,-0.17996726705338786,-0.07956638647338561,0.0,0.0,0.0
0.34,0.16,0.06,0.2,0.24,"(0.34, 0.16, 0.06, 0.2, 0.24)",0.22000000000000003,0.05616174282553832,0.05165020687330314,1.0873478776823078,0.0601580065221875,27797718.730690002,-0.128809528872883,-0.16963695316781435,0.03750692503384003,0.0,61.0,22985989.39768009,23232434.735812332,20175082.684017774,24616269.20968916,0.6065573770491803,0.4918032786885246,-0.17122820979331807,-0.07149182874296378,0.0,0.0,0.0
0.32,0.12,0.08,0.18,0.3,"(0.32, 0.12, 0.08, 0.18, 0.3)",0.14,0.056147111876493794,0.051951463587954674,1.0807609256558446,0.0601580065221875,27759143.60490842,-0.1285717052679547,-0.17262942098924539,0.0377661782167304,0.0,61.0,23038430.283693876,23448177.245261878,20505677.95790352,24831452.10341055,0.6065573770491803,0.5245901639344263,-0.17364169167139112,-0.07749342462280041,0.0,0.0,0.0
0.26,0.12,0.08,0.22,0.32,"(0.26, 0.12, 0.08, 0.22, 0.32)",0.13999999999999999,0.056137152874889296,0.05333686580804405,1.052501905097373,0.0601580065221875,27751653.027041808,-0.1340177457261208,-0.18125888203189397,0.03937445028066314,0.0,61.0,23018998.480362732,23434312.897485163,20446864.687381614,24862875.6489022,0.6065573770491803,0.4426229508196721,-0.18224374137108607,-0.07986874077371581,0.0,0.0,0.0
0.24,0.14,0.06,0.26,0.3,"(0.24, 0.14, 0.06, 0.26, 0.3)",0.12000000000000001,0.05569967012257537,0.05223058754405186,1.0664186014679167,0.0601580065221875,27663354.489825174,-0.12889117832132846,-0.17170164544120678,0.038962156419126176,0.0,61.0,22984261.533646874,23300780.69953724,20363368.90010415,24683823.302203808,0.6065573770491803,0.4918032786885246,-0.17292105768325428,-0.07525737110922485,0.0,0.0,0.0
0.28,0.14,0.06,0.24,0.28,"(0.28, 0.14, 0.06, 0.24, 0.28)",0.09999999999999994,0.0556334441098183,0.051124415862640576,1.0881971592456416,0.0601580065221875,27649382.563970733,-0.12511364997204055,-0.16598162670301936,0.03771274015751646,0.0,61.0,22986123.234161615,23296604.405138306,20379796.953482933,24665287.34630289,0.6065573770491803,0.5901639344262295,-0.16720588822249344,-0.07316328772741318,0.0,0.0,0.0
0.26,0.1,0.08,0.22,0.34,"(0.26, 0.1, 0.08, 0.22, 0.34)",0.14,0.055594453511669695,0.051885496841382266,1.0714834953132661,0.0601580065221875,27605041.260564845,-0.1280788997087845,-0.17381286173199903,0.03797199334040683,0.0,61.0,23036789.101555087,23411998.568308108,20370298.548532106,24877345.143760614,0.6065573770491803,0.5245901639344263,-0.17447006062757783,-0.08124156283400477,0.0,0.0,0.0
0.32,0.14,0.06,0.22,0.26,"(0.32, 0.14, 0.06, 0.22, 0.26)",0.14,0.055564653892649085,0.0500426024993899,1.1103470066994718,0.0601580065221875,27634775.49697867,-0.12132594578281353,-0.1602913072149443,0.03646332389590675,0.0,61.0,22987647.072937492,23285577.81512649,20395953.247575097,24646361.31823705,0.6065573770491803,0.6885245901639344,-0.16151794558435534,-0.07106683363417464,0.0,0.0,0.0
0.26,0.14,0.06,0.26,0.28,"(0.26, 0.14, 0.06, 0.26, 0.28)",0.11999999999999995,0.055555319325915065,0.051469350893993446,1.079386437966492,0.0601580065221875,27627407.449220594,-0.12642016669328804,-0.1681688862281512,0.03807159595983948,0.0,61.0,22968140.310209032,23312629.758988906,20399917.090191074,24677639.368749034,0.6065573770491803,0.5901639344262295,-0.1693833669754722,-0.07331191595151193,0.0,0.0,0.0
0.3,0.1,0.08,0.2,0.32,"(0.3, 0.1, 0.08, 0.2, 0.32)",0.1,0.05552820992999652,0.050773092833362544,1.0936542729874716,0.0601580065221875,27591045.693011552,-0.12399984224998417,-0.16751560467866436,0.03672257707879712,0.0,61.0,23038539.137551133,23397318.620281756,20444476.41329661,24858612.24387735,0.6065573770491803,0.5901639344262295,-0.16819350219689164,-0.07956884188019567,0.0,0.0,0.0
0.36,0.14,0.06,0.2,0.24,"(0.36, 0.14, 0.06, 0.2, 0.24)",0.21999999999999997,0.055493300734023254,0.04898676125285335,1.1328224057839895,0.0601580065221875,27619534.627713777,-0.11752806354581735,-0.15463070300368198,0.03521390763429704,0.0,61.0,22988833.164181676,23273212.746345017,20411837.318265315,24627046.271444313,0.6065573770491803,0.8360655737704918,-0.15585725103859874,-0.0689680088295085,0.0,0.0,0.0
0.3,0.14,0.06,0.24,0.26,"(0.3, 0.14, 0.06, 0.24, 0.26)",0.09999999999999999,0.05548773372890592,0.05037186760719711,1.1015619702966473,0.0601580065221875,27613110.931596555,-0.12263697943944829,-0.16246276979562288,0.036822179698229776,0.0,61.0,22969792.889268056,23308259.231595404,20416215.527807627,24658878.785401795,0.6065573770491803,0.639344262295082,-0.16368081510314697,-0.07116261977117944,0.0,0.0,0.0
0.34,0.1,0.08,0.18,0.3,"(0.34, 0.1, 0.08, 0.18, 0.3)",0.14000000000000004,0.05545940294368257,0.04968494414578518,1.1162215012450052,0.0601580065221875,27576416.072411913,-0.11990722536735154,-0.16125253117776703,0.0357464031637469,0.0,61.0,23039950.47944773,23382227.085263588,20518608.84651479,24839486.464930933,0.6065573770491803,0.6885245901639344,-0.16194832850900168,-0.07789513688405748,0.0,0.0,0.0
0.26,0.12,0.06,0.26,0.3,"(0.26, 0.12, 0.06, 0.26, 0.3)",0.07999999999999997,0.055022788651546195,0.04976878915934033,1.1055681599040836,0.0601580065221875,27483865.504086234,-0.11856757647632299,-0.15779059264568013,0.03666913901958317,0.0,61.0,22986669.291567177,23317929.232722852,20547775.24386829,24693370.162511922,0.6065573770491803,0.7540983606557377,-0.15866688328951495,-0.07277722323039691,0.0,0.0,0.0
0.28,0.16,0.04,0.28,0.24,"(0.28, 0.16, 0.04, 0.28, 0.24)",0.18,0.05502118613836382,0.049760081350863156,1.1057294249662517,0.0601580065221875,27518316.695198726,-0.11986406005976802,-0.15672315990415878,0.0364098858366928,0.0,61.0,22932236.60450773,23151425.74651928,20266725.906835217,24501883.910275128,0.6065573770491803,0.7540983606557377,-0.15815093871801408,-0.06497639121657589,0.0,0.0,0.0
0.3,0.12,0.06,0.24,0.28,"(0.3, 0.12, 0.06, 0.24, 0.28)",0.059999999999999956,0.05495435690387529,0.048649445927926575,1.1295988239062238,0.0601580065221875,27469418.173281163,-0.11481191271181179,-0.1521617866316744,0.03541972275797346,0.0,61.0,22988143.23031474,23325237.594649937,20617883.045168962,24674418.816542182,0.6065573770491803,0.8852459016393442,-0.15304726460720414,-0.0710976332463084,0.0,0.0,0.0
0.24,0.12,0.06,0.28,0.3,"(0.24, 0.12, 0.06, 0.28, 0.3)",0.12000000000000001,0.05494491202240326,0.050119091235640054,1.0962870767962274,0.0601580065221875,27462079.809337094,-0.11960945855940774,-0.1596081260356276,0.03702799482190619,0.0,61.0,22968828.221162606,23321773.888789274,20474172.338264674,24705750.531692002,0.6065573770491803,0.6885245901639344,-0.16047074004621534,-0.07268077980243993,0.0,0.0,0.0
0.26,0.16,0.04,0.3,0.24,"(0.26, 0.16, 0.04, 0.3, 0.24)",0.21999999999999997,0.054941500957371936,0.05014432423274749,1.0956673920334055,0.0601580065221875,27496020.845692024,-0.12090616855451863,-0.15851258699457638,0.03676874163901582,0.0,61.0,22913906.41678621,23165761.728294685,20286539.84189314,24490206.03811322,0.6065573770491803,0.6885245901639344,-0.1599325626266725,-0.06491435488402615,0.0,0.0,0.0
0.28,0.12,0.06,0.26,0.28,"(0.28, 0.12, 0.06, 0.26, 0.28)",0.07999999999999992,0.054877683724627646,0.04898402104937925,1.120318065952715,0.0601580065221875,27447941.012946766,-0.11585711261546316,-0.1539635131793049,0.03577857856029648,0.0,61.0,22970431.02696842,23329237.224274553,20548566.64934289,24686964.72164928,0.6065573770491803,0.8688524590163934,-0.15483642528530955,-0.07100511190061623,0.0,0.0,0.0
0.26,0.08,0.08,0.24,0.34,"(0.26, 0.08, 0.08, 0.24, 0.34)",0.14,0.05482128643094808,0.05012102130226623,1.0937783190876307,0.0601580065221875,27399646.059279114,-0.12161131277681303,-0.16574917367239173,0.036721404773117194,0.0,61.0,23020260.443843275,23192334.91396995,20221296.423326954,24896655.626937028,0.6065573770491803,0.6229508196721312,-0.16610849322163043,-0.08207023065412604,0.0,0.0,0.0
0.3,0.08,0.08,0.22,0.32,"(0.3, 0.08, 0.08, 0.22, 0.32)",0.10000000000000002,0.05475403776350696,0.048987328356939974,1.1177183896322858,0.0601580065221875,27385485.958833322,-0.11750967395109646,-0.15943445515201426,0.03586718064389344,0.0,61.0,23021751.424562793,23202488.88188747,20294640.870195206,24877671.95733085,0.6065573770491803,0.7540983606557377,-0.15982204616241302,-0.08041255963300603,0.0,0.0,0.0
0.24,0.1,0.06,0.28,0.32,"(0.24, 0.1, 0.06, 0.28, 0.32)",0.12000000000000004,0.05439895470097689,0.04864305891700175,1.1183292315928621,0.0601580065221875,27315989.131966416,-0.11446418804838498,-0.15316215178496412,0.03595616363007828,0.0,61.0,22986051.27606419,23279645.233870436,20396233.198860724,24719411.605814274,0.6065573770491803,0.8852459016393442,-0.15376136836897583,-0.07544868340256831,0.0,0.0,0.0
0.3,0.06,0.08,0.22,0.34,"(0.3, 0.06, 0.08, 0.22, 0.34)",0.14000000000000004,0.05418286031117425,0.047989827367876124,1.1290488689576674,0.0601580065221875,27233570.613011103,-0.1151610039267732,-0.15676243851143576,0.0354951885455419,0.0,61.0,23036562.16885612,23235072.55849267,20215469.221749436,24887592.352044433,0.6065573770491803,0.819672131147541,-0.1568945279682796,-0.08312004668101068,0.0,0.0,0.0
0.28,0.04,0.08,0.24,0.36,"(0.28, 0.04, 0.08, 0.24, 0.36)",0.17999999999999997,0.05352492809938325,0.047531262899285484,1.1260994308692747,0.0601580065221875,27058775.978735596,-0.11339955464125151,-0.15529467097416438,0.03567027680269003,0.0,61.0,23033112.057357073,23342271.82284626,20063571.132730167,24908555.835585587,0.6065573770491803,0.8688524590163934,-0.15529467097416438,-0.08566989086347135,0.0,0.0,0.0
0.32,0.04,0.08,0.22,0.34,"(0.32, 0.04, 0.08, 0.22, 0.34)",0.18000000000000005,0.05345464343358297,0.04639646924601983,1.1521273989651406,0.0601580065221875,27044015.535731837,-0.11026777775958219,-0.15032263119490258,0.034885184387147467,0.0,61.0,23034038.348540053,23322605.282358218,20135750.390750404,24888971.713223707,0.6065573770491803,0.9672131147540983,-0.15032263119490258,-0.0840315846306218,0.0,0.0,0.0
0.24,0.14,0.08,0.22,0.32,"(0.24, 0.14, 0.08, 0.22, 0.32)",0.18000000000000002,0.05680613354767128,0.055780840483988764,1.0183807388842916,0.0601580065221875,27930670.893332254,-0.1432269760596866,-0.19348192140453827,0.041667467680206134,0.0,61.0,23015212.258562744,23377460.79616768,20271841.5248516,24851727.691052757,0.5901639344262295,0.26229508196721313,-0.19479960954519754,-0.08462829149198595,0.0,0.0,0.0
0.28,0.14,0.08,0.2,0.3,"(0.28, 0.14, 0.08, 0.2, 0.3)",0.13999999999999996,0.05674296527215583,0.05469492203085147,1.0374448516472725,0.0601580065221875,27917318.86226703,-0.13949703461575247,-0.18766629096446352,0.040418051418596425,0.0,61.0,23017531.088337533,23387242.771765962,20288609.189309403,24833609.017777115,0.5901639344262295,0.3442622950819672,-0.1889946784235678,-0.0828612540753281,0.0,0.0,0.0
0.24,0.16,0.06,0.26,0.28,"(0.24, 0.16, 0.06, 0.26, 0.28)",0.15999999999999998,0.05621789072833616,0.05411272321512817,1.038903374070434,0.0601580065221875,27804135.22064779,-0.13760806989694174,-0.18322632269847455,0.040364613359382476,0.0,61.0,22964250.168704115,23260039.565144002,20162646.15159983,24665833.859650247,0.5901639344262295,0.3442622950819672,-0.18481519027426196,-0.07471538997356407,0.0,0.0,0.0
0.28,0.16,0.06,0.24,0.26,"(0.28, 0.16, 0.06, 0.24, 0.26)",0.13999999999999996,0.05615251683288114,0.05303068155263527,1.0588684736617484,0.0601580065221875,27790320.95754767,-0.13386351519990192,-0.17750470940490337,0.03911519709777276,0.0,61.0,22966290.809718493,23249141.094006587,20179016.39074806,24647490.73531958,0.5901639344262295,0.4262295081967213,-0.17909279443723772,-0.07296685050536506,0.0,0.0,0.0
0.32,0.16,0.06,0.22,0.24,"(0.32, 0.16, 0.06, 0.22, 0.24)",0.18,0.056084575569725015,0.05197310942817766,1.0791075651771238,0.0601580065221875,27775867.664025422,-0.13010886255388743,-0.17181264761797566,0.03786578083616305,0.0,61.0,22967993.679974418,23235779.026523247,20195117.291146405,24628757.12284955,0.5901639344262295,0.47540983606557374,-0.17339752063025887,-0.07122270720464757,0.0,0.0,0.0
0.3,0.12,0.08,0.2,0.3,"(0.3, 0.12, 0.08, 0.2, 0.3)",0.09999999999999998,0.056071761940327036,0.05224000552923067,1.0733490812697621,0.0601580065221875,27737811.633205466,-0.12990629909601537,-0.1749028739042251,0.03812503401905343,0.0,61.0,23020927.643955287,23419823.56208276,20521523.25939106,24844335.06770076,0.5901639344262295,0.47540983606557374,-0.17590130457394737,-0.07772788855587784,0.0,0.0,0.0
0.34,0.12,0.08,0.18,0.28,"(0.34, 0.12, 0.08, 0.18, 0.28)",0.18,0.056003804412045444,0.05116736896381504,1.0945218709926374,0.0601580065221875,27723332.164332908,-0.12578218360209226,-0.16858263831060585,0.03687561775744372,0.0,61.0,23022518.167892355,23404921.601096753,20542670.173102338,24825401.133504584,0.5901639344262295,0.5901639344262295,-0.16959187113658547,-0.07568342744834597,0.0,0.0,0.0
0.28,0.08,0.1,0.18,0.36,"(0.28, 0.08, 0.1, 0.18, 0.36)",0.21999999999999997,0.05599656152021182,0.053635796355335566,1.0440147313043746,0.0601580065221875,27684644.21017652,-0.13600177555094561,-0.18797906673678527,0.03838428720194379,0.0,61.0,23068512.789134186,23241108.567928832,20193719.92275189,25052318.11270518,0.5901639344262295,0.39344262295081966,-0.18837007938947592,-0.08787141880642768,0.0,0.0,0.0
0.24,0.1,0.08,0.24,0.34,"(0.24, 0.1, 0.08, 0.24, 0.34)",0.14000000000000004,0.05551814575444913,0.05219287635123254,1.0637111735486497,0.0601580065221875,27583586.753242493,-0.12925897930189312,-0.17589790341233172,0.03833084914272985,0.0,61.0,23019299.185640194,23376956.320867967,20297514.343105085,24890089.5808715,0.5901639344262295,0.47540983606557374,-0.17654616718390873,-0.08112508413384503,0.0,0.0,0.0
0.28,0.1,0.08,0.22,0.32,"(0.28, 0.1, 0.08, 0.22, 0.32)",0.09999999999999998,0.05545310505118328,0.051064403574069585,1.0859444381984766,0.0601580065221875,27569900.41487949,-0.1251278395454246,-0.16950625413251544,0.03708143288112015,0.0,61.0,23021178.109392084,23362482.802040417,20371537.69563322,24871523.21977817,0.5901639344262295,0.5901639344262295,-0.17017688807988704,-0.0794562916991485,0.0,0.0,0.0
0.34,0.14,0.06,0.22,0.24,"(0.34, 0.14, 0.06, 0.22, 0.24)",0.18000000000000005,0.055417585358686905,0.04929949854249375,1.1241003863542276,0.0601580065221875,27598180.76577256,-0.11884362210649069,-0.15678637150500818,0.03557276343662006,0.0,61.0,22971107.979387358,23291876.226972017,20432241.67091445,24639728.737297215,0.5901639344262295,0.7868852459016393,-0.1580055081228202,-0.06901215796557472,0.0,0.0,0.0
0.3,0.06,0.1,0.18,0.36,"(0.3, 0.06, 0.1, 0.18, 0.36)",0.22000000000000003,0.055291151454245124,0.051782192878241255,1.0677638079996865,0.0601580065221875,27497995.813888844,-0.1280199113300503,-0.17721247527301084,0.03724026112690707,0.0,61.0,23068970.481560204,23209004.761716574,20117817.02525214,25057769.759479668,0.5901639344262295,0.4918032786885246,-0.1773165655356629,-0.0887723723946224,0.0,0.0,0.0
0.28,0.06,0.1,0.2,0.36,"(0.28, 0.06, 0.1, 0.2, 0.36)",0.21999999999999997,0.05521783641634914,0.05203578589131366,1.0611511956729505,0.0601580065221875,27477395.23189659,-0.12873958705285193,-0.17870192307862537,0.03748664591615611,0.0,61.0,23052152.297748536,23189844.267400365,20046257.63943424,25071066.45994483,0.5901639344262295,0.47540983606557374,-0.1787812344352278,-0.08863699914609455,0.0,0.0,0.0
0.32,0.06,0.1,0.18,0.34,"(0.32, 0.06, 0.1, 0.18, 0.34)",0.22000000000000008,0.05515141192009532,0.05093024521700707,1.0828813347570272,0.0601580065221875,27463366.69447749,-0.12542996987428445,-0.17332083165303225,0.03663242178693235,0.0,61.0,23053710.91522102,23171023.543123733,20119035.387660645,25052077.706872035,0.5901639344262295,0.5409836065573771,-0.1734415878075237,-0.08698911124239572,0.0,0.0,0.0
0.24,0.16,0.04,0.3,0.26,"(0.24, 0.16, 0.04, 0.3, 0.26)",0.21999999999999997,0.05508960269596552,0.05085626837102731,1.0832411511999558,0.0601580065221875,27532736.252448563,-0.12359785239399679,-0.16227555580377476,0.037659302098302504,0.0,61.0,22930649.57497753,23146332.50908288,20250694.961636726,24522458.216552567,0.5901639344262295,0.6229508196721312,-0.1637097305114801,-0.06686531155681404,0.0,0.0,0.0
0.26,0.12,0.06,0.28,0.28,"(0.26, 0.12, 0.06, 0.28, 0.28)",0.11999999999999995,0.054799778192871296,0.04934048066666434,1.1106454062150106,0.0601580065221875,27426174.072782796,-0.11690237451908969,-0.15577316995379412,0.03613743436261951,0.0,61.0,22952637.5021364,23332800.533365037,20474956.654277187,24699335.936813228,0.5901639344262295,0.819672131147541,-0.15663306576268685,-0.07091265297755206,0.0,0.0,0.0
0.24,0.08,0.08,0.26,0.34,"(0.24, 0.08, 0.08, 0.26, 0.34)",0.16000000000000003,0.054745194583745826,0.050435789533017354,1.0854433942767439,0.0601580065221875,27378398.18125433,-0.12268515438153327,-0.16767380431836534,0.03696778956236623,0.0,61.0,23002959.092713535,23166508.153,20149077.92608096,24909417.703213073,0.5901639344262295,0.6065573770491803,-0.1680123777453945,-0.08195054396857114,0.0,0.0,0.0
0.34,0.08,0.08,0.2,0.3,"(0.34, 0.08, 0.08, 0.2, 0.3)",0.14,0.054684230477654916,0.0478778074710556,1.1421623788999553,0.0601580065221875,27370697.491915453,-0.11432517604140202,-0.15441121584226852,0.03501295651466968,0.0,61.0,23022904.299692683,23212362.13697606,20367938.466341123,24858296.06900652,0.5901639344262295,0.8688524590163934,-0.15482506497857884,-0.07875393368922298,0.0,0.0,0.0
0.28,0.08,0.08,0.24,0.32,"(0.28, 0.08, 0.08, 0.24, 0.32)",0.09999999999999999,0.054679147642322734,0.04928575074156316,1.1094311605202205,0.0601580065221875,27364545.12663553,-0.11858715506259976,-0.16134073985892533,0.036113565433142474,0.0,61.0,23004579.169756476,23151044.321192373,20222270.146996044,24890600.51715255,0.5901639344262295,0.6885245901639344,-0.16170884770940286,-0.08029677104050832,0.0,0.0,0.0
0.24,0.16,0.08,0.2,0.32,"(0.24, 0.16, 0.08, 0.2, 0.32)",0.22,0.05753945843515984,0.058049826212029816,0.9912081084445312,0.0601580065221875,28129529.640351076,-0.15298352553256478,-0.20630596935217413,0.043601629277426106,0.0,61.0,23027988.79343584,23302418.88528518,20015631.35653984,24825755.007095046,0.5737704918032787,0.11475409836065574,-0.2080413455166587,-0.08544725981020906,0.0,0.0,0.0
0.28,0.16,0.08,0.18,0.3,"(0.28, 0.16, 0.08, 0.18, 0.3)",0.17999999999999997,0.057477316494835895,0.05699101038170245,1.0085330319619947,0.0601580065221875,28116362.527918387,-0.14928740101072557,-0.2004907944776155,0.042352213015816396,0.0,61.0,23030570.251295023,23307497.341951746,20032325.82670196,24807893.820308536,0.5737704918032787,0.18032786885245902,-0.20223116644940692,-0.08365510916616126,0.0,0.0,0.0
0.26,0.16,0.08,0.2,0.3,"(0.26, 0.16, 0.08, 0.2, 0.3)",0.17999999999999997,0.057399063615775736,0.05730169092839099,1.0016992986735143,0.0601580065221875,28094029.439243615,-0.1505555334191545,-0.2027411909004483,0.042711068818139415,0.0,61.0,23012528.982817743,23318144.715904254,20052157.00896141,24820384.41450698,0.5737704918032787,0.18032786885245902,-0.2044702852861575,-0.08335840828502716,0.0,0.0,0.0
0.3,0.16,0.08,0.18,0.28,"(0.3, 0.16, 0.08, 0.18, 0.28)",0.17999999999999997,0.05733555182284844,0.05625154279681508,1.0192707430256427,0.0601580065221875,28080528.31899567,-0.14685379620433825,-0.19693987486346357,0.041461652556529706,0.0,61.0,23014899.219770476,23327898.74298817,20068723.989758413,24802294.956754223,0.5737704918032787,0.2459016393442623,-0.19867271164071973,-0.08157457077237094,0.0,0.0,0.0
0.32,0.14,0.08,0.18,0.28,"(0.32, 0.14, 0.08, 0.18, 0.28)",0.18,0.05667722578306389,0.053632558882995916,1.0567690030734909,0.0601580065221875,27903323.319703996,-0.1357569962715819,-0.1818805022548286,0.039168635156986716,0.0,61.0,23019510.998634797,23396676.236095455,20305106.106116988,24815095.954212453,0.5737704918032787,0.39344262295081966,-0.18321710438785227,-0.08109855278340065,0.0,0.0,0.0
0.24,0.1,0.1,0.22,0.34,"(0.24, 0.1, 0.1, 0.22, 0.34)",0.18000000000000005,0.056395041444951,0.05547331135709265,1.0166157394485609,0.0601580065221875,27790522.977205712,-0.14466543151506916,-0.2003909667774379,0.040504455746846156,0.0,61.0,23016714.311467346,23194646.65479899,20125145.193101887,25064730.984428458,0.5737704918032787,0.2459016393442623,-0.201065962275931,-0.08518296845727011,0.0,0.0,0.0
0.26,0.1,0.1,0.22,0.32,"(0.26, 0.1, 0.1, 0.22, 0.32)",0.14,0.05625538690169929,0.05467751883723676,1.0288577115058841,0.0601580065221875,27755582.958295893,-0.14191489030212967,-0.19623188498297045,0.03961389528755946,0.0,61.0,23001621.089454632,23145957.969390202,20126653.70426818,25059236.744871747,0.5737704918032787,0.26229508196721313,-0.19691528694767485,-0.08335145736439246,0.0,0.0,0.0
0.3,0.1,0.1,0.2,0.3,"(0.3, 0.1, 0.1, 0.2, 0.3)",0.09999999999999999,0.05619187332981168,0.053574828306469015,1.0488484070984259,0.0601580065221875,27742170.362752646,-0.1378390174159616,-0.18973524834363453,0.038364479025949756,0.0,61.0,23003665.922031697,23131902.58165959,20200229.811231963,25040801.13895273,0.5737704918032787,0.36065573770491804,-0.1904466038400655,-0.08168524415665306,0.0,0.0,0.0
0.24,0.1,0.1,0.24,0.32,"(0.24, 0.1, 0.1, 0.24, 0.32)",0.14,0.056176646355872384,0.055011680809341296,1.021176694283685,0.0601580065221875,27733432.79390449,-0.14323200418604232,-0.19859704618822246,0.03997275108988249,0.0,61.0,22984190.6084438,23110988.840405073,20054535.366805766,25071770.90653608,0.5737704918032787,0.26229508196721313,-0.19925879160167628,-0.08365227161039267,0.0,0.0,0.0
0.34,0.1,0.1,0.18,0.28,"(0.34, 0.1, 0.1, 0.18, 0.28)",0.18,0.056125792573663125,0.05249550395467471,1.0691542769476572,0.0601580065221875,27728118.69679875,-0.13375058382490335,-0.18327491128594098,0.03711506276434005,0.0,61.0,23005372.235524017,23117439.320200924,20273762.809578136,25021968.63647626,0.5737704918032787,0.4426229508196721,-0.18401136023906123,-0.08018006222627208,0.0,0.0,0.0
0.28,0.1,0.1,0.22,0.3,"(0.28, 0.1, 0.1, 0.22, 0.3)",0.09999999999999996,0.05611433581490988,0.053894257435392355,1.0411932269811661,0.0601580065221875,27720330.97350744,-0.139161016342902,-0.1920819572037622,0.038723334828272775,0.0,61.0,22986363.902748898,23098620.434608664,20127956.954947606,25053503.435959958,0.5737704918032787,0.3442622950819672,-0.1927730174005903,-0.08152073863092106,0.0,0.0,0.0
0.26,0.16,0.06,0.26,0.26,"(0.26, 0.16, 0.06, 0.26, 0.26)",0.15999999999999998,0.056072908834073454,0.053389339830370225,1.0502641353541649,0.0601580065221875,27767864.32072962,-0.13515772575407747,-0.1797048915984109,0.039474052900095785,0.0,61.0,22948085.826543484,23271833.44006866,20198795.792589765,24659638.383537628,0.5737704918032787,0.39344262295081966,-0.18128489846668433,-0.07269488076843963,0.0,0.0,0.0
0.24,0.12,0.08,0.24,0.32,"(0.24, 0.12, 0.08, 0.24, 0.32)",0.14,0.05605936435537018,0.05366183980256544,1.0446783889934783,0.0601580065221875,27729716.314196724,-0.13534686096964987,-0.18356011563374516,0.039733306082986156,0.0,61.0,23001285.36200434,23399031.089401238,20373653.714902684,24875416.121270966,0.5737704918032787,0.39344262295081966,-0.18452925475658227,-0.08017176380351093,0.0,0.0,0.0
0.32,0.1,0.1,0.2,0.28,"(0.32, 0.1, 0.1, 0.2, 0.28)",0.13999999999999996,0.05604945826696217,0.05279944591633721,1.0615539101636546,0.0601580065221875,27706590.270306014,-0.1350774766764521,-0.18560318461535352,0.03747391856666307,0.0,61.0,22988198.935794737,23087645.56476326,20201336.41108633,25034838.626439966,0.5737704918032787,0.4262295081967213,-0.18632069220198422,-0.07988868044631203,0.0,0.0,0.0
0.3,0.16,0.06,0.24,0.24,"(0.3, 0.16, 0.06, 0.24, 0.24)",0.14,0.05600617319798995,0.052316797707727826,1.0705199028211385,0.0601580065221875,27753723.264459856,-0.13140755232716939,-0.17399713637810468,0.038224636638486076,0.0,61.0,22949917.129838847,23261611.124565814,20215037.492241558,24641070.42309102,0.5737704918032787,0.45901639344262296,-0.17557510036461385,-0.07095452896921192,0.0,0.0,0.0
0.28,0.12,0.08,0.22,0.3,"(0.28, 0.12, 0.08, 0.22, 0.3)",0.09999999999999995,0.055995177310179445,0.05254964102291459,1.065567265925992,0.0601580065221875,27716185.889316745,-0.13124034112222105,-0.17718594016416536,0.03848388982137645,0.0,61.0,23003343.1190019,23384748.27033007,20448155.93616211,24857042.30749388,0.5737704918032787,0.47540983606557374,-0.17816995954991255,-0.0780315602629313,0.0,0.0,0.0
0.24,0.16,0.06,0.28,0.26,"(0.24, 0.16, 0.06, 0.28, 0.26)",0.2,0.055992066295126985,0.05376776928874929,1.0413685937839925,0.0601580065221875,27745115.404998314,-0.13645129239961695,-0.18191386180490587,0.03983290870241881,0.0,61.0,22929800.358564634,23259848.95521625,20218460.260483652,24671610.850470588,0.5737704918032787,0.3442622950819672,-0.18348525759039344,-0.07242385441110345,0.0,0.0,0.0
0.36,0.1,0.1,0.18,0.26,"(0.36, 0.1, 0.1, 0.18, 0.26)",0.21999999999999997,0.05598201496617783,0.05172868197768498,1.0822238809472795,0.0601580065221875,27692211.96560541,-0.1309813778733797,-0.17916071270430295,0.036224502305053356,0.0,61.0,22989695.80887525,23076347.46053953,20274671.411377035,25015777.524992447,0.5737704918032787,0.47540983606557374,-0.17990180748665394,-0.07838614089982067,0.0,0.0,0.0
0.32,0.12,0.08,0.2,0.28,"(0.32, 0.12, 0.08, 0.2, 0.28)",0.13999999999999996,0.05592842384530239,0.05146086899571907,1.0868146017890792,0.0601580065221875,27702017.561587356,-0.12712116138811258,-0.17084755432973636,0.03723447355976674,0.0,61.0,23005062.496453103,23370053.224391703,20522614.80263798,24838274.697010096,0.5737704918032787,0.5409836065573771,-0.17184367747217666,-0.07589018438483598,0.0,0.0,0.0
0.28,0.16,0.06,0.26,0.24,"(0.28, 0.16, 0.06, 0.26, 0.24)",0.15999999999999998,0.05592653612835874,0.05268086489731324,1.0616100596938194,0.0601580065221875,27731286.27407142,-0.13270559610614885,-0.17619041707387464,0.0385834924408091,0.0,61.0,22931759.92084783,23241392.889040995,20234842.924751353,24653208.850017194,0.5737704918032787,0.4426229508196721,-0.17776094363334755,-0.07068729207179861,0.0,0.0,0.0
0.26,0.08,0.1,0.2,0.36,"(0.26, 0.08, 0.1, 0.2, 0.36)",0.21999999999999997,0.05592180101540989,0.05390592379135448,1.0373962095865004,0.0601580065221875,27663547.507567234,-0.13732389679327395,-0.1903307835565346,0.03874314300426682,0.0,61.0,23051424.12570128,23206568.21696451,20121744.231036413,25065420.990342584,0.5737704918032787,0.3442622950819672,-0.19069821495600087,-0.08773915546317626,0.0,0.0,0.0
0.36,0.12,0.08,0.18,0.26,"(0.36, 0.12, 0.08, 0.18, 0.26)",0.21999999999999997,0.05585910522065918,0.050397042070624655,1.108380629608781,0.0601580065221875,27687212.64170845,-0.12298931431051086,-0.1645449416757706,0.03598505729815703,0.0,61.0,23006443.600775238,23354946.869717848,20579558.91598407,24819114.339239076,0.5737704918032787,0.6229508196721312,-0.16555039947435632,-0.07388042786621468,0.0,0.0,0.0
0.3,0.08,0.1,0.18,0.34,"(0.3, 0.08, 0.1, 0.18, 0.34)",0.18000000000000005,0.05585759171249194,0.05280010314127351,1.0579068673983028,0.0601580065221875,27649996.07133412,-0.1332264274642705,-0.18381727050018518,0.03761225322525861,0.0,61.0,23053371.577902634,23192324.213517357,20195195.55230806,25046853.22565235,0.5737704918032787,0.4426229508196721,-0.18422046945852125,-0.0860803330863975,0.0,0.0,0.0
0.24,0.08,0.1,0.22,0.36,"(0.24, 0.08, 0.1, 0.22, 0.36)",0.22,0.055845806681295906,0.054196693387210206,1.0304283008984247,0.0601580065221875,27642157.482376162,-0.1386454788799868,-0.19269235483935165,0.03910199880658984,0.0,61.0,23034252.72390816,23183893.931951165,20049911.8413604,25078346.817004822,0.5737704918032787,0.3442622950819672,-0.1930355881301301,-0.0876069625119035,0.0,0.0,0.0
0.26,0.16,0.06,0.28,0.24,"(0.26, 0.16, 0.06, 0.28, 0.24)",0.2,0.05584566478109587,0.053064891552195716,1.0524032584927632,0.0601580065221875,27708557.444050126,-0.13400299180741093,-0.17839248713757264,0.03894234824313212,0.0,61.0,22913522.227269877,23228628.109034203,20254533.227950357,24665172.14673602,0.5737704918032787,0.4262295081967213,-0.17995504488652303,-0.07042099453843033,0.0,0.0,0.0
0.28,0.08,0.1,0.2,0.34,"(0.28, 0.08, 0.1, 0.2, 0.34)",0.18,0.05578279952718024,0.0530750284334292,1.0510177982692432,0.0601580065221875,27628915.486422498,-0.13455291361768607,-0.18616023389533223,0.037858638014507645,0.0,61.0,23036328.99902996,23173127.73795733,20123210.00256605,25059946.763109837,0.5737704918032787,0.4098360655737705,-0.18654061946317368,-0.0859520612635658,0.0,0.0,0.0
0.24,0.16,0.06,0.3,0.24,"(0.24, 0.16, 0.06, 0.3, 0.24)",0.24,0.05576355957870338,0.053468447609251596,1.0429246045485463,0.0601580065221875,27685537.534656156,-0.13529973735072176,-0.1806033438076228,0.039301204045455146,0.0,61.0,22895204.22406667,23233773.177937143,20274108.042949393,24676960.05986824,0.5737704918032787,0.39344262295081966,-0.18215739838695835,-0.07015563438612119,0.0,0.0,0.0
0.24,0.08,0.1,0.24,0.34,"(0.24, 0.08, 0.1, 0.24, 0.34)",0.18000000000000005,0.05562951485744505,0.05368727131926817,1.036176983676945,0.0601580065221875,27585876.331009597,-0.13720425380892054,-0.1908757212291834,0.03857029414962618,0.0,61.0,23001995.785497036,23172917.44361845,19979669.370750196,25085602.545728672,0.5737704918032787,0.3442622950819672,-0.19120863198625399,-0.08569572573496795,0.0,0.0,0.0
0.28,0.08,0.1,0.22,0.32,"(0.28, 0.08, 0.1, 0.22, 0.32)",0.13999999999999999,0.0555663464843239,0.05255696253277598,1.0572594725136786,0.0601580065221875,27572616.223185245,-0.1331088851482115,-0.18434292939800334,0.037497183463781954,0.0,61.0,23003990.8038779,23181096.459878378,20052619.542465154,25067140.97030028,0.5737704918032787,0.4426229508196721,-0.18471284547132502,-0.0840475455451496,0.0,0.0,0.0
0.32,0.08,0.1,0.2,0.3,"(0.32, 0.08, 0.1, 0.2, 0.3)",0.14,0.055500614295489914,0.051449296060790774,1.0787439002063748,0.0601580065221875,27558721.27198798,-0.12900090080745052,-0.17784667338013482,0.036642959334558196,0.0,61.0,23005647.505885333,23170474.546285782,20125526.509638213,25048282.540236875,0.5737704918032787,0.4918032786885246,-0.17825066986289226,-0.08239830326367997,0.0,0.0,0.0
0.26,0.08,0.1,0.24,0.32,"(0.26, 0.08, 0.1, 0.24, 0.32)",0.14,0.05548905669318427,0.052878784165892645,1.0493633234664135,0.0601580065221875,27550967.824050047,-0.13443864319311338,-0.1866968579816003,0.03774356825303099,0.0,61.0,22986829.083133012,23107463.82280307,19980912.161699206,25079870.890912294,0.5737704918032787,0.4098360655737705,-0.18704349907640927,-0.08392338820028947,0.0,0.0,0.0
0.24,0.14,0.06,0.28,0.28,"(0.24, 0.14, 0.06, 0.28, 0.28)",0.15999999999999998,0.0554759609613249,0.051834980956700485,1.0702417544566254,0.0601580065221875,27605141.065741353,-0.12772603171843733,-0.17036501819870312,0.038430451762162504,0.0,61.0,22950076.477841776,23309809.418077324,20419921.54396034,24689816.42173955,0.5737704918032787,0.5245901639344263,-0.1715691768835963,-0.07362112510132851,0.0,0.0,0.0
0.36,0.08,0.1,0.18,0.28,"(0.36, 0.08, 0.1, 0.18, 0.28)",0.21999999999999997,0.05543231954330197,0.05036576580522294,1.1005951891543289,0.0601580065221875,27544192.765470937,-0.12488029343824403,-0.17138693716662853,0.03578873520533444,0.0,61.0,23006965.999585964,23159526.48601653,20198387.959878888,25029028.30924571,0.5737704918032787,0.5901639344262295,-0.1718220964129807,-0.08074805927189316,0.0,0.0,0.0
0.3,0.08,0.1,0.22,0.3,"(0.3, 0.08, 0.1, 0.22, 0.3)",0.1,0.055424526550659214,0.051755544307007156,1.0708906126440896,0.0601580065221875,27537381.784859486,-0.13033557743138313,-0.18018202192641733,0.03688934412380723,0.0,61.0,22988614.629896488,23117745.538947564,20053667.136460956,25061180.23513566,0.5737704918032787,0.47540983606557374,-0.18056412904162725,-0.0822780406489306,0.0,0.0,0.0
0.28,0.14,0.06,0.26,0.26,"(0.28, 0.14, 0.06, 0.26, 0.26)",0.11999999999999995,0.05540957982835981,0.050722490206433185,1.0924065360917978,0.0601580065221875,27591154.797445748,-0.1239473592927598,-0.16464310836312485,0.037181035500552795,0.0,61.0,22951857.625722144,23291112.33112056,20436362.29446206,24671221.594555397,0.5737704918032787,0.6065573770491803,-0.16585202386658907,-0.07147248004802606,0.0,0.0,0.0
0.32,0.1,0.08,0.2,0.3,"(0.32, 0.1, 0.08, 0.2, 0.3)",0.1,0.05538550111399698,0.04995933174545304,1.1086117283591927,0.0601580065221875,27555580.181299303,-0.1209839753926727,-0.16315061223055796,0.03599278795299594,0.0,61.0,23022718.594385415,23347598.087196443,20445516.608097,24852563.53085903,0.5737704918032787,0.6557377049180327,-0.16384078324585677,-0.07778650093559114,0.0,0.0,0.0
0.32,0.14,0.06,0.24,0.24,"(0.32, 0.14, 0.06, 0.24, 0.24)",0.14,0.05534063609295248,0.049634275659248814,1.1149681416301749,0.0601580065221875,27576535.048436858,-0.12015852475057154,-0.15895091920243826,0.035931619238943086,0.0,61.0,22953301.5457147,23284999.60397133,20452530.682537578,24652236.86106939,0.5737704918032787,0.7049180327868853,-0.16016211224214877,-0.06932266987696022,0.0,0.0,0.0
0.26,0.14,0.06,0.28,0.26,"(0.26, 0.14, 0.06, 0.28, 0.26)",0.15999999999999998,0.055330192607924156,0.051094030614408315,1.0829091371844377,0.0601580065221875,27568907.83018511,-0.125257083250376,-0.16683232076548246,0.037539891302875814,0.0,61.0,22933841.45431582,23281655.455395766,20456393.181169555,24683389.484889403,0.5737704918032787,0.5901639344262295,-0.1680315667180152,-0.07178300594854986,0.0,0.0,0.0
0.36,0.1,0.08,0.18,0.28,"(0.36, 0.1, 0.08, 0.18, 0.28)",0.17999999999999997,0.055315335201024274,0.048879248051145324,1.131673202974491,0.0601580065221875,27540627.36976812,-0.11687707058392827,-0.15689766727329232,0.03513856382377218,0.0,61.0,23023920.753825497,23332303.10216494,20519448.733605184,24833211.570159648,0.5737704918032787,0.819672131147541,-0.15759329128595773,-0.07611577293518393,0.0,0.0,0.0
0.3,0.14,0.06,0.26,0.24,"(0.3, 0.14, 0.06, 0.26, 0.24)",0.12000000000000001,0.055262453351464735,0.04999064981648992,1.105455791319517,0.0601580065221875,27554598.201535024,-0.12147276938633733,-0.16112434419113192,0.03629047504126611,0.0,61.0,22935414.033797648,23290649.119199052,20472703.984509166,24664570.378681015,0.5737704918032787,0.6721311475409836,-0.16232705847164408,-0.06963384731931736,0.0,0.0,0.0
0.24,0.14,0.06,0.3,0.26,"(0.24, 0.14, 0.06, 0.3, 0.26)",0.19999999999999996,0.055249572486747,0.05148603598346009,1.0730981989853705,0.0601580065221875,27546370.77452861,-0.12656614922311626,-0.16903040465614758,0.03789874710519883,0.0,61.0,22915744.547764894,23286992.087952152,20476307.823402677,24695382.199097313,0.5737704918032787,0.5737704918032787,-0.17021943831289932,-0.07209419679906291,0.0,0.0,0.0
0.28,0.14,0.06,0.28,0.24,"(0.28, 0.14, 0.06, 0.28, 0.24)",0.15999999999999998,0.05518303755110665,0.05036816259415481,1.09559361924214,0.0601580065221875,27532370.959976852,-0.1227863539252293,-0.16330664437221468,0.03664933084358913,0.0,61.0,22917445.614972852,23296135.850898918,20492761.21003804,24676729.02954483,0.5737704918032787,0.6229508196721312,-0.16450034169886943,-0.06994568961903473,0.0,0.0,0.0
0.26,0.1,0.08,0.26,0.3,"(0.26, 0.1, 0.08, 0.26, 0.3)",0.07999999999999999,0.05515639655456073,0.05091420431056111,1.0833204073685123,0.0601580065221875,27491321.99470259,-0.12502278715019255,-0.1699949912466649,0.0369085840264795,0.0,61.0,22970529.889541227,23233028.88765034,20227113.424401965,24890741.07075462,0.5737704918032787,0.5901639344262295,-0.1706355324388641,-0.07746099577960207,0.0,0.0,0.0
0.26,0.06,0.1,0.22,0.36,"(0.26, 0.06, 0.1, 0.22, 0.36)",0.21999999999999997,0.055143288804222035,0.052310931100044145,1.0541446623987831,0.0601580065221875,27456502.92282437,-0.12982064166779805,-0.18070037764544433,0.037733030705405145,0.0,61.0,23035250.98969192,23170515.582383286,19974840.06646082,25084186.426301546,0.5737704918032787,0.47540983606557374,-0.18075491847524605,-0.08850169961449815,0.0,0.0,0.0
0.3,0.06,0.1,0.2,0.34,"(0.3, 0.06, 0.1, 0.2, 0.34)",0.18000000000000005,0.055078065463744386,0.05118862348475136,1.0759825467889688,0.0601580065221875,27442781.913779553,-0.12593512129957918,-0.17450044107038423,0.03687880657618139,0.0,61.0,23036938.799842235,23151888.342722252,20047467.17957346,25065365.00339053,0.5737704918032787,0.5409836065573771,-0.17459652234084924,-0.08685770230589145,0.0,0.0,0.0
0.24,0.1,0.08,0.28,0.3,"(0.24, 0.1, 0.08, 0.28, 0.3)",0.12000000000000002,0.055077563384839934,0.051275035787200295,1.0741594333238644,0.0601580065221875,27469321.491461854,-0.12636792457378254,-0.17229586792794843,0.037267439828802526,0.0,61.0,22952969.856512014,23176396.70863846,20154604.658647303,24903114.80294743,0.5737704918032787,0.5409836065573771,-0.1729186877313103,-0.07735262386175887,0.0,0.0,0.0
0.28,0.1,0.08,0.26,0.28,"(0.28, 0.1, 0.08, 0.26, 0.28)",0.07999999999999993,0.055012208828809195,0.05013057495442069,1.0973783739529606,0.0601580065221875,27455603.995046478,-0.12223120017092659,-0.16590309837644734,0.03612410298076832,0.0,61.0,22954687.95536696,23158899.20815195,20227924.005483083,24884428.590357818,0.5737704918032787,0.6229508196721312,-0.1665479619918691,-0.07569750137438853,0.0,0.0,0.0
0.34,0.06,0.1,0.18,0.32,"(0.34, 0.06, 0.1, 0.18, 0.32)",0.22000000000000008,0.05501028133666064,0.05008993293557191,1.0982302852634585,0.0601580065221875,27428430.00361374,-0.12283640331401258,-0.1694370385629361,0.03602458244695763,0.0,61.0,23038288.01515831,23132870.64260687,20120049.05959358,25046147.697127454,0.5737704918032787,0.5901639344262295,-0.1695737327587435,-0.08521265403010862,0.0,0.0,0.0
0.32,0.1,0.08,0.24,0.26,"(0.32, 0.1, 0.08, 0.24, 0.26)",0.1,0.0549442942301166,0.04900922710122343,1.1211010146443425,0.0601580065221875,27441255.87383016,-0.11808177244020956,-0.15954637251744586,0.03526987885154456,0.0,61.0,22956068.85704396,23141160.387039598,20301198.19001044,24865349.370070335,0.5737704918032787,0.7377049180327869,-0.16021043206893426,-0.07404144509571293,0.0,0.0,0.0
0.26,0.1,0.08,0.28,0.28,"(0.26, 0.1, 0.08, 0.28, 0.28)",0.11999999999999997,0.05493334631218039,0.05049757837771838,1.0878412010430039,0.0601580065221875,27433622.24411061,-0.12358073133364011,-0.1681953999458506,0.036376879369515835,0.0,61.0,22937174.870900266,23114270.677885707,20155408.086482912,24896793.050195392,0.5737704918032787,0.5901639344262295,-0.16882329380206204,-0.07559309490551344,0.0,0.0,0.0
0.36,0.1,0.08,0.22,0.24,"(0.36, 0.1, 0.08, 0.22, 0.24)",0.18,0.05487382084149961,0.04791261506507626,1.1452896229305882,0.0601580065221875,27426278.44321142,-0.1139196340922709,-0.15322567373710955,0.0344156547223208,0.0,61.0,22957112.680066835,23123180.847548995,20374424.884908255,24845878.20174331,0.5737704918032787,0.8852459016393442,-0.15390608891788393,-0.07238451556929905,0.0,0.0,0.0
0.3,0.1,0.08,0.26,0.26,"(0.3, 0.1, 0.08, 0.26, 0.26)",0.07999999999999999,0.054866634339027165,0.04936101715913633,1.1115377578655061,0.0601580065221875,27419582.389889024,-0.11943627759603304,-0.16182040590743907,0.0355162636407936,0.0,61.0,22938684.59897563,23117900.49634505,20228529.402435932,24877880.612748034,0.5737704918032787,0.6721311475409836,-0.16246883441483725,-0.07394092712279905,0.0,0.0,0.0
0.24,0.1,0.08,0.3,0.28,"(0.24, 0.1, 0.08, 0.3, 0.28)",0.15999999999999995,0.05485325225578652,0.050885354316802175,1.0779772095971072,0.0601580065221875,27411351.589527562,-0.12492968724511344,-0.17049741029589707,0.03673573517183886,0.0,61.0,22919580.164041515,23095734.012452733,20083038.932853613,24908981.064096045,0.5737704918032787,0.5901639344262295,-0.1711077418420141,-0.07548875028920236,0.0,0.0,0.0
0.3,0.12,0.06,0.26,0.26,"(0.3, 0.12, 0.06, 0.26, 0.26)",0.07999999999999997,0.05473119391932868,0.04821362242132109,1.135181120411425,0.0601580065221875,27411714.129626393,-0.11314223657692757,-0.1501408194901577,0.0348880181010098,0.0,61.0,22954031.966878124,23340333.956092186,20549149.871680602,24680326.072568472,0.5737704918032787,0.9672131147540983,-0.15100962464953627,-0.06924002451158708,0.0,0.0,0.0
0.24,0.16,0.02,0.28,0.3,"(0.24, 0.16, 0.02, 0.28, 0.3)",0.18000000000000002,0.05461543466327923,0.049007805734800985,1.1144231790099552,0.0601580065221875,27432798.104311883,-0.11646822896052522,-0.15020313073787175,0.03654910480811353,0.0,61.0,23000329.832238376,23270340.41104911,20169204.662656926,24661143.07741887,0.5737704918032787,0.9180327868852459,-0.15158924053176204,-0.065833970180997,0.0,0.0,0.0
0.32,0.08,0.08,0.22,0.3,"(0.32, 0.08, 0.08, 0.22, 0.3)",0.10000000000000002,0.0546105422498917,0.0481589673063755,1.1339641463338048,0.0601580065221875,27350063.854560066,-0.11483855184441782,-0.15553370927744214,0.03525934130391871,0.0,61.0,23005861.39112527,23136751.59365118,20295416.50445222,24871390.66032407,0.5737704918032787,0.8360655737704918,-0.15592743716222007,-0.07864202899573391,0.0,0.0,0.0
0.32,0.04,0.1,0.18,0.36,"(0.32, 0.04, 0.1, 0.18, 0.36)",0.26,0.05457076726091814,0.05015401595996857,1.0880637615236013,0.0601580065221875,27308765.335310098,-0.12316786584752193,-0.1707450466209888,0.03641587224794111,0.0,61.0,23067815.68477237,23217086.745248042,20040374.488960177,25060705.381315555,0.5737704918032787,0.5901639344262295,-0.1707450466209888,-0.08965474692786278,0.0,0.0,0.0
0.36,0.08,0.08,0.2,0.28,"(0.36, 0.08, 0.08, 0.2, 0.28)",0.17999999999999994,0.05453937966011391,0.0470571098070204,1.159004024764335,0.0601580065221875,27334955.687593654,-0.11171163431642206,-0.15061315066223488,0.03440511717469496,0.0,61.0,23006805.879434872,23146440.948260583,20368514.673067,24851789.197099313,0.5737704918032787,0.9672131147540983,-0.15103415316835045,-0.07698637830736922,0.0,0.0,0.0
0.3,0.04,0.1,0.2,0.36,"(0.3, 0.04, 0.1, 0.2, 0.36)",0.22,0.05449889538222297,0.05038879216531204,1.0815678058610096,0.0601580065221875,27288657.54231537,-0.12367493237587734,-0.17192342677303735,0.03661059283192745,0.0,61.0,23051268.836548816,23231867.195723195,19969235.75942364,25074194.38936949,0.5737704918032787,0.5901639344262295,-0.17192342677303735,-0.08951632808781208,0.0,0.0,0.0
0.34,0.04,0.1,0.18,0.34,"(0.34, 0.04, 0.1, 0.18, 0.34)",0.26000000000000006,0.0544302654236728,0.049288556816211165,1.104318505949245,0.0601580065221875,27274162.636755228,-0.1205705350320323,-0.16685000048391127,0.03582550041638489,0.0,61.0,23052439.746605806,23231936.06478078,20041338.39113183,25054787.671143964,0.5737704918032787,0.6229508196721312,-0.16685000048391127,-0.08787939094021274,0.0,0.0,0.0
0.24,0.1,0.06,0.3,0.3,"(0.24, 0.1, 0.06, 0.3, 0.3)",0.11999999999999998,0.05417679947010057,0.04818903797980012,1.1242556760068627,0.0601580065221875,27258836.674772102,-0.11251372079741839,-0.15069749875372318,0.035594709079352596,0.0,61.0,22952254.714636963,23236140.582903665,20323939.752862908,24725408.438089248,0.5737704918032787,0.9672131147540983,-0.15128204349353122,-0.0735815422267533,0.0,0.0,0.0
0.24,0.06,0.08,0.26,0.36,"(0.24, 0.06, 0.08, 0.26, 0.36)",0.2,0.054176337588642376,0.04942315823290102,1.096173120571181,0.0601580065221875,27227105.440305304,-0.11879469404772092,-0.16289233996307126,0.036595797464014694,0.0,61.0,23018172.945372496,23244313.65579644,20070821.159211177,24919727.984323364,0.5737704918032787,0.6721311475409836,-0.1629637750518554,-0.08464263842315083,0.0,0.0,0.0
0.28,0.06,0.08,0.24,0.34,"(0.28, 0.06, 0.08, 0.24, 0.34)",0.14,0.05410944586697908,0.04826562109798706,1.121076340385802,0.0601580065221875,27213106.314052932,-0.11567524977121113,-0.15789824845432346,0.035741573334790944,0.0,61.0,23019614.966144882,23232994.893136725,20143532.056437578,24900722.115186658,0.5737704918032787,0.819672131147541,-0.15800805902930204,-0.08299707571160876,0.0,0.0,0.0
0.32,0.06,0.08,0.22,0.32,"(0.32, 0.06, 0.08, 0.22, 0.32)",0.14000000000000004,0.05403999888873323,0.04713147924424729,1.1465797330205623,0.0601580065221875,27198483.078117345,-0.112549191865561,-0.15293600297709742,0.03488734920556718,0.0,61.0,23020719.119127054,23221285.464917652,20216196.04786494,24881324.108928494,0.5737704918032787,0.9016393442622951,-0.15308193276807355,-0.0813505406649181,0.0,0.0,0.0
0.26,0.06,0.08,0.26,0.34,"(0.26, 0.06, 0.08, 0.26, 0.34)",0.16000000000000003,0.054034800769841684,0.04856438833476667,1.112642465449499,0.0601580065221875,27192353.516688924,-0.1161903360884976,-0.15903950744180506,0.03598795812403997,0.0,61.0,23002585.02765962,23262671.55186311,20071737.754037682,24913676.44057507,0.5737704918032787,0.8032786885245902,-0.15912674313184516,-0.08287417864551995,0.0,0.0,0.0
0.3,0.06,0.08,0.24,0.32,"(0.3, 0.06, 0.08, 0.24, 0.32)",0.10000000000000003,0.053966554503750874,0.04741287554323954,1.138225722136058,0.0601580065221875,27178035.39153489,-0.11306534800113865,-0.15406253868865966,0.035133733994816216,0.0,61.0,23003818.634247787,23251089.868450515,20144252.055701148,24894444.526073538,0.5737704918032787,0.8852459016393442,-0.15418680391497083,-0.08123151082015286,0.0,0.0,0.0
0.24,0.06,0.08,0.28,0.34,"(0.24, 0.06, 0.08, 0.28, 0.34)",0.20000000000000007,0.05395892542740155,0.04888570786912324,1.1037771115406638,0.0601580065221875,27171312.918020334,-0.11670626143727403,-0.1601862257244829,0.03623434291328901,0.0,61.0,22985472.515051533,23262789.497690927,20000086.649099056,24926455.055478115,0.5737704918032787,0.7213114754098361,-0.1602505886636782,-0.08275135432132023,0.0,0.0,0.0
0.28,0.06,0.08,0.26,0.32,"(0.28, 0.06, 0.08, 0.26, 0.32)",0.12,0.05389187972195697,0.04771758778465438,1.1293923734193494,0.0601580065221875,27157299.62957022,-0.11358234511518606,-0.1551945186016897,0.03538011878406525,0.0,61.0,22986835.414508175,23243747.483119503,20072450.9934774,24907389.554187536,0.5737704918032787,0.8524590163934426,-0.15529682546917162,-0.08111255420595594,0.0,0.0,0.0
0.26,0.04,0.08,0.26,0.36,"(0.26, 0.04, 0.08, 0.26, 0.36)",0.19999999999999998,0.05345175712376671,0.04780554726936638,1.1181078384603789,0.0601580065221875,27038498.512592822,-0.11391657092160601,-0.15643456422404262,0.03586499738667638,0.0,61.0,23016307.7758831,23322948.383938123,19992211.82759759,24921710.185693845,0.5737704918032787,0.8360655737704918,-0.15643456422404262,-0.08553992094008273,0.0,0.0,0.0
0.3,0.04,0.08,0.24,0.34,"(0.3, 0.04, 0.08, 0.24, 0.34)",0.14000000000000004,0.05338267213091652,0.04665250853482302,1.144261558648446,0.0601580065221875,27024041.33602991,-0.11078586702597515,-0.1514477203973869,0.035079904971133814,0.0,61.0,23017363.77828615,23303477.118183583,20064243.20805675,24902291.87779555,0.5737704918032787,0.9508196721311475,-0.1514477203973869,-0.08390546468929698,0.0,0.0,0.0
0.24,0.04,0.08,0.28,0.36,"(0.24, 0.04, 0.08, 0.28, 0.36)",0.24000000000000002,0.05337735690244427,0.048103042854126414,1.1096461623916878,0.0601580065221875,27017934.44686527,-0.11443442601862075,-0.15757995377220896,0.03605971797066273,0.0,61.0,22999420.542064324,23303456.14638201,19920994.13669261,24934689.113351204,0.5737704918032787,0.819672131147541,-0.15757995377220896,-0.08541002775674314,0.0,0.0,0.0
0.28,0.04,0.08,0.26,0.34,"(0.28, 0.04, 0.08, 0.26, 0.34)",0.16,0.05330947143265696,0.04693254448531715,1.1358743067794852,0.0601580065221875,27003780.274209306,-0.1113047970582054,-0.1525782905110334,0.03527462555512016,0.0,61.0,23000606.09759474,23284180.014094047,19992877.369516768,24915436.94471196,0.5737704918032787,0.9016393442622951,-0.1525782905110334,-0.08377942194682732,0.0,0.0,0.0
0.26,0.04,0.08,0.28,0.34,"(0.26, 0.04, 0.08, 0.28, 0.34)",0.20000000000000004,0.05323504174309446,0.047236150312239454,1.1269978902006461,0.0601580065221875,26983233.0313147,-0.11182456641340566,-0.1537143520588289,0.03546934613910651,0.0,61.0,22983765.465114795,23264714.420082007,19921653.210687485,24928406.63766844,0.5737704918032787,0.8852459016393442,-0.1537143520588289,-0.08365345528633955,0.0,0.0,0.0
0.24,0.14,0.1,0.18,0.34,"(0.24, 0.14, 0.1, 0.18, 0.34)",0.26000000000000006,0.057885850159174135,0.059551085191400066,0.9720368650399269,0.0601580065221875,28193696.899494328,-0.1594886093507688,-0.2190065867565175,0.044372778941286106,0.0,61.0,23042684.70916247,23500102.89518262,20177584.070924416,25016070.531854168,0.5573770491803278,0.09836065573770492,-0.22045407209839257,-0.0931384430071339,0.0,0.0,0.0
0.24,0.12,0.1,0.18,0.36,"(0.24, 0.12, 0.1, 0.18, 0.36)",0.26,0.05736226661301069,0.057930163650118285,0.9901968680679459,0.0601580065221875,28049898.27567369,-0.1535287526239255,-0.2115422014004944,0.042970322001029786,0.0,61.0,23062757.322244767,23557645.56071017,20340820.56987675,25033857.40334306,0.5573770491803278,0.16393442622950818,-0.21260533175547752,-0.09391824204417049,0.0,0.0,0.0
0.24,0.16,0.08,0.22,0.3,"(0.24, 0.16, 0.08, 0.22, 0.3)",0.18,0.05731957357776052,0.05763137415816184,0.9945897423936896,0.0601580065221875,28071399.614881042,-0.15182305213117087,-0.2050004095526594,0.043069924620462434,0.0,61.0,22994406.660792314,23323755.871801734,20071874.24317045,24832698.747268543,0.5573770491803278,0.13114754098360656,-0.20671768328189663,-0.08306267085734383,0.0,0.0,0.0
0.28,0.16,0.08,0.2,0.28,"(0.28, 0.16, 0.08, 0.2, 0.28)",0.1799999999999999,0.057257267797495404,0.05656679563400561,1.0122063156618812,0.0601580065221875,28058213.2615109,-0.14812573315050015,-0.19918328384025663,0.04182050835885273,0.0,61.0,22996904.942275435,23333660.543630462,20088581.628349748,24814776.27986897,0.5573770491803278,0.19672131147540983,-0.20090548561361224,-0.08128275376156925,0.0,0.0,0.0
0.32,0.16,0.08,0.18,0.26,"(0.32, 0.16, 0.08, 0.18, 0.26)",0.22,0.057192387626496366,0.05552579575978221,1.0300147317820392,0.0601580065221875,28044379.495490063,-0.144418394609379,-0.1933958521590893,0.040571092097243015,0.0,61.0,22999064.41086451,23343217.11182083,20105020.682272557,24796459.01879607,0.5573770491803278,0.26229508196721313,-0.1951205404548146,-0.07950721536985475,0.0,0.0,0.0
0.26,0.16,0.08,0.22,0.28,"(0.26, 0.16, 0.08, 0.22, 0.28)",0.17999999999999994,0.057177746877371316,0.05690124475577367,1.0048593334431333,0.0601580065221875,28035601.90284952,-0.1493970522539868,-0.20143551641715338,0.04217936416117575,0.0,61.0,22978829.61069779,23339258.893300705,20108325.12173354,24827081.387679275,0.5573770491803278,0.18032786885245902,-0.20314654162973433,-0.08099189612350033,0.0,0.0,0.0
0.3,0.16,0.08,0.2,0.26,"(0.3, 0.16, 0.08, 0.2, 0.26)",0.17999999999999997,0.0571140727465036,0.05584566302217561,1.0227127704406396,0.0601580065221875,28022082.78893992,-0.14569413778356377,-0.195632280915477,0.04092994789956604,0.0,61.0,22981117.222355597,23348966.156309523,20124904.684564408,24808930.993439365,0.5573770491803278,0.2459016393442623,-0.19734697694009523,-0.0792202516811308,0.0,0.0,0.0
0.34,0.16,0.08,0.18,0.24,"(0.34, 0.16, 0.08, 0.18, 0.24)",0.26,0.05704782566935762,0.05481431425761618,1.0407468640626314,0.0601580065221875,28007917.747515306,-0.14198120933860947,-0.1898587589059679,0.03968053163795633,0.0,61.0,22983066.37828377,23358325.104765624,20141215.37612607,24790386.401514553,0.5573770491803278,0.29508196721311475,-0.19157468317995613,-0.07745299829801028,0.0,0.0,0.0
0.26,0.1,0.1,0.18,0.36,"(0.26, 0.1, 0.1, 0.18, 0.36)",0.21999999999999997,0.05668694924770423,0.05569232237111082,1.0178593176625967,0.0601580065221875,27868636.278345276,-0.14479413442833167,-0.19982327128645302,0.040677304601486795,0.0,61.0,23066441.84988138,23313036.491452288,20268061.55227862,25044347.931068216,0.5573770491803278,0.2459016393442623,-0.20053363344719818,-0.08742449819439028,0.0,0.0,0.0
0.26,0.14,0.08,0.22,0.3,"(0.26, 0.14, 0.08, 0.22, 0.3)",0.13999999999999999,0.05666492904208553,0.05501548459284067,1.0299814581558646,0.0601580065221875,27895192.498228967,-0.14078048099438956,-0.18990569181667952,0.04077690722091945,0.0,61.0,22999677.163323022,23393034.373540334,20308692.47985197,24846120.471283592,0.5573770491803278,0.29508196721311475,-0.1912211295544263,-0.08256736733472658,0.0,0.0,0.0
0.24,0.1,0.1,0.2,0.36,"(0.24, 0.1, 0.1, 0.2, 0.36)",0.21999999999999997,0.05661074101162278,0.055976845170990566,1.0113242509236788,0.0601580065221875,27847040.27098758,-0.1461036462405576,-0.2021863414964266,0.041036160403809814,0.0,61.0,23049083.61143013,23278185.044844177,20195674.015080318,25057255.524394523,0.5573770491803278,0.21311475409836064,-0.20287474742089937,-0.08711602986685187,0.0,0.0,0.0
0.3,0.14,0.08,0.2,0.28,"(0.3, 0.14, 0.08, 0.2, 0.28)",0.13999999999999996,0.05660039459837374,0.05393788296303843,1.0493625535351438,0.0601580065221875,27881509.934354044,-0.13704490404487935,-0.1841039952592293,0.039527490959309734,0.0,61.0,23001785.531620525,23402618.773401305,20325331.250188068,24827774.075445414,0.5573770491803278,0.36065573770491804,-0.1854288506966492,-0.08080853345168816,0.0,0.0,0.0
0.24,0.14,0.08,0.24,0.3,"(0.24, 0.14, 0.08, 0.24, 0.3)",0.14,0.05658565729896936,0.05535571857711654,1.0222188195450734,0.0601580065221875,27872771.601325873,-0.14206329982095944,-0.19215399822891358,0.04113576302324247,0.0,61.0,22981741.93430858,23398662.282197613,20328660.51915245,24858455.65803906,0.5573770491803278,0.26229508196721313,-0.19345593330520805,-0.08227443105972268,0.0,0.0,0.0
0.28,0.1,0.1,0.18,0.34,"(0.28, 0.1, 0.1, 0.18, 0.34)",0.18,0.05654875663624148,0.054874810930141925,1.0305048104535717,0.0601580065221875,27833976.59101311,-0.14203826401406827,-0.1956725064753381,0.03978674414220011,0.0,61.0,23051420.94476385,23264337.111262802,20269797.21802111,25039111.663368996,0.5573770491803278,0.26229508196721313,-0.19639051080561243,-0.0856031165041222,0.0,0.0,0.0
0.34,0.14,0.08,0.18,0.26,"(0.34, 0.14, 0.08, 0.18, 0.26)",0.22000000000000003,0.0565332903803879,0.052884510374968524,1.0689952498292663,0.0601580065221875,27867185.336763605,-0.1332992358149756,-0.17833216011283318,0.038278074697700025,0.0,61.0,23003555.33971559,23411854.452057924,20341698.728784136,24809033.887015108,0.5573770491803278,0.4426229508196721,-0.1796639475449301,-0.07905404797133907,0.0,0.0,0.0
0.28,0.14,0.08,0.22,0.28,"(0.28, 0.14, 0.08, 0.22, 0.28)",0.13999999999999993,0.056522327746690415,0.054263450405503205,1.041627971024823,0.0601580065221875,27859401.707400218,-0.13833218219928767,-0.1863363977702854,0.03988634676163276,0.0,61.0,22983978.59005549,23404783.09278933,20345441.310329746,24840276.24177897,0.5573770491803278,0.3442622950819672,-0.1876489580789552,-0.08051946236693239,0.0,0.0,0.0
0.26,0.1,0.1,0.2,0.34,"(0.26, 0.1, 0.1, 0.2, 0.34)",0.18,0.05647251644918483,0.05516407418945821,1.0237191012257876,0.0601580065221875,27812397.01145983,-0.14335211527483205,-0.1980268569283086,0.04014559994452313,0.0,61.0,23034108.79976541,23229557.745592464,20197398.77186368,25052009.977065064,0.5573770491803278,0.26229508196721313,-0.1987236590314756,-0.08529893890550712,0.0,0.0,0.0
0.3,0.1,0.1,0.18,0.32,"(0.3, 0.1, 0.1, 0.18, 0.32)",0.14,0.056409165153172625,0.054069141875846743,1.0432783505737715,0.0601580065221875,27799002.666135564,-0.1392790400516496,-0.191530838114041,0.03889618368291342,0.0,61.0,23036235.34653712,23215503.4669629,20271325.877350587,25033636.09964595,0.5573770491803278,0.3442622950819672,-0.19225573933561355,-0.08378856980825299,0.0,0.0,0.0
0.28,0.1,0.1,0.2,0.32,"(0.28, 0.1, 0.1, 0.2, 0.32)",0.13999999999999996,0.056332893305448994,0.05436322370963277,1.0362316555459754,0.0601580065221875,27777439.827047456,-0.14059723465045282,-0.19387648247016884,0.03925503948523644,0.0,61.0,23018969.390246045,23180796.43082162,20198917.31853354,25046525.05299384,0.5573770491803278,0.3114754098360656,-0.1945809352912044,-0.08348867026576566,0.0,0.0,0.0
0.32,0.1,0.1,0.18,0.3,"(0.32, 0.1, 0.1, 0.18, 0.3)",0.14,0.05626817655003924,0.05327585247372952,1.056166610900975,0.0601580065221875,27763716.150292955,-0.13651647561256164,-0.18739829637751562,0.03800562322362673,0.0,61.0,23020885.59601618,23166537.042616833,20272647.68721796,25027921.626805298,0.5573770491803278,0.39344262295081966,-0.1881293466483522,-0.0819808783988994,0.0,0.0,0.0
0.26,0.1,0.1,0.24,0.3,"(0.26, 0.1, 0.1, 0.24, 0.3)",0.09999999999999999,0.05603556441924851,0.05423377846081464,1.03322257842934,0.0601580065221875,27698198.71588603,-0.1404824695735376,-0.1944384235524266,0.0390821906305958,0.0,61.0,22968979.701782774,23127741.39070526,20055829.450167324,25066028.2493069,0.5573770491803278,0.3114754098360656,-0.1951085846764586,-0.08182286719542493,0.0,0.0,0.0
0.3,0.1,0.1,0.22,0.28,"(0.3, 0.1, 0.1, 0.22, 0.28)",0.09999999999999996,0.055971889927143526,0.05312408143082415,1.0536067338882398,0.0601580065221875,27684768.672971938,-0.13640382271949691,-0.18794121355285143,0.03783277436898609,0.0,61.0,22970943.290373106,23116894.629730318,20129055.105442815,25047531.449057575,0.5573770491803278,0.39344262295081966,-0.18863918118717315,-0.07969082167071456,0.0,0.0,0.0
0.24,0.1,0.1,0.26,0.3,"(0.24, 0.1, 0.1, 0.26, 0.3)",0.12000000000000001,0.055955559558984236,0.054593016521719766,1.0249581928985805,0.0601580065221875,27675774.332347956,-0.14180337429151146,-0.19680464778460272,0.039441046432918826,0.0,61.0,22951513.483480047,23156734.51990735,19983847.624744084,25078375.314022914,0.5573770491803278,0.26229508196721313,-0.1974533028211132,-0.08212566250715891,0.0,0.0,0.0
0.26,0.12,0.08,0.24,0.3,"(0.26, 0.12, 0.08, 0.24, 0.3)",0.09999999999999998,0.05591735839925116,0.05287999953441748,1.0574387082370678,0.0601580065221875,27694267.09939819,-0.13257382852840738,-0.17947862068143197,0.03884274562369947,0.0,61.0,22985676.87661832,23349540.605130367,20374935.833797015,24869573.554398563,0.5573770491803278,0.4426229508196721,-0.18044765427849627,-0.07833589993391331,0.0,0.0,0.0
0.3,0.12,0.08,0.22,0.28,"(0.3, 0.12, 0.08, 0.22, 0.28)",0.09999999999999995,0.05585180884569074,0.05177572224594848,1.078725827915635,0.0601580065221875,27680409.619578972,-0.12845958341029295,-0.17312208237115603,0.03759332936208976,0.0,61.0,22987524.94070136,23335052.01559355,20449239.077756252,24850972.58418999,0.5573770491803278,0.5245901639344263,-0.174104526502489,-0.07619517315550015,0.0,0.0,0.0
0.24,0.12,0.08,0.26,0.3,"(0.24, 0.12, 0.08, 0.26, 0.3)",0.12,0.05583830562298342,0.0532306952336945,1.048986968474504,0.0601580065221875,27672055.998755638,-0.13390675849980938,-0.1817809161724264,0.03920160142602249,0.0,61.0,22967929.085304327,23314201.33192839,20301863.286653157,24881928.543542016,0.5573770491803278,0.4426229508196721,-0.18273438624878993,-0.07864090689468932,0.0,0.0,0.0
0.34,0.12,0.08,0.2,0.26,"(0.34, 0.12, 0.08, 0.2, 0.26)",0.18,0.05578369430384322,0.050695572024937206,1.1003662070605134,0.0601580065221875,27665915.711727057,-0.12433267990903774,-0.1668013344914876,0.03634391310048005,0.0,61.0,22989034.98863478,23320152.510795806,20523497.604344886,24831978.42017811,0.5573770491803278,0.6065573770491803,-0.16779441268158746,-0.07405328338633095,0.0,0.0,0.0
0.28,0.12,0.08,0.24,0.28,"(0.28, 0.12, 0.08, 0.24, 0.28)",0.09999999999999992,0.05577395982637867,0.05211154167326388,1.0702803646853882,0.0601580065221875,27658509.063761298,-0.12979744685132477,-0.175406223404857,0.03795218516441279,0.0,61.0,22969905.66774731,23299918.736733727,20376010.646669324,24863494.52687571,0.5573770491803278,0.47540983606557374,-0.1763744159557958,-0.07650082912369631,0.0,0.0,0.0
0.32,0.08,0.1,0.18,0.32,"(0.32, 0.08, 0.1, 0.18, 0.32)",0.18000000000000005,0.055717226956869315,0.05197615085621233,1.071976782409424,0.0601580065221875,27615037.025424436,-0.1304477222874073,-0.17966462997702012,0.03700441388528388,0.0,61.0,23038066.348757662,23162036.915765423,20196465.32638064,25041149.70224578,0.5573770491803278,0.47540983606557374,-0.18007925052297075,-0.08429606517948997,0.0,0.0,0.0
0.26,0.08,0.1,0.22,0.34,"(0.26, 0.08, 0.1, 0.22, 0.34)",0.18000000000000002,0.05570677377196298,0.053370866396089,1.0437674621681832,0.0601580065221875,27607542.000193242,-0.13587885667556254,-0.18851305050459297,0.03821143834730316,0.0,61.0,23019203.68090068,23160401.787156295,20051367.830787014,25072863.294018585,0.5573770491803278,0.3770491803278688,-0.1888700077611504,-0.08582385918505014,0.0,0.0,0.0
0.3,0.08,0.1,0.2,0.32,"(0.3, 0.08, 0.1, 0.2, 0.32)",0.14,0.05564240337574278,0.05225596417309555,1.064804836275335,0.0601580065221875,27593972.86287404,-0.13177857723690933,-0.18199885371657834,0.03725079867453292,0.0,61.0,23021069.946191724,23149977.910675324,20124470.70847111,25054233.81660251,0.5573770491803278,0.45901639344262296,-0.18239142851481815,-0.08417177082078159,0.0,0.0,0.0
0.34,0.08,0.1,0.18,0.3,"(0.34, 0.08, 0.1, 0.18, 0.3)",0.18000000000000005,0.05557546898985155,0.05116450673041703,1.086211370758945,0.0601580065221875,27579768.709056724,-0.12766567319993571,-0.17552117548009175,0.03639657454530916,0.0,61.0,23022597.64204159,23139227.81118971,20197529.406679768,25035207.932030026,0.5573770491803278,0.5409836065573771,-0.17594645030564215,-0.0825186342869167,0.0,0.0,0.0
0.24,0.08,0.1,0.26,0.32,"(0.24, 0.08, 0.1, 0.26, 0.32)",0.16000000000000003,0.05541053441513788,0.05322105132590079,1.0411394182318894,0.0601580065221875,27529028.39227267,-0.13576784854690527,-0.18906064022720004,0.03803858949266251,0.0,61.0,22969584.946011897,23049750.196512673,19909348.895584084,25092423.309549525,0.5573770491803278,0.3770491803278688,-0.1893833868201259,-0.08379929763852287,0.0,0.0,0.0
0.34,0.08,0.1,0.2,0.28,"(0.34, 0.08, 0.1, 0.2, 0.28)",0.18,0.05535743401618065,0.05065561630937368,1.0928192774931635,0.0601580065221875,27523162.355456356,-0.12621989754256469,-0.17370372309008386,0.036035119994583475,0.0,61.0,22990062.218303226,23127747.531119887,20126377.571898874,25042093.32812832,0.5573770491803278,0.5409836065573771,-0.17411837114283876,-0.08063167738414763,0.0,0.0,0.0
0.24,0.1,0.08,0.26,0.32,"(0.24, 0.1, 0.08, 0.26, 0.32)",0.12000000000000002,0.055299195801095324,0.05171126551279571,1.0693839195912116,0.0601580065221875,27526734.741663285,-0.12781102528278276,-0.17409605496014408,0.037799144485766184,0.0,61.0,22986209.857272763,23292413.651802193,20226097.48823637,24896817.656207897,0.5573770491803278,0.5245901639344263,-0.17473151862706243,-0.0792313922310099,0.0,0.0,0.0
0.26,0.14,0.06,0.3,0.24,"(0.26, 0.14, 0.06, 0.3, 0.24)",0.19999999999999996,0.05510238911099763,0.050766342416281834,1.0854118395838013,0.0601580065221875,27509854.067712825,-0.12409927628186834,-0.1654978174522908,0.037008186645912156,0.0,61.0,22899396.46127875,23265243.428465106,20478405.250279512,24688712.556574408,0.5573770491803278,0.6065573770491803,-0.16668195662353685,-0.07025819610276404,0.0,0.0,0.0
0.3,0.1,0.08,0.24,0.28,"(0.3, 0.1, 0.08, 0.24, 0.28)",0.05999999999999997,0.05508983938916212,0.04978480344128558,1.1065593430359348,0.0601580065221875,27477296.105929594,-0.12088109657156809,-0.16362050478860612,0.03587771819151929,0.0,61.0,22972119.251124475,23215374.02955348,20300586.36274942,24871887.945870295,0.5573770491803278,0.639344262295082,-0.1642817488728089,-0.07580197104979451,0.0,0.0,0.0
0.24,0.06,0.1,0.24,0.36,"(0.24, 0.06, 0.1, 0.24, 0.36)",0.22000000000000003,0.055067509025133354,0.05260729034040966,1.0467657366270755,0.0601580065221875,27435319.58943209,-0.1311543470505656,-0.1830602467059669,0.037979415494654174,0.0,61.0,23018266.717056215,23151019.15750374,19903564.641584087,25097129.38203132,0.5573770491803278,0.45901639344262296,-0.1830883737347362,-0.08836647276441131,0.0,0.0,0.0
0.28,0.06,0.1,0.22,0.34,"(0.28, 0.06, 0.1, 0.22, 0.34)",0.18,0.05500348669104138,0.051468859088214435,1.068675071984184,0.0601580065221875,27421905.82635985,-0.1270345262834578,-0.17651007683311218,0.037125191365430424,0.0,61.0,23020083.56003067,23132585.256527405,19976040.857075226,25078475.611248784,0.5573770491803278,0.5409836065573771,-0.17658291928497039,-0.08672636647618355,0.0,0.0,0.0
0.32,0.06,0.1,0.2,0.32,"(0.32, 0.06, 0.1, 0.2, 0.32)",0.18000000000000005,0.05493690374099813,0.050353197120353396,1.091031094007573,0.0601580065221875,27407861.320980854,-0.12334345149366988,-0.17060723660802654,0.036270967236206667,0.0,61.0,23021562.056467105,23126323.070186608,20048472.812629648,25059425.504600246,0.5573770491803278,0.5901639344262295,-0.1707198783054505,-0.08508519540438346,0.0,0.0,0.0
0.26,0.06,0.1,0.24,0.34,"(0.26, 0.06, 0.1, 0.24, 0.34)",0.18000000000000005,0.054927676009224324,0.051770597085613906,1.0609820844520974,0.0601580065221875,27400739.134329934,-0.12837261418266266,-0.17886115643351255,0.03737157615467946,0.0,61.0,23003145.35478692,23140262.224809553,19904756.754980743,25091409.254150745,0.5573770491803278,0.4918032786885246,-0.17890837072786067,-0.08659510268139363,0.0,0.0,0.0
0.36,0.06,0.1,0.18,0.3,"(0.36, 0.06, 0.1, 0.18, 0.3)",0.22000000000000003,0.05486776142557792,0.049261851469024585,1.1137981985934549,0.0601580065221875,27393187.367758933,-0.12023921322462572,-0.16556111323963935,0.03541674310698291,0.0,61.0,23022702.321179744,23126326.13253293,20120858.20743159,25039980.122367933,0.5573770491803278,0.6229508196721312,-0.16571301493958404,-0.08344301958995623,0.0,0.0,0.0
0.3,0.06,0.1,0.22,0.32,"(0.3, 0.06, 0.1, 0.22, 0.32)",0.14,0.05486229408707932,0.05063862679982454,1.0834080138853492,0.0601580065221875,27387001.754877448,-0.12424505811900954,-0.17232901883660692,0.036517352025455696,0.0,61.0,23004752.97356418,23140716.045576744,19977038.522042215,25072526.670318313,0.5573770491803278,0.5901639344262295,-0.172419378108554,-0.08495780926179823,0.0,0.0,0.0
0.34,0.1,0.08,0.24,0.24,"(0.34, 0.1, 0.08, 0.24, 0.24)",0.14000000000000004,0.054797363744091276,0.048248307260168946,1.1357365026011774,0.0601580065221875,27404913.38682782,-0.11527912220271652,-0.15548145627242596,0.03466203951156984,0.0,61.0,22939857.4993146,23098744.53510782,20301604.218117774,24858575.77914112,0.5573770491803278,0.819672131147541,-0.15614757165219512,-0.0722878716941602,0.0,0.0,0.0
0.28,0.1,0.08,0.28,0.26,"(0.28, 0.1, 0.08, 0.28, 0.26)",0.11999999999999997,0.054787742751401414,0.0497342806732889,1.1016092322981281,0.0601580065221875,27397619.698643126,-0.12079020633680371,-0.16410414607352536,0.035762648430042634,0.0,61.0,22921218.55221295,23084580.508617055,20156007.119989935,24890235.72206537,0.5573770491803278,0.6229508196721312,-0.16473635619478405,-0.07384047153359942,0.0,0.0,0.0
0.24,0.12,0.06,0.3,0.28,"(0.24, 0.12, 0.06, 0.3, 0.28)",0.15999999999999992,0.05472064072441163,0.04971835407421078,1.1006124748766686,0.0601580065221875,27404118.082001038,-0.11794769604425859,-0.1575907601189729,0.03649629016494253,0.0,61.0,22934762.82626932,23328023.16674734,20401495.304230493,24711532.2008354,0.5573770491803278,0.7540983606557377,-0.15843718651178335,-0.07082025497618111,0.0,0.0,0.0
0.32,0.1,0.08,0.26,0.24,"(0.32, 0.1, 0.08, 0.26, 0.24)",0.12000000000000002,0.054719674795899564,0.048606199293390946,1.125775633383865,0.0601580065221875,27383258.832784563,-0.11663803273336992,-0.15774694324214902,0.03490842430081888,0.0,61.0,22922520.366035573,23073104.849787563,20228929.791147284,24871097.540273946,0.5573770491803278,0.8032786885245902,-0.1583981767198789,-0.0721912907983491,0.0,0.0,0.0
0.28,0.12,0.06,0.28,0.26,"(0.28, 0.12, 0.06, 0.28, 0.26)",0.11999999999999995,0.05465325975753643,0.048576330487070246,1.1251006243068054,0.0601580065221875,27389966.24734126,-0.1141908822948835,-0.151942605150569,0.035246873903332816,0.0,61.0,22936286.07742628,23338406.55142401,20475533.58741498,24692688.054870587,0.5573770491803278,0.8852459016393442,-0.15279905455163018,-0.0691515352735118,0.0,0.0,0.0
0.26,0.08,0.08,0.26,0.32,"(0.26, 0.08, 0.08, 0.26, 0.32)",0.12000000000000001,0.05460302587483268,0.049606401783923004,1.1007253884826018,0.0601580065221875,27343314.6235357,-0.11966481167965626,-0.1632557690830183,0.03635995022239151,0.0,61.0,22987324.56488521,23142017.366651997,20150043.873344928,24903353.364675093,0.5573770491803278,0.6721311475409836,-0.16360389557260296,-0.08018105219206773,0.0,0.0,0.0
0.3,0.08,0.08,0.24,0.3,"(0.3, 0.08, 0.08, 0.24, 0.3)",0.06000000000000001,0.054535622224957336,0.04846308699388938,1.125302278656612,0.0601580065221875,27329140.270314198,-0.11555685506257019,-0.15693876908280968,0.03550572609316775,0.0,61.0,22988735.97052509,23130619.493916646,20223038.72370315,24884309.86069599,0.5573770491803278,0.819672131147541,-0.1573148239718148,-0.07853019460575883,0.0,0.0,0.0
0.34,0.08,0.08,0.22,0.28,"(0.34, 0.08, 0.08, 0.22, 0.28)",0.14,0.054465661542603794,0.04734375407086939,1.150429715841155,0.0601580065221875,27314339.163302056,-0.11222691875994883,-0.1517264368232708,0.034651501963943995,0.0,61.0,22989809.889901392,23118899.270119872,20295986.375127085,24864874.295488123,0.5573770491803278,0.9180327868852459,-0.15212791588213542,-0.0768784141021733,0.0,0.0,0.0
0.28,0.04,0.1,0.22,0.36,"(0.28, 0.04, 0.1, 0.22, 0.36)",0.21999999999999997,0.054425792190656574,0.0506460108994273,1.074631372226633,0.0601580065221875,27268259.65816745,-0.1241828395182335,-0.173107344287464,0.036805313415913796,0.0,61.0,23034638.489019014,23246501.137269095,19898237.350898467,25087506.998179466,0.5573770491803278,0.5409836065573771,-0.173107344287464,-0.0893779861394289,0.0,0.0,0.0
0.32,0.04,0.1,0.2,0.34,"(0.32, 0.04, 0.1, 0.2, 0.34)",0.22000000000000006,0.05435836238028324,0.04952801908357544,1.0975274881992938,0.0601580065221875,27254070.322689153,-0.12107950123896549,-0.1680189248563103,0.036020221000371236,0.0,61.0,23035938.9434754,23246701.827813823,19970191.859846935,25068267.208324477,0.5573770491803278,0.6065573770491803,-0.1680189248563103,-0.0877449091428748,0.0,0.0,0.0
0.28,0.08,0.08,0.3,0.26,"(0.28, 0.08, 0.08, 0.3, 0.26)",0.15999999999999992,0.05401209768674109,0.04794259001979511,1.1265994946130347,0.0601580065221875,27193033.271148946,-0.11318768072848373,-0.1544424948805546,0.03502920178096541,0.0,61.0,22904978.05690868,23083747.185797587,20007661.741817523,24908669.75950425,0.5573770491803278,0.8688524590163934,-0.15478425986697897,-0.07470625547150915,0.0,0.0,0.0
0.32,0.06,0.08,0.24,0.3,"(0.32, 0.06, 0.08, 0.24, 0.3)",0.10000000000000003,0.05382228033754788,0.0465726151254524,1.1556636919049337,0.0601580065221875,27142663.82738621,-0.11045181295895745,-0.15023467160677184,0.034525894654841495,0.0,61.0,22987861.06201894,23224314.735124614,20144768.089395,24887932.071493745,0.5573770491803278,0.9672131147540983,-0.1503726602974975,-0.07947281361809476,0.0,0.0,0.0
0.26,0.06,0.08,0.28,0.32,"(0.26, 0.06, 0.08, 0.28, 0.32)",0.16000000000000003,0.05381597495096235,0.048045172347212395,1.1201120179577164,0.0601580065221875,27136276.4886543,-0.11410018176555836,-0.1563319530322233,0.03562650357331429,0.0,61.0,22969769.62089,23224106.34098086,20000793.19531025,24920158.92075992,0.5573770491803278,0.819672131147541,-0.15641200587998227,-0.08099366962499213,0.0,0.0,0.0
0.3,0.06,0.08,0.26,0.3,"(0.3, 0.06, 0.08, 0.26, 0.3)",0.08000000000000002,0.0537475761400763,0.04688340515238737,1.1464093950807965,0.0601580065221875,27121945.392950047,-0.11097072270496944,-0.15135739038767623,0.034772279444090524,0.0,61.0,22970924.646113034,23204868.36316232,20072961.047845244,24900867.718668375,0.5573770491803278,0.9508196721311475,-0.1514740363827172,-0.07935778315823877,0.0,0.0,0.0
0.24,0.06,0.08,0.3,0.32,"(0.24, 0.06, 0.08, 0.3, 0.32)",0.2,0.053738840600612736,0.04839516476818892,1.110417556341007,0.0601580065221875,27114966.674200445,-0.11461885650718406,-0.15747485222425478,0.03587288836256332,0.0,61.0,22952621.41511108,23204297.69756802,19929278.99140226,24932752.35677858,0.5573770491803278,0.819672131147541,-0.1575323535229367,-0.08087485588454993,0.0,0.0,0.0
0.28,0.06,0.08,0.28,0.3,"(0.28, 0.06, 0.08, 0.28, 0.3)",0.12,0.05367164220974008,0.04721738941239714,1.1366922838738802,0.0601580065221875,27100940.00473957,-0.11149047249351629,-0.15248555891242374,0.03501866423333956,0.0,61.0,22953905.6569833,23185254.34188584,20001297.334998183,24913627.754684746,0.5573770491803278,0.9016393442622951,-0.15258056876124793,-0.0792428240104566,0.0,0.0,0.0
0.26,0.06,0.08,0.3,0.3,"(0.26, 0.06, 0.08, 0.3, 0.3)",0.15999999999999998,0.053594478956356495,0.047574079416639,1.1265478935912288,0.0601580065221875,27079648.367474142,-0.11201106087873158,-0.15361918749047587,0.0352650490225886,0.0,61.0,22936804.25568012,23165473.127682913,19929777.280624706,24926211.910751905,0.5573770491803278,0.8852459016393442,-0.15369226587017254,-0.07912793494645402,0.0,0.0,0.0
0.24,0.04,0.08,0.3,0.34,"(0.24, 0.04, 0.08, 0.3, 0.34)",0.24000000000000002,0.053159383468753596,0.04756287466033097,1.1176654869662515,0.0601580065221875,26962400.29735112,-0.11234517364577834,-0.15485591549182312,0.03566406672309286,0.0,61.0,22966842.040237673,23245080.789491802,19850571.06323663,24941200.683847144,0.5573770491803278,0.8688524590163934,-0.15485591549182312,-0.0835275635952163,0.0,0.0,0.0
0.24,0.16,0.1,0.18,0.32,"(0.24, 0.16, 0.1, 0.18, 0.32)",0.26,0.05839445684242239,0.0613671365914108,0.9515590931220917,0.0601580065221875,28334317.971906085,-0.16587929618449404,-0.22711902389649943,0.045775235881542406,0.0,61.0,23021084.330578912,23418204.921558794,19978393.414499164,24995985.940148875,0.5409836065573771,0.09836065573770492,-0.2289577325822479,-0.09161759305630893,0.0,0.0,0.0
0.26,0.16,0.1,0.18,0.3,"(0.26, 0.16, 0.1, 0.18, 0.3)",0.21999999999999997,0.05825582131496154,0.060633682013052935,0.9607831716770969,0.0601580065221875,28299022.41126425,-0.16347748390603367,-0.22351065187017288,0.044884675422255715,0.0,61.0,23006102.93090283,23426391.986294303,20015141.9066199,24990961.76783568,0.5409836065573771,0.09836065573770492,-0.22534571560986505,-0.0894957904506839,0.0,0.0,0.0
0.24,0.16,0.1,0.2,0.3,"(0.24, 0.16, 0.1, 0.2, 0.3)",0.21999999999999997,0.05817515921509342,0.06096356724280618,0.9542610750350768,0.0601580065221875,28275963.875296567,-0.16472554277441742,-0.22582441669012812,0.04524353122457874,0.0,61.0,22988080.423521116,23430142.76397432,20034734.07110502,25003247.710032083,0.5409836065573771,0.09836065573770492,-0.22764461355274854,-0.08918655053931972,0.0,0.0,0.0
0.28,0.16,0.1,0.18,0.28,"(0.28, 0.16, 0.1, 0.18, 0.28)",0.21999999999999992,0.05811577858149963,0.05991309089449228,0.9700013421748223,0.0601580065221875,28263406.020012658,-0.1610738704745347,-0.21990914383646742,0.04399411496296903,0.0,61.0,22990955.953843974,23438818.35517848,20051789.619496994,24985697.201930072,0.5409836065573771,0.09836065573770492,-0.22173995671001925,-0.08738731286821742,0.0,0.0,0.0
0.26,0.14,0.1,0.18,0.32,"(0.26, 0.14, 0.1, 0.18, 0.32)",0.22000000000000003,0.05774782774228626,0.05878498703743166,0.9823567317538918,0.0601580065221875,28158715.911210377,-0.15676814779291137,-0.21488716529186214,0.04348221848199941,0.0,61.0,23027744.120253168,23512826.701207247,20214734.12791063,25011055.087969016,0.5409836065573771,0.09836065573770492,-0.21633251649436644,-0.09102678286149021,0.0,0.0,0.0
0.24,0.14,0.1,0.2,0.32,"(0.24, 0.14, 0.1, 0.2, 0.32)",0.22000000000000003,0.057668652691920785,0.05910167171972552,0.9757533249719152,0.0601580065221875,28136146.734657943,-0.1580612381858546,-0.21725448083674762,0.043841074284322434,0.0,61.0,23009941.920239124,23516747.455047265,20234664.37569547,25023549.533119563,0.5409836065573771,0.09836065573770492,-0.21868272590631516,-0.09071464151038457,0.0,0.0,0.0
0.28,0.14,0.1,0.18,0.3,"(0.28, 0.14, 0.1, 0.18, 0.3)",0.18,0.057608400311998764,0.058031325846900635,0.9927121166244307,0.0601580065221875,28123415.709691834,-0.15404435290812457,-0.2107767519842676,0.042591658022712725,0.0,61.0,23012638.05722698,23525335.866088133,20251782.9442794,25005799.469652466,0.5409836065573771,0.11475409836065574,-0.21221925972037328,-0.08892834375183409,0.0,0.0,0.0
0.26,0.14,0.1,0.2,0.3,"(0.26, 0.14, 0.1, 0.2, 0.3)",0.18,0.05752919334525708,0.05835259600888599,0.9858891854013913,0.0601580065221875,28100864.21720595,-0.15534173976166943,-0.21313544244174948,0.042950513825035744,0.0,61.0,22994882.14962631,23496945.19480887,20271739.897083316,25018284.59377394,0.5409836065573771,0.09836065573770492,-0.21456157018540406,-0.08862113133101952,0.0,0.0,0.0
0.3,0.14,0.1,0.18,0.28,"(0.3, 0.14, 0.1, 0.18, 0.28)",0.18,0.05746756964554489,0.057290592448916364,1.0030891144438125,0.0601580065221875,28087797.967852157,-0.15131723760902172,-0.20667537657780635,0.04170109756342604,0.0,61.0,22997367.0632022,23476307.258078884,20288729.980561435,25000304.0631286,0.5409836065573771,0.18032786885245902,-0.20811432904687027,-0.08684308130243441,0.0,0.0,0.0
0.24,0.14,0.1,0.22,0.3,"(0.24, 0.14, 0.1, 0.22, 0.3)",0.18,0.05744874961432944,0.058692411158368915,0.9788105221868681,0.0601580065221875,28078016.146302123,-0.15663859981521477,-0.21550370155070703,0.04330936962735877,0.0,61.0,22977044.717963073,23458421.15298448,20271819.642435394,25030591.953787256,0.5409836065573771,0.09836065573770492,-0.21691286932757145,-0.08831487770789302,0.0,0.0,0.0
0.28,0.14,0.1,0.2,0.28,"(0.28, 0.14, 0.1, 0.2, 0.28)",0.17999999999999994,0.05738833105975272,0.05761649457340183,0.9960399619008679,0.0601580065221875,28065264.48509545,-0.15261892477583017,-0.209025455484591,0.04205995336574906,0.0,61.0,22979657.546979345,23438000.00986896,20308713.545875296,25012779.789692033,0.5409836065573771,0.18032786885245902,-0.21044875395727117,-0.08654076722075955,0.0,0.0,0.0
0.26,0.12,0.1,0.18,0.34,"(0.26, 0.12, 0.1, 0.18, 0.34)",0.22000000000000003,0.05722485871454541,0.05713205603278757,1.0016243539652168,0.0601580065221875,28015234.57719389,-0.1507922931742064,-0.2074025690863714,0.0420797615417431,0.0,61.0,23047858.641121116,23573961.806309685,20342819.001722075,25028851.153872177,0.5409836065573771,0.18032786885245902,-0.20846880360582698,-0.09209066687444215,0.0,0.0,0.0
0.24,0.12,0.1,0.2,0.34,"(0.24, 0.12, 0.1, 0.2, 0.34)",0.22000000000000003,0.05714716829648836,0.057433652923837564,0.9950119030783379,0.0601580065221875,27993152.96337608,-0.15209358165676867,-0.20976791606897427,0.04243861734406612,0.0,61.0,23030277.875762872,23561337.703825075,20270012.214151792,25041552.83339488,0.5409836065573771,0.18032786885245902,-0.21081460913180042,-0.09220843823866526,0.0,0.0,0.0
0.24,0.16,0.08,0.24,0.28,"(0.24, 0.16, 0.08, 0.24, 0.28)",0.17999999999999997,0.05709698948242159,0.05725455376119208,0.9972480044220118,0.0601580065221875,28012695.00119095,-0.1506677514124798,-0.20369656960480453,0.042538219963498776,0.0,61.0,22960673.398025174,23344693.662674826,20127954.109922774,24839210.01944493,0.5409836065573771,0.18032786885245902,-0.20539587374525062,-0.08070199601028921,0.0,0.0,0.0
0.28,0.12,0.1,0.18,0.32,"(0.28, 0.12, 0.1, 0.18, 0.32)",0.18,0.05708604799537853,0.05634586868243491,1.0131363546299246,0.0601580065221875,27980253.316795494,-0.14805248381208658,-0.2032719740689666,0.04118920108245641,0.0,61.0,23032794.6008941,23557348.846868258,20344609.29064988,25023604.96846621,0.5409836065573771,0.19672131147540983,-0.20434058677588154,-0.09026386075261339,0.0,0.0,0.0
0.28,0.16,0.08,0.22,0.26,"(0.28, 0.16, 0.08, 0.22, 0.26)",0.17999999999999994,0.057034521236118074,0.056184919214994036,1.0151215314179416,0.0601580065221875,27999490.21865014,-0.14696925896718593,-0.19787753461121374,0.04128880370188907,0.0,61.0,22963088.979622312,23354551.6541914,20144674.344995175,24821226.800369747,0.5409836065573771,0.2459016393442623,-0.19958169833024011,-0.07893424330177427,0.0,0.0,0.0
0.26,0.12,0.1,0.2,0.32,"(0.26, 0.12, 0.1, 0.2, 0.32)",0.18,0.057008325643334024,0.056652161137703855,1.0062868652930017,0.0601580065221875,27958188.75501827,-0.149358090228917,-0.20562864864792427,0.04154805688477944,0.0,61.0,23015260.029405095,23514097.463094987,20271791.330791816,25036297.34714478,0.5409836065573771,0.18032786885245902,-0.20667845993254189,-0.0901250291635361,0.0,0.0,0.0
0.32,0.16,0.08,0.2,0.24,"(0.32, 0.16, 0.08, 0.2, 0.24)",0.22,0.056969480224229985,0.055138833080814804,1.0332006870862152,0.0601580065221875,27985639.709991492,-0.14326076041053293,-0.192088214723425,0.04003938744027936,0.0,61.0,22965166.37508996,23364061.346237812,20161125.64898275,24802848.950164672,0.5409836065573771,0.26229508196721313,-0.19379478959352894,-0.07717085749174364,0.0,0.0,0.0
0.26,0.16,0.08,0.24,0.26,"(0.26, 0.16, 0.08, 0.24, 0.26)",0.17999999999999997,0.056953733515249905,0.056543215341755076,1.0072602552050427,0.0601580065221875,27976602.54205931,-0.1482437560616806,-0.20013161031047297,0.04164765950421209,0.0,61.0,22944979.854976967,23359973.476419296,20164329.303160936,24833346.179069154,0.5409836065573771,0.19672131147540983,-0.2018246987260278,-0.07864918835809082,0.0,0.0,0.0
0.3,0.12,0.1,0.18,0.3,"(0.3, 0.12, 0.1, 0.18, 0.3)",0.14,0.0569458362222488,0.05557210751504164,1.0247197518437705,0.0601580065221875,27944956.15084867,-0.14530933750132358,-0.19915044638471202,0.04029864062316973,0.0,61.0,23017565.74278877,23504000.228374086,20346191.58876339,25018119.231332324,0.5409836065573771,0.2459016393442623,-0.20022070876433348,-0.0883598357616187,0.0,0.0,0.0
0.24,0.12,0.1,0.22,0.32,"(0.24, 0.12, 0.1, 0.22, 0.32)",0.18,0.056929367495814676,0.05697772188097903,0.9991513457616757,0.0601580065221875,27935828.653039176,-0.15066316574378724,-0.2079949873472924,0.04190691268710246,0.0,61.0,22997643.519399434,23463625.62323908,20199119.80488668,25048812.181749307,0.5409836065573771,0.18032786885245902,-0.2090254051262792,-0.08981594382876323,0.0,0.0,0.0
0.3,0.16,0.08,0.22,0.24,"(0.3, 0.16, 0.08, 0.22, 0.24)",0.18,0.05688989841328507,0.05548293219247589,1.0253585411803448,0.0601580065221875,27963066.249074616,-0.1445396853423987,-0.19432649678793176,0.040398243242602376,0.0,61.0,22947185.31792416,23369633.946761027,20180921.38383079,24815135.380150095,0.5409836065573771,0.26229508196721313,-0.1960231837508962,-0.07688966794875429,0.0,0.0,0.0
0.24,0.16,0.08,0.26,0.26,"(0.24, 0.16, 0.08, 0.26, 0.26)",0.19999999999999998,0.05687171000605229,0.056920191850980566,0.9991482487435179,0.0601580065221875,27953420.525787007,-0.14951762697172089,-0.20239450488212044,0.04200651530653511,0.0,61.0,22926790.02143339,23351093.450509574,20183869.200488094,24845288.872559793,0.5409836065573771,0.18032786885245902,-0.204075972039808,-0.07836508496693191,0.0,0.0,0.0
0.28,0.12,0.1,0.2,0.3,"(0.28, 0.12, 0.1, 0.2, 0.3)",0.13999999999999996,0.05686808223002626,0.05588315810697727,1.0176247040506112,0.0601580065221875,27922908.960260313,-0.14661926572347184,-0.20149846215849784,0.04065749642549275,0.0,61.0,23000077.46228027,23466827.74521791,20273363.258536298,25030802.230535775,0.5409836065573771,0.2459016393442623,-0.20255066298674193,-0.08805466296316704,0.0,0.0,0.0
0.28,0.16,0.08,0.24,0.24,"(0.28, 0.16, 0.08, 0.24, 0.24)",0.17999999999999997,0.056809080656399225,0.055846249659359096,1.0172407458497756,0.0601580065221875,27940198.121452615,-0.14581798203940322,-0.19657360221708112,0.0407570990449254,0.0,61.0,22929123.37842367,23337196.631207276,20200602.219851,24827245.43117648,0.5409836065573771,0.2459016393442623,-0.19825985979737093,-0.07660942776973877,0.0,0.0,0.0
0.32,0.12,0.1,0.18,0.28,"(0.32, 0.12, 0.1, 0.18, 0.28)",0.18,0.05680422515710082,0.054811298787649836,1.0363597727755365,0.0601580065221875,27909344.74255962,-0.14256286726209122,-0.1950380159160646,0.039408080163883044,0.0,61.0,23002172.60955714,23450533.937396694,20347566.053210232,25012394.331427507,0.5409836065573771,0.26229508196721313,-0.1961091969544159,-0.08629763476537561,0.0,0.0,0.0
0.26,0.12,0.1,0.22,0.3,"(0.26, 0.12, 0.1, 0.22, 0.3)",0.13999999999999996,0.05678909270523036,0.05621368669225636,1.0102360483154944,0.0601580065221875,27900566.658237662,-0.1479286591303962,-0.20385614082284376,0.04101635222781577,0.0,61.0,22982507.241746817,23416463.472789105,20200681.440663677,25043307.73096265,0.5409836065573771,0.19672131147540983,-0.20488968992524945,-0.08775043765617742,0.0,0.0,0.0
0.26,0.16,0.08,0.26,0.24,"(0.26, 0.16, 0.08, 0.26, 0.24)",0.19999999999999998,0.05672702737569102,0.056228412946976565,1.0088676596507293,0.0601580065221875,27917036.092979603,-0.14709564840996725,-0.19882952793321426,0.04111595484724843,0.0,61.0,22910980.728929132,23321389.466114487,20220167.798057664,24839178.846488614,0.5409836065573771,0.2459016393442623,-0.2005048116898485,-0.0763301350460574,0.0,0.0,0.0
0.3,0.12,0.1,0.2,0.28,"(0.3, 0.12, 0.1, 0.2, 0.28)",0.13999999999999996,0.056726439816347396,0.05512716647431648,1.0290106211567396,0.0601580065221875,27887315.24069021,-0.1438771211377332,-0.19737738652924117,0.03976693596620606,0.0,61.0,22984730.71547819,23419529.136265643,20274728.15372016,25025067.872387808,0.5409836065573771,0.26229508196721313,-0.19843124570602014,-0.08599729584122263,0.0,0.0,0.0
0.24,0.12,0.1,0.24,0.3,"(0.24, 0.12, 0.1, 0.24, 0.3)",0.14,0.05670886806516107,0.05656335181228714,1.002572624291376,0.0601580065221875,27877929.99451575,-0.14923751490984005,-0.20622348255224773,0.0413752080301388,0.0,61.0,22964855.24774939,23366097.820634663,20128146.465813562,25055635.46781228,0.5409836065573771,0.18032786885245902,-0.20723778654264513,-0.08744715818125279,0.0,0.0,0.0
0.24,0.16,0.08,0.28,0.24,"(0.24, 0.16, 0.08, 0.28, 0.24)",0.24000000000000002,0.05664373899552033,0.05662904051134583,1.000259557358588,0.0601580065221875,27893580.93863299,-0.14837268236575696,-0.20109427066295843,0.041474810649571446,0.0,61.0,22892757.542483445,23313238.310925625,20239617.761308193,24850935.372878697,0.5409836065573771,0.18032786885245902,-0.20275803319646812,-0.07605178785983949,0.0,0.0,0.0
0.26,0.12,0.1,0.24,0.28,"(0.26, 0.12, 0.1, 0.24, 0.28)",0.13999999999999996,0.05656716374367399,0.05581760883826865,1.0134286459238548,0.0601580065221875,27842372.946746625,-0.1465040098839202,-0.20208511290144734,0.04048464757085211,0.0,61.0,22949601.269815348,23319014.392796047,20129492.451132882,25049882.333705075,0.5409836065573771,0.2459016393442623,-0.20310256036405452,-0.08539944677770428,0.0,0.0,0.0
0.24,0.12,0.1,0.26,0.28,"(0.24, 0.12, 0.1, 0.26, 0.28)",0.15999999999999998,0.056485673848527096,0.056191462168722305,1.0052358786984645,0.0601580065221875,27819461.66185313,-0.1478166391350456,-0.20445346892768662,0.04084350337317513,0.0,61.0,22931914.05074648,23268755.408777032,20057095.3044891,25062022.72846996,0.5409836065573771,0.19672131147540983,-0.2054518201030526,-0.08510193325790846,0.0,0.0,0.0
0.32,0.14,0.08,0.2,0.26,"(0.32, 0.14, 0.08, 0.2, 0.26)",0.18,0.05645642859749511,0.05319467140746776,1.0613173670167544,0.0601580065221875,27845389.96646999,-0.1345909812223911,-0.18054866071715786,0.03863693050002305,0.0,61.0,22985876.950462524,23395688.985773362,20361950.74641479,24821702.59432118,0.5409836065573771,0.4426229508196721,-0.18186935463618736,-0.07876881815321206,0.0,0.0,0.0
0.26,0.14,0.08,0.24,0.28,"(0.26, 0.14, 0.08, 0.24, 0.28)",0.13999999999999996,0.0564430256445656,0.05460889915083667,1.0335865861104954,0.0601580065221875,27836999.38061738,-0.13961882862715003,-0.18857770726903383,0.040245202563955786,0.0,61.0,22966090.34399781,23391768.570347387,20365435.920507252,24852602.18874061,0.5409836065573771,0.3442622950819672,-0.189877421030343,-0.08023133773474891,0.0,0.0,0.0
0.28,0.12,0.1,0.24,0.26,"(0.28, 0.12, 0.1, 0.24, 0.26)",0.13999999999999996,0.05642406275643985,0.05508552686181636,1.024299230140455,0.0601580065221875,27806504.283023678,-0.14376720547373123,-0.19795591119610187,0.03959408711156542,0.0,61.0,22934183.843596112,23271902.723850302,20130633.15970842,25043890.198213335,0.5409836065573771,0.26229508196721313,-0.19897576808610992,-0.08336463058276143,0.0,0.0,0.0
0.36,0.14,0.08,0.18,0.24,"(0.36, 0.14, 0.08, 0.18, 0.24)",0.26,0.05638796111309752,0.052150825764342504,1.0812477134667369,0.0601580065221875,27830737.682330433,-0.13083969466008694,-0.17479080446424253,0.037387514238413334,0.0,61.0,22987437.115134917,23403038.87906894,20378188.349725645,24802735.758344986,0.5409836065573771,0.47540983606557374,-0.17611714530338637,-0.07702253442942124,0.0,0.0,0.0
0.3,0.14,0.08,0.22,0.26,"(0.3, 0.14, 0.08, 0.22, 0.26)",0.13999999999999999,0.05637833141045023,0.053525299437522544,1.0533024943888056,0.0601580065221875,27823300.191230547,-0.13588209283104502,-0.18277407217030145,0.03899578630234607,0.0,61.0,22968117.08723782,23399631.85845584,20382087.482327063,24834195.395338655,0.5409836065573771,0.39344262295081966,-0.18408312568251975,-0.07848453261166169,0.0,0.0,0.0
0.24,0.14,0.08,0.26,0.28,"(0.24, 0.14, 0.08, 0.26, 0.28)",0.15999999999999998,0.056362488710792746,0.05497385440554137,1.0252599043721302,0.0601580065221875,27814303.704946678,-0.14090484122406244,-0.19082792104048488,0.040604058366278804,0.0,61.0,22948120.96421399,23395389.460027717,20376358.965231463,24864751.655387416,0.5409836065573771,0.29508196721311475,-0.1921142338573322,-0.07994415775113325,0.0,0.0,0.0
0.32,0.12,0.1,0.22,0.24,"(0.32, 0.12, 0.1, 0.22, 0.24)",0.18,0.05635988308913764,0.05400217277244699,1.0436595454524675,0.0601580065221875,27792905.721072033,-0.13970529406039656,-0.1914944672633333,0.03834467084995571,0.0,61.0,22936116.07111647,23274806.2108395,20204129.594147764,25025360.043968618,0.5409836065573771,0.3442622950819672,-0.19253301218584926,-0.08163155795038327,0.0,0.0,0.0
0.26,0.12,0.1,0.26,0.26,"(0.26, 0.12, 0.1, 0.26, 0.26)",0.15999999999999998,0.0563425425920403,0.055464835853293426,1.0158245620895452,0.0601580065221875,27783612.304369073,-0.14508415244991868,-0.20031563209894238,0.03995294291388844,0.0,61.0,22916543.100632142,23221751.330550596,20058227.465749588,25056021.20121549,0.5409836065573771,0.2459016393442623,-0.20131713794541276,-0.08307190884171592,0.0,0.0,0.0
0.34,0.14,0.08,0.2,0.24,"(0.34, 0.14, 0.08, 0.2, 0.24)",0.22000000000000003,0.05631106901592986,0.05246587499320899,1.0732894290473298,0.0601580065221875,27808960.63720106,-0.1321352793609979,-0.17700032003964547,0.03774637004073636,0.0,61.0,22969805.8964738,23407137.354505334,20398467.14606933,24815394.971999332,0.5409836065573771,0.45901639344262296,-0.17831622065241903,-0.07674206410260746,0.0,0.0,0.0
0.28,0.14,0.08,0.24,0.26,"(0.28, 0.14, 0.08, 0.24, 0.26)",0.13999999999999996,0.056298999235772085,0.053876017658918536,1.0449732864851502,0.0601580065221875,27800916.752093725,-0.13717256853706528,-0.1850083920069494,0.039354642104669095,0.0,61.0,22950275.919424888,23403408.34399586,20402108.570061643,24846512.0258184,0.5409836065573771,0.36065573770491804,-0.18630525522417285,-0.07820118952667299,0.0,0.0,0.0
0.24,0.12,0.1,0.28,0.26,"(0.24, 0.12, 0.1, 0.28, 0.26)",0.2,0.0562597886798748,0.05586290135681589,1.0071046672016524,0.0601580065221875,27760428.352799453,-0.14640054835472327,-0.20268501364083216,0.04031179871621147,0.0,61.0,22898820.913695324,23171599.490158267,19985969.412231863,25067974.018079393,0.5409836065573771,0.2459016393442623,-0.20366757244449213,-0.08278012144423898,0.0,0.0,0.0
0.32,0.14,0.08,0.22,0.24,"(0.32, 0.14, 0.08, 0.22, 0.24)",0.18000000000000002,0.05623294177765881,0.0528016139420276,1.0649852832036264,0.0601580065221875,27786889.626672972,-0.1334302260816731,-0.17921874777420838,0.038105225843059386,0.0,61.0,22952093.2048185,23411069.465400197,20418630.463415284,24827878.32942735,0.5409836065573771,0.4426229508196721,-0.18052366281516044,-0.0764625340987301,0.0,0.0,0.0
0.26,0.14,0.08,0.26,0.26,"(0.26, 0.14, 0.08, 0.26, 0.26)",0.15999999999999998,0.05621843249222058,0.05424643640711729,1.0363525461894592,0.0601580065221875,27778240.399259325,-0.13846240623981954,-0.1872516175658171,0.03971349790699212,0.0,61.0,22932353.61711726,23407018.35489247,20377476.768741842,24858652.225039594,0.5409836065573771,0.3442622950819672,-0.18853573761235198,-0.07791878706873126,0.0,0.0,0.0
0.28,0.12,0.1,0.26,0.24,"(0.28, 0.12, 0.1, 0.26, 0.24)",0.15999999999999998,0.05619801670382363,0.054752467860792776,1.0264015285430812,0.0601580065221875,27747453.32552284,-0.14234838323880805,-0.19618700659177785,0.03906238245460176,0.0,61.0,22901009.33638182,23174719.624133904,20059155.308274888,25049780.995943293,0.5409836065573771,0.2786885245901639,-0.19719093039928315,-0.08105470615613833,0.0,0.0,0.0
0.3,0.14,0.08,0.24,0.24,"(0.3, 0.14, 0.08, 0.24, 0.24)",0.14,0.05615357981477076,0.053157650589002535,1.0563593234947828,0.0601580065221875,27764525.391058523,-0.13472453272203355,-0.18144608525616035,0.038464081645382404,0.0,61.0,22934299.208877936,23397649.197704375,20438677.934880827,24840185.56660451,0.5409836065573771,0.4262295081967213,-0.18273946637644514,-0.07618394257234865,0.0,0.0,0.0
0.24,0.14,0.08,0.28,0.26,"(0.24, 0.14, 0.08, 0.28, 0.26)",0.2,0.05613663160079585,0.05463615499043109,1.0274630711225479,0.0601580065221875,27755271.892036945,-0.13975160384193197,-0.18950374598917014,0.040072353709315146,0.0,61.0,22914350.35111761,23380195.252627533,20304123.120723184,24870615.73581838,0.5409836065573771,0.3442622950819672,-0.19077456700887532,-0.07763732339891646,0.0,0.0,0.0
0.26,0.12,0.1,0.28,0.24,"(0.26, 0.12, 0.1, 0.28, 0.24)",0.2,0.05611523307376998,0.055156198663138596,1.017387608897571,0.0601580065221875,27724289.438364737,-0.14366909674391382,-0.1985477655517554,0.03942123825692478,0.0,61.0,22883333.71660315,23124675.383218378,19986889.571756683,25061724.396791507,0.5409836065573771,0.26229508196721313,-0.19953348927854603,-0.08076767658656774,0.0,0.0,0.0
0.28,0.14,0.08,0.26,0.24,"(0.28, 0.14, 0.08, 0.26, 0.24)",0.15999999999999998,0.05607298354599233,0.05353357995297632,1.047435714092848,0.0601580065221875,27741868.679806683,-0.13601819718522457,-0.18368232987781263,0.03882293744770543,0.0,61.0,22916424.078073025,23359228.54444136,20378387.255926166,24852316.423033684,0.5409836065573771,0.39344262295081966,-0.18496362573207978,-0.0759062876686369,0.0,0.0,0.0
0.24,0.12,0.1,0.3,0.24,"(0.24, 0.12, 0.1, 0.3, 0.24)",0.24,0.05603121638326103,0.05557843781780617,1.0081466587265213,0.0601580065221875,27700834.788309712,-0.14498925245932937,-0.2009181837786134,0.0397800940592478,0.0,61.0,22865576.81730365,23125338.02108762,19914771.86406134,25073489.408457868,0.5409836065573771,0.2459016393442623,-0.2018851101151984,-0.08048157555193826,0.0,0.0,0.0
0.26,0.14,0.08,0.28,0.24,"(0.26, 0.14, 0.08, 0.28, 0.24)",0.2,0.05599115339229166,0.053928986029783674,1.0382385710231803,0.0601580065221875,27718920.25146138,-0.13731121737763774,-0.18592747883508892,0.03918179325002845,0.0,61.0,22898467.982535597,23320687.071112674,20305025.98214777,24864270.64175352,0.5409836065573771,0.3442622950819672,-0.18719613508849633,-0.0756295675234894,0.0,0.0,0.0
0.24,0.14,0.08,0.3,0.24,"(0.24, 0.14, 0.08, 0.3, 0.24)",0.24,0.055908089776873116,0.05434344367998007,1.0287918098475135,0.0601580065221875,27695680.873618867,-0.13860359120892707,-0.1881815291270448,0.039540649052351474,0.0,61.0,22880431.093107272,23282025.596258614,20231814.650274165,24876047.969346587,0.5409836065573771,0.3442622950819672,-0.18943698846241272,-0.07535378026361453,0.0,0.0,0.0
0.34,0.1,0.1,0.2,0.26,"(0.34, 0.1, 0.1, 0.2, 0.26)",0.18,0.055905649856913486,0.05203765824013729,1.0743306241592703,0.0601580065221875,27670701.208072115,-0.1323126255935695,-0.18148032119658197,0.03658335810737638,0.0,61.0,22972568.973703545,23105724.092771772,20202237.284196332,25028637.911660682,0.5409836065573771,0.45901639344262296,-0.1822032277844304,-0.0780989986631446,0.0,0.0,0.0
0.28,0.1,0.1,0.24,0.28,"(0.28, 0.1, 0.1, 0.24, 0.28)",0.09999999999999994,0.05589308796808834,0.0534690335787465,1.0453356686496271,0.0601580065221875,27662654.637420837,-0.13772961913498827,-0.19028899875157182,0.03819163017130912,0.0,61.0,22953605.46220875,23146016.287448876,20056919.22400107,25060046.83603439,0.5409836065573771,0.3442622950819672,-0.1909668245909299,-0.07999426420720915,0.0,0.0,0.0
0.32,0.12,0.08,0.22,0.26,"(0.32, 0.12, 0.08, 0.22, 0.26)",0.13999999999999999,0.055707049215484084,0.05101571504529314,1.0919586085586734,0.0601580065221875,27644325.87828973,-0.12567548577900545,-0.1690673379838479,0.03670276890280307,0.0,61.0,22971544.493484937,23285225.625169195,20450114.280142993,24844666.874410782,0.5409836065573771,0.5901639344262295,-0.17004746919039698,-0.07435958887331115,0.0,0.0,0.0
0.26,0.12,0.08,0.26,0.28,"(0.26, 0.12, 0.08, 0.26, 0.28)",0.11999999999999994,0.055694877202774995,0.05246792469898823,1.061503337940275,0.0601580065221875,27636316.628722668,-0.13113474889728938,-0.17769997820496766,0.03831104096673581,0.0,61.0,22952204.845417995,23264654.15153862,20302929.84328318,24875840.260416094,0.5409836065573771,0.47540983606557374,-0.17865334337029667,-0.0768071516156298,0.0,0.0,0.0
0.36,0.12,0.08,0.2,0.24,"(0.36, 0.12, 0.08, 0.2, 0.24)",0.21999999999999997,0.05563757504750311,0.04994475080643772,1.11398243357201,0.0601580065221875,27629507.752152096,-0.12154086792736762,-0.1627642435210161,0.03545335264119337,0.0,61.0,22972845.67162635,23270122.913926676,20524171.83837397,24825446.63738805,0.5409836065573771,0.6557377049180327,-0.1637535370199138,-0.07221719499313396,0.0,0.0,0.0
0.3,0.12,0.08,0.24,0.26,"(0.3, 0.12, 0.08, 0.24, 0.26)",0.09999999999999998,0.05562917036871795,0.05135706694710252,1.0831843342225067,0.0601580065221875,27622443.866138183,-0.1270177291039688,-0.17134295318033338,0.0370616247051261,0.0,61.0,22953972.28176178,23250166.973152228,20376878.32064531,24857179.433993,0.5409836065573771,0.5409836065573771,-0.1723095667780106,-0.07466656079056921,0.0,0.0,0.0
0.24,0.12,0.08,0.28,0.28,"(0.24, 0.12, 0.08, 0.28, 0.28)",0.15999999999999998,0.05561456139252896,0.05284445528201373,1.052419995546024,0.0601580065221875,27613833.058145788,-0.1324714867376886,-0.18000334734918302,0.038669896769058826,0.0,61.0,22934422.64225642,23229259.025404714,20229996.997506507,24888009.523685955,0.5409836065573771,0.4426229508196721,-0.1809413060936818,-0.07711413995776988,0.0,0.0,0.0
0.34,0.12,0.08,0.22,0.24,"(0.34, 0.12, 0.08, 0.22, 0.24)",0.18000000000000002,0.055560900149024484,0.05027025038843572,1.1052441497646854,0.0601580065221875,27607936.332378924,-0.12288806147375575,-0.1650217361789882,0.03581220844351639,0.0,61.0,22955402.32682848,23235270.58874822,20450781.71630967,24838125.578215137,0.5409836065573771,0.6229508196721312,-0.165998814459304,-0.07252481684495715,0.0,0.0,0.0
0.28,0.12,0.08,0.26,0.26,"(0.28, 0.12, 0.08, 0.26, 0.26)",0.11999999999999994,0.055550058178923,0.05171920778990586,1.0740701675976718,0.0601580065221875,27600270.409134164,-0.12835940707086124,-0.17362818091266086,0.03742048050744912,0.0,61.0,22936318.52062005,23214977.316750042,20303790.059306495,24869515.83449683,0.5409836065573771,0.5245901639344263,-0.17458070303162623,-0.07497419846464838,0.0,0.0,0.0
0.32,0.12,0.08,0.24,0.24,"(0.32, 0.12, 0.08, 0.24, 0.24)",0.14,0.055482991753650346,0.05061720063668624,1.0961292022427152,0.0601580065221875,27586073.171845034,-0.12423468850857633,-0.16728883922973856,0.03617106424583941,0.0,61.0,22937877.266488872,23200286.801132757,20377539.027840577,24850628.67568265,0.5409836065573771,0.6065573770491803,-0.1682531336186199,-0.07283310435894536,0.0,0.0,0.0
0.26,0.12,0.08,0.28,0.26,"(0.26, 0.12, 0.08, 0.28, 0.26)",0.15999999999999998,0.055469713063714954,0.052101704085388764,1.0646429716157921,0.0601580065221875,27577806.250218563,-0.1297005168700286,-0.17592302181621516,0.03777933630977214,0.0,61.0,22918583.37793207,23179657.4196334,20230849.825585198,24881675.81501908,0.5409836065573771,0.47540983606557374,-0.17686087534797956,-0.0752825012223584,0.0,0.0,0.0
0.28,0.16,0.02,0.18,0.36,"(0.28, 0.16, 0.02, 0.18, 0.36)",0.23999999999999996,0.05541500539153987,0.0500824375685502,1.1064758043314233,0.0601580065221875,27643955.028250463,-0.11939656279545696,-0.152552570617552,0.037426507174358484,0.0,61.0,23142273.427913666,23155469.10424408,19960142.652141884,24811297.010869447,0.5409836065573771,0.8688524590163934,-0.1540210007405393,-0.07195342876842215,0.0,0.0,0.0
0.3,0.12,0.08,0.26,0.24,"(0.3, 0.12, 0.08, 0.26, 0.24)",0.12,0.05540385027672712,0.05098516364250238,1.086666126350161,0.0601580065221875,27563919.003676374,-0.12558074621962168,-0.16956555356243563,0.036529920048162426,0.0,61.0,22920270.657090288,23165172.31136093,20304444.105969712,24862955.665587336,0.5409836065573771,0.5901639344262295,-0.17051649213394998,-0.07314205686198133,0.0,0.0,0.0
0.24,0.12,0.08,0.3,0.26,"(0.24, 0.12, 0.08, 0.3, 0.26)",0.19999999999999996,0.05538813544294885,0.05250411096254312,1.0549294984246702,0.0601580065221875,27555052.141370554,-0.1310410556952526,-0.17822747632946942,0.03813819211209516,0.0,61.0,22900767.022286855,23144208.04711398,20158057.94495366,24893659.118189923,0.5409836065573771,0.47540983606557374,-0.17915008093291293,-0.0755914683907747,0.0,0.0,0.0
0.26,0.1,0.08,0.24,0.32,"(0.26, 0.1, 0.08, 0.24, 0.32)",0.1,0.05537676687085047,0.05137725814078948,1.0778458967020215,0.0601580065221875,27548463.191190403,-0.12646971324823542,-0.17179629982578548,0.037440288683443165,0.0,61.0,23003734.960561283,23327514.225547995,20298744.608636435,24884258.4468106,0.5409836065573771,0.5409836065573771,-0.17244964358898437,-0.07934380891359887,0.0,0.0,0.0
0.28,0.08,0.1,0.24,0.3,"(0.28, 0.08, 0.1, 0.24, 0.3)",0.09999999999999998,0.05534720616589861,0.052082872933987896,1.0626757520854901,0.0601580065221875,27515750.96468254,-0.13166970024432123,-0.1825272221381979,0.03713572891305627,0.0,61.0,22971499.174726713,23042054.26076594,19981951.620041106,25073900.744524166,0.5409836065573771,0.45901639344262296,-0.18288682557577102,-0.08215784525416212,0.0,0.0,0.0
0.26,0.16,0.02,0.2,0.36,"(0.26, 0.16, 0.02, 0.2, 0.36)",0.23999999999999996,0.055344082455011545,0.05029683759372678,1.1003491492259203,0.0601580065221875,27623726.702922333,-0.12043080154689556,-0.15429525336957103,0.03778536297668151,0.0,61.0,23124044.09180458,23181842.903126463,19980597.46113068,24800767.012303483,0.5409836065573771,0.8360655737704918,-0.1557569527138395,-0.07197340695847519,0.0,0.0,0.0
0.28,0.12,0.08,0.28,0.24,"(0.28, 0.12, 0.08, 0.28, 0.24)",0.15999999999999998,0.05532347613583988,0.05137368789750849,1.0768834864690129,0.0601580065221875,27541474.570062835,-0.12692623179808493,-0.17185187987001074,0.03688877585048545,0.0,61.0,22902582.665834796,23129927.881374884,20231497.27970589,24875106.287249632,0.5409836065573771,0.5409836065573771,-0.1727888874509645,-0.07345167368121518,0.0,0.0,0.0
0.3,0.1,0.08,0.22,0.3,"(0.3, 0.1, 0.08, 0.22, 0.3)",0.06,0.055310365832324404,0.050255934647704434,1.1005738172029171,0.0601580065221875,27534452.0631849,-0.12233080973906096,-0.1654223644355372,0.036239172742244974,0.0,61.0,23005404.424380824,23312835.877144873,20372569.732624855,24865465.167922232,0.5409836065573771,0.6229508196721312,-0.16609657797279953,-0.07767793299040963,0.0,0.0,0.0
0.32,0.08,0.1,0.22,0.28,"(0.32, 0.08, 0.1, 0.22, 0.28)",0.13999999999999999,0.05528131569862782,0.050967200702001204,1.0846449272709855,0.0601580065221875,27501840.325344358,-0.1275589467152205,-0.1760303583406926,0.03628150478383251,0.0,61.0,22973075.697511245,23052151.438987367,20054510.777766768,25054981.482512448,0.5409836065573771,0.5409836065573771,-0.17642388613637805,-0.08051536321717087,0.0,0.0,0.0
0.3,0.16,0.02,0.18,0.34,"(0.3, 0.16, 0.02, 0.18, 0.34)",0.20000000000000004,0.055272335364617176,0.04925481895459088,1.1221711202628515,0.0601580065221875,27608478.948946618,-0.11668405380789015,-0.14887349076659315,0.0365359467150718,0.0,61.0,23125529.0129072,23165773.62401482,19996076.771323767,24779598.867782734,0.5409836065573771,0.9836065573770492,-0.15032469530547493,-0.06987559891465224,0.0,0.0,0.0
0.24,0.16,0.02,0.22,0.36,"(0.24, 0.16, 0.02, 0.22, 0.36)",0.24,0.05527192413514137,0.05053391115114083,1.0937590793206113,0.0601580065221875,27603204.665363956,-0.12146511458192844,-0.15604561944998138,0.03814421877900453,0.0,61.0,23105733.81163562,23208091.92886959,20000940.42797082,24790045.83705521,0.5409836065573771,0.7868852459016393,-0.15750017712779799,-0.07199412353777254,0.0,0.0,0.0
0.34,0.1,0.08,0.2,0.28,"(0.34, 0.1, 0.08, 0.2, 0.28)",0.13999999999999999,0.055241402986185184,0.04915872075308451,1.123735567970796,0.0601580065221875,27519808.507062025,-0.11817918333846067,-0.15908443737268757,0.035384948613021217,0.0,61.0,23006735.81486082,23297747.644314025,20446349.063839648,24846279.165696155,0.5409836065573771,0.7540983606557377,-0.15977668759565158,-0.0760111054628955,0.0,0.0,0.0
0.28,0.1,0.08,0.24,0.3,"(0.28, 0.1, 0.08, 0.24, 0.3)",0.05999999999999997,0.05523399750849034,0.050574361996530565,1.0921343409587536,0.0601580065221875,27513032.427977584,-0.12367708126566312,-0.16770382372882506,0.036549728224156475,0.0,61.0,22988008.134252224,23277941.212683734,20299768.55956504,24878191.104069285,0.5409836065573771,0.6065573770491803,-0.16836149507970072,-0.07756943171464983,0.0,0.0,0.0
0.28,0.16,0.02,0.2,0.34,"(0.28, 0.16, 0.02, 0.2, 0.34)",0.19999999999999998,0.055201382568906165,0.04947338973350656,1.1157792677286522,0.0601580065221875,27588266.75371456,-0.11772166093002712,-0.15060848252648323,0.036894802517394826,0.0,61.0,23107348.121280123,23192141.12089376,20016559.334301237,24769076.699190456,0.5409836065573771,0.9180327868852459,-0.1520535686991076,-0.06989634298247668,0.0,0.0,0.0
0.32,0.1,0.08,0.22,0.28,"(0.32, 0.1, 0.08, 0.22, 0.28)",0.09999999999999998,0.05516623757896588,0.04946070912647489,1.115354764483896,0.0601580065221875,27498697.849375613,-0.11953042335359798,-0.16134761818540924,0.03563133340227025,0.0,61.0,22989468.59257899,23263059.28031778,20373394.827214576,24859171.3815422,0.5409836065573771,0.6885245901639344,-0.16202465671458074,-0.07590650529107534,0.0,0.0,0.0
0.26,0.16,0.02,0.22,0.34,"(0.26, 0.16, 0.02, 0.22, 0.34)",0.2,0.05512919464749233,0.04971497137057415,1.108905288038098,0.0601580065221875,27567761.27541631,-0.11875934024493617,-0.1523511587564705,0.037253658319717844,0.0,61.0,23089086.28998156,23218383.76644759,20036929.86267338,24758363.62205312,0.5409836065573771,0.8688524590163934,-0.15378971751158954,-0.06991782543954501,0.0,0.0,0.0
0.36,0.1,0.08,0.2,0.26,"(0.36, 0.1, 0.08, 0.2, 0.26)",0.17999999999999997,0.055095917267951044,0.04837191280844471,1.1390063793039102,0.0601580065221875,27483732.32221467,-0.11537104415558352,-0.15502742164936972,0.034777109273046496,0.0,61.0,22990591.348127797,23247768.779055607,20446973.954083074,24839759.546490494,0.5409836065573771,0.8360655737704918,-0.15572099437020182,-0.07424267377795714,0.0,0.0,0.0
0.24,0.16,0.02,0.24,0.34,"(0.24, 0.16, 0.02, 0.24, 0.34)",0.20000000000000004,0.05505577200816081,0.049979230188251705,1.1015730294521906,0.0601580065221875,27546963.203133624,-0.1197970893914283,-0.1541015230395974,0.03761251412204087,0.0,61.0,23070743.69788128,23244501.0840493,20057187.987286985,24747459.901077732,0.5409836065573771,0.8360655737704918,-0.15553314269692284,-0.06994004628585734,0.0,0.0,0.0
0.34,0.1,0.08,0.22,0.26,"(0.34, 0.1, 0.08, 0.22, 0.26)",0.14,0.05502072201042618,0.04867937604688151,1.1302676097868947,0.0601580065221875,27462639.423808947,-0.11672669368652722,-0.1572820448487403,0.03502349406229553,0.0,61.0,22973371.161494013,23197477.433473524,20374013.15209051,24852642.258618366,0.5409836065573771,0.819672131147541,-0.15796115137760713,-0.07414202684730188,0.0,0.0,0.0
0.28,0.16,0.02,0.22,0.32,"(0.28, 0.16, 0.02, 0.22, 0.32)",0.15999999999999998,0.054985078420380695,0.04890907590175004,1.1242305728866417,0.0601580065221875,27532012.551889036,-0.11604916007388011,-0.1486609547982133,0.03636309786043116,0.0,61.0,23072277.35824294,23228469.194610447,20072818.81281543,24726471.94255226,0.5409836065573771,0.9836065573770492,-0.1500828166382112,-0.06783994999618807,0.0,0.0,0.0
0.26,0.16,0.02,0.24,0.32,"(0.26, 0.16, 0.02, 0.24, 0.32)",0.16,0.05491162670867489,0.049178252914762,1.1165835192203803,0.0601580065221875,27511231.76132991,-0.1170902773810123,-0.15040363588065261,0.03672195366275418,0.0,61.0,23053983.31406395,23254579.832286708,20093104.212085135,24715576.738997214,0.5409836065573771,0.9180327868852459,-0.15181917487482044,-0.0678629367202715,0.0,0.0,0.0
0.24,0.06,0.1,0.26,0.34,"(0.24, 0.06, 0.1, 0.26, 0.34)",0.20000000000000007,0.054850633827770556,0.052093463837022264,1.0529273691489258,0.0601580065221875,27379282.548893295,-0.12971014519597734,-0.18122218525849407,0.03761796094392849,0.0,61.0,22986124.34385592,23154377.13377389,19833615.204203766,25104165.65932628,0.5409836065573771,0.47540983606557374,-0.18124313917953003,-0.08646390985390089,0.0,0.0,0.0
0.24,0.16,0.02,0.26,0.32,"(0.24, 0.16, 0.02, 0.26, 0.32)",0.18000000000000002,0.054836940946886514,0.04947005558025093,1.1084875548184772,0.0601580065221875,27490159.50577362,-0.11813146006863007,-0.15215400970375828,0.037080809465077205,0.0,61.0,23035608.691998005,23280564.590294387,20113276.647372693,24704491.429274186,0.5409836065573771,0.8688524590163934,-0.1535628133758857,-0.0678866618335988,0.0,0.0,0.0
0.26,0.12,0.06,0.3,0.26,"(0.26, 0.12, 0.06, 0.3, 0.26)",0.15999999999999992,0.0545740939183319,0.048960692043435144,1.1146511954920257,0.0601580065221875,27367929.7484397,-0.11527306389368785,-0.15379699258039747,0.03560572970565584,0.0,61.0,22918459.037550982,23261823.835222527,20402066.01475599,24704875.13787494,0.5409836065573771,0.8688524590163934,-0.15465537892413347,-0.06906310608343283,0.0,0.0,0.0
0.24,0.08,0.08,0.28,0.32,"(0.24, 0.08, 0.08, 0.28, 0.32)",0.16000000000000003,0.054525672872004716,0.04994885338940398,1.0916301210544235,0.0601580065221875,27321795.16210665,-0.12074264079691355,-0.16517954928130305,0.03660633501164054,0.0,61.0,22969987.773915723,23171256.73281297,20077962.38230037,24915930.23099851,0.5409836065573771,0.6229508196721312,-0.16550719324164423,-0.08006540184539847,0.0,0.0,0.0
0.28,0.08,0.08,0.26,0.3,"(0.28, 0.08, 0.08, 0.26, 0.3)",0.07999999999999997,0.054459470811553334,0.04878973719049636,1.1162075048471745,0.0601580065221875,27307927.442014612,-0.11663833269310975,-0.15884420865555687,0.03575211088241679,0.0,61.0,22971528.20045835,23159986.672946032,20150805.46066085,24897053.39794175,0.5409836065573771,0.7868852459016393,-0.1592010468183193,-0.07841842923619328,0.0,0.0,0.0
0.28,0.12,0.06,0.3,0.24,"(0.28, 0.12, 0.06, 0.3, 0.24)",0.15999999999999992,0.05442616448221593,0.04821826545963803,1.128745797124833,0.0601580065221875,27331441.285797473,-0.11278364853736389,-0.1502601534638885,0.034751022497754684,0.0,61.0,22901995.183141872,23220082.28496883,20402430.31761707,24697985.11176041,0.5409836065573771,0.9836065573770492,-0.15111693425785935,-0.06731296897304617,0.0,0.0,0.0
0.32,0.08,0.08,0.24,0.28,"(0.32, 0.08, 0.08, 0.24, 0.28)",0.09999999999999999,0.054390711886016074,0.04765368297241688,1.141374779311365,0.0601580065221875,27293433.122495253,-0.11274304633036958,-0.1528451152039096,0.03489788675319303,0.0,61.0,22972731.39001265,23148393.715119526,20223602.32495392,24877784.053322263,0.5409836065573771,0.8852459016393442,-0.15322678803998355,-0.07677051950006374,0.0,0.0,0.0
0.26,0.08,0.08,0.28,0.3,"(0.26, 0.08, 0.08, 0.28, 0.3)",0.12000000000000001,0.0543820884206172,0.04913846858051017,1.1067110960431277,0.0601580065221875,27286426.081540518,-0.11771998127792205,-0.16075839817529006,0.03599849567166582,0.0,61.0,22954238.244221874,23181420.57691641,20078717.04794521,24909621.003382653,0.5409836065573771,0.6885245901639344,-0.16109552068476277,-0.07830673160887137,0.0,0.0,0.0
0.26,0.04,0.1,0.24,0.36,"(0.26, 0.04, 0.1, 0.24, 0.36)",0.22,0.0543514580901292,0.050925332098578156,1.067277440330069,0.0601580065221875,27247572.369459275,-0.12469158583649187,-0.1742968094246044,0.03700003399990014,0.0,61.0,23017924.79884987,23260988.295529522,19827379.599622704,25100642.927618667,0.5409836065573771,0.5409836065573771,-0.1742968094246044,-0.08923972009088989,0.0,0.0,0.0
0.3,0.08,0.08,0.26,0.28,"(0.3, 0.08, 0.08, 0.26, 0.28)",0.07999999999999997,0.05431453109902318,0.04798644534999374,1.1318723590146123,0.0601580065221875,27272238.267321564,-0.1136057137385379,-0.15443914889252433,0.03514427154244207,0.0,61.0,22955570.541663524,23162417.750144664,20151362.85867425,24890518.19864506,0.5409836065573771,0.8688524590163934,-0.1548038535766943,-0.07666269318216459,0.0,0.0,0.0
0.24,0.08,0.08,0.3,0.3,"(0.24, 0.08, 0.08, 0.3, 0.3)",0.15999999999999998,0.05430347546532399,0.049508814557990936,1.0968445912134888,0.0601580065221875,27264636.90977375,-0.1188017978098006,-0.16268134401016993,0.036244880460914855,0.0,61.0,22936866.265842225,23161439.094423592,20006773.81423785,24922012.411850523,0.5409836065573771,0.6721311475409836,-0.16299824896653844,-0.07819510045062399,0.0,0.0,0.0
0.36,0.04,0.1,0.18,0.32,"(0.36, 0.04, 0.1, 0.18, 0.32)",0.26,0.05428837641097872,0.04843465158517707,1.12085820036317,0.0601580065221875,27239255.706541605,-0.11796957681378994,-0.16296281263411913,0.03523512858482867,0.0,61.0,23036901.167691957,23246582.00733616,20042098.781567518,25048632.70238324,0.5409836065573771,0.6721311475409836,-0.16296281263411913,-0.08611082436595277,0.0,0.0,0.0
0.3,0.04,0.1,0.22,0.34,"(0.3, 0.04, 0.1, 0.22, 0.34)",0.18000000000000005,0.054285228280395614,0.04979026512121438,1.090277951889556,0.0601580065221875,27233688.336852927,-0.12158930856830719,-0.1691933815967898,0.03621494158435758,0.0,61.0,23019354.64156206,23261320.982131474,19899185.719200637,25081570.392719436,0.5409836065573771,0.6065573770491803,-0.1691933815967898,-0.08761050366418581,0.0,0.0,0.0
0.24,0.04,0.1,0.26,0.36,"(0.24, 0.04, 0.1, 0.26, 0.36)",0.24000000000000002,0.054275893486791515,0.05122639421095054,1.0595298443861405,0.0601580065221875,27226596.371853817,-0.125201169889675,-0.17549183237146276,0.03724596884557695,0.0,61.0,23001127.92345895,23275328.398789573,19756662.837957803,25113601.90107413,0.5409836065573771,0.5409836065573771,-0.17549183237146276,-0.08910152895427019,0.0,0.0,0.0
0.28,0.08,0.08,0.28,0.28,"(0.28, 0.08, 0.08, 0.28, 0.28)",0.11999999999999995,0.05423711959253397,0.04834156967869295,1.1219561125761197,0.0601580065221875,27250755.308957603,-0.11469118778945986,-0.1563437595435654,0.035390656331691105,0.0,61.0,22938327.507481318,23142630.61352329,20079268.308469232,24903076.46300049,0.5409836065573771,0.819672131147541,-0.15668951531598613,-0.07655493383465645,0.0,0.0,0.0
0.34,0.04,0.1,0.2,0.32,"(0.34, 0.04, 0.1, 0.2, 0.32)",0.22000000000000006,0.05421644247654811,0.04867890814148916,1.1137563381447189,0.0601580065221875,27219179.160387266,-0.11848044453170159,-0.16412229928887842,0.03542984916881501,0.0,61.0,23020446.494434357,23261332.950537328,19970945.225436006,25062102.68143813,0.5409836065573771,0.6721311475409836,-0.16412229928887842,-0.0859802656664782,0.0,0.0,0.0
0.28,0.04,0.1,0.24,0.34,"(0.28, 0.04, 0.1, 0.24, 0.34)",0.18000000000000002,0.05421086352788995,0.05007493696968863,1.082594743168721,0.0601580065221875,27213017.36520504,-0.12209995558115161,-0.17037338103228827,0.036409662168343924,0.0,61.0,23002686.996868316,23275793.253679395,19828320.304999195,25094696.94442575,0.5409836065573771,0.5901639344262295,-0.17037338103228827,-0.08747617347606045,0.0,0.0,0.0
0.32,0.08,0.08,0.26,0.26,"(0.32, 0.08, 0.08, 0.26, 0.26)",0.12000000000000001,0.054168208437897825,0.04719720907615932,1.1476993978709593,0.0601580065221875,27236248.736441422,-0.11064857538485295,-0.15015138059225658,0.03453643220246734,0.0,61.0,22939452.1321717,23123432.597238947,20151716.24293364,24883748.16702698,0.5409836065573771,0.9672131147540983,-0.15052119264185201,-0.07491386177905732,0.0,0.0,0.0
0.26,0.08,0.08,0.3,0.28,"(0.26, 0.08, 0.08, 0.3, 0.28)",0.15999999999999992,0.054158477779692626,0.048718566951949475,1.1116599105451617,0.0601580065221875,27228984.9675677,-0.11599340845506823,-0.15855317237412206,0.035637041120940134,0.0,61.0,22921002.450824764,23122676.835556887,20007319.002583176,24915458.581442118,0.5409836065573771,0.8032786885245902,-0.15888542702492472,-0.07644724014882744,0.0,0.0,0.0
0.32,0.04,0.1,0.22,0.32,"(0.32, 0.04, 0.1, 0.22, 0.32)",0.18000000000000005,0.05414327774221728,0.04894629410585904,1.1061772649246624,0.0601580065221875,27198813.364716306,-0.1189921538818185,-0.16528731332183402,0.03562456975280135,0.0,61.0,23003908.323329825,23275937.186350588,19899932.127639327,25075396.355617244,0.5409836065573771,0.6229508196721312,-0.16528731332183402,-0.085849782699164,0.0,0.0,0.0
0.26,0.04,0.1,0.26,0.34,"(0.26, 0.04, 0.1, 0.26, 0.34)",0.20000000000000004,0.05413526852888517,0.050381654492239844,1.0745035881507918,0.0601580065221875,27192058.10275943,-0.12261144083570152,-0.17155893341659487,0.03663812950560224,0.0,61.0,22985936.166148946,23284408.107570834,19757595.949173525,25107646.58705278,0.5409836065573771,0.5901639344262295,-0.17155893341659487,-0.08734191755441763,0.0,0.0,0.0
0.3,0.08,0.08,0.28,0.26,"(0.3, 0.08, 0.08, 0.28, 0.26)",0.12000000000000001,0.05409076808637581,0.0475588346009718,1.137344271368469,0.0601580065221875,27214784.479772456,-0.11182144760815338,-0.15216044191399217,0.03478281699171638,0.0,61.0,22922256.10573796,23103673.057884395,20079616.33854543,24896297.00997164,0.5409836065573771,0.8852459016393442,-0.15252052663444995,-0.07481002620408664,0.0,0.0,0.0
0.36,0.04,0.1,0.2,0.3,"(0.36, 0.04, 0.1, 0.2, 0.3)",0.22,0.054073137375883595,0.047842080289140804,1.1302421853122704,0.0601580065221875,27183985.670077495,-0.11587776382706916,-0.1602335673759116,0.034839477337258784,0.0,61.0,23004792.0270171,23266155.559480872,19971496.02630187,25055701.203232415,0.5409836065573771,0.7704918032786885,-0.1602335673759116,-0.08422241605563213,0.0,0.0,0.0
0.3,0.04,0.1,0.24,0.32,"(0.3, 0.04, 0.1, 0.24, 0.32)",0.14000000000000004,0.05406888261183629,0.049236432656383965,1.0981478489552137,0.0601580065221875,27178159.004843913,-0.11950470342442598,-0.16645786512637367,0.0358192903367877,0.0,61.0,22987286.809716836,23260755.57260811,19829059.823551625,25088513.445242573,0.5409836065573771,0.6229508196721312,-0.16645786512637367,-0.08571937439988016,0.0,0.0,0.0
0.24,0.04,0.1,0.28,0.34,"(0.24, 0.04, 0.1, 0.28, 0.34)",0.24000000000000007,0.05405844369173818,0.05071001766330041,1.0660308590438743,0.0601580065221875,27170811.253546745,-0.12312376288728799,-0.17275004892977824,0.03688451429485127,0.0,61.0,22969102.30691018,23254398.30907996,19687012.979787912,25120419.047731437,0.5409836065573771,0.5737704918032787,-0.17275004892977824,-0.0872077348792377,0.0,0.0,0.0
0.34,0.04,0.1,0.22,0.3,"(0.34, 0.04, 0.1, 0.22, 0.3)",0.18000000000000005,0.053999942278931234,0.048114717473910364,1.1223165200587963,0.0601580065221875,27163636.35493583,-0.11639137702801139,-0.1613891568045873,0.03503419792124513,0.0,61.0,22988300.07029507,23236713.25265867,19900476.745477047,25068985.281275928,0.5409836065573771,0.7213114754098361,-0.1613891568045873,-0.08409584157188113,0.0,0.0,0.0
0.28,0.04,0.1,0.26,0.32,"(0.28, 0.04, 0.1, 0.26, 0.32)",0.16,0.05399325749149453,0.04954892410472382,1.0896958605473939,0.0601580065221875,27157216.775126256,-0.12001809171691202,-0.1676339650229284,0.03603029016562751,0.0,61.0,22970582.109687872,23230957.114084445,19758328.644673184,25101453.674147706,0.5409836065573771,0.6065573770491803,-0.1676339650229284,-0.08558903970861166,0.0,0.0,0.0
0.32,0.04,0.1,0.24,0.3,"(0.32, 0.04, 0.1, 0.24, 0.3)",0.14000000000000004,0.05392551704272619,0.04841043703557636,1.1139233674568327,0.0601580065221875,27142998.90004899,-0.11690583093182294,-0.16255027908566697,0.03522891850523148,0.0,61.0,22971724.77175102,23207126.277778566,19829598.32369693,25082092.824351333,0.5409836065573771,0.6721311475409836,-0.16255027908566697,-0.08396934112059262,0.0,0.0,0.0
0.26,0.04,0.1,0.28,0.32,"(0.26, 0.04, 0.1, 0.28, 0.32)",0.20000000000000004,0.053916402789517814,0.04988334836720965,1.0808497134678965,0.0601580065221875,27135987.378921807,-0.12053231731378111,-0.16881562325839222,0.03627667495487655,0.0,61.0,22953794.380088508,23201014.95321406,19687738.918638866,25114216.769686557,0.5409836065573771,0.6065573770491803,-0.16881562325839222,-0.08545877756951625,0.0,0.0,0.0
0.26,0.04,0.08,0.3,0.32,"(0.26, 0.04, 0.08, 0.3, 0.32)",0.19999999999999998,0.0530156592092923,0.04671459212966914,1.134884343250452,0.0601580065221875,26927418.02773172,-0.10973359713709319,-0.1509888684576284,0.03507369489153663,0.0,61.0,22951072.727371156,23228425.47237202,19851023.106614646,24934674.20813547,0.5409836065573771,0.9672131147540983,-0.1509888684576284,-0.08178170820821946,0.0,0.0,0.0
0.26,0.16,0.1,0.2,0.28,"(0.26, 0.16, 0.1, 0.2, 0.28)",0.21999999999999992,0.05803508458348117,0.0602474014326903,0.963279464398464,0.0601580065221875,28240365.807783566,-0.16232569630117688,-0.2222158536905485,0.04435297076529206,0.0,61.0,22972979.8355467,23428919.453673877,20071407.884881753,24997973.80394421,0.5245901639344263,0.09836065573770492,-0.22403244876496992,-0.0870830363549913,0.0,0.0,0.0
0.3,0.16,0.1,0.18,0.26,"(0.3, 0.16, 0.1, 0.18, 0.26)",0.21999999999999997,0.05797433042981148,0.05920583291909588,0.9791996425256404,0.0601580065221875,28227470.487529803,-0.15866846885257524,-0.21631453300887596,0.04310355450368235,0.0,61.0,22975643.94437241,23408557.730634008,20088336.018509336,24980192.630647335,0.5245901639344263,0.09836065573770492,-0.21814048669937772,-0.08529211546356852,0.0,0.0,0.0
0.24,0.16,0.1,0.22,0.28,"(0.24, 0.16, 0.1, 0.22, 0.28)",0.21999999999999997,0.05795315286217195,0.06059953203970673,0.9563300393837896,0.0601580065221875,28217028.026854455,-0.16357691968806898,-0.22453141429068457,0.04471182656761508,0.0,61.0,22954922.617258523,23390293.52050406,20090911.5327839,25010072.43960941,0.5245901639344263,0.09836065573770492,-0.22633323402471053,-0.0867797257768729,0.0,0.0,0.0
0.28,0.16,0.1,0.2,0.26,"(0.28, 0.16, 0.1, 0.2, 0.26)",0.21999999999999992,0.05789360483450068,0.059544599695151586,0.9722729706958574,0.0601580065221875,28204448.931240655,-0.15992406333169662,-0.2186141950182857,0.04346241030600537,0.0,61.0,22957714.315973148,23370147.866473544,20107980.29347154,24992459.81806655,0.5245901639344263,0.09836065573770492,-0.22042658019327518,-0.08499277144375071,0.0,0.0,0.0
0.32,0.16,0.1,0.18,0.24,"(0.32, 0.16, 0.1, 0.18, 0.24)",0.26,0.057831478642785816,0.05851239157474791,0.9883629276869969,0.0601580065221875,28191217.510044087,-0.15626129203786399,-0.21272685245373513,0.04221299404439566,0.0,61.0,22960167.448990133,23349600.529153522,20124780.57055024,24974448.446967527,0.5245901639344263,0.09836065573770492,-0.2145473362810446,-0.08321015339780909,0.0,0.0,0.0
0.26,0.16,0.1,0.22,0.26,"(0.26, 0.16, 0.1, 0.22, 0.26)",0.21999999999999997,0.05781164178231868,0.05990134421903618,0.9651142647304164,0.0601580065221875,28181130.242343403,-0.16117905125384957,-0.2209227092259696,0.043821266108328386,0.0,61.0,22939703.58544945,23331616.718491208,20127509.752279084,25004549.085298162,0.5245901639344263,0.09836065573770492,-0.22272096983527248,-0.0846943891863883,0.0,0.0,0.0
0.3,0.16,0.1,0.2,0.24,"(0.3, 0.16, 0.1, 0.2, 0.24)",0.21999999999999997,0.05775072174884488,0.05885564077775795,0.9812266247667696,0.0601580065221875,28168214.94019635,-0.1575206568432309,-0.2150194737960067,0.04257184984671868,0.0,61.0,22942284.40962636,23311285.3236273,20144450.763266128,24986706.145236112,0.5245901639344263,0.09836065573770492,-0.2168270385806521,-0.08291571107628279,0.0,0.0,0.0
0.24,0.16,0.1,0.24,0.26,"(0.24, 0.16, 0.1, 0.24, 0.26)",0.21999999999999997,0.05772844169729119,0.06027574728544427,0.957739128872348,0.0601580065221875,28157515.20212766,-0.16243343051593795,-0.22324007198278895,0.04418012191065141,0.0,61.0,22921611.923865378,23292965.10670861,20146924.038117867,25016460.175534382,0.5245901639344263,0.09836065573770492,-0.22502364903762356,-0.08439696687540867,0.0,0.0,0.0
0.28,0.16,0.1,0.22,0.24,"(0.28, 0.16, 0.1, 0.22, 0.24)",0.21999999999999997,0.05766872766463549,0.05921702390448212,0.9738538660378465,0.0601580065221875,28144915.67676737,-0.15877941097280257,-0.21732094875699468,0.0429307056490417,0.0,61.0,22924320.266399242,23272849.168204755,20164005.941662967,24998785.970954966,0.5245901639344263,0.09836065573770492,-0.21911503994888337,-0.08262222636256657,0.0,0.0,0.0
0.26,0.16,0.1,0.24,0.24,"(0.26, 0.16, 0.1, 0.24, 0.24)",0.21999999999999997,0.05758549681414582,0.059596211071067245,0.9662610387340952,0.0601580065221875,28121320.50028025,-0.16003755232720018,-0.21963127374154515,0.04328956145136472,0.0,61.0,22906275.189706396,23234292.88076127,20183445.748516854,25010687.66754148,0.5245901639344263,0.09836065573770492,-0.22141133384291847,-0.08232969741470077,0.0,0.0,0.0
0.24,0.16,0.1,0.26,0.24,"(0.24, 0.16, 0.1, 0.26, 0.24)",0.24,0.05750102962360781,0.059992864685144476,0.9584644761570504,0.0601580065221875,28097430.200433254,-0.1612950788103461,-0.22195044495693428,0.043648417253687746,0.0,61.0,22888149.350657012,23195617.280348375,20199774.199862264,25022410.981995173,0.5245901639344263,0.09836065573770492,-0.22371591352967815,-0.08197882614769207,0.0,0.0,0.0
0.32,0.14,0.1,0.18,0.26,"(0.32, 0.14, 0.1, 0.18, 0.26)",0.22000000000000003,0.05732533751531843,0.05656329473949547,1.0134723901663185,0.0601580065221875,28051864.365448955,-0.1485868148644246,-0.20258306866295656,0.04081053710413935,0.0,61.0,22981931.682826683,23417176.789727155,20325574.698801473,24994569.259379394,0.5245901639344263,0.21311475409836064,-0.2040177516289159,-0.08477095114325339,0.0,0.0,0.0
0.26,0.14,0.1,0.22,0.28,"(0.26, 0.14, 0.1, 0.22, 0.28)",0.17999999999999994,0.05730785597443222,0.05796112400467679,0.9887292035573386,0.0601580065221875,28042434.856373724,-0.15392008124272094,-0.2113851018228028,0.042418809168072086,0.0,61.0,22961866.504874624,23399570.53448358,20273434.999937877,25025077.797877572,0.5245901639344263,0.11475409836065574,-0.21279216822074,-0.08623940784140904,0.0,0.0,0.0
0.3,0.14,0.1,0.2,0.26,"(0.3, 0.14, 0.1, 0.2, 0.26)",0.18,0.05724606760562212,0.05689387100486267,1.006190413739458,0.0601580065221875,28029349.21642482,-0.14989280617435619,-0.20492454960125644,0.04116939290646237,0.0,61.0,22964268.65527683,23378963.977954373,20345584.78360659,25007035.511715576,0.5245901639344263,0.18032786885245902,-0.20634430440492368,-0.08447350491779339,0.0,0.0,0.0
0.24,0.14,0.1,0.24,0.28,"(0.24, 0.14, 0.1, 0.24, 0.28)",0.18,0.05722614481024291,0.05832414877238986,0.9811741108055959,0.0601580065221875,28019309.84717922,-0.1552207042058582,-0.213754315409853,0.042777664970395105,0.0,61.0,22943994.10571024,23361019.650690287,20200486.709820036,25037197.826863468,0.5245901639344263,0.09836065573770492,-0.21514456846952645,-0.08593900142708959,0.0,0.0,0.0
0.34,0.14,0.1,0.18,0.24,"(0.34, 0.14, 0.1, 0.18, 0.24)",0.26000000000000006,0.05718170568890546,0.05584995761383143,1.0238451044901817,0.0601580065221875,28015616.588987444,-0.14585309769936583,-0.19849985767619974,0.03991997664485267,0.0,61.0,22966332.462261453,23357956.91990632,20362316.56256918,24988595.454125557,0.5245901639344263,0.2459016393442623,-0.19992955450578428,-0.08271190891076376,0.0,0.0,0.0
0.28,0.14,0.1,0.22,0.26,"(0.28, 0.14, 0.1, 0.22, 0.26)",0.17999999999999994,0.05716556146124474,0.05724335585226061,0.9986409882883762,0.0601580065221875,28006538.35681972,-0.15119826288173344,-0.20727559672799603,0.041528248708785395,0.0,61.0,22946524.100423165,23340629.275010485,20274843.160887532,25019324.092877593,0.5245901639344263,0.18032786885245902,-0.2086798471956336,-0.0841770093168221,0.0,0.0,0.0
0.32,0.14,0.1,0.2,0.24,"(0.32, 0.14, 0.1, 0.2, 0.24)",0.22000000000000003,0.057102404748285096,0.05618524534029901,1.0163238480571029,0.0601580065221875,27993120.096035294,-0.14716339695941805,-0.20083275427353153,0.040278832447175686,0.0,61.0,22948716.019014854,23319838.747152396,20349159.67610385,25001052.15542791,0.5245901639344263,0.2459016393442623,-0.20224824859544077,-0.08241930016674681,0.0,0.0,0.0
0.26,0.14,0.1,0.24,0.26,"(0.26, 0.14, 0.1, 0.24, 0.26)",0.18,0.0570838195028085,0.05761140517049373,0.9908423398782948,0.0601580065221875,27983432.551383466,-0.15250318218353287,-0.20963620991866186,0.04188710451110842,0.0,61.0,22928698.186421685,23302173.497520782,20201885.20108501,25031434.742268562,0.5245901639344263,0.18032786885245902,-0.21102437668271362,-0.08388146257713851,0.0,0.0,0.0
0.3,0.14,0.1,0.22,0.24,"(0.3, 0.14, 0.1, 0.22, 0.24)",0.18,0.05702186783802343,0.05653962157294728,1.0085293507749067,0.0601580065221875,27970328.330801006,-0.1484731577115812,-0.20317521579329711,0.04063768824949871,0.0,61.0,22931018.047441527,23281599.01916785,20276044.285999723,25013331.234231133,0.5245901639344263,0.21311475409836064,-0.20457593334701968,-0.08212763798683964,0.0,0.0,0.0
0.24,0.14,0.1,0.26,0.26,"(0.24, 0.14, 0.1, 0.26, 0.26)",0.2,0.0570008421531798,0.05799766553395672,0.9828126982077701,0.0601580065221875,27960032.57402808,-0.15380756128021766,-0.2120063888510834,0.04224596031343144,0.0,61.0,22910791.08214666,23263597.46331487,20129076.053143043,25043367.20286299,0.5245901639344263,0.11475409836065574,-0.2133778893563352,-0.08358686292591712,0.0,0.0,0.0
0.28,0.14,0.1,0.24,0.24,"(0.28, 0.14, 0.1, 0.24, 0.24)",0.18,0.056940095378707145,0.05691272973996456,1.0004808351113648,0.0601580065221875,27947242.05728212,-0.1497823771536475,-0.20552724216891824,0.04099654405182174,0.0,61.0,22913238.715031404,23243238.550433915,20203077.45828094,25025432.430164475,0.5245901639344263,0.18032786885245902,-0.20691260549149704,-0.08183692058213883,0.0,0.0,0.0
0.26,0.14,0.1,0.26,0.24,"(0.26, 0.14, 0.1, 0.26, 0.24)",0.2,0.056857087793165784,0.05730420395115941,0.9921974981386233,0.0601580065221875,27923862.04862365,-0.15109105248688937,-0.20788883313626505,0.041355399854144756,0.0,61.0,22895378.189994637,23204758.156632353,20130259.517060064,25037355.48642747,0.5245901639344263,0.18032786885245902,-0.2092582615684014,-0.08154714615423564,0.0,0.0,0.0
0.34,0.12,0.1,0.18,0.26,"(0.34, 0.12, 0.1, 0.18, 0.26)",0.22000000000000003,0.05666121655711587,0.05406398931780032,1.0480398740841794,0.0601580065221875,27873420.76187569,-0.13981308617096888,-0.19093471239108364,0.038517519704596354,0.0,61.0,22986615.745461937,23396951.540110026,20348732.846169956,25006430.66244002,0.5245901639344263,0.3442622950819672,-0.1920060786135025,-0.08424841912214023,0.0,0.0,0.0
0.28,0.12,0.1,0.22,0.28,"(0.28, 0.12, 0.1, 0.22, 0.28)",0.1399999999999999,0.05664741920611682,0.05546272151062054,1.021360251773246,0.0601580065221875,27864991.059080336,-0.14519083628216123,-0.19972641878006567,0.04012579176852908,0.0,61.0,22967206.880265925,23369272.46491312,20202036.842956565,25037563.96133909,0.5245901639344263,0.2459016393442623,-0.2007623678384214,-0.08569790040710548,0.0,0.0,0.0
0.32,0.12,0.1,0.2,0.26,"(0.32, 0.12, 0.1, 0.2, 0.26)",0.18,0.056583400157328656,0.05438472884923776,1.0404281009506535,0.0601580065221875,27851409.264631703,-0.14113166952535028,-0.19326545153410193,0.03887637550691938,0.0,61.0,22969220.331603587,23366677.69879444,20275886.17769118,25019094.666254614,0.5245901639344263,0.32786885245901637,-0.194320235386002,-0.08395288400709898,0.0,0.0,0.0
0.36,0.12,0.1,0.18,0.24,"(0.36, 0.12, 0.1, 0.18, 0.24)",0.26,0.05651681217474369,0.05333074659295478,1.0597416272100306,0.0601580065221875,27837185.885390233,-0.13706000736094592,-0.18684056538303134,0.03762695924530966,0.0,61.0,22970895.696259864,23343254.599493507,20349692.134840608,25000228.622770175,0.5245901639344263,0.39344262295081966,-0.18791138089271925,-0.08221214494113148,0.0,0.0,0.0
0.3,0.12,0.1,0.22,0.26,"(0.3, 0.12, 0.1, 0.22, 0.26)",0.13999999999999996,0.0565043487513599,0.054725364395631665,1.0325074921907735,0.0601580065221875,27829103.52225158,-0.14244971022981967,-0.195605851038713,0.0392352313092424,0.0,61.0,22951742.975905247,23322053.18337429,20203186.172284488,25031581.26629595,0.5245901639344263,0.26229508196721313,-0.19664346618954673,-0.08365828839765303,0.0,0.0,0.0
0.34,0.12,0.1,0.2,0.24,"(0.34, 0.12, 0.1, 0.2, 0.24)",0.22000000000000003,0.05643896500328216,0.05365640787048414,1.0518588038825587,0.0601580065221875,27815192.70705007,-0.13838292399631813,-0.18916268679202225,0.03798581504763269,0.0,61.0,22953546.85476006,23313048.75970694,20276837.496797204,25012883.0104054,0.5245901639344263,0.36065573770491804,-0.19021765920592015,-0.08192138367672203,0.0,0.0,0.0
0.3,0.12,0.1,0.24,0.24,"(0.3, 0.12, 0.1, 0.24, 0.24)",0.14,0.05627956684950575,0.05436765773790836,1.0351662953885963,0.0601580065221875,27770325.675006818,-0.14102711474334695,-0.19383590714628124,0.03870352665227873,0.0,61.0,22918603.509892955,23224763.395250052,20131568.75619593,25037659.459336296,0.5245901639344263,0.3442622950819672,-0.1948574369439044,-0.08134266602555808,0.0,0.0,0.0
0.32,0.1,0.1,0.22,0.26,"(0.32, 0.1, 0.1, 0.22, 0.26)",0.14,0.055828050976296506,0.05236756817216027,1.066080647334239,0.0601580065221875,27648897.713450063,-0.1336433225705157,-0.18380968398767958,0.0369422139096994,0.0,61.0,22955359.792851016,23134973.74022395,20129948.321010277,25041321.18023935,0.5245901639344263,0.4426229508196721,-0.1845138057433259,-0.0778617159043329,0.0,0.0,0.0
0.26,0.1,0.1,0.26,0.28,"(0.26, 0.1, 0.1, 0.26, 0.28)",0.11999999999999995,0.05581305280591908,0.05383391181217537,1.0367638339314607,0.0601580065221875,27640248.905393556,-0.1390548631073576,-0.19264654066520268,0.038550485973632136,0.0,61.0,22936185.614984628,23169147.89154005,19984929.094166577,25072384.522623878,0.5245901639344263,0.3442622950819672,-0.19330361961651304,-0.08029837272376009,0.0,0.0,0.0
0.36,0.1,0.1,0.2,0.24,"(0.36, 0.1, 0.1, 0.2, 0.24)",0.21999999999999997,0.05576044983503259,0.05129007102942018,1.0871587563809022,0.0601580065221875,27634504.840955406,-0.12954447738550023,-0.17736668784276188,0.03579927275296029,0.0,61.0,22956776.57940643,23123607.535854872,20202932.601621214,25022199.395508703,0.5245901639344263,0.4918032786885246,-0.1780942378780223,-0.07631621799697147,0.0,0.0,0.0
0.3,0.1,0.1,0.24,0.26,"(0.3, 0.1, 0.1, 0.24, 0.26)",0.09999999999999999,0.05574921873817473,0.05271801876582661,1.057498366655483,0.0601580065221875,27626802.213649914,-0.1349734659859737,-0.18614880178920615,0.037301069712022426,0.0,61.0,22938068.42860213,23164095.846435823,20057804.85272314,25053827.062660336,0.5245901639344263,0.4262295081967213,-0.18683353880930195,-0.07816647206212797,0.0,0.0,0.0
0.24,0.1,0.1,0.28,0.28,"(0.24, 0.1, 0.1, 0.28, 0.28)",0.15999999999999998,0.05573178485899821,0.05421831383708549,1.02791438749756,0.0601580065221875,27617552.22770549,-0.14037955182454465,-0.19501383954740378,0.038909341775955154,0.0,61.0,22918683.913116157,23125782.229940295,19913085.03940583,25084544.24763642,0.5245901639344263,0.29508196721311475,-0.19564956327370245,-0.08060314654759959,0.0,0.0,0.0
0.34,0.1,0.1,0.22,0.24,"(0.34, 0.1, 0.1, 0.22, 0.24)",0.18000000000000005,0.05568282069563013,0.05162531830123084,1.0785952034372746,0.0601580065221875,27612719.758237574,-0.13087952909104605,-0.1796873983096739,0.03605165345041272,0.0,61.0,22939613.952190656,23147243.00726623,20130636.771847345,25034873.030271087,0.5245901639344263,0.47540983606557374,-0.18039691838796187,-0.07605160158119578,0.0,0.0,0.0
0.28,0.1,0.1,0.26,0.26,"(0.28, 0.1, 0.1, 0.26, 0.26)",0.11999999999999995,0.05566915355863711,0.053088603241203354,1.0486083671425532,0.0601580065221875,27604415.449684013,-0.136303053025168,-0.18849767511342239,0.03765992551434545,0.0,61.0,22920695.04397653,23108422.346271195,19985807.20629285,25066155.294402745,0.5245901639344263,0.39344262295081966,-0.18916242423532365,-0.0784718934319483,0.0,0.0,0.0
0.32,0.1,0.1,0.24,0.24,"(0.32, 0.1, 0.1, 0.24, 0.24)",0.14,0.055603958460667124,0.05198132913252123,1.0696909715199925,0.0601580065221875,27590643.106244165,-0.13221402329850063,-0.18201786251266072,0.036410509252735736,0.0,61.0,22922369.141332243,23113604.29055444,20058486.505672053,25047369.32982051,0.5245901639344263,0.45901639344262296,-0.18270875467866163,-0.07633950018325386,0.0,0.0,0.0
0.26,0.1,0.1,0.28,0.26,"(0.26, 0.1, 0.1, 0.28, 0.26)",0.15999999999999998,0.055587855856012336,0.053478903043998924,1.0394352294451197,0.0601580065221875,27581738.171624698,-0.13763208087682266,-0.1908563042726612,0.03801878131666847,0.0,61.0,22903239.80272801,23051874.24728865,19913955.704739705,25078305.614501633,0.5245901639344263,0.3442622950819672,-0.19150045908092564,-0.0787779793413653,0.0,0.0,0.0
0.3,0.1,0.1,0.26,0.24,"(0.3, 0.1, 0.1, 0.26, 0.24)",0.12000000000000001,0.055523863546200536,0.052357679973842136,1.0604721900195009,0.0601580065221875,27568275.625249635,-0.133547957193888,-0.1843580810224145,0.03676936505505876,0.0,61.0,22905042.309187807,23037652.944385614,19986482.129605543,25059688.029863164,0.5245901639344263,0.4426229508196721,-0.18502974405268208,-0.07664623405062086,0.0,0.0,0.0
0.26,0.08,0.1,0.26,0.3,"(0.26, 0.08, 0.1, 0.26, 0.3)",0.12,0.05526865355398858,0.052430887125633735,1.0541239445663975,0.0601580065221875,27493829.537566118,-0.13300326642233107,-0.18488227483435823,0.037382113702305306,0.0,61.0,22954301.301767424,23046804.19611752,19910380.289347827,25086443.799736936,0.5245901639344263,0.4426229508196721,-0.18521875700543014,-0.08203771589560972,0.0,0.0,0.0
0.26,0.12,0.08,0.3,0.24,"(0.26, 0.12, 0.08, 0.3, 0.24)",0.19999999999999996,0.05524186975081058,0.05178231058873429,1.066809671541172,0.0601580065221875,27518740.62221782,-0.12827114243858695,-0.1741478186485877,0.03724763165280848,0.0,61.0,22884813.460642837,23094554.274753533,20158698.87407274,24887080.283522047,0.5245901639344263,0.5245901639344263,-0.17507031682448668,-0.07376195414406103,0.0,0.0,0.0
0.36,0.08,0.1,0.2,0.26,"(0.36, 0.08, 0.1, 0.2, 0.26)",0.21999999999999997,0.055212864262971006,0.04987554498203098,1.107012751096012,0.0601580065221875,27487297.761504356,-0.1234355807122548,-0.16957003289431602,0.035427280654608755,0.0,61.0,22974314.62511537,23061969.593486115,20127024.06601643,25035666.579072528,0.5245901639344263,0.5901639344262295,-0.16999455987319081,-0.07887191163826858,0.0,0.0,0.0
0.34,0.06,0.1,0.2,0.3,"(0.34, 0.06, 0.1, 0.2, 0.3)",0.18000000000000005,0.05479435296766044,0.04953010065868251,1.1062839008798808,0.0601580065221875,27372635.07845346,-0.12074815998761346,-0.16672191796476393,0.03566312789623194,0.0,61.0,23006022.605798956,23140850.375050884,20049274.704145875,25053248.35557364,0.5245901639344263,0.6229508196721312,-0.16685038870881808,-0.08331949720274595,0.0,0.0,0.0
0.28,0.06,0.1,0.24,0.32,"(0.28, 0.06, 0.1, 0.24, 0.32)",0.14,0.05478645278211025,0.050945849421540894,1.075385991286377,0.0601580065221875,27365852.006757513,-0.1255875324095671,-0.1746713228085037,0.03676373681470473,0.0,61.0,22987860.92478535,23154962.593857266,19905746.52220858,25085450.918209832,0.5245901639344263,0.5409836065573771,-0.17473683932670248,-0.08483049449423721,0.0,0.0,0.0
0.32,0.06,0.1,0.22,0.3,"(0.32, 0.06, 0.1, 0.22, 0.3)",0.14,0.054719712709802026,0.049820826142707345,1.09833009499004,0.0601580065221875,27351792.331805997,-0.12145225041610541,-0.16815723420070092,0.035909512685480975,0.0,61.0,22989259.766837914,23155228.362784117,19977833.22607012,25066339.995385297,0.5245901639344263,0.6065573770491803,-0.16826432283845563,-0.08319604666171368,0.0,0.0,0.0
0.26,0.06,0.1,0.26,0.32,"(0.26, 0.06, 0.1, 0.26, 0.32)",0.16000000000000003,0.05470938023553695,0.05127447325494819,1.0669905854226847,0.0601580065221875,27344412.78715295,-0.12692944585707056,-0.17702357481850725,0.03701012160395377,0.0,61.0,22970886.069212493,23169062.44761211,19834597.143606436,25098197.975727648,0.5245901639344263,0.5409836065573771,-0.1770636183145218,-0.08470324999795854,0.0,0.0,0.0
0.26,0.1,0.08,0.3,0.26,"(0.26, 0.1, 0.08, 0.3, 0.26)",0.15999999999999995,0.05470761988371886,0.05012853796365971,1.091346807748088,0.0601580065221875,27375368.535756644,-0.1221435558487527,-0.16639759387276776,0.036009033219291664,0.0,61.0,22903670.882404868,23077818.319002528,20083631.669334415,24902414.43695724,0.5245901639344263,0.6065573770491803,-0.16701299499661248,-0.07374007693864447,0.0,0.0,0.0
0.36,0.06,0.1,0.2,0.28,"(0.36, 0.06, 0.1, 0.2, 0.28)",0.21999999999999997,0.05465041485872124,0.048719959024180276,1.121725386336996,0.0601580065221875,27337104.81767507,-0.11814924836033858,-0.1628445023061335,0.03505528855625722,0.0,61.0,22990320.987488624,23155174.629997056,20049873.024569355,25046833.952982344,0.5245901639344263,0.6721311475409836,-0.16298806804551702,-0.0815606261281396,0.0,0.0,0.0
0.3,0.06,0.1,0.24,0.3,"(0.3, 0.06, 0.1, 0.24, 0.3)",0.10000000000000002,0.05464384105917719,0.050133636901826595,1.0899636339207273,0.0601580065221875,27330659.82860401,-0.12279911494976226,-0.17049077642298863,0.036155897474730005,0.0,61.0,22972413.961967945,23169459.8259824,19906534.107144002,25079254.7659567,0.5245901639344263,0.5901639344262295,-0.17057380745292372,-0.08307266682273273,0.0,0.0,0.0
0.3,0.1,0.08,0.28,0.24,"(0.3, 0.1, 0.08, 0.28, 0.24)",0.12000000000000002,0.054640754411137804,0.0489858045887344,1.115440582631645,0.0601580065221875,27361315.50700365,-0.11799636286787862,-0.1600221357588267,0.035154809090067914,0.0,61.0,22905101.444484223,23059050.40264212,20156401.93417529,24883443.220780432,0.5245901639344263,0.7049180327868853,-0.16065790194945742,-0.07209477145151194,0.0,0.0,0.0
0.24,0.06,0.1,0.28,0.32,"(0.24, 0.06, 0.1, 0.28, 0.32)",0.20000000000000007,0.05463107685904345,0.051624089600128965,1.0582477537561645,0.0601580065221875,27322684.81563318,-0.1282707956327721,-0.17938577585297036,0.037256506393202805,0.0,61.0,22953828.56667272,23183015.342072677,19763590.712822385,25110767.57385832,0.5245901639344263,0.4918032786885246,-0.17939971275721261,-0.08457607467364002,0.0,0.0,0.0
0.34,0.06,0.1,0.22,0.28,"(0.34, 0.06, 0.1, 0.22, 0.28)",0.18,0.054575744272126414,0.04901607936129084,1.1134253286529925,0.0601580065221875,27316279.187094294,-0.11866093787879228,-0.16400141698341505,0.035301673345506254,0.0,61.0,22973604.47787675,23169537.50095585,19978425.13875314,25059915.982999533,0.5245901639344263,0.6557377049180327,-0.16412187295122405,-0.08144109703330116,0.0,0.0,0.0
0.28,0.06,0.1,0.26,0.3,"(0.28, 0.06, 0.1, 0.26, 0.3)",0.11999999999999998,0.054566738425200656,0.050468122271847764,1.081211980332369,0.0601580065221875,27309238.278698336,-0.1241454146805101,-0.1728342654730541,0.03640228226397905,0.0,61.0,22955485.349608205,23183544.497537337,19835377.677408766,25091992.394965414,0.5245901639344263,0.5737704918032787,-0.1728926105830713,-0.08294935654615694,0.0,0.0,0.0
0.28,0.1,0.08,0.3,0.24,"(0.28, 0.1, 0.08, 0.3, 0.24)",0.15999999999999995,0.054560603006256425,0.04938662245833557,1.104764818697327,0.0601580065221875,27339084.14439842,-0.11935410979331007,-0.16230703473736843,0.03540119387931694,0.0,61.0,22887600.899641607,23038954.45731304,20084020.973420724,24895612.559819,0.5245901639344263,0.6721311475409836,-0.16292674497787032,-0.0719983122288978,0.0,0.0,0.0
0.3,0.08,0.08,0.3,0.24,"(0.3, 0.08, 0.08, 0.3, 0.24)",0.15999999999999998,0.05386433687865,0.04718158787918504,1.1416389167862908,0.0601580065221875,27156783.460599076,-0.11037863516501678,-0.15034113486413514,0.034421362440990685,0.0,61.0,22888793.62594571,23044651.402018376,20007802.210595064,24901646.350628823,0.5245901639344263,0.9836065573770492,-0.15069163009034678,-0.07297216370351281,0.0,0.0,0.0
0.36,0.04,0.1,0.22,0.28,"(0.36, 0.04, 0.1, 0.22, 0.28)",0.21999999999999997,0.05385522358886985,0.04729618899585574,1.138679981035868,0.0601580065221875,27128158.927109085,-0.11378697958340389,-0.1574989292788251,0.03444382608968891,0.0,61.0,22972530.419891585,23182907.168076,19900819.746821802,25062337.56874644,0.5245901639344263,0.819672131147541,-0.1574989292788251,-0.08234869827981128,0.0,0.0,0.0
0.3,0.04,0.1,0.26,0.3,"(0.3, 0.04, 0.1, 0.26, 0.3)",0.12000000000000002,0.05384986207332765,0.0487288187373392,1.1050927042494543,0.0601580065221875,27122073.99910639,-0.11742112409507754,-0.163716944606073,0.03542363908921783,0.0,61.0,22955066.286815405,23177395.293409657,19758861.092030708,25095023.556517795,0.5245901639344263,0.6721311475409836,-0.163716944606073,-0.0838429136060377,0.0,0.0,0.0
0.24,0.04,0.1,0.3,0.32,"(0.24, 0.04, 0.1, 0.3, 0.32)",0.24000000000000002,0.05383831891646884,0.05023926744980247,1.0716382154708453,0.0601580065221875,27114471.52855202,-0.12104737876667127,-0.1700028500055443,0.03652305974412558,0.0,61.0,22936923.778516684,23170929.754627567,19617290.969227076,25126802.46274226,0.5245901639344263,0.5901639344262295,-0.1700028500055443,-0.085328586930972,0.0,0.0,0.0
0.34,0.04,0.1,0.24,0.28,"(0.34, 0.04, 0.1, 0.24, 0.28)",0.18000000000000002,0.05378076851684943,0.04759760132889999,1.1299050165411422,0.0601580065221875,27107538.668907933,-0.11430333967611961,-0.1586506401805209,0.03463854667367526,0.0,61.0,22956001.41879187,23153387.499141105,19829935.97867925,25075435.480684746,0.5245901639344263,0.8032786885245902,-0.1586506401805209,-0.08222609156739256,0.0,0.0,0.0
0.28,0.04,0.1,0.28,0.3,"(0.28, 0.04, 0.1, 0.28, 0.3)",0.16,0.05377297777903167,0.049069421458552816,1.0958551411585682,0.0601580065221875,27100862.354785327,-0.11793725507145525,-0.164889163679375,0.03566883561490182,0.0,61.0,22938324.77167357,23147520.96036806,19688265.3776839,25107777.20535383,0.5245901639344263,0.639344262295082,-0.164889163679375,-0.08371655793676754,0.0,0.0,0.0
0.24,0.14,0.1,0.28,0.24,"(0.24, 0.14, 0.1, 0.28, 0.24)",0.24000000000000005,0.05677284550646977,0.05771367047483266,0.9836984035043629,0.0601580065221875,27900189.087074813,-0.1523991809160875,-0.2102599882331004,0.041714255656467775,0.0,61.0,22877436.641260434,23166158.65461965,20057590.782463405,25049100.149798505,0.5081967213114754,0.14754098360655737,-0.21161289792539675,-0.0812583128953158,0.0,0.0,0.0
0.3,0.08,0.1,0.24,0.28,"(0.3, 0.08, 0.1, 0.24, 0.28)",0.09999999999999998,0.05520396500114999,0.05130012296567453,1.0760981028853978,0.0601580065221875,27480227.391455855,-0.12889743812959276,-0.1783668439965242,0.03652788957308155,0.0,61.0,22956006.597196758,23047322.06633153,19982787.90993216,25067692.500422057,0.5081967213114754,0.4918032786885246,-0.17873863917741614,-0.08039911554647755,0.0,0.0,0.0
0.24,0.08,0.1,0.28,0.3,"(0.24, 0.08, 0.1, 0.28, 0.3)",0.16000000000000003,0.055188869129948914,0.0527991778504517,1.045260009280178,0.0601580065221875,27471618.238676626,-0.13433627314499053,-0.18724718063282264,0.03762849849155434,0.0,61.0,22937021.173149005,23060532.75214092,19838953.469435226,25098809.135654073,0.5081967213114754,0.4098360655737705,-0.18755992067645263,-0.0819176513942956,0.0,0.0,0.0
0.34,0.08,0.1,0.22,0.26,"(0.34, 0.08, 0.1, 0.22, 0.26)",0.18000000000000002,0.0551367156512963,0.0501925477867192,1.098504022660617,0.0601580065221875,27465993.491296098,-0.12477900624655547,-0.17188796873528842,0.03567366544385779,0.0,61.0,22957374.546758953,23047521.482406642,20055150.636288416,25048545.11110158,0.5081967213114754,0.5901639344262295,-0.1722921443028504,-0.07875953163586412,0.0,0.0,0.0
0.28,0.08,0.1,0.26,0.28,"(0.28, 0.08, 0.1, 0.26, 0.28)",0.11999999999999994,0.055125382336495665,0.05165397051890834,1.0672051302680903,0.0601580065221875,27458324.279195487,-0.1302353689625323,-0.1807131809353754,0.036774274362330585,0.0,61.0,22938855.07808817,23061181.859541044,19911209.29692231,25080226.113416906,0.5081967213114754,0.47540983606557374,-0.1810626278559994,-0.08028293315243534,0.0,0.0,0.0
0.32,0.08,0.1,0.24,0.26,"(0.32, 0.08, 0.1, 0.24, 0.26)",0.14,0.05505933491992021,0.0505311458861686,1.089611841456203,0.0601580065221875,27444398.749441907,-0.1261218700726091,-0.17421575369752862,0.03592005023310682,0.0,61.0,22940351.888948273,23061512.31841639,19983421.20042364,25061246.557149936,0.5081967213114754,0.5409836065573771,-0.17459896745723238,-0.07864721739336061,0.0,0.0,0.0
0.26,0.08,0.1,0.28,0.28,"(0.26, 0.08, 0.1, 0.28, 0.28)",0.15999999999999998,0.055045568119651334,0.05202831642118398,1.0579924915125418,0.0601580065221875,27436131.72301042,-0.13157273639438805,-0.18306936983417926,0.037020659151579614,0.0,61.0,22921621.301654518,23074895.072354592,19839775.263350848,25092582.05660107,0.5081967213114754,0.4426229508196721,-0.1833958495679599,-0.08016681482031755,0.0,0.0,0.0
0.36,0.08,0.1,0.22,0.24,"(0.36, 0.08, 0.1, 0.22, 0.24)",0.22,0.05499072812717021,0.04943222920612256,1.112446859272112,0.0601580065221875,27429842.935806163,-0.12199576932890022,-0.16775488304784397,0.03506582610388306,0.0,61.0,22941511.719142284,23061524.315115616,20055586.886832334,25041871.524238504,0.5081967213114754,0.6065573770491803,-0.16816893097086272,-0.07701056395739897,0.0,0.0,0.0
0.3,0.08,0.1,0.26,0.26,"(0.3, 0.08, 0.1, 0.26, 0.26)",0.12,0.054980722481559274,0.05089090823512668,1.0803643398843816,0.0601580065221875,27422514.260632433,-0.12746416936805538,-0.17655338871760376,0.03616643502235586,0.0,61.0,22923246.811749015,23075356.739444237,19911836.08650722,25073770.649004027,0.5081967213114754,0.5409836065573771,-0.17691502697621264,-0.07853496765547888,0.0,0.0,0.0
0.24,0.08,0.1,0.3,0.28,"(0.24, 0.08, 0.1, 0.3, 0.28)",0.19999999999999996,0.05496452276784258,0.052422721543783884,1.0484866323076296,0.0601580065221875,27413650.46634981,-0.13290953760903945,-0.1854354111684271,0.03726704394082865,0.0,61.0,22904305.43010465,23088461.446958575,19768486.129926708,25104760.068631608,0.5081967213114754,0.4426229508196721,-0.18573830151447593,-0.0800507593403562,0.0,0.0,0.0
0.34,0.08,0.1,0.24,0.24,"(0.34, 0.08, 0.1, 0.24, 0.24)",0.18000000000000005,0.05491331763864116,0.049776580013955435,1.103195872903393,0.0601580065221875,27408266.690142907,-0.12334300935367093,-0.1700739812251317,0.0353122108931321,0.0,61.0,22924535.58985685,23075499.748159707,19983851.665449157,25054563.31791915,0.5081967213114754,0.5901639344262295,-0.1704678378735166,-0.07690216877834044,0.0,0.0,0.0
0.28,0.08,0.1,0.28,0.26,"(0.28, 0.08, 0.1, 0.28, 0.26)",0.15999999999999998,0.054900878751168,0.05127138931804545,1.070789761724774,0.0601580065221875,27400340.758586384,-0.12880590131402336,-0.1789008745313204,0.03641281981160489,0.0,61.0,22906059.475969248,23089054.48533667,19840395.61871213,25086117.121993415,0.5081967213114754,0.4918032786885246,-0.17924032030549955,-0.0784227811719591,0.0,0.0,0.0
0.32,0.08,0.1,0.26,0.24,"(0.32, 0.08, 0.1, 0.26, 0.24)",0.16000000000000003,0.054834675703540725,0.05014233278044059,1.0935804671004559,0.0601580065221875,27386401.1317739,-0.12468968089601262,-0.17240292821116954,0.035558595682381136,0.0,61.0,22907477.040999807,23089328.672287073,19912260.831166267,25067077.809583075,0.5081967213114754,0.5901639344262295,-0.1727759818527241,-0.0767938373196276,0.0,0.0,0.0
0.26,0.08,0.1,0.3,0.26,"(0.26, 0.08, 0.1, 0.3, 0.26)",0.19999999999999996,0.05481980414593868,0.05167213145776698,1.0609162540690695,0.0601580065221875,27377878.98600965,-0.13014706309516144,-0.18125821167314052,0.03665920460085393,0.0,61.0,22888790.043158583,23102605.298594974,19769100.117308263,25098285.71499961,0.5081967213114754,0.47540983606557374,-0.1815748446961902,-0.07831065669761599,0.0,0.0,0.0
0.3,0.08,0.1,0.28,0.24,"(0.3, 0.08, 0.1, 0.28, 0.24)",0.16000000000000003,0.05475480273679301,0.05052902275547048,1.0836307482488374,0.0601580065221875,27364246.993680295,-0.1260357811378383,-0.17474172480049294,0.03580498047163017,0.0,61.0,22890336.23271873,23093217.143710013,19840814.707715917,25079414.734787103,0.5081967213114754,0.5409836065573771,-0.17509336040395582,-0.07668556829568889,0.0,0.0,0.0
0.28,0.08,0.1,0.3,0.24,"(0.28, 0.08, 0.1, 0.3, 0.24)",0.19999999999999996,0.05467369915555764,0.05093617309693504,1.0733766561439517,0.0601580065221875,27341805.0178154,-0.12738130726457164,-0.17709037158639482,0.03605136526087921,0.0,61.0,22873113.32590435,23062848.330635376,19769513.61492869,25091573.832638454,0.5081967213114754,0.5409836065573771,-0.1774199708281178,-0.07657736042614033,0.0,0.0,0.0
0.32,0.06,0.1,0.24,0.28,"(0.32, 0.06, 0.1, 0.24, 0.28)",0.14,0.054499842551272826,0.04933457864182675,1.1046986525809075,0.0601580065221875,27295164.228273463,-0.12000737507856585,-0.16631954771203858,0.03554805813475529,0.0,61.0,22956805.002735075,23183753.751070306,19907119.678530943,25072821.19381727,0.5081967213114754,0.6229508196721312,-0.16641930291093968,-0.08132163795467631,0.0,0.0,0.0
0.26,0.06,0.1,0.28,0.3,"(0.26, 0.06, 0.1, 0.28, 0.3)",0.16000000000000003,0.054488405219524916,0.0508238543153491,1.0721029712039982,0.0601580065221875,27287528.400962997,-0.12549114678036144,-0.17518770239660228,0.036648667053228084,0.0,61.0,22938474.08892487,23197482.112989727,19764364.263016306,25104552.613621525,0.5081967213114754,0.5409836065573771,-0.1752207299643198,-0.08282611469687708,0.0,0.0,0.0
0.36,0.06,0.1,0.22,0.26,"(0.36, 0.06, 0.1, 0.22, 0.26)",0.21999999999999997,0.05443039048244902,0.04822503996269345,1.1286748652682503,0.0601580065221875,27280463.957118824,-0.11606031045760778,-0.16012255936709419,0.034693834005531526,0.0,61.0,22957787.646169048,23183643.293928377,19978814.434558455,25053255.034367133,0.5081967213114754,0.7540983606557377,-0.16025799568340243,-0.07969297840209967,0.0,0.0,0.0
0.3,0.06,0.1,0.26,0.28,"(0.3, 0.06, 0.1, 0.26, 0.28)",0.11999999999999998,0.05442271010554478,0.04967502640925802,1.0955748600347381,0.0601580065221875,27273760.65037332,-0.12135806491840873,-0.16865428770419832,0.03579444292400433,0.0,61.0,22939922.719820417,23178352.985041693,19835956.973507546,25085549.31333921,0.5081967213114754,0.6065573770491803,-0.16873014381853202,-0.08120224771693721,0.0,0.0,0.0
0.24,0.06,0.1,0.3,0.3,"(0.24, 0.06, 0.1, 0.3, 0.3)",0.2,0.054408841856040224,0.05120039017887609,1.0626645942727182,0.0601580065221875,27265530.923255425,-0.1268363084248606,-0.17755108803696867,0.036895051842477114,0.0,61.0,22921380.339830156,23171463.362263855,19693494.186237667,25116935.156676374,0.5081967213114754,0.5409836065573771,-0.1775581631366598,-0.08270294014436896,0.0,0.0,0.0
0.34,0.06,0.1,0.24,0.26,"(0.34, 0.06, 0.1, 0.24, 0.26)",0.18000000000000005,0.05435445896473645,0.04854932415152155,1.1195718975427378,0.0601580065221875,27259366.840593215,-0.11721232612812005,-0.16215766695331824,0.03494021879478056,0.0,61.0,22941034.584955186,23154556.16610353,19907503.40996836,25066150.602876488,0.5081967213114754,0.6885245901639344,-0.16227335338751991,-0.07957742584703531,0.0,0.0,0.0
0.28,0.06,0.1,0.28,0.28,"(0.28, 0.06, 0.1, 0.28, 0.28)",0.15999999999999998,0.05434434734656324,0.050036974658087034,1.0860837953914955,0.0601580065221875,27252069.17156311,-0.12270818316559295,-0.17099897439478337,0.036040827713253364,0.0,61.0,22922957.78763828,23148266.38784059,19764937.34939972,25098100.0730006,0.5081967213114754,0.5901639344262295,-0.1710503017583361,-0.08108292514940496,0.0,0.0,0.0
0.32,0.06,0.1,0.26,0.26,"(0.32, 0.06, 0.1, 0.26, 0.26)",0.16000000000000003,0.05427729698085404,0.04889583067006138,1.1100598197647085,0.0601580065221875,27237981.53543997,-0.11856740987964753,-0.16448367183639379,0.0351866035840296,0.0,61.0,22924198.716098953,23124680.60265931,19836335.204636272,25078869.13181062,0.5081967213114754,0.639344262295082,-0.16457624573647273,-0.07946194139891408,0.0,0.0,0.0
0.26,0.06,0.1,0.3,0.28,"(0.26, 0.06, 0.1, 0.3, 0.28)",0.19999999999999996,0.05426475468818737,0.05041996035586773,1.0762554017334167,0.0601580065221875,27230090.51898119,-0.12405772699641959,-0.17335360868643948,0.03628721250250239,0.0,61.0,22905910.36544207,23118037.54295808,19694061.128045022,25110473.20777676,0.5081967213114754,0.5737704918032787,-0.1733797743204983,-0.08096366908609888,0.0,0.0,0.0
0.36,0.06,0.1,0.24,0.24,"(0.36, 0.06, 0.1, 0.24, 0.24)",0.22000000000000003,0.05420769200142783,0.047778554042718455,1.1345611663542838,0.0601580065221875,27223269.3067211,-0.11441398148738646,-0.15800516426666494,0.03433237945480584,0.0,61.0,22925103.247948613,23100707.36332623,19907685.47989706,25059243.39885967,0.5081967213114754,0.819672131147541,-0.15813598645138285,-0.07784004812711809,0.0,0.0,0.0
0.3,0.06,0.1,0.28,0.26,"(0.3, 0.06, 0.1, 0.28, 0.26)",0.16000000000000003,0.05419890494239299,0.04926409060807664,1.1001706166378986,0.0601580065221875,27216308.759114787,-0.11992191807410468,-0.1668196222186728,0.035432988373278636,0.0,61.0,22907280.197445657,23094662.47763153,19765310.143843733,25091410.35283144,0.5081967213114754,0.6229508196721312,-0.1668884558835071,-0.07934652385170136,0.0,0.0,0.0
0.34,0.06,0.1,0.26,0.24,"(0.34, 0.06, 0.1, 0.26, 0.24)",0.20000000000000007,0.05413050075094561,0.048131210145919624,1.1246444996258749,0.0601580065221875,27201902.573486608,-0.11577346292986945,-0.16032244803606324,0.03457876424405488,0.0,61.0,22908313.876150236,23070900.1053593,19836512.548352413,25071952.25598441,0.5081967213114754,0.7540983606557377,-0.16043094393427318,-0.077728455152036,0.0,0.0,0.0
0.28,0.06,0.1,0.3,0.26,"(0.28, 0.06, 0.1, 0.3, 0.26)",0.19999999999999996,0.054119283263180495,0.04965361996013909,1.089936308906105,0.0601580065221875,27194349.23802756,-0.12127584788855605,-0.16916551906197,0.035679373162527665,0.0,61.0,22890279.1875902,23064502.456545327,19694428.548994534,25103774.001139663,0.5081967213114754,0.6065573770491803,-0.1692099814688104,-0.07923117200417941,0.0,0.0,0.0
0.32,0.06,0.1,0.28,0.24,"(0.32, 0.06, 0.1, 0.28, 0.24)",0.20000000000000007,0.05405207970479098,0.04850587118059064,1.1143409733545746,0.0601580065221875,27180248.80162069,-0.11713236484823819,-0.1626496760811934,0.03482514903330391,0.0,61.0,22891441.854440868,23040950.63926913,19765482.82302533,25084483.85859588,0.5081967213114754,0.6721311475409836,-0.16273521996574725,-0.07761692829657409,0.0,0.0,0.0
0.3,0.06,0.1,0.3,0.24,"(0.3, 0.06, 0.1, 0.3, 0.24)",0.2,0.053972429276760936,0.048902031379535756,1.1036848113296784,0.0601580065221875,27158308.71679584,-0.11849068442033173,-0.16498684942290373,0.035071533822552944,0.0,61.0,22874487.34075719,23010859.62897575,19694596.624885738,25096837.942121744,0.5081967213114754,0.639344262295082,-0.16504881223592638,-0.07750546632449287,0.0,0.0,0.0
0.32,0.04,0.1,0.26,0.28,"(0.32, 0.04, 0.1, 0.26, 0.28)",0.16,0.0537050839686366,0.047921986563348624,1.1206773303866115,0.0601580065221875,27086631.391261943,-0.11482053953923521,-0.15980788947294777,0.034833267257661615,0.0,61.0,22939389.231741223,23123724.176222086,19759193.4636296,25088356.632975407,0.5081967213114754,0.7868852459016393,-0.15980788947294777,-0.08210355710782338,0.0,0.0,0.0
0.26,0.04,0.1,0.3,0.3,"(0.26, 0.04, 0.1, 0.3, 0.3)",0.19999999999999998,0.05369486457037054,0.04943178586898693,1.0862416484948043,0.0601580065221875,27079364.678711865,-0.11845422241176018,-0.1660669465452147,0.035915220404150856,0.0,61.0,22921500.383264955,23117503.94169428,19617811.504006688,25120353.501966108,0.5081967213114754,0.6229508196721312,-0.1660669465452147,-0.08359027302567061,0.0,0.0,0.0
0.36,0.04,0.1,0.24,0.26,"(0.36, 0.04, 0.1, 0.24, 0.26)",0.22,0.05363463872605845,0.04679861125711774,1.1460732975895944,0.0601580065221875,27071779.935831945,-0.11169723123735575,-0.15475896557279178,0.03404817484211904,0.0,61.0,22940117.288110033,23099540.766802575,19830072.966557346,25068541.817807406,0.5081967213114754,0.8688524590163934,-0.15475896557279178,-0.08048964334157731,0.0,0.0,0.0
0.3,0.04,0.1,0.28,0.28,"(0.3, 0.04, 0.1, 0.28, 0.28)",0.16,0.05362817035249767,0.04826888154153044,1.1110298942053611,0.0601580065221875,27065437.7961584,-0.11533857772560907,-0.16097068753620486,0.0350609962749271,0.0,61.0,22922694.014265127,23093917.858548373,19688592.528448448,25101100.753423017,0.5081967213114754,0.7213114754098361,-0.16097068753620486,-0.08198109377427006,0.0,0.0,0.0
0.34,0.04,0.1,0.26,0.26,"(0.34, 0.04, 0.1, 0.26, 0.26)",0.20000000000000004,0.05355892486724634,0.04712910928353727,1.1364298133670663,0.0601580065221875,27050890.57447412,-0.112216339625682,-0.15590681682174218,0.03424289542610539,0.0,61.0,22923551.480129223,23069945.289973743,19759325.93664982,25081453.306967616,0.5081967213114754,0.8360655737704918,-0.15590681682174218,-0.08037098774819366,0.0,0.0,0.0
0.28,0.04,0.1,0.3,0.28,"(0.28, 0.04, 0.1, 0.3, 0.28)",0.19999999999999993,0.053550028078935163,0.048637804633253116,1.1009959944270102,0.0601580065221875,27043958.59451874,-0.11585745278521342,-0.16213904467664514,0.035307381064176135,0.0,61.0,22905915.922644857,23063969.207568217,19618133.496057823,25113667.57335931,0.5081967213114754,0.6885245901639344,-0.16213904467664514,-0.08185870044434422,0.0,0.0,0.0
0.32,0.04,0.1,0.28,0.26,"(0.32, 0.04, 0.1, 0.28, 0.26)",0.20000000000000004,0.05348198219771705,0.047482405723636614,1.1263536752750054,0.0601580065221875,27029715.32437631,-0.11273628684879633,-0.1570602120633891,0.03445315693495238,0.0,61.0,22906902.641921636,23040207.17254717,19688720.54723685,25094187.817221373,0.5081967213114754,0.819672131147541,-0.1570602120633891,-0.08025240254938623,0.0,0.0,0.0
0.36,0.04,0.1,0.26,0.24,"(0.36, 0.04, 0.1, 0.26, 0.24)",0.24000000000000002,0.053411386454581766,0.046350903039552104,1.1523267714763792,0.0601580065221875,27014853.17785155,-0.10960852593796033,-0.15201374374186205,0.033652523594549164,0.0,61.0,22907553.569081534,23016060.158856828,19759258.693054933,25074313.986557577,0.5081967213114754,0.9180327868852459,-0.15201374374186205,-0.07864522273563014,0.0,0.0,0.0
0.3,0.04,0.1,0.3,0.26,"(0.3, 0.04, 0.1, 0.3, 0.26)",0.19999999999999998,0.053403811127943124,0.04785799567395344,1.1158806459796637,0.0601580065221875,27008254.895746388,-0.11325707145584285,-0.15821916167065192,0.03469954172420141,0.0,61.0,22890170.929110818,23010327.074376162,19618257.120811924,25106745.080126908,0.5081967213114754,0.819672131147541,-0.15821916167065192,-0.08013388658770629,0.0,0.0,0.0
0.24,0.1,0.1,0.3,0.26,"(0.24, 0.1, 0.1, 0.3, 0.26)",0.19999999999999996,0.055505326050867554,0.053888489797512734,1.030003369169003,0.0601580065221875,27558771.138562944,-0.13896054673318958,-0.19322468937875745,0.03837763711899149,0.0,61.0,22885702.86934374,22995357.460832838,19842250.66715563,25090277.7655562,0.4918032786885246,0.3442622950819672,-0.1938476402117724,-0.07908472911821678,0.0,0.0,0.0
0.28,0.1,0.1,0.28,0.24,"(0.28, 0.1, 0.1, 0.28, 0.24)",0.15999999999999998,0.05544253637052465,0.05275393550516119,1.0509649344568885,0.0601580065221875,27545618.064573802,-0.1348813279667218,-0.1867080542098025,0.03712822085738179,0.0,61.0,22887633.61884992,22978069.55750958,19914623.966221765,25071828.869660005,0.4918032786885246,0.4262295081967213,-0.187359883619199,-0.07695363168903782,0.0,0.0,0.0
0.26,0.1,0.1,0.3,0.24,"(0.26, 0.1, 0.1, 0.3, 0.24)",0.19999999999999996,0.055359977354173306,0.053169650699452696,1.0411950544324933,0.0601580065221875,27522671.182540137,-0.1362141328100347,-0.18906778224529305,0.037487076659704806,0.0,61.0,22870143.234146144,22978511.293516234,19842912.334167976,25083791.592034984,0.4918032786885246,0.3770491803278688,-0.18969917029356914,-0.077261692426681,0.0,0.0,0.0
0.34,0.04,0.1,0.28,0.24,"(0.34, 0.04, 0.1, 0.28, 0.24)",0.24000000000000007,0.053334414998101654,0.04671070440892866,1.1418028409759302,0.0601580065221875,26993696.566997394,-0.11013038402081488,-0.1531577543864215,0.03384724417853551,0.0,61.0,22890951.190144464,22986390.42390556,19688649.615119047,25087038.80469514,0.4918032786885246,0.8852459016393442,-0.1531577543864215,-0.07853050140471901,0.0,0.0,0.0
0.32,0.04,0.1,0.3,0.24,"(0.32, 0.04, 0.1, 0.3, 0.24)",0.24000000000000002,0.05325621539879766,0.047093063027948426,1.1308717669774755,0.0601580065221875,26972255.20838726,-0.11065307999969964,-0.1543073146888001,0.03409170238422669,0.0,61.0,22874265.936564747,22956579.061003145,19618182.558448404,25099586.430096034,0.4918032786885246,0.8852459016393442,-0.1543073146888001,-0.07841584853269408,0.0,0.0,0.0
