Asset 1,Asset 2,Asset 3,Asset 4,Asset 5,weights_tuple,annualized_return,annualized_volatility,sharpe_zero_rf,required_annual_return,full_history_terminal_wealth,full_history_max_drawdown_pct_peak,full_history_max_drawdown_pct_initial,monthly_var_99_empirical,meets_return_goal_average,rolling_windows,rolling_mean_terminal_wealth,rolling_median_terminal_wealth,rolling_worst_terminal_wealth,rolling_best_terminal_wealth,rolling_target_hit_rate,rolling_drawdown_safe_rate,rolling_worst_drawdown_pct_initial,rolling_best_drawdown_pct_initial,meets_target_goal_99pct,meets_drawdown_goal_99pct,meets_all_goals_99pct
0.35000000000000003,0.1,0.05,0.15000000000000002,0.35000000000000003,"(0.35, 0.1, 0.05, 0.15, 0.35)",0.05466022342639443,0.04671409573451432,1.1701012845681433,0.0601580065221875,27403830.707877927,-0.10761827085093068,-0.1403800791099053,0.03445142009997738,0.0,61.0,23131837.424313683,23363690.142589394,20637333.265157163,24555390.83593099,0.6885245901639344,1.0,-0.14106767734484332,-0.07695413744607195,0.0,1.0,0.0
0.35000000000000003,0.0,0.05,0.25,0.35000000000000003,"(0.35, 0.0, 0.05, 0.25, 0.35)",0.05060372046400152,0.04074919400678328,1.2418336533374825,0.0601580065221875,26350829.799109444,-0.08530131189725632,-0.11363826171967532,0.03233879292781274,0.0,61.0,23021056.54697089,23429580.17659338,20210090.177619826,24610129.372934274,0.6885245901639344,1.0,-0.11363826171967532,-0.0731247794268748,0.0,1.0,0.0
0.30000000000000004,0.1,0.05,0.2,0.35000000000000003,"(0.3, 0.1, 0.05, 0.2, 0.35)",0.0544869826316452,0.04720659987388849,1.1542238326252283,0.0601580065221875,27354831.301327173,-0.10874079127317271,-0.14280810591922183,0.03506738207309997,0.0,61.0,23088579.108373225,23368441.320363425,20690643.127545193,24581122.41138904,0.6721311475409836,1.0,-0.1434581533496589,-0.07668916292129975,0.0,1.0,0.0
0.25,0.1,0.05,0.25,0.35000000000000003,"(0.25, 0.1, 0.05, 0.25, 0.35)",0.054306036777839406,0.04784990136234738,1.1349247382267813,0.0601580065221875,27304012.684895486,-0.11043685725569363,-0.14604323361148416,0.03568334404622256,0.0,61.0,23044807.00479217,23316756.803560108,20626449.435948424,24613832.30539352,0.6721311475409836,1.0,-0.14665664877422008,-0.07642465606359475,0.0,1.0,0.0
0.35000000000000003,0.1,0.05,0.2,0.30000000000000004,"(0.35, 0.1, 0.05, 0.2, 0.3)",0.054126549827389514,0.04505937367525036,1.201227301060322,0.0601580065221875,27266072.98619834,-0.1021585012416999,-0.1335673691115102,0.033547783723163166,0.0,61.0,23047403.208485525,23313640.71343937,20783415.97692913,24565257.86559846,0.6721311475409836,1.0,-0.1342154210593508,-0.07221726412396444,0.0,1.0,0.0
0.30000000000000004,0.1,0.05,0.25,0.30000000000000004,"(0.3, 0.1, 0.05, 0.25, 0.3)",0.05394542024064286,0.04573683728066725,1.1794742148348185,0.0601580065221875,27215358.99219587,-0.10346189478316536,-0.1362111089452735,0.034163745696285754,0.0,61.0,23003928.836243384,23292717.05159849,20628356.1876708,24597910.43416181,0.6721311475409836,1.0,-0.13682029586176822,-0.0719776321556177,0.0,1.0,0.0
0.35000000000000003,0.05,0.05,0.2,0.35000000000000003,"(0.35, 0.05, 0.05, 0.2, 0.35)",0.05267323163741877,0.042882890103333744,1.2283041443917027,0.0601580065221875,26882717.898616023,-0.0963611307454958,-0.1270294797825811,0.03327576953694336,0.0,61.0,23079990.192822568,23386703.72638339,20604780.434474975,24585786.586344052,0.6721311475409836,1.0,-0.12714045901377583,-0.07913074096856369,0.0,1.0,0.0
0.30000000000000004,0.05,0.05,0.25,0.35000000000000003,"(0.3, 0.05, 0.05, 0.25, 0.35)",0.05250129453118668,0.04339443406810518,1.2098624088238779,0.0601580065221875,26834933.662443925,-0.09767677126694296,-0.12966284822176458,0.03376257099690923,0.0,61.0,23037935.635684155,23375961.817276176,20422994.259620257,24619674.45601832,0.6721311475409836,1.0,-0.12972770502949382,-0.07884533195064403,0.0,1.0,0.0
0.25,0.05,0.05,0.30000000000000004,0.35000000000000003,"(0.25, 0.05, 0.05, 0.3, 0.35)",0.052321678308156594,0.044069322776060224,1.1872585057417604,0.0601580065221875,26785366.344399042,-0.09899768271994891,-0.1323297425572508,0.0342493724568751,0.0,61.0,22995363.96805383,23330619.93334974,20242099.492656987,24652482.96138014,0.6721311475409836,1.0,-0.13234672843156672,-0.07856042331121965,0.0,1.0,0.0
0.35000000000000003,0.05,0.05,0.25,0.30000000000000004,"(0.35, 0.05, 0.05, 0.25, 0.3)",0.052136085396331966,0.041162306685689216,1.2665977588291468,0.0601580065221875,26746539.691583995,-0.09105954803450111,-0.1203441172496306,0.03228664141801868,0.0,61.0,22996361.899373293,23358568.153414857,20423310.224310577,24602399.96272886,0.6721311475409836,1.0,-0.12043872870937052,-0.07444893614275609,0.0,1.0,0.0
0.30000000000000004,0.0,0.05,0.30000000000000004,0.35000000000000003,"(0.3, 0.0, 0.05, 0.3, 0.35)",0.05043309447160893,0.04126148046053944,1.22228029408302,0.0601580065221875,26304266.901764672,-0.08664652270741569,-0.11623655811840213,0.032825594387778614,0.0,61.0,22980208.6953352,23498233.200592756,20031996.14291818,24644096.48466192,0.6721311475409836,1.0,-0.11623655811840213,-0.07226751178325444,0.0,1.0,0.0
0.30000000000000004,0.0,0.0,0.35000000000000003,0.35000000000000003,"(0.3, 0.0, 0.0, 0.35, 0.35)",0.04795875247803649,0.0371224898519015,1.291905598718345,0.0601580065221875,25749126.821145263,-0.0617188914216249,-0.09391129224984823,0.029988002854719198,0.0,61.0,22950311.46136825,23243372.351429634,20418236.67730633,24268623.224033047,0.6557377049180327,1.0,-0.0777444645543562,-0.058181237326436576,0.0,1.0,0.0
0.35000000000000003,0.0,0.0,0.35000000000000003,0.30000000000000004,"(0.35, 0.0, 0.0, 0.35, 0.3)",0.0475788832578119,0.03490858532275433,1.3629564996092447,0.0601580065221875,25660625.37626221,-0.05808044302347304,-0.08765292940019775,0.026603414002278166,0.0,61.0,22905602.824860994,23264111.366424914,20415231.85215327,24185246.794721156,0.6557377049180327,1.0,-0.07232346302881071,-0.05150006936670964,0.0,1.0,0.0
0.2,0.05,0.05,0.35000000000000003,0.35000000000000003,"(0.2, 0.05, 0.05, 0.35, 0.35)",0.05213438926040559,0.04490019119294437,1.161117310979246,0.0601580065221875,26734026.352664944,-0.10032384257179117,-0.1350303309134423,0.03473617391684096,0.0,61.0,22952277.738850966,23335838.696701333,20062101.47348958,24684207.80053172,0.639344262295082,1.0,-0.1350303309134423,-0.07827599533731532,0.0,1.0,0.0
0.30000000000000004,0.05,0.05,0.30000000000000004,0.30000000000000004,"(0.3, 0.05, 0.05, 0.3, 0.3)",0.051956292735780396,0.041877499128238446,1.2406732449967557,0.0601580065221875,26697078.0606152,-0.0923925422169749,-0.12295428887101056,0.032773442877984546,0.0,61.0,22954087.361647934,23296453.81685145,20242388.16962187,24635150.737860348,0.639344262295082,1.0,-0.12300481974561824,-0.07418845645233636,0.0,1.0,0.0
0.25,0.1,0.05,0.30000000000000004,0.30000000000000004,"(0.25, 0.1, 0.05, 0.3, 0.3)",0.05375659593495352,0.04656461178023012,1.1544517151494194,0.0601580065221875,27162843.136142846,-0.10553392838573106,-0.13989976461964762,0.03477970766940834,0.0,61.0,22959943.350478522,23303227.815133575,20444682.073700752,24629479.211726815,0.6229508196721312,1.0,-0.14047596554374137,-0.07173843464808642,0.0,1.0,0.0
0.25,0.0,0.05,0.35000000000000003,0.35000000000000003,"(0.25, 0.0, 0.05, 0.35, 0.35)",0.05025481538347698,0.04194539765887815,1.1981008212670994,0.0601580065221875,26255957.662492532,-0.08799698619798946,-0.11886902429416735,0.03331239584774447,0.0,61.0,22938840.629630484,23454833.690457262,19854774.569520526,24676985.671883818,0.6229508196721312,1.0,-0.11886902429416735,-0.07141867744479018,0.0,1.0,0.0
0.35000000000000003,0.0,0.0,0.30000000000000004,0.35000000000000003,"(0.35, 0.0, 0.0, 0.3, 0.35)",0.04812205260220459,0.03674168610352351,1.309739908686164,0.0601580065221875,25793206.57569339,-0.06120423980946965,-0.09326920534127164,0.029501201394753335,0.0,61.0,22991653.739990685,23166804.608499758,20598877.26264905,24293063.297304157,0.6229508196721312,1.0,-0.0776370637444059,-0.05629149094002797,0.0,1.0,0.0
0.35000000000000003,0.1,0.05,0.25,0.25,"(0.35, 0.1, 0.05, 0.25, 0.25)",0.053576178221560244,0.04370881535792739,1.2257522374566767,0.0601580065221875,27124838.281917058,-0.09712635707673967,-0.1273363398894566,0.03264414734634894,0.0,61.0,22962050.2929589,23293898.721408114,20628959.97947055,24580542.045736324,0.6065573770491803,1.0,-0.12793178973498154,-0.06757461323488297,0.0,1.0,0.0
0.35000000000000003,0.0,0.05,0.30000000000000004,0.30000000000000004,"(0.35, 0.0, 0.05, 0.3, 0.3)",0.05006323061020512,0.039027462800369936,1.2827692864966507,0.0601580065221875,26216344.14045271,-0.07999476205792178,-0.10684096538586542,0.03134966480888806,0.0,61.0,22938268.598148614,23432777.48914766,20030755.82770879,24625435.69115068,0.6065573770491803,1.0,-0.10684096538586542,-0.06819038073913815,0.0,1.0,0.0
0.30000000000000004,0.0,0.05,0.35000000000000003,0.30000000000000004,"(0.3, 0.0, 0.05, 0.35, 0.3)",0.04988478197256985,0.03975437846702704,1.2548248493922534,0.0601580065221875,26168141.352522634,-0.08135739156934196,-0.1094162384251799,0.031836466268853926,0.0,61.0,22897196.812167335,23384680.398889538,19853522.942090113,24658266.71308568,0.6065573770491803,1.0,-0.1094162384251799,-0.06737376047433541,0.0,1.0,0.0
0.30000000000000004,0.05,0.0,0.35000000000000003,0.30000000000000004,"(0.3, 0.05, 0.0, 0.35, 0.3)",0.04952353973766255,0.0366581588765586,1.350955455903456,0.0601580065221875,26144734.82003134,-0.06681439201099193,-0.08521364044026802,0.029935851344925136,0.0,61.0,22930810.36799283,23156408.700567663,20642310.683159016,24355262.943554923,0.6065573770491803,1.0,-0.08531191329257522,-0.05916029137613831,0.0,1.0,0.0
0.35000000000000003,0.05,0.0,0.35000000000000003,0.25,"(0.35, 0.05, 0.0, 0.35, 0.25)",0.0491394873353046,0.034520926415872,1.4234695425992767,0.0601580065221875,26054009.170735568,-0.060155024260454604,-0.07695982407164718,0.02845992176603458,0.0,61.0,22885754.381131563,23168801.38713648,20639537.86497595,24271388.011915773,0.6065573770491803,1.0,-0.07649614605386017,-0.05438001404408179,0.0,1.0,0.0
0.25,0.05,0.05,0.35000000000000003,0.30000000000000004,"(0.25, 0.05, 0.05, 0.35, 0.3)",0.051768831198230725,0.042755210584879744,1.2108192309205612,0.0601580065221875,26645850.35873604,-0.09373079269175433,-0.12559807968044157,0.03326024433795041,0.0,61.0,22911298.29998748,23350138.712377504,20062363.79161671,24666818.66202665,0.5901639344262295,1.0,-0.1256027867266453,-0.07392844606706128,0.0,1.0,0.0
0.25,0.05,0.0,0.35000000000000003,0.35000000000000003,"(0.25, 0.05, 0.0, 0.35, 0.35)",0.049899118634281425,0.03888835166642155,1.2831379190948637,0.0601580065221875,26233720.80896086,-0.07344906189230282,-0.09408446316712908,0.031411780923815684,0.0,61.0,22974900.483780302,23110609.462847326,20643797.628790177,24437912.661637332,0.5901639344262295,1.0,-0.09416595732115995,-0.06396913172989421,0.0,1.0,0.0
0.35000000000000003,0.05,0.05,0.30000000000000004,0.25,"(0.35, 0.05, 0.05, 0.3, 0.25)",0.05158234427604569,0.03977061337261396,1.2969964479241674,0.0601580065221875,26606977.578194395,-0.08576458742450221,-0.11362756640736758,0.03129751329909399,0.0,61.0,22911822.493356373,23319849.300742466,20241405.222349815,24616381.354417164,0.5737704918032787,1.0,-0.11370701910769443,-0.06985998841217492,0.0,1.0,0.0
0.35000000000000003,0.05,0.0,0.30000000000000004,0.30000000000000004,"(0.35, 0.05, 0.0, 0.3, 0.3)",0.049695964647553215,0.036032157487284534,1.379211463124031,0.0601580065221875,26191643.160616975,-0.06495483866896523,-0.08250078862691071,0.029449049884959264,0.0,61.0,22973596.11134585,23117612.26448789,20826224.74661663,24381031.553692713,0.5737704918032787,1.0,-0.08235126377507217,-0.05942418305318451,0.0,1.0,0.0
0.35000000000000003,0.0,0.05,0.35000000000000003,0.25,"(0.35, 0.0, 0.05, 0.35, 0.25)",0.04950624698481576,0.037653178635290864,1.3147959555907314,0.0601580065221875,26078567.2824189,-0.07469497434874439,-0.10001258262414879,0.03036053668996337,0.0,61.0,22854576.90962375,23408605.246642753,19851030.931567803,24638120.562927373,0.5737704918032787,1.0,-0.10001258262414879,-0.06335103143528849,0.0,1.0,0.0
0.25,0.15000000000000002,0.0,0.35000000000000003,0.25,"(0.25, 0.15, 0.0, 0.35, 0.25)",0.05276032643352391,0.04445175335921275,1.1869121563590512,0.0601580065221875,26978046.66847352,-0.09674068600198227,-0.12318299421995009,0.03225064283868847,0.0,61.0,22907764.38543887,23084009.884340614,20454372.202445067,24571885.068533663,0.5573770491803278,1.0,-0.12426416625906155,-0.055580837657156296,0.0,1.0,0.0
0.30000000000000004,0.05,0.05,0.35000000000000003,0.25,"(0.3, 0.05, 0.05, 0.35, 0.25)",0.051394714195422964,0.040698230018701854,1.2628243088656634,0.0601580065221875,26555866.542308357,-0.08711495726906904,-0.11621483826219518,0.03178431475905986,0.0,61.0,22869331.836118434,23324345.62057737,20061366.587269768,24647991.057983,0.5573770491803278,1.0,-0.11625227748509662,-0.06959963682437036,0.0,1.0,0.0
0.30000000000000004,0.1,0.0,0.35000000000000003,0.25,"(0.3, 0.1, 0.0, 0.35, 0.25)",0.050996312747310535,0.038624452623381926,1.3203115975406499,0.0601580065221875,26523591.767415244,-0.07670799266364925,-0.09743590375969104,0.029883699835131068,0.0,61.0,22901707.90498231,23080342.287258275,20858918.06933042,24428572.505120505,0.5573770491803278,1.0,-0.09793373449267985,-0.05900125743741356,0.0,1.0,0.0
0.35000000000000003,0.15000000000000002,0.05,0.30000000000000004,0.15000000000000002,"(0.35, 0.15, 0.05, 0.3, 0.15)",0.05434313249184708,0.04738859003283855,1.1467556315600291,0.0601580065221875,27335078.409289006,-0.1112876568854364,-0.14619919132756215,0.032880942075673894,0.0,61.0,22830234.595502283,23183732.495213456,20560907.56028553,24555845.200531024,0.5409836065573771,1.0,-0.14747043168415377,-0.058981966641050036,0.0,1.0,0.0
0.35000000000000003,0.15000000000000002,0.0,0.15000000000000002,0.35000000000000003,"(0.35, 0.15, 0.0, 0.15, 0.35)",0.05421725706530589,0.045883419036358876,1.181630711136481,0.0601580065221875,27360521.614850983,-0.10198237336738214,-0.12727146592729416,0.03282599164607174,0.0,61.0,23177448.20020675,23121145.797378387,20069906.225399036,24842386.382120542,0.5409836065573771,1.0,-0.1284959087846124,-0.06470114742167066,0.0,1.0,0.0
0.2,0.1,0.05,0.35000000000000003,0.30000000000000004,"(0.2, 0.1, 0.05, 0.35, 0.3)",0.053560083332105934,0.04753484525505247,1.1267541325678985,0.0601580065221875,27108536.423107877,-0.10845459147302261,-0.14478974142624604,0.03539566964253093,0.0,61.0,22915449.390777905,23299809.903610934,20261929.97852041,24659960.04339055,0.5409836065573771,1.0,-0.14531760970249358,-0.0714996486750628,0.0,1.0,0.0
0.30000000000000004,0.1,0.05,0.30000000000000004,0.25,"(0.3, 0.1, 0.05, 0.3, 0.25)",0.05338717832821849,0.04457831833411985,1.197604134101138,0.0601580065221875,27072438.280171342,-0.09834999995682958,-0.12981803717373167,0.033260109319471536,0.0,61.0,22918363.92870358,23259708.341000248,20445255.243345603,24612052.98762537,0.5409836065573771,1.0,-0.1303768388107421,-0.06736004816681623,0.0,1.0,0.0
0.30000000000000004,0.1,0.05,0.35000000000000003,0.2,"(0.3, 0.1, 0.05, 0.35, 0.2)",0.05281231396456176,0.043755772360147945,1.2069793564577178,0.0601580065221875,26926139.675186545,-0.09384702741687945,-0.12426728776812988,0.03235647294265732,0.0,61.0,22831899.7545152,23147824.53910366,20261741.6901624,24623550.868560266,0.5409836065573771,1.0,-0.12479594673905667,-0.06283591917108082,0.0,1.0,0.0
0.35000000000000003,0.15000000000000002,0.0,0.30000000000000004,0.2,"(0.35, 0.15, 0.0, 0.3, 0.2)",0.05256729983319608,0.04173613818470585,1.259515185630167,0.0601580065221875,26937454.40969126,-0.08826555374932232,-0.11122908913107568,0.030115082515629072,0.0,61.0,22908674.64026529,23089068.603723574,20492084.350880183,24516807.639848724,0.5409836065573771,1.0,-0.11227640772915487,-0.05084825635721845,0.0,1.0,0.0
0.35000000000000003,0.1,0.05,0.35000000000000003,0.15000000000000002,"(0.35, 0.1, 0.05, 0.35, 0.15)",0.052425568793920796,0.04203101489131191,1.2473067550114643,0.0601580065221875,26832218.698154245,-0.08801824348554599,-0.11613063515712073,0.030836874592720505,0.0,61.0,22788649.926620685,23070040.80663287,20259737.591319323,24603188.672747202,0.5409836065573771,1.0,-0.11665546547798833,-0.05857001223274238,0.0,1.0,0.0
0.2,0.1,0.0,0.35000000000000003,0.35000000000000003,"(0.2, 0.1, 0.0, 0.35, 0.35)",0.05174720516504161,0.04278416289077766,1.2094943939220084,0.0601580065221875,26704106.01795472,-0.08836051233392928,-0.113041402365069,0.03284026094274643,0.0,61.0,22989559.32786404,23064401.283107176,20860065.05209432,24593513.620028693,0.5409836065573771,1.0,-0.11355082076461365,-0.06910946138198425,0.0,1.0,0.0
0.30000000000000004,0.1,0.0,0.30000000000000004,0.30000000000000004,"(0.3, 0.1, 0.0, 0.3, 0.3)",0.051557452918221,0.039880676628181885,1.2927928329527805,0.0601580065221875,26664638.369663063,-0.0812887018333458,-0.10292082803102169,0.030872827954055753,0.0,61.0,22990644.44949551,23099698.722337987,20907927.770800322,24538826.32712533,0.5409836065573771,1.0,-0.10345419530067469,-0.06373175352205274,0.0,1.0,0.0
0.35000000000000003,0.05,0.05,0.35000000000000003,0.2,"(0.35, 0.05, 0.05, 0.35, 0.2)",0.05101206389510349,0.038743268481843576,1.3166690858570564,0.0601580065221875,26464100.029567085,-0.08047636139540282,-0.10688085950317172,0.030308385180169303,0.0,61.0,22826386.88459112,23195156.939660806,20059112.872001983,24627731.378302425,0.5409836065573771,1.0,-0.10694635511170349,-0.06342298789846172,0.0,1.0,0.0
0.35000000000000003,0.1,0.0,0.35000000000000003,0.2,"(0.35, 0.1, 0.0, 0.35, 0.2)",0.05060809667991384,0.036702394483282164,1.3788772474495004,0.0601580065221875,26430676.731848583,-0.070861130645831,-0.08968634399533851,0.028407770256240514,0.0,61.0,22856325.642015155,23083084.825880624,20856389.115408234,24344243.24248045,0.5409836065573771,1.0,-0.09017263498221255,-0.05402731412937989,0.0,1.0,0.0
0.35000000000000003,0.2,0.0,0.15000000000000002,0.30000000000000004,"(0.35, 0.2, 0.0, 0.15, 0.3)",0.0555533895686231,0.05026282579248444,1.105257985254974,0.0601580065221875,27721083.078033525,-0.1181206618698517,-0.1472279949409788,0.036270114485660566,0.0,61.0,23135776.33821641,23076578.725854933,19580022.7832118,25317397.64824332,0.5245901639344263,1.0,-0.1492312340804651,-0.06178703906442701,0.0,1.0,0.0
0.35000000000000003,0.2,0.0,0.25,0.2,"(0.35, 0.2, 0.0, 0.25, 0.2)",0.05444352687596665,0.0479746154294737,1.1348402981156305,0.0601580065221875,27432450.466059797,-0.10978414634757716,-0.1377115763825952,0.033611591200842235,0.0,61.0,22954060.233186685,23063167.30294276,19853341.612199467,24676855.29376195,0.5245901639344263,1.0,-0.1395668296130995,-0.05067366469379121,0.0,1.0,0.0
0.30000000000000004,0.2,0.0,0.30000000000000004,0.2,"(0.3, 0.2, 0.0, 0.3, 0.2)",0.054251349587762565,0.04882563485948406,1.1111243047610797,0.0601580065221875,27378489.21144572,-0.11241276954430812,-0.1419669245430438,0.034508730706649796,0.0,61.0,22907219.12871374,23094261.932670288,19902565.984303176,24648226.761265066,0.5245901639344263,1.0,-0.14382351624421857,-0.05011355687493148,0.0,1.0,0.0
0.30000000000000004,0.15000000000000002,0.0,0.2,0.35000000000000003,"(0.3, 0.15, 0.0, 0.2, 0.35)",0.05405006858841732,0.046257766463495754,1.1684539207285516,0.0601580065221875,27312895.127482716,-0.10317815986842938,-0.12965223762727962,0.03366111164082735,0.0,61.0,23132407.327074282,23032340.4888078,20122330.368264545,24817352.234904695,0.5245901639344263,1.0,-0.13085046491018495,-0.06488064557719686,0.0,1.0,0.0
0.2,0.15000000000000002,0.0,0.30000000000000004,0.35000000000000003,"(0.2, 0.15, 0.0, 0.3, 0.35)",0.05369256502726416,0.047470491484294886,1.1310724483446266,0.0601580065221875,27212194.562479913,-0.10774615407794408,-0.13725378715942343,0.035455390652442464,0.0,61.0,23040807.573335115,23131688.836561203,20225075.86360246,24763698.631335262,0.5245901639344263,1.0,-0.1384256094389746,-0.06550610185282926,0.0,1.0,0.0
0.30000000000000004,0.15000000000000002,0.0,0.25,0.30000000000000004,"(0.3, 0.15, 0.0, 0.25, 0.3)",0.05350883686202512,0.044742989950279886,1.1959155371933385,0.0601580065221875,27173591.89982106,-0.09860903351046979,-0.12431486901596106,0.0325383172423801,0.0,61.0,23043494.24223363,23090902.57666014,20263530.373701397,24710040.115886647,0.5245901639344263,1.0,-0.12545481939747144,-0.060006565116659014,0.0,1.0,0.0
0.15000000000000002,0.15000000000000002,0.0,0.35000000000000003,0.35000000000000003,"(0.15, 0.15, 0.0, 0.35, 0.35)",0.05350226264726654,0.04829721885993542,1.107771087242643,0.0601580065221875,27159141.61526801,-0.11038294070779386,-0.1415691273501716,0.03635253015825002,0.0,61.0,22994254.328158066,23193863.288865104,20275385.596725833,24735087.45907137,0.5245901639344263,1.0,-0.14272372947900908,-0.06580728153717912,0.0,1.0,0.0
0.25,0.15000000000000002,0.0,0.30000000000000004,0.30000000000000004,"(0.25, 0.15, 0.0, 0.3, 0.3)",0.05332605980720406,0.04545961306326015,1.1730425363057362,0.0601580065221875,27122448.19626402,-0.10091761067598382,-0.1280946102671561,0.033228989504225745,0.0,61.0,22997749.332414366,23155579.503057785,20314721.959928624,24682674.177167177,0.5245901639344263,1.0,-0.12922805586352076,-0.06034073038371818,0.0,1.0,0.0
0.25,0.1,0.05,0.35000000000000003,0.25,"(0.25, 0.1, 0.05, 0.35, 0.25)",0.053190494150676226,0.045594802865850693,1.166591164066958,0.0601580065221875,27018254.173175573,-0.1008906636833724,-0.13410135652155616,0.03387607129259412,0.0,61.0,22874169.115169574,23224419.697565246,20262473.49598514,24642476.816799767,0.5245901639344263,1.0,-0.1346286755984469,-0.06714588128972984,0.0,1.0,0.0
0.2,0.15000000000000002,0.0,0.35000000000000003,0.30000000000000004,"(0.2, 0.15, 0.0, 0.35, 0.3)",0.05313558847241939,0.04632614108043906,1.1469893074011206,0.0601580065221875,27069513.01251347,-0.10357558955900847,-0.1323624354259028,0.0341261290100333,0.0,61.0,22951503.179721445,23216885.890350696,20365199.937461928,24654124.302225534,0.5245901639344263,1.0,-0.13348254488184985,-0.06066724684618061,0.0,1.0,0.0
0.35000000000000003,0.15000000000000002,0.0,0.25,0.25,"(0.35, 0.15, 0.0, 0.25, 0.25)",0.05313390868401635,0.04279088570707014,1.241710887868752,0.0601580065221875,27081887.82981178,-0.09282609574515122,-0.11660358695142385,0.031018718892443294,0.0,61.0,22999138.546474293,23113406.133234296,20352366.123148218,24627677.909280665,0.5245901639344263,1.0,-0.11770922677386511,-0.055369794400246815,0.0,1.0,0.0
0.30000000000000004,0.15000000000000002,0.0,0.30000000000000004,0.25,"(0.3, 0.15, 0.0, 0.3, 0.25)",0.05295096269997379,0.043543797600409745,1.216039151795881,0.0601580065221875,27030859.57735754,-0.09406145286109524,-0.11896259708442125,0.03163468086556588,0.0,61.0,22953702.050185192,23178035.88893077,20403727.46095274,24600371.31464445,0.5245901639344263,1.0,-0.12005321931794968,-0.05523194500114997,0.0,1.0,0.0
0.30000000000000004,0.15000000000000002,0.0,0.35000000000000003,0.2,"(0.3, 0.15, 0.0, 0.35, 0.2)",0.05237650258249538,0.04268679465027937,1.226995444647484,0.0601580065221875,26884768.226410653,-0.08987821582729627,-0.11403123085630726,0.030731044488751667,0.0,61.0,22863046.794366315,23070812.702137694,20542894.356309548,24488387.31494618,0.5245901639344263,1.0,-0.11506897045267746,-0.05073544920002876,0.0,1.0,0.0
0.35000000000000003,0.1,0.0,0.2,0.35000000000000003,"(0.35, 0.1, 0.0, 0.2, 0.35)",0.05226795070915147,0.04109367634588949,1.2719219927953638,0.0601580065221875,26848795.926707413,-0.08464814814200072,-0.1060903187467607,0.03137515461301457,0.0,61.0,23122520.111352146,23087567.54069857,20709004.575947464,24671616.373221483,0.5245901639344263,1.0,-0.1066881026027424,-0.0682703947941905,0.0,1.0,0.0
0.30000000000000004,0.1,0.0,0.25,0.35000000000000003,"(0.3, 0.1, 0.0, 0.25, 0.35)",0.05210205191156425,0.04148567661811024,1.2559045954868076,0.0601580065221875,26802346.347986966,-0.08588131512526886,-0.10837889868297552,0.03186195607298044,0.0,61.0,23078709.2412913,23069117.331336234,20763089.151042767,24646766.733513065,0.5245901639344263,1.0,-0.10894865354879366,-0.06855762095867408,0.0,1.0,0.0
0.35000000000000003,0.15000000000000002,0.0,0.35000000000000003,0.15000000000000002,"(0.35, 0.15, 0.0, 0.35, 0.15)",0.05198414280835517,0.04104538378216548,1.2665040016252123,0.0601580065221875,26789703.55584697,-0.08371680910275825,-0.10582866789094338,0.029211446138814857,0.0,61.0,22817359.30560958,23030432.186035536,20630758.42434332,24403648.678371146,0.5245901639344263,1.0,-0.10681838754074338,-0.046422077016238746,0.0,1.0,0.0
0.25,0.1,0.0,0.30000000000000004,0.35000000000000003,"(0.25, 0.1, 0.0, 0.3, 0.35)",0.05192846797519057,0.042051470255831065,1.234878772591546,0.0601580065221875,26754113.00293478,-0.0871187756081212,-0.11069588570803528,0.032348757532946304,0.0,61.0,23034388.07576679,23108121.450670253,20816454.8761259,24620731.14101972,0.5245901639344263,1.0,-0.11123619359169051,-0.06883730278142748,0.0,1.0,0.0
0.35000000000000003,0.1,0.0,0.25,0.30000000000000004,"(0.35, 0.1, 0.0, 0.25, 0.3)",0.05173120681481547,0.03927903311446915,1.3170183355597755,0.0601580065221875,26712766.500640545,-0.08004054398359406,-0.10064913124570354,0.030386026494089887,0.0,61.0,23034659.33175992,23107518.849187948,20854382.76154779,24564806.53497925,0.5245901639344263,1.0,-0.10120892248418016,-0.06342729917734448,0.0,1.0,0.0
0.25,0.1,0.0,0.35000000000000003,0.30000000000000004,"(0.25, 0.1, 0.0, 0.35, 0.3)",0.051376024081070115,0.04065695452943551,1.2636466423935917,0.0601580065221875,26614743.274122227,-0.08254113174294164,-0.10522102022705972,0.03135962941402162,0.0,61.0,22946122.073258176,23087964.19742125,20860144.425757088,24511668.44683034,0.5245901639344263,1.0,-0.10572654879305139,-0.0640287295393652,0.0,1.0,0.0
0.35000000000000003,0.05,0.0,0.25,0.35000000000000003,"(0.35, 0.05, 0.0, 0.25, 0.35)",0.05023598245902461,0.03790661359237948,1.3252564051019253,0.0601580065221875,26326001.590334572,-0.06976482102960702,-0.08812471862463384,0.030438178003883952,0.0,61.0,23060569.272932056,23063984.654894993,21012507.112891857,24488390.477155507,0.5245901639344263,1.0,-0.08817898436552658,-0.06456656550530447,0.0,1.0,0.0
0.30000000000000004,0.05,0.0,0.30000000000000004,0.35000000000000003,"(0.3, 0.05, 0.0, 0.3, 0.35)",0.05007138015835566,0.0383035350326854,1.3072260854155746,0.0601580065221875,26280734.984700054,-0.07160591551595419,-0.09104107028739589,0.03092497946384982,0.0,61.0,23017991.595735136,23071765.40640631,20827702.39140183,24463739.054304782,0.5245901639344263,1.0,-0.09115359233385965,-0.06426854653361005,0.0,1.0,0.0
0.35000000000000003,0.2,0.0,0.2,0.25,"(0.35, 0.2, 0.0, 0.2, 0.25)",0.055006811476042694,0.04896908419593156,1.123296716270074,0.0601580065221875,27578505.57555786,-0.11394491236296889,-0.1424798707963934,0.034940852843251394,0.0,61.0,23045355.579064954,23016506.209049344,19717177.14519326,24964890.057039205,0.5081967213114754,1.0,-0.1444088031937687,-0.056157827591949455,0.0,1.0,0.0
0.30000000000000004,0.2,0.0,0.25,0.25,"(0.3, 0.2, 0.0, 0.25, 0.25)",0.05482251788643144,0.04964972611950296,1.1041857059690114,0.0601580065221875,27526237.168449007,-0.11655218760030761,-0.14673523727081178,0.03583799234905896,0.0,61.0,22998701.42417237,23018278.205252577,19766937.59145742,24813992.1647918,0.5081967213114754,1.0,-0.14866421399482257,-0.05556315990698503,0.0,1.0,0.0
0.25,0.2,0.0,0.35000000000000003,0.2,"(0.25, 0.2, 0.0, 0.35, 0.2)",0.05405146705264996,0.04981179750451051,1.085113763416298,0.0601580065221875,27322727.377360567,-0.1150416932622782,-0.14626937257955203,0.03540587021245735,0.0,61.0,22859883.56114724,23043207.986412648,19951085.291839704,24618417.328953464,0.5081967213114754,1.0,-0.14813064006562096,-0.05000800618474124,0.0,1.0,0.0
0.25,0.15000000000000002,0.0,0.25,0.35000000000000003,"(0.25, 0.15, 0.0, 0.25, 0.35)",0.05387516913957091,0.046788539529348964,1.1514607996211708,0.0601580065221875,27263449.314203914,-0.10510970532819974,-0.13298641005448977,0.034558251146634904,0.0,61.0,23086859.51654197,23067121.77666967,20174055.529054932,24791121.630475737,0.5081967213114754,1.0,-0.13417288098366043,-0.06519723003906032,0.0,1.0,0.0
0.35000000000000003,0.2,0.0,0.30000000000000004,0.15000000000000002,"(0.35, 0.2, 0.0, 0.3, 0.15)",0.05386359330039636,0.047298300312998844,1.1388061081254794,0.0601580065221875,27282989.638900556,-0.10563840005789449,-0.13292389903058485,0.032282329558433076,0.0,61.0,22861906.752901338,23062001.052873574,19988489.58166133,24564302.301775374,0.5081967213114754,1.0,-0.13470610458892274,-0.04534880351943212,0.0,1.0,0.0
0.35000000000000003,0.15000000000000002,0.0,0.2,0.30000000000000004,"(0.35, 0.15, 0.0, 0.2, 0.3)",0.05368391324201549,0.04418356636684374,1.2150199193132811,0.0601580065221875,27222933.40713766,-0.09739838555084024,-0.12195132271788497,0.03192235526925751,0.0,61.0,23088735.10595773,23025448.036364265,20211630.970982123,24736217.90723997,0.5081967213114754,1.0,-0.1231160045574353,-0.05998724912438728,0.0,1.0,0.0
0.35000000000000003,0.1,0.05,0.30000000000000004,0.2,"(0.35, 0.1, 0.05, 0.3, 0.2)",0.05300916564397706,0.04269129761738336,1.2416855097511112,0.0601580065221875,26980196.56677622,-0.09256637462478312,-0.12174715169035623,0.03174051096953472,0.0,61.0,22875794.11504487,23183026.210676283,20444540.765784696,24593185.270398617,0.5081967213114754,1.0,-0.12230683682353588,-0.06302570092347906,0.0,1.0,0.0
0.35000000000000003,0.0,0.1,0.30000000000000004,0.25,"(0.35, 0.0, 0.1, 0.3, 0.25)",0.05185384744502719,0.044646361791054995,1.1614350053360054,0.0601580065221875,26610754.71101569,-0.10220688369024156,-0.14307010272847695,0.03319812822302278,0.0,61.0,22877123.941618193,23123120.77333054,19461249.44358654,25101378.794959925,0.5081967213114754,1.0,-0.14307010272847695,-0.07770232697711388,0.0,1.0,0.0
0.30000000000000004,0.0,0.1,0.35000000000000003,0.25,"(0.3, 0.0, 0.1, 0.35, 0.25)",0.05166025971240584,0.045603786854096086,1.1328063583335026,0.0601580065221875,26558368.79580832,-0.10353410242675709,-0.1459259515683496,0.03368492968298865,0.0,61.0,22836340.348136537,23063357.908372544,19287820.319535196,25132942.445102412,0.5081967213114754,1.0,-0.1459259515683496,-0.07835267263336469,0.0,1.0,0.0
0.35000000000000003,0.1,0.0,0.30000000000000004,0.25,"(0.35, 0.1, 0.0, 0.3, 0.25)",0.0511779037879081,0.03780168802407477,1.353852340014933,0.0601580065221875,26573370.749785762,-0.07544485494496467,-0.09518085744351128,0.029396898375165202,0.0,61.0,22945922.648188844,23038396.467366733,20998744.58559523,24455668.542641338,0.5081967213114754,1.0,-0.09570348498433993,-0.058679737685539864,0.0,1.0,0.0
0.35000000000000003,0.0,0.1,0.35000000000000003,0.2,"(0.35, 0.0, 0.1, 0.35, 0.2)",0.051283166130990265,0.043747889172911406,1.1722432121992457,0.0601580065221875,26467851.731542762,-0.09698811196839541,-0.13609605024330504,0.03220900010409809,0.0,61.0,22795824.10589008,22950123.612606235,19285826.34312149,25113152.295278247,0.4918032786885246,1.0,-0.13609605024330504,-0.07204926961826316,0.0,1.0,0.0
0.35000000000000003,0.15000000000000002,0.05,0.35000000000000003,0.1,"(0.35, 0.15, 0.05, 0.35, 0.1)",0.05374620117913986,0.047058027389102655,1.142126097524989,0.0601580065221875,27182011.295912944,-0.10843580037603384,-0.14289085529951295,0.03176685483859935,0.0,61.0,22741418.522828296,22970649.9204778,20452638.421040177,24564492.24810228,0.47540983606557374,1.0,-0.14412245230645437,-0.05419266970108222,0.0,1.0,0.0
0.30000000000000004,0.2,0.0,0.35000000000000003,0.15000000000000002,"(0.3, 0.2, 0.0, 0.35, 0.15)",0.053663551036384094,0.04831938434414023,1.1106008854372327,0.0601580065221875,27227365.463052694,-0.10828833102506563,-0.13717940455243924,0.03317946906424064,0.0,61.0,22814883.110443566,22982962.370411217,20037165.003339246,24534562.88119348,0.47540983606557374,1.0,-0.1391163294693478,-0.04530332636434916,0.0,1.0,0.0
0.35000000000000003,0.05,0.1,0.35000000000000003,0.15000000000000002,"(0.35, 0.05, 0.1, 0.35, 0.15)",0.05273363692370836,0.045905890235801855,1.148733564534635,0.0601580065221875,26844627.697482783,-0.10486519534826622,-0.14595166923676825,0.03246230304662615,0.0,61.0,22759401.8734477,22717082.75897752,19478241.751137406,25094137.427411534,0.47540983606557374,1.0,-0.14591702238540868,-0.07005957714753805,0.0,1.0,0.0
0.35000000000000003,0.2,0.0,0.35000000000000003,0.1,"(0.35, 0.2, 0.0, 0.35, 0.1)",0.05326706794532177,0.046953888738489234,1.1344548742702427,0.0601580065221875,27130195.845163066,-0.10150770938473619,-0.1281176317767826,0.030953067916023917,0.0,61.0,22768911.38521367,22900239.555266537,20122594.557980444,24449460.546876412,0.45901639344262296,1.0,-0.13010757998946246,-0.04067668820560041,0.0,1.0,0.0
0.35000000000000003,0.15000000000000002,0.05,0.2,0.25,"(0.35, 0.15, 0.05, 0.2, 0.25)",0.05548705090600903,0.049030994454727014,1.1316729657042393,0.0601580065221875,27631079.629136447,-0.11783331529576901,-0.15382721029147256,0.03553946536049222,0.0,61.0,23005213.66383013,23234437.30640772,20281140.610129938,24530609.076541893,0.6885245901639344,0.8524590163934426,-0.1551652276825882,-0.06917536537818082,0.0,0.0,0.0
0.30000000000000004,0.15000000000000002,0.05,0.2,0.30000000000000004,"(0.3, 0.15, 0.05, 0.2, 0.3)",0.05585146384298034,0.0509392840635544,1.0964320537622252,0.0601580065221875,27721910.638187174,-0.12458972495883402,-0.16323254532889567,0.03776586650870894,0.0,61.0,23046674.971745115,23265791.363459915,20190852.39453052,24585478.32860946,0.6885245901639344,0.6229508196721312,-0.16460338431787325,-0.07436406332863557,0.0,0.0,0.0
0.25,0.15000000000000002,0.05,0.25,0.30000000000000004,"(0.25, 0.15, 0.05, 0.25, 0.3)",0.055661285124747995,0.05170432412860952,1.0765305622465138,0.0601580065221875,27668116.168742884,-0.12716758998415234,-0.167743403813876,0.03866300601451649,0.0,61.0,23001497.161754988,23256554.586002328,20241282.111441456,24578006.4716266,0.6885245901639344,0.5245901639344263,-0.16908900347065367,-0.07385335480005895,0.0,0.0,0.0
0.25,0.15000000000000002,0.05,0.2,0.35000000000000003,"(0.25, 0.15, 0.05, 0.2, 0.35)",0.056207187374014644,0.052933353720492723,1.061848219004013,0.0601580065221875,27810819.49668778,-0.13131864215155675,-0.1726648297328742,0.03999226765692566,0.0,61.0,23087123.86990927,23363628.41333395,20099928.29211664,24663930.21990696,0.6885245901639344,0.45901639344262296,-0.1740640646667433,-0.07954290287203228,0.0,0.0,0.0
0.2,0.15000000000000002,0.05,0.25,0.35000000000000003,"(0.2, 0.15, 0.05, 0.25, 0.35)",0.05601719604426836,0.0536666122378542,1.0437997426779282,0.0601580065221875,27756915.053096563,-0.13387555740448642,-0.177224547687735,0.04088940716273321,0.0,61.0,23041647.945783697,23265808.302151833,20150188.942699872,24636105.50717,0.6885245901639344,0.39344262295081966,-0.1785945769239484,-0.07893704074917465,0.0,0.0,0.0
0.15000000000000002,0.15000000000000002,0.05,0.30000000000000004,0.35000000000000003,"(0.15, 0.15, 0.05, 0.3, 0.35)",0.05581948663488889,0.054526729770366114,1.0237086814112473,0.0601580065221875,27701178.20765589,-0.1364329322266492,-0.18183304407792664,0.04178654666854077,0.0,61.0,22995667.25779492,23265812.478046358,20199736.534506373,24622972.01752417,0.6885245901639344,0.3442622950819672,-0.18317111533475358,-0.07852103452819358,0.0,0.0,0.0
0.2,0.1,0.05,0.30000000000000004,0.35000000000000003,"(0.2, 0.1, 0.05, 0.3, 0.35)",0.054117392200482284,0.048638017090463954,1.1126562191017575,0.0601580065221875,27251385.536631294,-0.11315661936692045,-0.15067490862220215,0.03629930601934515,0.0,61.0,23000523.75220008,23295430.935761932,20442818.381238576,24645457.639196116,0.6721311475409836,0.9672131147540983,-0.15125056609379292,-0.07616059514855614,0.0,0.0,0.0
0.35000000000000003,0.15000000000000002,0.05,0.15000000000000002,0.30000000000000004,"(0.35, 0.15, 0.05, 0.15, 0.3)",0.05603392207802527,0.05031081241235911,1.1137550635986202,0.0601580065221875,27773868.12905644,-0.12201232390262762,-0.15877044156480002,0.036868727002901384,0.0,61.0,23091345.296740763,23324146.287971582,20139712.273990467,24612067.635601662,0.6721311475409836,0.7213114754098361,-0.16016383722796684,-0.07431534654899045,0.0,0.0,0.0
0.35000000000000003,0.15000000000000002,0.05,0.1,0.35000000000000003,"(0.35, 0.15, 0.05, 0.1, 0.35)",0.05656399001343848,0.05186800788770253,1.0905371599368736,0.0601580065221875,27913086.307458375,-0.1262063384804446,-0.16369154350570073,0.03819798864531054,0.0,61.0,23176550.43334553,23396356.06572756,19997290.724536873,24782046.988204267,0.6721311475409836,0.6065573770491803,-0.16514109743115202,-0.079459657717655,0.0,0.0,0.0
0.30000000000000004,0.15000000000000002,0.05,0.15000000000000002,0.35000000000000003,"(0.3, 0.15, 0.05, 0.15, 0.35)",0.056389454156934526,0.052332286979285776,1.0775270375486297,0.0601580065221875,27862880.230369985,-0.12876222348905686,-0.16815384533457167,0.039095128151118104,0.0,61.0,23132092.275154654,23394988.859664053,20048960.292806383,24690567.87865519,0.6721311475409836,0.4918032786885246,-0.16957957476575053,-0.0794989728284561,0.0,0.0,0.0
0.35000000000000003,0.1,0.1,0.1,0.35000000000000003,"(0.35, 0.1, 0.1, 0.1, 0.35)",0.056910567224297326,0.05433909524898994,1.047322686613101,0.0601580065221875,27934736.108557276,-0.1381646210090287,-0.18840950337311604,0.03879660116255136,0.0,61.0,23127466.127059367,23452050.817524623,20550632.86149699,24988380.102073103,0.6721311475409836,0.36065573770491804,-0.1892041078436592,-0.08774710706939569,0.0,0.0,0.0
0.35000000000000003,0.15000000000000002,0.1,0.05,0.35000000000000003,"(0.35, 0.15, 0.1, 0.05, 0.35)",0.05876779109487784,0.05960122791960098,0.9860164487576095,0.0601580065221875,28440416.66842683,-0.156834129218972,-0.21154820406946065,0.0436320051556013,0.0,61.0,23161908.30587454,23415106.114914447,19910013.074487757,24991410.948121745,0.6557377049180327,0.09836065573770492,-0.21329917075234073,-0.0966207563366979,0.0,0.0,0.0
0.1,0.2,0.05,0.30000000000000004,0.35000000000000003,"(0.1, 0.2, 0.05, 0.3, 0.35)",0.05742721955486152,0.06135656337194397,0.9359588672973299,0.0601580065221875,28133617.13865252,-0.16352670313794915,-0.2184351155195534,0.04751909016739826,0.0,61.0,22980789.812116522,23151884.345090978,19611857.91522677,25125745.147677004,0.6557377049180327,0.09836065573770492,-0.22085734224326267,-0.07932633994172493,0.0,0.0,0.0
0.35000000000000003,0.2,0.1,0.0,0.35000000000000003,"(0.35, 0.2, 0.1, 0.0, 0.35)",0.06054050501164299,0.06570155623603052,0.9214470475273577,0.0601580065221875,28932353.904440552,-0.17997944203251304,-0.2414527697365795,0.048467409148651226,1.0,61.0,23189088.86785361,23297112.566080544,19280668.084938727,26121019.87696465,0.6557377049180327,0.06557377049180328,-0.24439326664432284,-0.0990562966429556,0.0,0.0,0.0
0.30000000000000004,0.2,0.1,0.05,0.35000000000000003,"(0.3, 0.2, 0.1, 0.05, 0.35)",0.060357403005023125,0.06618972276329373,0.9118848136118046,0.0601580065221875,28878338.65941172,-0.18301037322615354,-0.24719730628040515,0.04936454865445878,1.0,61.0,23144090.39406426,23311054.38651496,19329974.509884957,25962795.92944497,0.6557377049180327,0.06557377049180328,-0.25011425855481667,-0.0982200845722852,0.0,0.0,0.0
0.35000000000000003,0.30000000000000004,0.0,0.0,0.35000000000000003,"(0.35, 0.3, 0.0, 0.0, 0.35)",0.05956223188160137,0.06590899797904717,0.9037041027468893,0.0601580065221875,28818646.952148303,-0.1661177246590696,-0.20437817583884652,0.04727018411416959,0.0,61.0,23299672.481727485,23524297.65609499,18219707.511918336,28052396.38635919,0.6557377049180327,0.06557377049180328,-0.20880717873283972,-0.07030230306424531,0.0,0.0,0.0
0.30000000000000004,0.15000000000000002,0.1,0.1,0.35000000000000003,"(0.3, 0.15, 0.1, 0.1, 0.35)",0.05858597447968594,0.06012129065718829,0.974463020325749,0.0601580065221875,28387620.90760855,-0.16004246945634737,-0.21737485739513962,0.04452914466140885,0.0,61.0,23118073.260889243,23427148.419116244,19960909.044640254,24959684.714499395,0.639344262295082,0.09836065573770492,-0.21909070142895626,-0.09580493735980905,0.0,0.0,0.0
0.15000000000000002,0.2,0.05,0.25,0.35000000000000003,"(0.15, 0.2, 0.05, 0.25, 0.35)",0.05763402859869382,0.06045290343893015,0.9533707286187838,0.0601580065221875,28192507.652644552,-0.1603901818881447,-0.21281203402130408,0.0466219506615907,0.0,61.0,23028451.888154082,23202625.29582937,19564559.43568481,25280955.407489825,0.639344262295082,0.09836065573770492,-0.21525305264886654,-0.08005058167012864,0.0,0.0,0.0
0.30000000000000004,0.25,0.1,0.0,0.35000000000000003,"(0.3, 0.25, 0.1, 0.0, 0.35)",0.06204362576355993,0.07288626917289624,0.8512388748611063,0.0601580065221875,29354249.232317835,-0.2064467527627929,-0.2775676264748718,0.054199952647508716,1.0,61.0,23162836.97576079,23252711.157650508,18710473.689158157,27127096.96259779,0.639344262295082,0.06557377049180328,-0.28195588206242234,-0.10040355122847379,0.0,0.0,0.0
0.30000000000000004,0.35000000000000003,0.0,0.0,0.35000000000000003,"(0.3, 0.35, 0.0, 0.0, 0.35)",0.061001672236108195,0.07391109244066968,0.8253385279763764,0.0601580065221875,29223267.704274263,-0.19112658411269445,-0.2355301420193445,0.05300272761302708,1.0,61.0,23276230.595448267,23445339.86028208,17671817.914244,29132211.243268877,0.639344262295082,0.06557377049180328,-0.24155681300134896,-0.0709608386383661,0.0,0.0,0.0
0.35000000000000003,0.35000000000000003,0.0,0.0,0.30000000000000004,"(0.35, 0.35, 0.0, 0.0, 0.3)",0.060655524952016204,0.07237235775834931,0.8381034808143807,0.0601580065221875,29132909.06377706,-0.1851955456419596,-0.22737982602798007,0.05077632646481036,1.0,61.0,23234381.482138816,23383655.297847338,17753315.676411293,28902190.13277985,0.639344262295082,0.06557377049180328,-0.23327273458352746,-0.06531200661163757,0.0,0.0,0.0
0.15000000000000002,0.1,0.05,0.35000000000000003,0.35000000000000003,"(0.15, 0.1, 0.05, 0.35, 0.35)",0.053921055322438516,0.049564039483995646,1.0879067945995355,0.0601580065221875,27196960.888747275,-0.1159784765611106,-0.15551351850084133,0.036951142675490836,0.0,61.0,22955732.016787674,23272627.787528444,20260108.297599994,24675994.24946855,0.6229508196721312,0.819672131147541,-0.15603676447619147,-0.07589695865362842,0.0,0.0,0.0
0.1,0.15000000000000002,0.05,0.35000000000000003,0.35000000000000003,"(0.1, 0.15, 0.05, 0.35, 0.35)",0.0556140657005495,0.055507809425213155,1.0019142581275795,0.0601580065221875,27643620.625843104,-0.1392277116136571,-0.18680832740579648,0.04268368617434833,0.0,61.0,22949184.58768698,23257051.999780532,20248565.428194955,24652298.56726699,0.6229508196721312,0.29508196721311475,-0.1881323277820179,-0.07829297942475892,0.0,0.0,0.0
0.35000000000000003,0.2,0.05,0.15000000000000002,0.25,"(0.35, 0.2, 0.05, 0.15, 0.25)",0.057314266443595274,0.05533927465834899,1.035688790600155,0.0601580065221875,28124634.7688759,-0.1419110419916968,-0.18442772864843057,0.040374869353542155,0.0,61.0,23041276.413284387,23156056.87281197,19645082.54446149,25187420.93476607,0.6229508196721312,0.2786885245901639,-0.18679901505531868,-0.07102419750182186,0.0,0.0,0.0
0.30000000000000004,0.1,0.1,0.15000000000000002,0.35000000000000003,"(0.3, 0.1, 0.1, 0.15, 0.35)",0.05673004785556368,0.054889696723129926,1.033528170900938,0.0601580065221875,27883173.481753375,-0.1414481043532162,-0.19422698932108698,0.039693740668358915,0.0,61.0,23084800.07126872,23340677.908923123,20377815.72205936,25022073.394751824,0.6229508196721312,0.26229508196721313,-0.19497250644843922,-0.086974097347827,0.0,0.0,0.0
0.35000000000000003,0.25,0.0,0.05,0.35000000000000003,"(0.35, 0.25, 0.0, 0.05, 0.35)",0.05786509303079357,0.05859130508835558,0.9876054637037546,0.0601580065221875,28346505.068144135,-0.14440353194058364,-0.1785517544656733,0.042434780121119654,0.0,61.0,23266056.003235728,23416934.793137845,18825133.119867463,26840841.693729334,0.6229508196721312,0.2459016393442623,-0.1817058325737367,-0.06893316764587577,0.0,0.0,0.0
0.30000000000000004,0.2,0.05,0.2,0.25,"(0.3, 0.2, 0.05, 0.2, 0.25)",0.057122551948855405,0.05606643041057587,1.0188369676925306,0.0601580065221875,28069687.01277038,-0.14510264460492694,-0.18985746956569743,0.04127200885934971,0.0,61.0,22995211.13639824,23140760.767095122,19694099.334595107,25034330.24166219,0.6229508196721312,0.2459016393442623,-0.19222401563559782,-0.07034905628729694,0.0,0.0,0.0
0.30000000000000004,0.2,0.05,0.15000000000000002,0.30000000000000004,"(0.3, 0.2, 0.05, 0.15, 0.3)",0.05767372483877553,0.057119016646326945,1.0097114450671176,0.0601580065221875,28215662.599977545,-0.14801412320342477,-0.19305636627585812,0.042601270501758874,0.0,61.0,23082290.028469484,23217863.051504653,19556787.08002706,25389373.21196261,0.6229508196721312,0.22950819672131148,-0.19547831769341292,-0.07622889754482151,0.0,0.0,0.0
0.25,0.2,0.05,0.2,0.30000000000000004,"(0.25, 0.2, 0.05, 0.2, 0.3)",0.05748220128075898,0.05782067296578026,0.9941461821929746,0.0601580065221875,28160601.57443732,-0.15118195849039417,-0.19852896250330823,0.04349841000756642,0.0,61.0,23035924.947976053,23183623.521731038,19605641.139433566,25235012.111180868,0.6229508196721312,0.13114754098360656,-0.20094235557663917,-0.07552329710145418,0.0,0.0,0.0
0.35000000000000003,0.30000000000000004,0.0,0.05,0.30000000000000004,"(0.35, 0.3, 0.0, 0.05, 0.3)",0.05903988477526467,0.0645688545039344,0.9143709491031341,0.0601580065221875,28677113.54312372,-0.16201673204389566,-0.19997143880598142,0.04594092247176043,0.0,61.0,23208619.77544044,23403655.698562402,18350753.47496803,27663103.441192687,0.6229508196721312,0.11475409836065574,-0.20429047255554444,-0.06414232318378757,0.0,0.0,0.0
0.2,0.2,0.05,0.2,0.35000000000000003,"(0.2, 0.2, 0.05, 0.2, 0.35)",0.05783310045589607,0.05966047985853596,0.9693703535913073,0.0601580065221875,28249543.556187835,-0.15724985743159925,-0.20724268654132014,0.04572481115578314,0.0,61.0,23075616.004300293,23236547.32418679,19516562.50467065,25436382.757658098,0.6229508196721312,0.11475409836065574,-0.209699265600875,-0.08078095908251426,0.0,0.0,0.0
0.2,0.2,0.05,0.25,0.30000000000000004,"(0.2, 0.2, 0.05, 0.25, 0.3)",0.057282938059815436,0.05864104398082433,0.9768403522718151,0.0601580065221875,28103680.752135273,-0.1543459588360684,-0.20405536220658674,0.04439554951337399,0.0,61.0,22989059.04381332,23130040.33620995,19653799.213028803,25080858.00237354,0.6229508196721312,0.11475409836065574,-0.20645703427754591,-0.07482379833252645,0.0,0.0,0.0
0.25,0.35000000000000003,0.0,0.05,0.35000000000000003,"(0.25, 0.35, 0.0, 0.05, 0.35)",0.06082160379247403,0.07430156664839177,0.8185776765689569,0.0601580065221875,29169086.233793393,-0.19411388149656994,-0.24085079247688068,0.05389986711883464,1.0,61.0,23225829.62528865,23411989.481023777,17717281.123803023,28955505.08685097,0.6229508196721312,0.06557377049180328,-0.24691690780459097,-0.070257847539172,0.0,0.0,0.0
0.30000000000000004,0.35000000000000003,0.0,0.05,0.30000000000000004,"(0.3, 0.35, 0.0, 0.05, 0.3)",0.060475247397987264,0.07277357025620024,0.8310056409914124,0.0601580065221875,29078825.11934151,-0.18820589621101635,-0.23265913331337149,0.05167346597061792,1.0,61.0,23184287.53439703,23425362.90261217,17798933.56361695,28726926.400206074,0.6229508196721312,0.06557377049180328,-0.23859465800289997,-0.0646419858596654,0.0,0.0,0.0
0.35000000000000003,0.35000000000000003,0.0,0.05,0.25,"(0.35, 0.35, 0.0, 0.05, 0.25)",0.060120034277560075,0.07132754924127223,0.8428725635055585,0.0601580065221875,28986500.60700902,-0.18352002813316415,-0.22636798658688181,0.0494470648224012,0.0,61.0,23141706.897893082,23377023.96967034,17880012.833312772,28499121.459990483,0.6229508196721312,0.06557377049180328,-0.23238245087021797,-0.05911668546455354,0.0,0.0,0.0
0.35000000000000003,0.25,0.05,0.0,0.35000000000000003,"(0.35, 0.25, 0.05, 0.0, 0.35)",0.06011903304017174,0.06481446074703913,0.9275558624919689,0.0601580065221875,28891717.586780436,-0.1720647412970744,-0.2211434102922086,0.0478687966314104,0.0,61.0,23244435.87865026,23231762.45966914,18750899.718052648,27073945.029723797,0.6229508196721312,0.06557377049180328,-0.2249087720584408,-0.08491980798831024,0.0,0.0,0.0
0.35000000000000003,0.2,0.1,0.05,0.30000000000000004,"(0.35, 0.2, 0.1, 0.05, 0.3)",0.06001804165125635,0.06437637370771257,0.9322991991402885,0.0601580065221875,28790527.339390505,-0.1770584502574556,-0.2383010472792002,0.04713814750624207,0.0,61.0,23106837.46781784,23280606.104581606,19420107.76404719,25757170.09922021,0.6229508196721312,0.06557377049180328,-0.24118253968379502,-0.09268798876157693,0.0,0.0,0.0
0.30000000000000004,0.30000000000000004,0.0,0.05,0.35000000000000003,"(0.3, 0.3, 0.0, 0.05, 0.35)",0.05939122723697943,0.06621822929509512,0.89690147062538,0.0601580065221875,28767548.906014133,-0.1685435164025778,-0.208791303182199,0.04816732361997715,0.0,61.0,23250970.452589937,23383713.256608516,18267331.733464137,27883494.033186235,0.6229508196721312,0.06557377049180328,-0.21323462453196737,-0.06960729824080898,0.0,0.0,0.0
0.35000000000000003,0.2,0.0,0.1,0.35000000000000003,"(0.35, 0.2, 0.0, 0.1, 0.35)",0.05608320327423799,0.051833435874714257,1.0819889194649526,0.0601580065221875,27860111.99280914,-0.12231135829019513,-0.15195516738712933,0.037599376128069725,0.0,61.0,23225305.84999276,23297229.465436876,19441905.22799041,25673291.722231198,0.6065573770491803,0.8852459016393442,-0.15403333666237712,-0.06756361627040182,0.0,0.0,0.0
0.30000000000000004,0.15000000000000002,0.05,0.25,0.25,"(0.3, 0.15, 0.05, 0.25, 0.25)",0.05529668914114261,0.04982896777586025,1.1097297738511693,0.0601580065221875,27577399.886697643,-0.12043219219565016,-0.15828929467730224,0.03643660486629978,0.0,61.0,22960335.442862872,23209687.173133023,20331737.92392176,24562004.06033826,0.6065573770491803,0.7377049180327869,-0.15960604234655865,-0.06885030669085578,0.0,0.0,0.0
0.35000000000000003,0.05,0.1,0.15000000000000002,0.35000000000000003,"(0.35, 0.05, 0.1, 0.15, 0.35)",0.05496954377795227,0.050179549626317,1.0954570973096802,0.0601580065221875,27416401.000049323,-0.1235403496049623,-0.17027678850568645,0.03611336107000278,0.0,61.0,23085788.83448384,23220022.896431297,20187152.35747922,25036266.162871286,0.6065573770491803,0.5901639344262295,-0.1702993018555577,-0.08852791704367226,0.0,0.0,0.0
0.2,0.15000000000000002,0.05,0.30000000000000004,0.30000000000000004,"(0.2, 0.15, 0.05, 0.3, 0.3)",0.055463392389319965,0.05259997398913865,1.054437639090327,0.0601580065221875,27612496.00165166,-0.12983548553677826,-0.17242205841188277,0.03956014552032405,0.0,61.0,22955814.59494458,23221105.95870434,20290995.69785101,24608370.605467048,0.6065573770491803,0.45901639344262296,-0.1737608288566352,-0.07351722621782082,0.0,0.0,0.0
0.30000000000000004,0.25,0.0,0.1,0.35000000000000003,"(0.3, 0.25, 0.0, 0.1, 0.35)",0.05769535039322937,0.058920940432489695,0.9791994148385229,0.0601580065221875,28296552.013276517,-0.1468980383544216,-0.1828881796096497,0.04333191962692721,0.0,61.0,23218568.59001457,23360069.90258768,18874326.78024792,26679653.011280533,0.6065573770491803,0.2459016393442623,-0.1860477638731073,-0.06825286297948452,0.0,0.0,0.0
0.25,0.2,0.05,0.15000000000000002,0.35000000000000003,"(0.25, 0.2, 0.05, 0.15, 0.35)",0.058024428526549654,0.05898377604967199,0.9837354000138201,0.0601580065221875,28304712.902797375,-0.1541057625005936,-0.20172712297821935,0.04482767164997559,0.0,61.0,23122279.29098256,23224602.76815782,19467872.598929923,25592019.18540273,0.6065573770491803,0.11475409836065574,-0.20419607621947966,-0.08151750280198765,0.0,0.0,0.0
0.25,0.25,0.1,0.05,0.35000000000000003,"(0.25, 0.25, 0.1, 0.05, 0.35)",0.06185144919375518,0.07344255228303087,0.8421745605380622,0.0601580065221875,29297074.527588505,-0.20938281546213278,-0.28342935550746695,0.05509709215331628,1.0,61.0,23116176.16286995,23282490.24514859,18757556.52819396,26961561.37226989,0.6065573770491803,0.06557377049180328,-0.2878029730881446,-0.09935701552119416,0.0,0.0,0.0
0.35000000000000003,0.25,0.1,0.0,0.30000000000000004,"(0.35, 0.25, 0.1, 0.0, 0.3)",0.061709651893330664,0.07117774811676816,0.8669795480477277,0.0601580065221875,29266558.06271505,-0.20060821205486035,-0.2687442791706572,0.051973551499291996,1.0,61.0,23126120.97201059,23253931.184273537,18798591.99858244,26912466.797282077,0.6065573770491803,0.06557377049180328,-0.2730719706624922,-0.09460042261557074,0.0,0.0,0.0
0.25,0.2,0.1,0.1,0.35000000000000003,"(0.25, 0.2, 0.1, 0.1, 0.35)",0.06016652440662096,0.06678591142224542,0.9008864762842835,0.0601580065221875,28822400.80683054,-0.18603786992733262,-0.2529962133182964,0.05026168816026634,1.0,61.0,23098582.37287352,23254727.334059756,19378597.26337183,25804777.04417871,0.6065573770491803,0.06557377049180328,-0.25588632444646353,-0.09739022922819397,0.0,0.0,0.0
0.30000000000000004,0.2,0.0,0.15000000000000002,0.35000000000000003,"(0.3, 0.2, 0.0, 0.15, 0.35)",0.05591473311194006,0.05218543453097656,1.0714624418572167,0.0601580065221875,27811316.910852734,-0.1248758175738014,-0.15621108981019632,0.03849651563387728,0.0,61.0,23179039.140225705,23128025.361153584,19492698.957254272,25519515.36801886,0.5901639344262295,0.7377049180327869,-0.15828677227550828,-0.06689796617479539,0.0,0.0,0.0
0.35000000000000003,0.25,0.0,0.1,0.30000000000000004,"(0.35, 0.25, 0.0, 0.1, 0.3)",0.057338943511502594,0.05714310808544305,1.0034271049059271,0.0601580065221875,28206159.236761354,-0.1402576296635637,-0.17398650118996864,0.041105518478710495,0.0,61.0,23175746.480304167,23282131.59954156,18959690.760406934,26468560.81488096,0.5901639344262295,0.2786885245901639,-0.17704756424607399,-0.06296717011887663,0.0,0.0,0.0
0.35000000000000003,0.2,0.05,0.1,0.30000000000000004,"(0.35, 0.2, 0.05, 0.1, 0.3)",0.05785750222300412,0.05654049487264825,1.0232931698479524,0.0601580065221875,28268852.273746133,-0.144842485683374,-0.18763761393389727,0.04170413099595131,0.0,61.0,23128151.46877248,23233251.012522046,19507242.596864276,25543933.27811755,0.5901639344262295,0.26229508196721313,-0.1900650068308347,-0.07694063093900473,0.0,0.0,0.0
0.30000000000000004,0.2,0.05,0.1,0.35000000000000003,"(0.3, 0.2, 0.05, 0.1, 0.35)",0.05820800629845668,0.05842681297638842,0.9962550297237646,0.0601580065221875,28358004.11040116,-0.1509579299504159,-0.19626538579685054,0.04393053214416803,0.0,61.0,23168438.904608864,23252738.828413695,19418495.26417673,25747856.601973444,0.5901639344262295,0.13114754098360656,-0.1987435724309333,-0.08226024306754416,0.0,0.0,0.0
0.25,0.25,0.0,0.15000000000000002,0.35000000000000003,"(0.25, 0.25, 0.0, 0.15, 0.35)",0.05751784534875015,0.0593742963605815,0.9687330861058617,0.0601580065221875,28244710.698961087,-0.14939314550263905,-0.18727056145992999,0.04422905913273476,0.0,61.0,23170581.60543332,23259843.72434438,18922860.321585,26518657.62999999,0.5901639344262295,0.13114754098360656,-0.190433386476121,-0.0675788731484405,0.0,0.0,0.0
0.30000000000000004,0.30000000000000004,0.0,0.1,0.30000000000000004,"(0.3, 0.3, 0.0, 0.1, 0.3)",0.058860891727541054,0.06500192032085164,0.905525428125842,0.0601580065221875,28624193.721376106,-0.16446347096456737,-0.20438292718785442,0.046838061977567985,0.0,61.0,23159729.5748869,23437077.804300934,18397896.038234044,27495786.479126535,0.5901639344262295,0.11475409836065574,-0.20871736029769522,-0.06348569793919825,0.0,0.0,0.0
0.35000000000000003,0.15000000000000002,0.1,0.1,0.30000000000000004,"(0.35, 0.15, 0.1, 0.1, 0.3)",0.0582413615801054,0.058199503277971985,1.0007192209516547,0.0601580065221875,28299810.773835607,-0.15322045318667654,-0.20718213531709898,0.04230274351319213,0.0,61.0,23080312.22403649,23459096.214770284,20053074.180044252,24947379.00660678,0.5901639344262295,0.11475409836065574,-0.20887942526516443,-0.09045478980443523,0.0,0.0,0.0
0.30000000000000004,0.25,0.05,0.15000000000000002,0.25,"(0.3, 0.25, 0.05, 0.15, 0.25)",0.0588640740472024,0.06299827167174356,0.9343760151693897,0.0601580065221875,28548241.680355977,-0.1693089218769107,-0.22048065941554598,0.04610741285239964,0.0,61.0,23022966.449140385,23082851.104399584,19067902.54258073,26164288.437357314,0.5901639344262295,0.09836065573770492,-0.22411285768382583,-0.07185346019903219,0.0,0.0,0.0
0.25,0.15000000000000002,0.1,0.15000000000000002,0.35000000000000003,"(0.25, 0.15, 0.1, 0.15, 0.35)",0.05839640712545768,0.06075957923176337,0.9611061805202513,0.0601580065221875,28332937.009935815,-0.1632476907911169,-0.2232610375348048,0.04542628416721641,0.0,61.0,23073724.734227564,23438149.095163215,20011101.427123737,24992148.154875956,0.5901639344262295,0.09836065573770492,-0.2249382350075632,-0.09499526268656862,0.0,0.0,0.0
0.25,0.35000000000000003,0.05,0.0,0.35000000000000003,"(0.25, 0.35, 0.05, 0.0, 0.35)",0.0629657051925756,0.08061909011899625,0.7810272368447262,0.0601580065221875,29698296.215562824,-0.22479583103774692,-0.28993912531362226,0.05933388362912539,1.0,61.0,23184588.083971042,23282973.072507296,17640428.661353752,29187782.49740876,0.5901639344262295,0.06557377049180328,-0.29698728037678346,-0.08673253058498767,0.0,0.0,0.0
0.30000000000000004,0.30000000000000004,0.05,0.0,0.35000000000000003,"(0.3, 0.3, 0.05, 0.0, 0.35)",0.061590549617517976,0.07251343309048928,0.8493674481066056,0.0601580065221875,29305208.340478644,-0.19877507638316494,-0.25596090586065023,0.0536013401302679,1.0,61.0,23219542.11103079,23263854.438799217,18191726.972025093,28116411.48693263,0.5901639344262295,0.06557377049180328,-0.26124878915881344,-0.08606090682027841,0.0,0.0,0.0
0.30000000000000004,0.25,0.1,0.05,0.30000000000000004,"(0.3, 0.25, 0.1, 0.05, 0.3)",0.06151724969683725,0.07174979594797018,0.857385709381625,0.0601580065221875,29209479.6858211,-0.20356714240360363,-0.27456212839101546,0.05287069100509956,1.0,61.0,23079748.321736872,23191496.12712356,18845834.76431492,26748286.55234091,0.5901639344262295,0.06557377049180328,-0.27887885947448054,-0.09359884307176082,0.0,0.0,0.0
0.30000000000000004,0.2,0.1,0.1,0.30000000000000004,"(0.3, 0.2, 0.1, 0.1, 0.3)",0.05982694690177137,0.06499197793937969,0.9205281759169428,0.0601580065221875,28734688.44460131,-0.1801092313114927,-0.2440558923480939,0.04803528701204962,0.0,61.0,23061618.08830563,23219513.63394987,19468895.34148703,25600446.711129278,0.5901639344262295,0.06557377049180328,-0.24691441105345346,-0.09189048377072521,0.0,0.0,0.0
0.25,0.30000000000000004,0.0,0.1,0.35000000000000003,"(0.25, 0.3, 0.0, 0.1, 0.35)",0.05921243457523584,0.06663786779847077,0.8885703659413106,0.0601580065221875,28714529.364019055,-0.17096999969833782,-0.21324945188862748,0.049064463125784705,0.0,61.0,23201772.856197942,23431899.357342675,18314314.82230684,27714798.236064196,0.5901639344262295,0.06557377049180328,-0.2177049308564286,-0.06891882315417544,0.0,0.0,0.0
0.1,0.25,0.05,0.25,0.35000000000000003,"(0.1, 0.25, 0.05, 0.25, 0.35)",0.05915579821290762,0.0679187592327157,0.8709787823157543,0.0601580065221875,28609680.496793203,-0.18731580341008547,-0.24903845438851271,0.05235449416044819,0.0,61.0,23005228.561850574,23112002.058916733,18986616.552428745,26258570.971874982,0.5901639344262295,0.06557377049180328,-0.25279744208146426,-0.08115115280742571,0.0,0.0,0.0
0.2,0.25,0.05,0.2,0.30000000000000004,"(0.2, 0.25, 0.05, 0.2, 0.3)",0.05901802599896189,0.06538811696272127,0.902580296548514,0.0601580065221875,28581032.01850364,-0.17834315125509292,-0.23466993459085644,0.04923095350642392,0.0,61.0,23015159.646586694,23092804.484862898,19028057.018988352,26212288.332636926,0.5901639344262295,0.06557377049180328,-0.23837243536492106,-0.07648797140724212,0.0,0.0,0.0
0.35000000000000003,0.15000000000000002,0.05,0.25,0.2,"(0.35, 0.15, 0.05, 0.25, 0.2)",0.054923434997531606,0.04805072275338243,1.1430303614666313,0.0601580065221875,27484792.265675105,-0.11417285252519116,-0.14952205626126566,0.03421020371808306,0.0,61.0,22918171.50457249,23225650.79241364,20421548.18674715,24544551.361333497,0.5737704918032787,0.9836065573770492,-0.15083372813791202,-0.06392721241324147,0.0,0.0,0.0
0.30000000000000004,0.15000000000000002,0.05,0.30000000000000004,0.2,"(0.3, 0.15, 0.05, 0.3, 0.2)",0.054725188580871276,0.04902055045165263,1.1163723800866934,0.0601580065221875,27429419.986240707,-0.11748124234795465,-0.15489597673330208,0.035107343223890614,0.0,61.0,22873089.585952427,23222315.453540742,20471589.39349911,24574800.90104933,0.5737704918032787,0.819672131147541,-0.1561936919069553,-0.06374837739757945,0.0,0.0,0.0
0.25,0.15000000000000002,0.05,0.30000000000000004,0.25,"(0.25, 0.15, 0.05, 0.3, 0.25)",0.055098617430023644,0.0507612775584785,1.0854458374604226,0.0601580065221875,27521901.26285229,-0.12366392117962122,-0.16363709811056612,0.037333744372107326,0.0,61.0,22914952.487476975,23237485.113878533,20381616.055172425,24592311.497578073,0.5737704918032787,0.6229508196721312,-0.16495731226424232,-0.06859323561786633,0.0,0.0,0.0
0.2,0.15000000000000002,0.05,0.35000000000000003,0.25,"(0.2, 0.15, 0.05, 0.35, 0.25)",0.054892842324892444,0.051820673736482734,1.0592846130104798,0.0601580065221875,27464595.365038734,-0.1269440053889641,-0.1691089865596876,0.038230883877914894,0.0,61.0,22869067.5261065,23269280.249654952,20430769.331638496,24621527.38396477,0.5737704918032787,0.5245901639344263,-0.1704078818896657,-0.06841750510520385,0.0,0.0,0.0
0.15000000000000002,0.15000000000000002,0.05,0.35000000000000003,0.30000000000000004,"(0.15, 0.15, 0.05, 0.35, 0.3)",0.055257792190116506,0.05361968902458068,1.0305504040649112,0.0601580065221875,27555061.773830768,-0.1330915057758567,-0.17793693301899008,0.040457285026131606,0.0,61.0,22909630.026388332,23232719.13744575,20339987.497890472,24637642.393448725,0.5737704918032787,0.4262295081967213,-0.17925033397097473,-0.07331556334628682,0.0,0.0,0.0
0.30000000000000004,0.1,0.1,0.2,0.30000000000000004,"(0.3, 0.1, 0.1, 0.2, 0.3)",0.05619187332981168,0.05357482830646902,1.0488484070984256,0.0601580065221875,27742170.362752654,-0.1378390174159616,-0.18973524834363453,0.038364479025949756,0.0,61.0,23003665.9220317,23131902.581659593,20200229.81123197,25040801.13895273,0.5737704918032787,0.36065573770491804,-0.1904466038400655,-0.08168524415665306,0.0,0.0,0.0
0.30000000000000004,0.25,0.0,0.15000000000000002,0.30000000000000004,"(0.3, 0.25, 0.0, 0.15, 0.3)",0.057161246340166505,0.057613590308443825,0.9921486585742075,0.0601580065221875,28154419.49519258,-0.14277332318638714,-0.17832192064349994,0.04200265798451804,0.0,61.0,23128067.001838416,23144736.794535108,19008388.63696176,26308883.06290989,0.5737704918032787,0.26229508196721313,-0.1813896603157901,-0.06232393950863472,0.0,0.0,0.0
0.2,0.1,0.1,0.25,0.35000000000000003,"(0.2, 0.1, 0.1, 0.25, 0.35)",0.05634584105275775,0.056372358884764724,0.9995295951325865,0.0601580065221875,27774500.848944303,-0.14800516459890445,-0.2060449348664112,0.041488019679974036,0.0,61.0,22997918.917727713,23166274.357037652,20016213.801110253,25086143.707224708,0.5737704918032787,0.19672131147540983,-0.20668102847922346,-0.0865475321801579,0.0,0.0,0.0
0.35000000000000003,0.30000000000000004,0.0,0.1,0.25,"(0.35, 0.3, 0.0, 0.1, 0.25)",0.058500559486077464,0.06345274539035739,0.9219547416929814,0.0601580065221875,28531849.03350853,-0.15827896197396996,-0.1959742382661005,0.044611660829351266,0.0,61.0,23116659.620235883,23321606.16022128,18480887.915697027,27277519.086316884,0.5737704918032787,0.11475409836065574,-0.2002497950313704,-0.05814016221265764,0.0,0.0,0.0
0.05,0.2,0.05,0.35000000000000003,0.35000000000000003,"(0.05, 0.2, 0.05, 0.35, 0.35)",0.05721268001191104,0.06236662457442334,0.9173605338162564,0.0601580065221875,28072884.32094112,-0.1666593885734633,-0.2241118736592585,0.04841622967320581,0.0,61.0,22932632.67161433,23126529.90211887,19658452.53647315,24970759.914724596,0.5737704918032787,0.09836065573770492,-0.2265120320378513,-0.07860820290031491,0.0,0.0,0.0
0.30000000000000004,0.35000000000000003,0.05,0.0,0.30000000000000004,"(0.3, 0.35, 0.05, 0.0, 0.3)",0.06263085220155329,0.07908735941634942,0.7919198802913359,0.0601580065221875,29609535.318739466,-0.22083205421652086,-0.28442998398258723,0.05710748248090867,1.0,61.0,23146154.137859877,23261796.73184203,17723419.016732592,28957372.735028334,0.5737704918032787,0.06557377049180328,-0.2915891022788824,-0.08083611324326011,0.0,0.0,0.0
0.2,0.25,0.1,0.1,0.35000000000000003,"(0.2, 0.25, 0.1, 0.1, 0.35)",0.061651476780183456,0.07409522518435643,0.8320573508858139,0.0601580065221875,29237955.661848396,-0.2123156149189117,-0.2893441204834181,0.05599423165912383,1.0,61.0,23069012.773030575,23161067.558087293,18803969.920559756,26796253.09598882,0.5737704918032787,0.06557377049180328,-0.2936999028174064,-0.09832022872444822,0.0,0.0,0.0
0.25,0.30000000000000004,0.05,0.05,0.35000000000000003,"(0.25, 0.3, 0.05, 0.05, 0.35)",0.061404384857987715,0.07299201815839783,0.8412479392573564,0.0601580065221875,29249501.234787732,-0.2017368093423627,-0.2615479699125203,0.05449847963607546,1.0,61.0,23171019.135130607,23153131.088352453,18238012.92454782,27945352.882659588,0.5737704918032787,0.06557377049180328,-0.2668494120712491,-0.0852833067072423,0.0,0.0,0.0
0.25,0.25,0.1,0.1,0.30000000000000004,"(0.25, 0.25, 0.1, 0.1, 0.3)",0.06131705593448933,0.0724202200186491,0.8466841984006598,0.0601580065221875,29150463.951206908,-0.20652274702567097,-0.2804330310608049,0.05376783051090711,1.0,61.0,23032873.075293962,23103025.09641681,18892405.087458223,26584331.35350211,0.5737704918032787,0.06557377049180328,-0.2847356272499613,-0.09260680193376811,0.0,0.0,0.0
0.35000000000000003,0.30000000000000004,0.05,0.0,0.30000000000000004,"(0.35, 0.3, 0.05, 0.0, 0.3)",0.06125049541049954,0.07087019166016566,0.8642631545884035,0.0601580065221875,29216132.04838609,-0.19289013157209356,-0.24747691995187063,0.051374938982051185,1.0,61.0,23180263.396134578,23187273.353377048,18276516.509968843,27894182.423468854,0.5737704918032787,0.06557377049180328,-0.25266631697152825,-0.08037533232090291,0.0,0.0,0.0
0.2,0.35000000000000003,0.0,0.1,0.35000000000000003,"(0.2, 0.35, 0.0, 0.1, 0.35)",0.06063372827601454,0.07478963620990889,0.8107236690634039,0.0601580065221875,29112962.356569223,-0.1970977969727815,-0.24622105505074332,0.054797006624642194,1.0,61.0,23174940.47153476,23407916.16474548,17762116.693895668,28779028.7351254,0.5737704918032787,0.06557377049180328,-0.2523240702922307,-0.06956156718630448,0.0,0.0,0.0
0.25,0.35000000000000003,0.0,0.1,0.30000000000000004,"(0.25, 0.35, 0.0, 0.1, 0.3)",0.06028716700352388,0.07327428297526113,0.8227602448716972,0.0601580065221875,29022805.720717944,-0.19121280246328576,-0.23798806199363123,0.05257060547642548,1.0,61.0,23133705.487964008,23411998.032097206,17843921.054528337,28551890.168736167,0.5737704918032787,0.06557377049180328,-0.2439636819888879,-0.06397860738723601,0.0,0.0,0.0
0.1,0.35000000000000003,0.0,0.2,0.35000000000000003,"(0.1, 0.35, 0.0, 0.2, 0.35)",0.060234582422228344,0.07605067003346855,0.7920322384499726,0.0601580065221875,28994934.9507546,-0.20305535343975967,-0.25711019453922596,0.05659128563625731,1.0,61.0,23071710.401818864,23282379.979136743,17849884.464271985,28426801.96700662,0.5737704918032787,0.06557377049180328,-0.2640588561043025,-0.06818898279639189,0.0,0.0,0.0
0.2,0.2,0.1,0.15000000000000002,0.35000000000000003,"(0.2, 0.2, 0.1, 0.15, 0.35)",0.05996787571405848,0.06748725944125501,0.8885806922750826,0.0601580065221875,28764552.128226727,-0.18906189884487035,-0.25884943607497735,0.051158827666073894,0.0,61.0,23052567.541491184,23248595.25592851,19426530.7967703,25646971.42112073,0.5737704918032787,0.06557377049180328,-0.26170936443545667,-0.09651945019013063,0.0,0.0,0.0
0.30000000000000004,0.25,0.05,0.05,0.35000000000000003,"(0.3, 0.25, 0.05, 0.05, 0.35)",0.05994193795435776,0.06521913610237452,0.9190851264921213,0.0601580065221875,28839133.2949389,-0.17512200764345043,-0.22661729387343427,0.04876593613721797,0.0,61.0,23197593.61733165,23199465.27792122,18799378.641143497,26910441.37769497,0.5737704918032787,0.06557377049180328,-0.23038737905630283,-0.08415326080083557,0.0,0.0,0.0
0.15000000000000002,0.35000000000000003,0.0,0.2,0.30000000000000004,"(0.15, 0.35, 0.0, 0.2, 0.3)",0.05988762408518977,0.07456579345159875,0.8031514359739671,0.0601580065221875,28905008.021891087,-0.1972161538346251,-0.24879456934468303,0.05436488448804059,0.0,61.0,23031089.77422383,23197939.693398476,17931984.335811462,28202536.45086264,0.5737704918032787,0.06557377049180328,-0.2558652427773755,-0.062638803494518,0.0,0.0,0.0
0.25,0.35000000000000003,0.0,0.15000000000000002,0.25,"(0.25, 0.35, 0.0, 0.15, 0.25)",0.05973568139762997,0.0724533729576957,0.824470676230748,0.0601580065221875,28872764.45995522,-0.1885866809907647,-0.23550748285614534,0.05124134383401631,0.0,61.0,23040675.911050234,23208890.129774168,17969650.72862437,28152152.452205885,0.5737704918032787,0.06557377049180328,-0.2422653498931554,-0.057861221139740404,0.0,0.0,0.0
0.2,0.35000000000000003,0.0,0.2,0.25,"(0.2, 0.35, 0.0, 0.2, 0.25)",0.05953182357885756,0.07316261152458105,0.8136918890443947,0.0601580065221875,28813033.549739115,-0.19136530640442606,-0.2405185812685856,0.05213848333982387,0.0,61.0,22989436.277062144,23129118.802512474,18013507.139930416,27979028.21370808,0.5737704918032787,0.06557377049180328,-0.24769186313243377,-0.05756892410341526,0.0,0.0,0.0
0.30000000000000004,0.35000000000000003,0.0,0.15000000000000002,0.2,"(0.3, 0.35, 0.0, 0.15, 0.2)",0.059371254112106975,0.07112100475092502,0.8347921169003841,0.0601580065221875,28778640.725882884,-0.18479657526977245,-0.23050613792368893,0.04901494268579959,0.0,61.0,22997687.726075325,23142370.7257149,18050445.20493616,27927987.679576125,0.5737704918032787,0.06557377049180328,-0.23745653703035333,-0.05491743570500509,0.0,0.0,0.0
0.15000000000000002,0.25,0.05,0.2,0.35000000000000003,"(0.15, 0.25, 0.05, 0.2, 0.35)",0.059363983942268383,0.06708771746161386,0.8848711237826085,0.0601580065221875,28669887.335973527,-0.18427271043143512,-0.24335442601354276,0.05145735465464063,0.0,61.0,23054063.363631703,23186995.60957293,18940819.50964028,26421200.05842546,0.5737704918032787,0.06557377049180328,-0.24712077599045407,-0.08189213183212363,0.0,0.0,0.0
0.2,0.30000000000000004,0.0,0.15000000000000002,0.35000000000000003,"(0.2, 0.3, 0.0, 0.15, 0.35)",0.0590258603393119,0.06716584411624756,0.8788076903664406,0.0601580065221875,28659599.48728783,-0.17341360735630984,-0.21777333557702455,0.04996160263159226,0.0,61.0,23152082.770671997,23329702.380963407,18360651.428479765,27546317.848149765,0.5737704918032787,0.06557377049180328,-0.2222935408353615,-0.06823684138982847,0.0,0.0,0.0
0.25,0.25,0.05,0.2,0.25,"(0.25, 0.25, 0.05, 0.2, 0.25)",0.05866325616034529,0.06377152089416563,0.9198973983653621,0.0601580065221875,28490154.03728559,-0.17240214203853588,-0.2260268071203865,0.0470045523582072,0.0,61.0,22975223.199512795,23051254.224433452,19114689.44092852,26004087.70381746,0.5737704918032787,0.06557377049180328,-0.22966204226105164,-0.07116958594206287,0.0,0.0,0.0
0.2,0.30000000000000004,0.1,0.05,0.35000000000000003,"(0.2, 0.3, 0.1, 0.05, 0.35)",0.06324919508207993,0.08118185529178516,0.7791050703971797,0.0601580065221875,29695527.375510752,-0.23507445835540264,-0.31880324589098036,0.060829635652173766,1.0,61.0,23078199.666623827,23146036.794617914,18193017.467874125,27987973.589156423,0.5737704918032787,0.04918032786885246,-0.3248842266108303,-0.10012152113189714,0.0,0.0,0.0
0.35000000000000003,0.0,0.1,0.2,0.35000000000000003,"(0.35, 0.0, 0.1, 0.2, 0.35)",0.05294543260414675,0.04741367054118309,1.1166701923690725,0.0601580065221875,26886505.267636586,-0.11266428645660587,-0.1569196454059881,0.03517638446087215,0.0,61.0,23036913.780742694,23283240.306741092,19810927.50689396,25069753.49040556,0.5573770491803278,0.8524590163934426,-0.1569196454059881,-0.0882860927041115,0.0,0.0,0.0
0.25,0.15000000000000002,0.05,0.35000000000000003,0.2,"(0.25, 0.15, 0.05, 0.35, 0.2)",0.05451924284887588,0.050120359470144885,1.0877663972332694,0.0601580065221875,27372247.329156965,-0.12078541610966409,-0.16032499297331668,0.036004482729698174,0.0,61.0,22827505.672637675,23174828.02996368,20454837.25006365,24603959.740794495,0.5573770491803278,0.6721311475409836,-0.16160544139955607,-0.06359812372067053,0.0,0.0,0.0
0.25,0.0,0.1,0.30000000000000004,0.35000000000000003,"(0.25, 0.0, 0.1, 0.3, 0.35)",0.05258197076860038,0.048731367021493346,1.0790169449875826,0.0601580065221875,26786594.05513444,-0.11525513010292743,-0.16276292417912186,0.03614998738080389,0.0,61.0,22955759.42973316,23136586.232623138,19461555.619254388,25136433.37092745,0.5573770491803278,0.6721311475409836,-0.16276292417912186,-0.08732849892795437,0.0,0.0,0.0
0.2,0.0,0.1,0.35000000000000003,0.35000000000000003,"(0.2, 0.0, 0.1, 0.35, 0.35)",0.052388736986010986,0.049602737894603094,1.0561662361728428,0.0601580065221875,26733978.78028295,-0.11655838402435115,-0.16573746826310146,0.03663678884076975,0.0,61.0,22914398.656717606,23117590.23378578,19288170.374079585,25168115.611923713,0.5573770491803278,0.639344262295082,-0.16573746826310146,-0.08685396222688951,0.0,0.0,0.0
0.30000000000000004,0.05,0.1,0.2,0.35000000000000003,"(0.3, 0.05, 0.1, 0.2, 0.35)",0.054790332196537284,0.05075437959127151,1.0795192974038412,0.0601580065221875,27366082.621855866,-0.12480404397079525,-0.17321397958138482,0.03669281052700562,0.0,61.0,23044296.38484254,23172719.443684652,20008503.914782427,25070067.41775616,0.5573770491803278,0.5409836065573771,-0.17321397958138482,-0.0881904565645773,0.0,0.0,0.0
0.35000000000000003,0.25,0.0,0.15000000000000002,0.25,"(0.35, 0.25, 0.0, 0.15, 0.25)",0.05679592381876364,0.055943735481710194,1.0152329537832177,0.0601580065221875,28062173.536365576,-0.13612637315192055,-0.16939955106641455,0.03977625683630132,0.0,61.0,23084537.713049572,23107807.673903566,19093311.23342514,26099824.363111123,0.5573770491803278,0.3442622950819672,-0.1723681240000787,-0.05715369694893455,0.0,0.0,0.0
0.35000000000000003,0.2,0.05,0.2,0.2,"(0.35, 0.2, 0.05, 0.2, 0.2)",0.056754180025502476,0.054406029511952794,1.0431597478186458,0.0601580065221875,27976826.37830303,-0.13901211914710088,-0.18122870220235032,0.03904560771113299,0.0,61.0,22953483.368636906,23111065.15158268,19781929.043739587,24834346.513175514,0.5573770491803278,0.3442622950819672,-0.18354470785363247,-0.06525752976555253,0.0,0.0,0.0
0.25,0.1,0.1,0.25,0.30000000000000004,"(0.25, 0.1, 0.1, 0.25, 0.3)",0.05599571614609422,0.054410956767835715,1.0291257399685225,0.0601580065221875,27687022.993097227,-0.14114299067249236,-0.19562031591620008,0.03926161853175732,0.0,61.0,22960256.83449826,23142253.968250535,20019820.30719925,25072224.01666554,0.5573770491803278,0.2786885245901639,-0.1962798000756529,-0.08197418154996365,0.0,0.0,0.0
0.25,0.1,0.1,0.2,0.35000000000000003,"(0.25, 0.1, 0.1, 0.2, 0.35)",0.056541803662587986,0.05556900212896111,1.0175061904363383,0.0601580065221875,27829757.9843815,-0.14472830027835148,-0.2001054623435146,0.04059088017416647,0.0,61.0,23041616.81396755,23253888.239808902,20196562.179299966,25054662.69681066,0.5573770491803278,0.2459016393442623,-0.20079815937706497,-0.08620663287239004,0.0,0.0,0.0
0.25,0.2,0.05,0.25,0.25,"(0.25, 0.2, 0.05, 0.25, 0.25)",0.05692310192233352,0.056915266630567854,1.0001376659063468,0.0601580065221875,28012886.335050747,-0.14829034774537098,-0.19534103232570096,0.04216914836515726,0.0,61.0,22948645.05655988,23124109.631923422,19742417.147043254,24881444.46926893,0.5573770491803278,0.19672131147540983,-0.19769969932789727,-0.06967995279513486,0.0,0.0,0.0
0.35000000000000003,0.2,0.05,0.05,0.35000000000000003,"(0.35, 0.2, 0.05, 0.05, 0.35)",0.05838382734726566,0.057993040698439045,1.0067385093818184,0.0601580065221875,28409405.965397492,-0.14820914141479702,-0.19137756610429743,0.04303339263836047,0.0,61.0,23214092.027692333,23262674.225623257,19368436.11412925,25903886.842964374,0.5573770491803278,0.18032786885245902,-0.1938343247796533,-0.08300920972378159,0.0,0.0,0.0
0.15000000000000002,0.1,0.1,0.30000000000000004,0.35000000000000003,"(0.15, 0.1, 0.1, 0.3, 0.35)",0.05614216652114057,0.05729454906210421,0.979886698476071,0.0601580065221875,27717413.66763105,-0.15127865326546575,-0.2120454115337893,0.04238515918578158,0.0,61.0,22953708.973565597,23167788.415600937,19836775.74318909,25116512.263377436,0.5573770491803278,0.18032786885245902,-0.21262106807473966,-0.08729839598207496,0.0,0.0,0.0
0.2,0.2,0.05,0.30000000000000004,0.25,"(0.2, 0.2, 0.05, 0.3, 0.25)",0.0567159229612515,0.05788043010937498,0.9798808138446286,0.0601580065221875,27954244.624225356,-0.15147411897323293,-0.20087837114164667,0.04306628787096482,0.0,61.0,22901580.989574574,23112694.67543542,19790030.473106742,24728771.507534627,0.5573770491803278,0.13114754098360656,-0.20322597445355417,-0.06901685437220707,0.0,0.0,0.0
0.25,0.30000000000000004,0.0,0.15000000000000002,0.30000000000000004,"(0.25, 0.3, 0.0, 0.15, 0.3)",0.05867412127347982,0.0655458311124313,0.8951617559450215,0.0601580065221875,28569370.473788735,-0.1674137097855415,-0.2094686809225821,0.047735201483375546,0.0,61.0,23110346.969607517,23253563.62515723,18444389.30421274,27328682.759561878,0.5573770491803278,0.11475409836065574,-0.21388425928814833,-0.06283550031344427,0.0,0.0,0.0
0.35000000000000003,0.25,0.05,0.15000000000000002,0.2,"(0.35, 0.25, 0.05, 0.15, 0.2)",0.05850071086968245,0.06144899643326298,0.9520206067680449,0.0601580065221875,28455244.315710254,-0.16333335373859836,-0.21192193484614397,0.04388101170418292,0.0,61.0,22981704.63218258,23060892.198907826,19153768.343058616,25955486.564552862,0.5573770491803278,0.11475409836065574,-0.2154797596660306,-0.06658914649810828,0.0,0.0,0.0
0.30000000000000004,0.30000000000000004,0.0,0.15000000000000002,0.25,"(0.3, 0.3, 0.0, 0.15, 0.25)",0.058313597440004195,0.06401264225208929,0.9109700113667925,0.0601580065221875,28477137.38301056,-0.16140216260093032,-0.20120438928106552,0.045508800335158826,0.0,61.0,23067586.245784715,23150143.46940134,18527536.47983191,27111786.756876476,0.5573770491803278,0.11475409836065574,-0.20551209186867253,-0.057521244573730146,0.0,0.0,0.0
0.2,0.25,0.0,0.2,0.35000000000000003,"(0.2, 0.25, 0.0, 0.2, 0.35)",0.05733258429479271,0.05994856605918316,0.9563628967904275,0.0601580065221875,28190992.030506592,-0.15188881701859047,-0.19169894275237412,0.04512619863854232,0.0,61.0,23122098.036802083,23089025.986104466,18970728.232060563,26357864.031789657,0.5573770491803278,0.11475409836065574,-0.19486270379395845,-0.06691116374410627,0.0,0.0,0.0
0.15000000000000002,0.2,0.05,0.30000000000000004,0.30000000000000004,"(0.15, 0.2, 0.05, 0.3, 0.3)",0.05707594177447728,0.05957522566872206,0.9580482681149634,0.0601580065221875,28044912.051045775,-0.157506091654124,-0.20963551754804285,0.045292689019181535,0.0,61.0,22941695.158657804,23123078.93390998,19701255.80801623,24926918.836807236,0.5573770491803278,0.11475409836065574,-0.2120222604006626,-0.07413036958975697,0.0,0.0,0.0
0.35000000000000003,0.25,0.05,0.1,0.25,"(0.35, 0.25, 0.05, 0.1, 0.25)",0.059057130889052845,0.06233499215907172,0.9474153897115419,0.0601580065221875,28604443.165399875,-0.16621201511475614,-0.21498705881514152,0.045210273346592084,0.0,61.0,23070213.041750904,23112260.61868965,19020436.565790407,26324707.655460663,0.5573770491803278,0.09836065573770492,-0.21861322321480203,-0.07254357663403721,0.0,0.0,0.0
0.35000000000000003,0.1,0.15000000000000002,0.1,0.30000000000000004,"(0.35, 0.1, 0.15, 0.1, 0.3)",0.058491061356614305,0.0619386685822415,0.9443383704470576,0.0601580065221875,28298855.38190534,-0.17247485941996832,-0.246433872770962,0.042901356030432956,0.0,61.0,23032016.98522963,23253132.232122097,19941341.159192152,25435573.122949596,0.5573770491803278,0.09836065573770492,-0.2472609059721045,-0.10350988211244035,0.0,0.0,0.0
0.2,0.30000000000000004,0.0,0.2,0.30000000000000004,"(0.2, 0.3, 0.0, 0.2, 0.3)",0.058479579942735116,0.06619785468135138,0.8834059687316336,0.0601580065221875,28512655.31123239,-0.1705097878737486,-0.21479104554856568,0.0486323409891831,0.0,61.0,23060475.033264797,23103704.91675067,18490227.971333794,27161800.98662492,0.5573770491803278,0.09836065573770492,-0.21923270184737942,-0.062191692451259946,0.0,0.0,0.0
0.30000000000000004,0.1,0.15000000000000002,0.15000000000000002,0.30000000000000004,"(0.3, 0.1, 0.15, 0.15, 0.3)",0.0582953727382296,0.06265524877621839,0.930414831588002,0.0601580065221875,28242942.025470637,-0.17563396684349153,-0.2526745112747685,0.04379849553624051,0.0,61.0,22989741.123629257,23209204.622906934,19763411.993554693,25467951.787778262,0.5573770491803278,0.08196721311475409,-0.25342934627872377,-0.10266656528628969,0.0,0.0,0.0
0.2,0.35000000000000003,0.05,0.05,0.35000000000000003,"(0.2, 0.35, 0.05, 0.05, 0.35)",0.06277043996005283,0.0811547273554553,0.7734662170093944,0.0601580065221875,29639432.61422901,-0.2276643947927598,-0.2956326693074107,0.060231023134932955,1.0,61.0,23134403.939209532,23204554.41746495,17684584.899303947,29008896.914542668,0.5573770491803278,0.06557377049180328,-0.30270418655827724,-0.08577340677739886,0.0,0.0,0.0
0.35000000000000003,0.35000000000000003,0.05,0.0,0.25,"(0.35, 0.35, 0.05, 0.0, 0.25)",0.06228703981636685,0.07763079401107612,0.8023496424302956,0.0601580065221875,29518630.02544482,-0.21708538540448385,-0.27928430758134914,0.05488108133269195,1.0,61.0,23106660.710802183,23175310.23716581,17805839.71235759,28727742.220643636,0.5573770491803278,0.06557377049180328,-0.28640406318133405,-0.07504220313071439,0.0,0.0,0.0
0.15000000000000002,0.25,0.1,0.15000000000000002,0.35000000000000003,"(0.15, 0.25, 0.1, 0.15, 0.35)",0.06144371515509128,0.07484176615879784,0.8209816297589928,0.0601580065221875,29176905.068128392,-0.21524511807017743,-0.2953118487712685,0.056891371164931384,1.0,61.0,23021349.656548437,23075824.502616733,18849708.546102937,26631180.608980954,0.5573770491803278,0.06557377049180328,-0.29964655454732686,-0.09729312332294777,0.0,0.0,0.0
0.2,0.35000000000000003,0.0,0.15000000000000002,0.30000000000000004,"(0.2, 0.35, 0.0, 0.15, 0.3)",0.06009129034459182,0.07387247268513558,0.813446310382991,0.0601580065221875,28964862.63875627,-0.1942162323255846,-0.2433665602528008,0.05346774498223303,0.0,61.0,23082638.505903766,23289815.252235528,17888273.005349413,28377090.520164073,0.5573770491803278,0.06557377049180328,-0.2498229572713553,-0.06332183121763688,0.0,0.0,0.0
0.05,0.35000000000000003,0.0,0.25,0.35000000000000003,"(0.05, 0.35, 0.0, 0.25, 0.35)",0.06002332550379008,0.07681895770357337,0.7813608424030725,0.0601580065221875,28933056.15003649,-0.20602893032881275,-0.26262894306836154,0.05748842514206486,0.0,61.0,23019375.93689588,23099398.989217024,17892806.597884342,28251069.595547747,0.5573770491803278,0.06557377049180328,-0.2702238650607866,-0.06740732854869817,0.0,0.0,0.0
0.30000000000000004,0.35000000000000003,0.0,0.1,0.25,"(0.3, 0.35, 0.0, 0.1, 0.25)",0.05993175385140326,0.0718408549376333,0.8342294075346318,0.0601580065221875,28930590.852159362,-0.18605030121356225,-0.23091300721238553,0.05034420432820876,0.0,61.0,23091433.837264005,23335970.78452319,17925150.928087965,28325519.843385052,0.5573770491803278,0.06557377049180328,-0.23709366963758174,-0.058485686563671875,0.0,0.0,0.0
0.15000000000000002,0.2,0.1,0.2,0.35000000000000003,"(0.15, 0.2, 0.1, 0.2, 0.35)",0.05976146351312406,0.06829052691739493,0.8751062000943742,0.0601580065221875,28704804.779036876,-0.19208242681492527,-0.2647569122060577,0.052055967171881455,0.0,61.0,23006048.66410772,23282467.886392634,19473769.6301035,25489387.18316534,0.5573770491803278,0.06557377049180328,-0.2675832713291707,-0.09551198070972185,0.0,0.0,0.0
0.1,0.35000000000000003,0.0,0.25,0.30000000000000004,"(0.1, 0.35, 0.0, 0.25, 0.3)",0.059676174977224994,0.07535161937801864,0.7919693759711495,0.0601580065221875,28843254.391882744,-0.20021253513888249,-0.25427202355261336,0.05526202399384815,0.0,61.0,22979062.50171302,23024653.41845554,17975050.030061062,28028236.87144495,0.5573770491803278,0.06557377049180328,-0.2619800680807889,-0.06186559184070656,0.0,0.0,0.0
0.25,0.2,0.1,0.15000000000000002,0.30000000000000004,"(0.25, 0.2, 0.1, 0.15, 0.3)",0.059628086267860425,0.06571522318735205,0.907370977008822,0.0601580065221875,28676945.482712403,-0.18315648101922488,-0.24986507284869855,0.04893242651785718,0.0,61.0,23015891.879403114,23303265.70050068,19516990.64187396,25443934.450554315,0.5573770491803278,0.06557377049180328,-0.2526972993139908,-0.0909593436554304,0.0,0.0,0.0
0.35000000000000003,0.35000000000000003,0.0,0.1,0.2,"(0.35, 0.35, 0.0, 0.1, 0.2)",0.05956751759665502,0.0704943498608562,0.8449970489015235,0.0601580065221875,28836345.211386055,-0.18224725927917051,-0.22593030854998467,0.04811780317999204,0.0,61.0,23048134.774143673,23240069.711508416,18005798.871757373,28099928.35893056,0.5573770491803278,0.06557377049180328,-0.23230665315616192,-0.05308203793343943,0.0,0.0,0.0
0.2,0.25,0.05,0.15000000000000002,0.35000000000000003,"(0.2, 0.25, 0.05, 0.15, 0.35)",0.05956440689154352,0.06635856742034127,0.8976144182595013,0.0601580065221875,28728206.503520705,-0.1812260250309714,-0.23772285092147646,0.050560215148833076,0.0,61.0,23102404.440646566,23133153.965320446,18894343.954309594,26584060.409970663,0.5573770491803278,0.06557377049180328,-0.24149347493765752,-0.08263945459584705,0.0,0.0,0.0
0.35000000000000003,0.2,0.1,0.1,0.25,"(0.35, 0.2, 0.1, 0.1, 0.25)",0.05947851637376411,0.0632764842571782,0.9399782094722932,0.0601580065221875,28644921.37367572,-0.17416926155089796,-0.2351575879915965,0.0458088858638329,0.0,61.0,23023608.33662821,23272916.68842019,19558578.236507606,25396815.1927075,0.5573770491803278,0.06557377049180328,-0.23798092312136976,-0.08642522896283886,0.0,0.0,0.0
0.30000000000000004,0.25,0.05,0.1,0.30000000000000004,"(0.3, 0.25, 0.05, 0.1, 0.3)",0.059411506370323997,0.06399353474880017,0.9283985734424198,0.0601580065221875,28695551.009279434,-0.17219964987498138,-0.2235448513252104,0.0474366744948088,0.0,61.0,23110749.03322903,23099904.20653904,18934117.06052707,26535564.985983454,0.5573770491803278,0.06557377049180328,-0.22724557197717205,-0.07792497635598088,0.0,0.0,0.0
0.25,0.25,0.05,0.15000000000000002,0.30000000000000004,"(0.25, 0.25, 0.05, 0.15, 0.3)",0.059218648803999185,0.06463700438681964,0.9161725449033135,0.0601580065221875,28639238.057035673,-0.17527321214430425,-0.22908112753409043,0.04833381400061636,0.0,61.0,23063202.678235833,23136102.547155786,18981425.11294705,26373816.31636689,0.5573770491803278,0.06557377049180328,-0.2327842485394958,-0.0772033194653814,0.0,0.0,0.0
0.35000000000000003,0.35000000000000003,0.0,0.15000000000000002,0.15000000000000002,"(0.35, 0.35, 0.0, 0.15, 0.15)",0.05899803698151196,0.0698803292215953,0.8442724531881518,0.0601580065221875,28682519.09398042,-0.18102573543067757,-0.22553829211015897,0.04678854153758288,0.0,61.0,22953683.191521402,23056586.964663308,18130649.029770233,27704606.564820655,0.5573770491803278,0.06557377049180328,-0.2326703543277954,-0.05449937045015829,0.0,0.0,0.0
0.05,0.25,0.05,0.30000000000000004,0.35000000000000003,"(0.05, 0.25, 0.05, 0.3, 0.35)",0.05893985643714994,0.06884800312708282,0.8560866511749954,0.0601580065221875,28547598.578004643,-0.19035527145042885,-0.25477486852576275,0.05325163366625575,0.0,61.0,22955903.01744856,23021455.457797743,19031729.83388398,26096181.43294433,0.5573770491803278,0.06557377049180328,-0.2585233615249441,-0.0803432039615096,0.0,0.0,0.0
0.15000000000000002,0.30000000000000004,0.0,0.2,0.35000000000000003,"(0.15, 0.3, 0.0, 0.2, 0.35)",0.058831511060131625,0.0677996273171364,0.8677261717818016,0.0601580065221875,28602770.813452587,-0.17648633699305494,-0.22313721518076357,0.05085874213739981,0.0,61.0,23101903.29785361,23154902.41019504,18406336.266005248,27378061.640827216,0.5573770491803278,0.06557377049180328,-0.22768009923468674,-0.0675613161508147,0.0,0.0,0.0
0.25,0.1,0.15000000000000002,0.15000000000000002,0.35000000000000003,"(0.25, 0.1, 0.15, 0.15, 0.35)",0.05863432122423662,0.06452308859891455,0.9087339508608552,0.0601580065221875,28329213.655988388,-0.18228583144674537,-0.2634085273880168,0.04602489668445723,0.0,61.0,23024706.516144767,23277900.438733097,19758028.102513917,25479614.27354738,0.5573770491803278,0.06557377049180328,-0.26412371680155666,-0.10801243588920682,0.0,0.0,0.0
0.2,0.1,0.15000000000000002,0.2,0.35000000000000003,"(0.2, 0.1, 0.15, 0.2, 0.35)",0.05843110942732177,0.06532260721592444,0.8945005705938411,0.0601580065221875,28271326.84439926,-0.18541557450477875,-0.26976700081903837,0.04692203619026478,0.0,61.0,22981633.03163117,23257511.462829683,19581072.907601263,25510922.031829085,0.5573770491803278,0.06557377049180328,-0.27040114419582173,-0.10714055445176011,0.0,0.0,0.0
0.15000000000000002,0.1,0.15000000000000002,0.25,0.35000000000000003,"(0.15, 0.1, 0.15, 0.25, 0.35)",0.058220166229581594,0.06622500073236266,0.87912669816145,0.0601580065221875,28211579.347718652,-0.18854224250300522,-0.27618720608083386,0.047819175696072344,0.0,61.0,22938044.01705997,23294044.294571593,19405016.418755896,25541094.08557772,0.5573770491803278,0.06557377049180328,-0.2767362228872975,-0.10606907494021166,0.0,0.0,0.0
0.25,0.30000000000000004,0.1,0.0,0.35000000000000003,"(0.25, 0.3, 0.1, 0.0, 0.35)",0.06345047648752433,0.08057343254732338,0.7874863274598338,0.0601580065221875,29755895.6921528,-0.2322309160987418,-0.3128311808061579,0.059932496146366206,1.0,61.0,23126503.7908137,23155977.496504676,18148094.553309906,28161084.106744137,0.5573770491803278,0.04918032786885246,-0.3189168705663083,-0.10117821551914534,0.0,0.0,0.0
0.30000000000000004,0.30000000000000004,0.1,0.0,0.30000000000000004,"(0.3, 0.3, 0.1, 0.0, 0.3)",0.06312179370637705,0.0789742253266503,0.79927081836251,0.0601580065221875,29668542.192508448,-0.2265268717180039,-0.30403760438425675,0.05770609499814949,1.0,61.0,23090640.252525475,23153465.690042507,18234370.65634056,27938548.11285427,0.5573770491803278,0.04918032786885246,-0.31004131802187157,-0.09526297512986698,0.0,0.0,0.0
0.15000000000000002,0.30000000000000004,0.1,0.1,0.35000000000000003,"(0.15, 0.3, 0.1, 0.1, 0.35)",0.06304009881490802,0.08187675422332977,0.769938908947926,0.0601580065221875,29633195.200769626,-0.23791490352289912,-0.3248269978287814,0.06172677515798133,1.0,61.0,23029400.34385152,23116453.190565784,18237285.234601554,27815114.05524001,0.5573770491803278,0.04918032786885246,-0.3309001663460392,-0.09907476375492144,0.0,0.0,0.0
0.25,0.30000000000000004,0.1,0.05,0.30000000000000004,"(0.25, 0.3, 0.1, 0.05, 0.3)",0.06292028103502889,0.0795971419198091,0.7904841746506241,0.0601580065221875,29608274.028373968,-0.2293928083612169,-0.3099659929617507,0.058603234503957054,1.0,61.0,23042623.53269848,23088418.587250695,18279445.72811936,27766852.694147933,0.5573770491803278,0.04918032786885246,-0.31596850781431896,-0.0942523566332776,0.0,0.0,0.0
0.35000000000000003,0.0,0.1,0.25,0.30000000000000004,"(0.35, 0.0, 0.1, 0.25, 0.3)",0.052407954999783124,0.0458769049037234,1.14236030328911,0.0601580065221875,26750328.827055138,-0.10743231244211271,-0.1500116565856822,0.03418725634194746,0.0,61.0,22957491.912733667,23076082.009234205,19636298.45844457,25086912.753698777,0.5409836065573771,0.9836065573770492,-0.1500116565856822,-0.0831827370090375,0.0,0.0,0.0
0.30000000000000004,0.15000000000000002,0.05,0.35000000000000003,0.15000000000000002,"(0.3, 0.15, 0.05, 0.35, 0.15)",0.054137020333262065,0.0485291218943161,1.1155573853398484,0.0601580065221875,27278043.83790584,-0.11461594497035354,-0.15158545143348578,0.033778081581481455,0.0,61.0,22784953.10679716,23119773.592650734,20454381.69099906,24584945.843644585,0.5409836065573771,0.9016393442622951,-0.15284347790348324,-0.05885673861714825,0.0,0.0,0.0
0.30000000000000004,0.0,0.1,0.30000000000000004,0.30000000000000004,"(0.3, 0.0, 0.1, 0.3, 0.3)",0.05222220471428218,0.04664593616521147,1.1195445736005936,0.0601580065221875,26699588.99933964,-0.10874231260680256,-0.15289146072878979,0.034674057801913336,0.0,61.0,22916940.738935415,23080214.738628455,19462015.667417154,25119642.106061127,0.5409836065573771,0.9016393442622951,-0.15289146072878979,-0.0827708580979142,0.0,0.0,0.0
0.30000000000000004,0.0,0.1,0.25,0.35000000000000003,"(0.3, 0.0, 0.1, 0.25, 0.35)",0.052767538081281984,0.04799952410492429,1.0993346093585237,0.0601580065221875,26837439.776493628,-0.11395709002360521,-0.1598237051321237,0.03566318592083802,0.0,61.0,22996598.600135595,23210365.362563197,19635809.692039773,25103644.560925182,0.5409836065573771,0.8032786885245902,-0.1598237051321237,-0.08780587575369483,0.0,0.0,0.0
0.35000000000000003,0.05,0.1,0.2,0.30000000000000004,"(0.35, 0.05, 0.1, 0.2, 0.3)",0.054435611445557974,0.048655612602224806,1.1187940822076685,0.0601580065221875,27278626.139942203,-0.11831336731398978,-0.1634815865245981,0.03517321217706881,0.0,61.0,23005607.95982208,23208456.955306716,20010574.861557778,25054788.709575918,0.5409836065573771,0.6721311475409836,-0.16348819979754628,-0.08377325048072243,0.0,0.0,0.0
0.25,0.05,0.1,0.25,0.35000000000000003,"(0.25, 0.05, 0.1, 0.25, 0.35)",0.05460342177248423,0.0514676651118221,1.0609267324221756,0.0601580065221875,27313947.36524236,-0.12615245357296123,-0.17629670763563116,0.03730877250012821,0.0,61.0,23002283.230379924,23207909.072140194,19830737.355598513,25102765.26897265,0.5409836065573771,0.5409836065573771,-0.17629670763563116,-0.0878534650272965,0.0,0.0,0.0
0.35000000000000003,0.1,0.1,0.2,0.25,"(0.35, 0.1, 0.1, 0.2, 0.25)",0.05583322368917232,0.05166205077259401,1.0807395922964609,0.0601580065221875,27652641.33331473,-0.13092896280183763,-0.17942234890793532,0.03613807787773304,0.0,61.0,22964693.04654535,23114690.215676025,20202610.62648486,25025448.35351782,0.5409836065573771,0.47540983606557374,-0.1801476718162441,-0.07720674450426467,0.0,0.0,0.0
0.2,0.05,0.1,0.30000000000000004,0.35000000000000003,"(0.2, 0.05, 0.1, 0.3, 0.35)",0.05440881886911053,0.05231374306817843,1.0400482870858938,0.0601580065221875,27260006.185412355,-0.12935472142173499,-0.18201684244962224,0.037924734473250794,0.0,61.0,22959751.846034348,23243017.786785807,19653857.87713917,25134355.410718083,0.5409836065573771,0.47540983606557374,-0.1818392460810451,-0.0875169263581321,0.0,0.0,0.0
0.35000000000000003,0.1,0.1,0.15000000000000002,0.30000000000000004,"(0.35, 0.1, 0.1, 0.15, 0.3)",0.056380316177949474,0.05286649125028923,1.0664660136233464,0.0601580065221875,27795482.746831622,-0.13453165119102273,-0.18391116081456302,0.037467339520142195,0.0,61.0,23046560.3534536,23218241.22467963,20381545.677575767,25008270.676295098,0.5409836065573771,0.4426229508196721,-0.18467063438278106,-0.08242598402215313,0.0,0.0,0.0
0.35000000000000003,0.2,0.05,0.25,0.15000000000000002,"(0.35, 0.2, 0.05, 0.25, 0.15)",0.05617730259764242,0.053754718333127186,1.045067379006659,0.0601580065221875,27825500.969436314,-0.13614577311062048,-0.17804137910058887,0.03771634606872383,0.0,61.0,22864788.640793387,23119267.268145416,19917755.282089118,24494446.3832543,0.5409836065573771,0.39344262295081966,-0.18030292965330266,-0.05963826512587319,0.0,0.0,0.0
0.30000000000000004,0.2,0.05,0.25,0.2,"(0.3, 0.2, 0.05, 0.25, 0.2)",0.05655454766826096,0.05528363359620627,1.0229889750253662,0.0601580065221875,27920150.84285525,-0.14222355118992858,-0.1866695409788272,0.03994274721694054,0.0,61.0,22907218.65928017,23091993.72830555,19830405.17215277,24682724.122568134,0.5409836065573771,0.26229508196721313,-0.18898151138784963,-0.06461834247926747,0.0,0.0,0.0
0.25,0.2,0.05,0.30000000000000004,0.2,"(0.25, 0.2, 0.05, 0.3, 0.2)",0.05634719051425563,0.056279995534084935,1.0011939407516477,0.0601580065221875,27861641.23241826,-0.1454309868728939,-0.1921641750209257,0.0408398867227481,0.0,61.0,22860455.971718043,23130336.566637713,19878173.82600556,24541000.19885779,0.5409836065573771,0.2459016393442623,-0.19446894949267038,-0.06398509599907262,0.0,0.0,0.0
0.35000000000000003,0.05,0.15000000000000002,0.1,0.35000000000000003,"(0.35, 0.05, 0.15, 0.1, 0.35)",0.057123475750037844,0.05894103973716618,0.9691630145102065,0.0601580065221875,27924915.822505087,-0.15778912623085228,-0.22730089258133765,0.03953589363048174,0.0,61.0,23077841.742180806,23276779.354771346,19760433.776093286,25471327.347533308,0.5409836065573771,0.14754098360655737,-0.22716901345671672,-0.09853990313675585,0.0,0.0,0.0
0.1,0.1,0.1,0.35000000000000003,0.35000000000000003,"(0.1, 0.1, 0.1, 0.35, 0.35)",0.05593078665036022,0.058329936701490996,0.9588693184529129,0.0601580065221875,27658508.388273176,-0.15454872236757333,-0.2181068891514844,0.04328229869158915,0.0,61.0,22908989.600847702,23184635.347246934,19658253.00735324,25145764.34190621,0.5409836065573771,0.14754098360655737,-0.21861822491083274,-0.08805342628681877,0.0,0.0,0.0
0.35000000000000003,0.30000000000000004,0.0,0.15000000000000002,0.2,"(0.35, 0.3, 0.0, 0.15, 0.2)",0.057944316920846894,0.06257266009585867,0.926032500968932,0.0601580065221875,28382927.25681349,-0.15537916509727956,-0.1929809252271108,0.04328239918694211,0.0,61.0,23023809.774589732,23145002.224173184,18610085.370455865,26895639.980632715,0.5409836065573771,0.11475409836065574,-0.19717747688347226,-0.052293331771891154,0.0,0.0,0.0
0.15000000000000002,0.2,0.05,0.35000000000000003,0.25,"(0.15, 0.2, 0.05, 0.35, 0.25)",0.05650102175032812,0.05895620799404228,0.9583557639262982,0.0601580065221875,27893774.126154758,-0.15465392597124705,-0.2064694327599493,0.04396342737677238,0.0,61.0,22854021.77745582,23139324.361062415,19836933.874591753,24585118.993024707,0.5409836065573771,0.11475409836065574,-0.20880274211065553,-0.06835972801569622,0.0,0.0,0.0
0.2,0.15000000000000002,0.1,0.2,0.35000000000000003,"(0.2, 0.15, 0.1, 0.2, 0.35)",0.058199095484338326,0.061512413413299535,0.9461357838994358,0.0601580065221875,28276376.483525544,-0.16644974919965005,-0.22920674825418783,0.046323423673023965,0.0,61.0,23028865.37590664,23448106.573929444,20060584.508912195,25023503.282804936,0.5409836065573771,0.09836065573770492,-0.2308417258338655,-0.09419170690250458,0.0,0.0,0.0
0.30000000000000004,0.15000000000000002,0.1,0.15000000000000002,0.30000000000000004,"(0.3, 0.15, 0.1, 0.15, 0.3)",0.058051587058709275,0.058861704015742776,0.9862369435173532,0.0601580065221875,28245228.09098279,-0.15645250912515885,-0.213014477614505,0.04319988301899969,0.0,61.0,23036252.55934194,23470029.69572783,20103436.344957832,24979783.862251975,0.5409836065573771,0.09836065573770492,-0.2146775786601932,-0.08967635368702809,0.0,0.0,0.0
0.15000000000000002,0.15000000000000002,0.1,0.25,0.35000000000000003,"(0.15, 0.15, 0.1, 0.25, 0.35)",0.0579940460964008,0.06237564586286333,0.9297546389163529,0.0601580065221875,28217951.2033531,-0.16964860079251587,-0.23521198567348428,0.047220563178831526,0.0,61.0,22983497.863665976,23457019.418504737,20109352.647373393,25053745.94286124,0.5409836065573771,0.09836065573770492,-0.23680112083742064,-0.09339424418219407,0.0,0.0,0.0
0.35000000000000003,0.1,0.15000000000000002,0.15000000000000002,0.25,"(0.35, 0.1, 0.15, 0.15, 0.25)",0.057947608551664365,0.06086450909667764,0.9520755102061195,0.0601580065221875,28154654.42716923,-0.16896183864244796,-0.24199820641993627,0.04157209438802379,0.0,61.0,22953732.769187212,23248794.53984182,19767526.04967355,25454753.26955672,0.5409836065573771,0.09836065573770492,-0.24278806913256812,-0.09738506121778716,0.0,0.0,0.0
0.25,0.15000000000000002,0.1,0.2,0.30000000000000004,"(0.25, 0.15, 0.1, 0.2, 0.3)",0.057854072394665224,0.059641528106211976,0.9700300148520075,0.0601580065221875,28188775.48798875,-0.1596813413702619,-0.2189063300337427,0.04409702252480725,0.0,61.0,22991682.044483904,23479918.790419277,20153086.09080971,25011081.062680542,0.5409836065573771,0.09836065573770492,-0.22053169839972464,-0.08890397228392048,0.0,0.0,0.0
0.1,0.2,0.05,0.35000000000000003,0.30000000000000004,"(0.1, 0.2, 0.05, 0.35, 0.3)",0.05686121911082154,0.06061795645821684,0.9380259981217814,0.0601580065221875,27984307.74795037,-0.16066232448187645,-0.2152693732174852,0.046189828524989096,0.0,61.0,22893836.16121761,23135579.753104325,19748005.50181372,24773202.490112312,0.5409836065573771,0.09836065573770492,-0.2176379333258445,-0.07344297886317802,0.0,0.0,0.0
0.25,0.1,0.15000000000000002,0.2,0.30000000000000004,"(0.25, 0.1, 0.15, 0.2, 0.3)",0.05809195031394876,0.06348114200336827,0.9151056279180743,0.0601580065221875,28185162.454825968,-0.1787899834793344,-0.2589768799105268,0.04469563504204807,0.0,61.0,22946947.14804874,23272455.054826736,19586377.850476187,25499199.545954537,0.5409836065573771,0.08196721311475409,-0.2596555150943655,-0.10171862821453996,0.0,0.0,0.0
0.35000000000000003,0.30000000000000004,0.1,0.0,0.25,"(0.35, 0.3, 0.1, 0.0, 0.25)",0.06278411813853246,0.07744763089297368,0.8106654446963651,0.0601580065221875,29579020.148672353,-0.22125560285765333,-0.2960469321107411,0.055479693849932774,1.0,61.0,23053708.27411311,23104272.200240556,18320064.83048067,27716767.10239569,0.5409836065573771,0.06557377049180328,-0.302109532848401,-0.08944896870917247,0.0,0.0,0.0
0.25,0.35000000000000003,0.05,0.05,0.30000000000000004,"(0.25, 0.35, 0.05, 0.05, 0.3)",0.062435364367425805,0.07963556767973533,0.7840135530711309,0.0601580065221875,29550772.92768597,-0.2232514475301276,-0.2893247448648175,0.05800462198671623,1.0,61.0,23096266.918465015,23132671.49239662,17767725.040471375,28779947.24174608,0.5409836065573771,0.06557377049180328,-0.2964891593154816,-0.0799228431627618,0.0,0.0,0.0
0.1,0.25,0.1,0.2,0.35000000000000003,"(0.1, 0.25, 0.1, 0.2, 0.35)",0.06122817103899658,0.07567939736671264,0.8090467573665909,0.0601580065221875,29113935.55592745,-0.2181712919800951,-0.30133246023799004,0.05778851067073894,1.0,61.0,22973189.689829636,23125135.68774257,18894767.152533464,26466352.305310313,0.5409836065573771,0.06557377049180328,-0.3056428043282442,-0.09627563164218163,0.0,0.0,0.0
0.35000000000000003,0.25,0.1,0.05,0.25,"(0.35, 0.25, 0.1, 0.05, 0.25)",0.06117412807941225,0.07013283812030059,0.8722608369916351,0.0601580065221875,29119773.245786607,-0.1977400770542438,-0.26573594015411517,0.05064428985688284,1.0,61.0,23042263.45564686,23172155.705042847,18933514.55176523,26535738.205282006,0.5409836065573771,0.06557377049180328,-0.26999243463955697,-0.08793925696618275,0.0,0.0,0.0
0.35000000000000003,0.1,0.2,0.0,0.35000000000000003,"(0.35, 0.1, 0.2, 0.0, 0.35)",0.06097963154425168,0.07297150416010352,0.8356636230282302,0.0601580065221875,28915579.088869218,-0.21250637816160634,-0.3164535892050028,0.04966463418313286,1.0,61.0,23077235.26299783,23220503.313498415,19661237.55011572,25821795.10434005,0.5409836065573771,0.06557377049180328,-0.3173188713985797,-0.1251754315915029,0.0,0.0,0.0
0.30000000000000004,0.25,0.1,0.1,0.25,"(0.3, 0.25, 0.1, 0.1, 0.25)",0.06097371810905994,0.07082112094200359,0.8609538693830076,0.0601580065221875,29060866.17974707,-0.20071851444607935,-0.2715630876425511,0.0515414293626904,1.0,61.0,22995678.17155102,23095190.739847183,18980240.45911317,26373130.879125513,0.5409836065573771,0.06557377049180328,-0.2758091523144903,-0.08699118753815877,0.0,0.0,0.0
0.30000000000000004,0.1,0.2,0.05,0.35000000000000003,"(0.3, 0.1, 0.2, 0.05, 0.35)",0.06078476609378347,0.0735714099246648,0.8262009135889266,0.0601580065221875,28858889.88227097,-0.21549951970028125,-0.32311944726852826,0.05056838223371932,1.0,61.0,23035869.504057262,23219382.81295453,19486021.774241224,25855206.323290072,0.5409836065573771,0.06557377049180328,-0.3238866230030658,-0.12396877812786172,0.0,0.0,0.0
0.25,0.1,0.2,0.1,0.35000000000000003,"(0.25, 0.1, 0.2, 0.1, 0.35)",0.060582136688220656,0.07426680250684721,0.8157364346288524,0.0601580065221875,28800286.31754381,-0.218489961456656,-0.3298477944519251,0.05149919463160308,1.0,61.0,22993979.981700007,23230194.735280734,19311682.2477251,25887467.56632717,0.5409836065573771,0.06557377049180328,-0.330512632855921,-0.1227719573455128,0.0,0.0,0.0
0.15000000000000002,0.35000000000000003,0.0,0.15000000000000002,0.35000000000000003,"(0.15, 0.35, 0.0, 0.15, 0.35)",0.06043805226411125,0.07537340525535881,0.8018485042483111,0.0601580065221875,29054907.87004656,-0.200078298322949,-0.2516408759730036,0.05569414613044975,1.0,61.0,23123566.325638585,23383053.12419646,17806319.495854713,28602791.339941297,0.5409836065573771,0.06557377049180328,-0.2579664904194044,-0.06887195869282592,0.0,0.0,0.0
0.25,0.25,0.05,0.1,0.35000000000000003,"(0.25, 0.25, 0.05, 0.1, 0.35)",0.0597570604148745,0.0657346998420435,0.90906417095487,0.0601580065221875,28784625.77442035,-0.17817577984810495,-0.2321437892654118,0.04966307564302552,0.0,61.0,23150248.83582986,23166059.725448996,18847195.203404922,26747143.66385303,0.5409836065573771,0.06557377049180328,-0.23591564347604393,-0.08339315356104779,0.0,0.0,0.0
0.35000000000000003,0.25,0.05,0.05,0.30000000000000004,"(0.35, 0.25, 0.05, 0.05, 0.3)",0.0595965921415158,0.06346098250549678,0.9391060426200263,0.0601580065221875,28749959.048434526,-0.16912249706249194,-0.21806115675534288,0.04653953498900125,0.0,61.0,23157795.80700392,23130019.63760295,18886138.2618105,26697525.963863455,0.5409836065573771,0.06557377049180328,-0.22175650141270706,-0.07865297522074335,0.0,0.0,0.0
0.1,0.2,0.1,0.25,0.35000000000000003,"(0.1, 0.2, 0.1, 0.25, 0.35)",0.059547294477644064,0.06919216432366126,0.8606074843836183,0.0601580065221875,28643171.28435387,-0.19509942080261078,-0.2707185717538742,0.05295310667768901,0.0,61.0,22959028.53178275,23294801.31339291,19520308.353003066,25332032.375838768,0.5409836065573771,0.06557377049180328,-0.2735079305944201,-0.09451387491851258,0.0,0.0,0.0
0.25,0.35000000000000003,0.0,0.2,0.2,"(0.25, 0.35, 0.0, 0.2, 0.2)",0.05916720950439536,0.07184591100842365,0.823529254120784,0.0601580065221875,28719038.8566403,-0.18735189960443788,-0.23513158175534632,0.04991208219160715,0.0,61.0,22946759.02577846,23049900.026723746,18094445.39818317,27756287.74270598,0.5409836065573771,0.06557377049180328,-0.24267592665117668,-0.05714299882334657,0.0,0.0,0.0
0.35000000000000003,0.05,0.2,0.05,0.35000000000000003,"(0.35, 0.05, 0.2, 0.05, 0.35)",0.059133579700148875,0.06860844814896469,0.8618993913367097,0.0601580065221875,28406163.621807627,-0.19490916303420913,-0.29333751614575254,0.04482923019008293,0.0,61.0,23056040.37014524,23238655.83346361,19325444.082335576,25889741.17995473,0.5409836065573771,0.06557377049180328,-0.2929679298942472,-0.11941414553946805,0.0,0.0,0.0
0.30000000000000004,0.1,0.15000000000000002,0.1,0.35000000000000003,"(0.3, 0.1, 0.15, 0.1, 0.35)",0.058829795051574374,0.06383031073536875,0.9216592301340065,0.0601580065221875,28385227.62981415,-0.17915305723934527,-0.2571118031025055,0.045127757178649676,0.0,61.0,23067261.956226025,23272903.53494564,19935876.988619175,25447174.969155744,0.5409836065573771,0.06557377049180328,-0.25790400761587917,-0.10888720694503477,0.0,0.0,0.0
0.15000000000000002,0.25,0.05,0.25,0.30000000000000004,"(0.15, 0.25, 0.05, 0.25, 0.3)",0.05880964459954008,0.06624321098144485,0.8877837249769344,0.0601580065221875,28520945.090296756,-0.18140943471207593,-0.24031121438533357,0.05012809301223147,0.0,61.0,22966622.86823532,23039436.590476356,19074007.4461026,26050989.33336398,0.5409836065573771,0.06557377049180328,-0.24401002961811424,-0.0757788986631398,0.0,0.0,0.0
0.1,0.1,0.15000000000000002,0.30000000000000004,0.35000000000000003,"(0.1, 0.1, 0.15, 0.3, 0.35)",0.0580014982876349,0.06722612652748822,0.8627820950522646,0.0601580065221875,28149983.67918826,-0.1916657916758001,-0.282669117805804,0.0487163152018799,0.0,61.0,22893942.016066108,23178688.494203545,19229863.49932526,25570126.419002045,0.5409836065573771,0.06557377049180328,-0.28312887821563604,-0.10500685653097803,0.0,0.0,0.0
0.2,0.1,0.15000000000000002,0.25,0.30000000000000004,"(0.2, 0.1, 0.15, 0.25, 0.3)",0.05788080065079226,0.06441214356211665,0.8986007521233041,0.0601580065221875,28125528.79536778,-0.1819428654435522,-0.26534096373313937,0.04559277454785563,0.0,61.0,22903637.547548298,23200247.670824632,19410243.726981416,25529312.24798259,0.5409836065573771,0.06557377049180328,-0.265939347514197,-0.1006892805608718,0.0,0.0,0.0
0.1,0.15000000000000002,0.1,0.30000000000000004,0.35000000000000003,"(0.1, 0.15, 0.1, 0.3, 0.35)",0.05778126558951646,0.06334476337522249,0.9121711489748463,0.0601580065221875,28157673.40710405,-0.1728442018173012,-0.24127673821310244,0.04811770268463908,0.0,61.0,22937624.90286418,23443691.581218857,20009982.378202517,25082872.119215313,0.5409836065573771,0.06557377049180328,-0.2428163594904043,-0.09260284829915605,0.0,0.0,0.0
0.2,0.30000000000000004,0.15000000000000002,0.05,0.30000000000000004,"(0.2, 0.3, 0.15, 0.05, 0.3)",0.06460707086241402,0.08887354022211448,0.7269550723527697,0.0601580065221875,30018137.19466581,-0.26210550045685643,-0.37045451592585443,0.06493439052005537,1.0,61.0,22940437.630773377,23199841.598801143,18220202.06943477,27795652.055192616,0.5409836065573771,0.04918032786885246,-0.37732288998057406,-0.10890096551639193,0.0,0.0,0.0
0.30000000000000004,0.30000000000000004,0.15000000000000002,0.0,0.25,"(0.3, 0.3, 0.15, 0.0, 0.25)",0.06449755439651073,0.08667538270442945,0.7441277140529389,0.0601580065221875,29995495.224581625,-0.25612406145210087,-0.35939211674344623,0.06181084986603109,1.0,61.0,22954703.635471553,23168431.710931715,18263654.18718942,27808955.31511995,0.5409836065573771,0.04918032786885246,-0.3662975453694782,-0.10407637615913173,0.0,0.0,0.0
0.15000000000000002,0.30000000000000004,0.15000000000000002,0.1,0.30000000000000004,"(0.15, 0.3, 0.15, 0.1, 0.3)",0.06438265288977219,0.0896713745000805,0.7179844543334661,0.0601580065221875,29951204.48017484,-0.26454195027117144,-0.3762318972566974,0.06583153002586292,1.0,61.0,22892172.61546484,23112029.425927322,18263223.25187684,27642576.424962956,0.5409836065573771,0.04918032786885246,-0.38294781894586255,-0.10779521842477946,0.0,0.0,0.0
0.25,0.30000000000000004,0.15000000000000002,0.05,0.25,"(0.25, 0.3, 0.15, 0.05, 0.25)",0.06428071914405842,0.08741017505077824,0.7353917219215786,0.0601580065221875,29930643.509858266,-0.25846283904016654,-0.3648940706231985,0.06270798937183865,1.0,61.0,22907212.697271172,23135799.24957201,18307484.794124946,27656664.695536904,0.5409836065573771,0.04918032786885246,-0.37176442566611867,-0.10300714566149459,0.0,0.0,0.0
0.35000000000000003,0.30000000000000004,0.15000000000000002,0.0,0.2,"(0.35, 0.3, 0.15, 0.0, 0.2)",0.0641623809561016,0.08526810898313085,0.7524780568171774,0.0601580065221875,29905679.08306933,-0.2524857982105172,-0.35388498374981414,0.05958444871781436,1.0,61.0,22920122.146261994,23106574.97008934,18350204.78261616,27668944.58236235,0.5409836065573771,0.04918032786885246,-0.3607885897293161,-0.0982368208941039,0.0,0.0,0.0
0.25,0.25,0.15000000000000002,0.0,0.35000000000000003,"(0.25, 0.25, 0.15, 0.0, 0.35)",0.06379951674945583,0.08211930489160679,0.7769125278601404,0.0601580065221875,29779878.722938236,-0.23968759951215568,-0.3369541339757215,0.060531108663607024,1.0,61.0,23068295.627464533,23260332.135155767,18653987.99908322,27161512.174341973,0.5409836065573771,0.04918032786885246,-0.3418968777053155,-0.11496634044380051,0.0,0.0,0.0
0.25,0.2,0.0,0.30000000000000004,0.25,"(0.25, 0.2, 0.0, 0.3, 0.25)",0.054630508462072624,0.05046893161013021,1.0824581919841374,0.0601580065221875,27472149.90318421,-0.11915983229430982,-0.1510376371152165,0.036735131854866515,0.0,61.0,22951549.85475423,23119854.850439172,19816001.47174048,24730883.131965697,0.5245901639344263,0.8852459016393442,-0.15296426003331048,-0.054974409186898006,0.0,0.0,0.0
0.25,0.0,0.1,0.35000000000000003,0.30000000000000004,"(0.25, 0.0, 0.1, 0.35, 0.3)",0.052028791921175266,0.04755933110637293,1.0939765280719735,0.0601580065221875,26647086.141836885,-0.11005753460993739,-0.15580651457266717,0.0351608592618792,0.0,61.0,22875867.949779958,23161578.270943306,19288602.62797801,25151265.692053027,0.5245901639344263,0.8688524590163934,-0.15580651457266717,-0.08236008927367297,0.0,0.0,0.0
0.2,0.2,0.0,0.35000000000000003,0.25,"(0.2, 0.2, 0.0, 0.35, 0.25)",0.0544307897284424,0.051420078465199484,1.0585512771101764,0.0601580065221875,27416255.09079386,-0.12176780992801872,-0.15538711739866767,0.03763227136067407,0.0,61.0,22903903.76224028,23105083.765470672,19864363.21269437,24701006.07078519,0.5245901639344263,0.7377049180327869,-0.15730894771593934,-0.05479141927798651,0.0,0.0,0.0
0.30000000000000004,0.05,0.1,0.25,0.30000000000000004,"(0.3, 0.05, 0.1, 0.25, 0.3)",0.05424851042519552,0.0494028671411386,1.0980842522806105,0.0601580065221875,27226595.551241517,-0.11959419417367478,-0.16639433991468533,0.0357891741501914,0.0,61.0,22963883.34166356,23219897.684705842,19832763.206753977,25087427.429609146,0.5245901639344263,0.6229508196721312,-0.16639433991468533,-0.08346083454206461,0.0,0.0,0.0
0.2,0.2,0.0,0.30000000000000004,0.30000000000000004,"(0.2, 0.2, 0.0, 0.3, 0.3)",0.055001043413822615,0.0522172435868424,1.0533118877167555,0.0601580065221875,27563945.37842607,-0.12587960224431305,-0.16013561723520564,0.03896153300308323,0.0,61.0,22994889.94085523,23073673.62257177,19728803.875005826,24860956.029028025,0.5245901639344263,0.5901639344262295,-0.16212796413721642,-0.05991549748807132,0.0,0.0,0.0
0.35000000000000003,0.25,0.0,0.25,0.15000000000000002,"(0.35, 0.25, 0.0, 0.25, 0.15)",0.055659511006981965,0.054353968764374816,1.0240192624804767,0.0601580065221875,27763573.131895762,-0.12794597483321313,-0.16021121873638614,0.03711773355148301,0.0,61.0,22899491.058840215,23063291.954853777,19357636.45718722,25372971.691876445,0.5245901639344263,0.5409836065573771,-0.16318452544274925,-0.04597473458478455,0.0,0.0,0.0
0.15000000000000002,0.2,0.0,0.35000000000000003,0.30000000000000004,"(0.15, 0.2, 0.0, 0.35, 0.3)",0.054801492631428195,0.053133706812224964,1.0313884710716157,0.0601580065221875,27507922.33221259,-0.1284666950667983,-0.16453221742534577,0.03985867250889079,0.0,61.0,22946934.788827583,23174614.230718505,19777006.615736756,24782311.367112566,0.5245901639344263,0.45901639344262296,-0.1665160529729873,-0.05988382762156613,0.0,0.0,0.0
0.30000000000000004,0.1,0.1,0.25,0.25,"(0.3, 0.1, 0.1, 0.25, 0.25)",0.055636876406483404,0.052532072280209514,1.0591030201457248,0.0601580065221875,27597608.64464686,-0.13426010497536323,-0.18525322578623685,0.0370352173835406,0.0,61.0,22921574.215498775,23108525.81911385,20022152.35831558,25056811.87325081,0.5245901639344263,0.4426229508196721,-0.18593140627266033,-0.07740583877043322,0.0,0.0,0.0
0.15000000000000002,0.05,0.1,0.35000000000000003,0.35000000000000003,"(0.15, 0.05, 0.1, 0.35, 0.35)",0.05420652993716368,0.05328628841378455,1.0172697620865085,0.0601580065221875,27204270.38997483,-0.1327036742863662,-0.18800942177566907,0.03854069644637338,0.0,61.0,22916704.73589164,23201547.40675946,19477870.525215376,25164833.675197665,0.5245901639344263,0.4098360655737705,-0.18775717673673212,-0.08718082464556955,0.0,0.0,0.0
0.30000000000000004,0.2,0.05,0.30000000000000004,0.15000000000000002,"(0.3, 0.2, 0.05, 0.3, 0.15)",0.05596977165174466,0.05478219269516597,1.0216781931892895,0.0601580065221875,27767128.501789648,-0.13937689849493717,-0.1834934222234051,0.038613485574531384,0.0,61.0,22818328.82831574,23092608.65191121,19965677.841642816,24523414.926552866,0.5245901639344263,0.3442622950819672,-0.1857516462035924,-0.059034396492615965,0.0,0.0,0.0
0.25,0.25,0.0,0.30000000000000004,0.2,"(0.25, 0.25, 0.0, 0.3, 0.2)",0.055841264417887615,0.05665629766139904,0.9856144281014902,0.0601580065221875,27802337.993057813,-0.1373067919702491,-0.17373417640026037,0.040241274205507285,0.0,61.0,22895857.806054078,23084075.94459713,19320620.08652642,25421525.048366793,0.5245901639344263,0.3442622950819672,-0.1770382863967998,-0.05035432281903219,0.0,0.0,0.0
0.1,0.2,0.0,0.35000000000000003,0.35000000000000003,"(0.1, 0.2, 0.0, 0.35, 0.35)",0.05516354915998911,0.05494282629562287,1.0040173190796309,0.0601580065221875,27597703.06573016,-0.13513836293609505,-0.173704247976657,0.04208507365710751,0.0,61.0,22988967.767826144,23127136.184579205,19689023.410461966,24906298.505022053,0.5245901639344263,0.3442622950819672,-0.17574583307487063,-0.06553831657172388,0.0,0.0,0.0
0.25,0.2,0.05,0.35000000000000003,0.15000000000000002,"(0.25, 0.2, 0.05, 0.35, 0.15)",0.05575452673740933,0.05592406626202781,0.9969683977587731,0.0601580065221875,27706941.20925222,-0.14260393098682367,-0.1889992294367059,0.039510625080338944,0.0,61.0,22771373.85052176,23090088.25621136,20012884.489331316,24551289.86581556,0.5245901639344263,0.26229508196721313,-0.19142011889945632,-0.05843637016015252,0.0,0.0,0.0
0.35000000000000003,0.15000000000000002,0.1,0.2,0.2,"(0.35, 0.15, 0.1, 0.2, 0.2)",0.057137711692031745,0.0561502690214817,1.017585715754492,0.0601580065221875,28007621.364226803,-0.14721502689242671,-0.2002793217251669,0.039644220228373814,0.0,61.0,22914227.248730984,23197611.663762882,20336180.19058328,24981739.63713731,0.5245901639344263,0.2459016393442623,-0.2018647973560575,-0.0785756813980844,0.0,0.0,0.0
0.25,0.25,0.0,0.2,0.30000000000000004,"(0.25, 0.25, 0.0, 0.2, 0.3)",0.05697579726515323,0.0582083364490579,0.9788253838007662,0.0601580065221875,28100809.2586502,-0.14528954921398107,-0.18270335328961537,0.04289979749032561,0.0,61.0,23079891.02386838,23045677.609027952,19056418.00985823,26149405.05721084,0.5245901639344263,0.2459016393442623,-0.1857754931509468,-0.061686926294297804,0.0,0.0,0.0
0.2,0.25,0.0,0.30000000000000004,0.25,"(0.2, 0.25, 0.0, 0.3, 0.25)",0.05621580842266338,0.05815599593057567,0.9666382205847115,0.0601580065221875,27896137.12982488,-0.14373825408110363,-0.18254150176719453,0.042467675353724005,0.0,61.0,22939460.072410636,23081221.439844884,19235843.59897445,25625948.141622897,0.5245901639344263,0.2459016393442623,-0.1857087004094424,-0.055351603785438463,0.0,0.0,0.0
0.2,0.1,0.1,0.30000000000000004,0.30000000000000004,"(0.2, 0.1, 0.1, 0.3, 0.3)",0.05579185112047691,0.055369087603895584,1.0076353708337353,0.0601580065221875,27630052.20276626,-0.14444352694167417,-0.20156637047819276,0.04015875803756487,0.0,61.0,22916335.65590406,23142900.50621237,19840322.303687863,25102535.15547868,0.5245901639344263,0.2459016393442623,-0.20217017936247278,-0.08273325068015368,0.0,0.0,0.0
0.2,0.2,0.05,0.35000000000000003,0.2,"(0.2, 0.2, 0.05, 0.35, 0.2)",0.056132115246918746,0.057388930190469464,0.9781000457861918,0.0601580065221875,27801309.76097039,-0.14863439402471246,-0.19771255312152952,0.04173702622855566,0.0,61.0,22813198.121296294,23138064.919298775,19925229.551640682,24568932.185636014,0.5245901639344263,0.19672131147540983,-0.20000692497647327,-0.06335775634924819,0.0,0.0,0.0
0.35000000000000003,0.15000000000000002,0.1,0.15000000000000002,0.25,"(0.35, 0.15, 0.1, 0.15, 0.25)",0.05769798155482486,0.05704411417803053,1.0114624862918138,0.0601580065221875,28155521.2185836,-0.15009203451182684,-0.20355050526175028,0.04097348187078297,0.0,61.0,22997746.602751017,23440805.22333324,20195139.13605711,24965919.722981047,0.5245901639344263,0.18032786885245902,-0.20517926034254788,-0.08444055069909928,0.0,0.0,0.0
0.30000000000000004,0.05,0.15000000000000002,0.15000000000000002,0.35000000000000003,"(0.3, 0.05, 0.15, 0.15, 0.35)",0.05693705501319912,0.05954789009537962,0.9561557079856458,0.0601580065221875,27872056.353433844,-0.16099841637153378,-0.23352826101260363,0.04029235318559974,0.0,61.0,23036949.619913187,23087153.102210164,19585035.959616575,25505011.519095656,0.5245901639344263,0.14754098360655737,-0.23330812871953535,-0.09771409715004327,0.0,0.0,0.0
0.30000000000000004,0.15000000000000002,0.1,0.2,0.25,"(0.3, 0.15, 0.1, 0.2, 0.25)",0.05750026855628687,0.05785156676584284,0.9939275938544955,0.0601580065221875,28099181.65678499,-0.15325660278419928,-0.20924960954514188,0.041870621376590526,0.0,61.0,22953466.50064519,23345373.341490597,20244954.107869223,24997157.800487224,0.5245901639344263,0.11475409836065574,-0.21084481519473094,-0.08369886218429357,0.0,0.0,0.0
0.05,0.25,0.0,0.35000000000000003,0.35000000000000003,"(0.05, 0.25, 0.0, 0.35, 0.35)",0.05673033036595987,0.06235994731800259,0.9097238340607527,0.0601580065221875,28018686.47398546,-0.15937885465104595,-0.20526042347337803,0.04781761715596499,0.0,61.0,22973698.06622142,23083106.2429184,19110284.05033019,25876777.58378363,0.5245901639344263,0.11475409836065574,-0.20864464160398644,-0.06505725102157953,0.0,0.0,0.0
0.1,0.25,0.0,0.35000000000000003,0.30000000000000004,"(0.1, 0.25, 0.0, 0.35, 0.3)",0.05637300389633304,0.06069782787066438,0.9287482909018306,0.0601580065221875,27928869.87687812,-0.15284105939228776,-0.19612409543231005,0.04559121600774828,0.0,61.0,22932414.053834278,23089634.590710405,19196440.819372147,25672252.523711227,0.5245901639344263,0.11475409836065574,-0.19962473740357242,-0.05981283112477635,0.0,0.0,0.0
0.35000000000000003,0.2,0.1,0.2,0.15000000000000002,"(0.35, 0.2, 0.1, 0.2, 0.15)",0.05834852873413343,0.06179825483912821,0.9441776128796028,0.0601580065221875,28342671.591135655,-0.1684865209129477,-0.22889883440614553,0.04315036257901458,0.0,61.0,22854282.042910427,23089924.666070472,19832503.201777935,24923692.910190072,0.5245901639344263,0.09836065573770492,-0.23160839631416358,-0.07400786479726744,0.0,0.0,0.0
0.30000000000000004,0.25,0.05,0.2,0.2,"(0.3, 0.25, 0.05, 0.2, 0.2)",0.05829970258836603,0.062244396903518844,0.9366257123309069,0.0601580065221875,28397280.266966656,-0.16644988150563866,-0.21742553398495953,0.04477815120999048,0.0,61.0,22934262.83378056,23071110.862182822,19200708.856564637,25796607.911509052,0.5245901639344263,0.09836065573770492,-0.22099005547201178,-0.0659362079115481,0.0,0.0,0.0
0.30000000000000004,0.1,0.15000000000000002,0.2,0.25,"(0.3, 0.1, 0.15, 0.2, 0.25)",0.05774398032758743,0.06171729739806312,0.9356206892072952,0.0601580065221875,28096987.380225863,-0.1721441878138027,-0.2482446852586735,0.04246923389383135,0.0,61.0,22911219.84304085,23209047.32474132,19590425.23547805,25485939.862031218,0.5245901639344263,0.09836065573770492,-0.24896319311389617,-0.09638820077378882,0.0,0.0,0.0
0.15000000000000002,0.25,0.05,0.35000000000000003,0.2,"(0.15, 0.25, 0.05, 0.35, 0.2)",0.05765020353115746,0.06526012748840745,0.8833909118764472,0.0601580065221875,28212236.61689076,-0.17577664271371707,-0.23425112727192976,0.04746956972741315,0.0,61.0,22788986.58790045,23036854.514928363,19337385.161253687,25321351.06214138,0.5245901639344263,0.09836065573770492,-0.23878695382915996,-0.06361732178274501,0.0,0.0,0.0
0.2,0.15000000000000002,0.1,0.25,0.30000000000000004,"(0.2, 0.15, 0.1, 0.25, 0.3)",0.057648824126510956,0.060534429933915807,0.9523311640903366,0.0601580065221875,28130464.812630914,-0.16290690606440406,-0.22485769096736197,0.0449941620306148,0.0,61.0,22946603.331012443,23395792.790712062,20197137.219777558,25041266.461141683,0.5245901639344263,0.09836065573770492,-0.22644173334963538,-0.08813761872334572,0.0,0.0,0.0
0.25,0.1,0.15000000000000002,0.25,0.25,"(0.25, 0.1, 0.15, 0.25, 0.25)",0.05753262903315637,0.06267738656034813,0.917916846736451,0.0601580065221875,28037472.956661977,-0.1753233425981786,-0.2545528617163317,0.043366373399638905,0.0,61.0,22868191.21295537,23083514.71767382,19414225.675669648,25515992.105898943,0.5245901639344263,0.09836065573770492,-0.25519599244275315,-0.0954002658864386,0.0,0.0,0.0
0.25,0.25,0.05,0.30000000000000004,0.15000000000000002,"(0.25, 0.25, 0.05, 0.3, 0.15)",0.05750177384555233,0.06277304249506095,0.916026554712186,0.0601580065221875,28181200.11772201,-0.16675472286772586,-0.21994643975774777,0.04434602907338887,0.0,61.0,22796531.62772238,23017922.61007496,19378216.77039979,25275409.675319996,0.5245901639344263,0.09836065573770492,-0.22409494266450344,-0.05924733175652454,0.0,0.0,0.0
0.15000000000000002,0.15000000000000002,0.1,0.30000000000000004,0.30000000000000004,"(0.15, 0.15, 0.1, 0.3, 0.3)",0.057435848880535545,0.06153548730104586,0.9333776557183348,0.0601580065221875,28070308.273963507,-0.1661291594860732,-0.23086855111783597,0.04589130153642236,0.0,61.0,22901019.098271992,23298257.164652646,20015135.209198393,25070336.050379734,0.5245901639344263,0.09836065573770492,-0.23240762492314063,-0.08737726574476208,0.0,0.0,0.0
0.35000000000000003,0.1,0.15000000000000002,0.2,0.2,"(0.35, 0.1, 0.15, 0.2, 0.2)",0.057387227350294445,0.06003791500121759,0.9558497717505781,0.0601580065221875,28006827.831595454,-0.16547838768817413,-0.23757090179348656,0.040242832745614625,0.0,61.0,22874459.32467755,23091469.08411023,19593217.42854722,25471149.141486894,0.5245901639344263,0.09836065573770492,-0.23832461941877878,-0.09114842771376959,0.0,0.0,0.0
0.25,0.15000000000000002,0.1,0.25,0.25,"(0.25, 0.15, 0.1, 0.25, 0.25)",0.05729482610340031,0.0587747415948576,0.9748205529909676,0.0601580065221875,28040990.819545068,-0.15641733087540277,-0.2150043174702374,0.04276776088239809,0.0,61.0,22908678.170612812,23249182.576618608,20201074.64234287,25027284.799683347,0.5245901639344263,0.09836065573770492,-0.21656248138235407,-0.08296313698904548,0.0,0.0,0.0
0.1,0.15000000000000002,0.1,0.35000000000000003,0.30000000000000004,"(0.1, 0.15, 0.1, 0.35, 0.3)",0.05721515337065264,0.06263951504204926,0.9134035174481268,0.0601580065221875,28008318.438070886,-0.16934805805262199,-0.23693889344424754,0.04678844104222992,0.0,61.0,22854932.05329846,23199983.200786907,19834072.86866394,25098285.963450797,0.5245901639344263,0.09836065573770492,-0.23842930704056287,-0.08649945254527612,0.0,0.0,0.0
0.2,0.15000000000000002,0.1,0.30000000000000004,0.25,"(0.2, 0.15, 0.1, 0.3, 0.25)",0.05708166082095145,0.05980828018924069,0.9544106709027265,0.0601580065221875,27980960.886302862,-0.15957418595004524,-0.2208145737878821,0.04366490038820564,0.0,61.0,22863384.26601134,23152245.712149084,20019008.72776879,25056296.722026072,0.5245901639344263,0.09836065573770492,-0.22233215751925814,-0.08219329963090374,0.0,0.0,0.0
0.15000000000000002,0.35000000000000003,0.05,0.1,0.35000000000000003,"(0.15, 0.35, 0.05, 0.1, 0.35)",0.06256735420550541,0.0817779646973111,0.765088180380731,0.0601580065221875,29578605.15366059,-0.23052980362501418,-0.30137622597965513,0.0611281626407405,1.0,61.0,23083732.03742845,23077155.808713775,17728106.56861304,28830264.22657013,0.5245901639344263,0.06557377049180328,-0.30846832583453093,-0.08482404787560345,0.0,0.0,0.0
0.30000000000000004,0.2,0.15000000000000002,0.0,0.35000000000000003,"(0.3, 0.2, 0.15, 0.0, 0.35)",0.06236143953350948,0.07500320227762464,0.8314503599816762,0.0601580065221875,29370143.343371727,-0.21485348511529812,-0.30165533413400214,0.05479856516474954,1.0,61.0,23105912.076381244,23466284.23812142,19227175.902507875,26163936.265634913,0.5245901639344263,0.06557377049180328,-0.30501379240359033,-0.11384558366646949,0.0,0.0,0.0
0.25,0.2,0.15000000000000002,0.05,0.35000000000000003,"(0.25, 0.2, 0.15, 0.05, 0.35)",0.06216333561915777,0.07562171724732879,0.8220302035174106,0.0601580065221875,29311564.813318014,-0.2178419755888218,-0.3079546596591127,0.055695704670557095,1.0,61.0,23061095.858075682,23439268.52138945,19275028.270329606,26003799.72815665,0.5245901639344263,0.06557377049180328,-0.3112680938205543,-0.11270868818943616,0.0,0.0,0.0
0.30000000000000004,0.35000000000000003,0.05,0.05,0.25,"(0.3, 0.35, 0.05, 0.05, 0.25)",0.062091334607707216,0.07819152472431028,0.7940928997948367,0.0601580065221875,29459974.407231227,-0.21951764787453876,-0.28415992766978077,0.05577822083849951,1.0,61.0,23057072.39488324,23040966.92500805,17850294.234125853,28551771.234145917,0.5245901639344263,0.06557377049180328,-0.29128735655755694,-0.07417398243316056,0.0,0.0,0.0
0.35000000000000003,0.2,0.15000000000000002,0.0,0.30000000000000004,"(0.35, 0.2, 0.15, 0.0, 0.3)",0.062033532948476244,0.07327224201960078,0.8466170986262695,0.0601580065221875,29283935.33618149,-0.20860053968530623,-0.29165832501160704,0.05257216401653282,1.0,61.0,23071749.02226132,23407214.99226388,19318655.166899227,25956713.93797569,0.5245901639344263,0.06557377049180328,-0.2949682342339506,-0.10802830018804802,0.0,0.0,0.0
0.2,0.2,0.15000000000000002,0.1,0.35000000000000003,"(0.2, 0.2, 0.15, 0.1, 0.35)",0.061957441926311585,0.07633283398606745,0.8116748545929827,0.0601580065221875,29251044.809714574,-0.22082775931626542,-0.31431276431547994,0.056592844176364655,1.0,61.0,23015769.770107605,23379049.244523924,19322190.188981883,25843888.888910957,0.5245901639344263,0.06557377049180328,-0.3175775649220393,-0.11158169497062659,0.0,0.0,0.0
0.30000000000000004,0.2,0.15000000000000002,0.05,0.30000000000000004,"(0.3, 0.2, 0.15, 0.05, 0.3)",0.06183519503232393,0.07390768808327751,0.8366544352280297,0.0601580065221875,29225452.10367803,-0.21137254357818014,-0.297474981633201,0.053469303522340375,1.0,61.0,23027211.577251576,23333948.342519756,19366669.821654655,25797890.551175706,0.5245901639344263,0.06557377049180328,-0.30075993718365707,-0.10693654560429333,0.0,0.0,0.0
0.15000000000000002,0.2,0.15000000000000002,0.15000000000000002,0.35000000000000003,"(0.15, 0.2, 0.15, 0.15, 0.35)",0.0617437651160071,0.07713399138270399,0.8004741360998998,0.0601580065221875,29188596.060505766,-0.2238107927096894,-0.3207296143986968,0.057489983682172216,1.0,61.0,22969936.49579834,23281784.138017964,19368656.246255282,25684211.899545603,0.5245901639344263,0.06557377049180328,-0.32394212445568543,-0.1104645415901637,0.0,0.0,0.0
0.25,0.2,0.15000000000000002,0.1,0.30000000000000004,"(0.25, 0.2, 0.15, 0.1, 0.3)",0.06162907163863629,0.0746375570502147,0.8257112648686163,0.0601580065221875,29165034.116362017,-0.21438394943015615,-0.30377810257878485,0.054366443028147936,1.0,61.0,22982164.191694334,23238003.50788369,19413990.909337614,25639290.615444355,0.5245901639344263,0.06557377049180328,-0.307018768655475,-0.10585448173783057,0.0,0.0,0.0
0.2,0.30000000000000004,0.1,0.2,0.2,"(0.2, 0.3, 0.1, 0.2, 0.2)",0.06158285940450692,0.0791394833991926,0.7781559439031567,0.0601580065221875,29235548.739396345,-0.22732091151184775,-0.31133210126745764,0.056841850724946276,1.0,61.0,22823011.883744165,23024281.187631514,18582666.85736502,26825636.247269027,0.5245901639344263,0.06557377049180328,-0.31777437144817516,-0.08010732883214909,0.0,0.0,0.0
0.35000000000000003,0.2,0.15000000000000002,0.05,0.25,"(0.35, 0.2, 0.15, 0.05, 0.25)",0.06149810030043157,0.07226621359735429,0.8509938080204476,0.0601580065221875,29137207.453889433,-0.20550153657788384,-0.28814176966786387,0.051242902374123656,1.0,61.0,22992261.396054424,23191685.38597192,19457700.567821074,25592684.959927335,0.5245901639344263,0.06557377049180328,-0.2913757281127088,-0.10126174136267209,0.0,0.0,0.0
0.30000000000000004,0.30000000000000004,0.1,0.15000000000000002,0.15000000000000002,"(0.3, 0.3, 0.1, 0.15, 0.15)",0.06145199902243248,0.07690177236195785,0.799097304717412,0.0601580065221875,29207986.566305153,-0.2211790771472072,-0.3007395249264153,0.05371831007092201,1.0,61.0,22833761.882501263,23031788.323371343,18624241.13192964,26837082.018140927,0.5245901639344263,0.06557377049180328,-0.3068045242744916,-0.07551668220789627,0.0,0.0,0.0
0.2,0.25,0.1,0.15000000000000002,0.30000000000000004,"(0.2, 0.25, 0.1, 0.15, 0.3)",0.06110907723667047,0.07318631684882536,0.8349795408190606,0.0601580065221875,29089523.26507456,-0.2094749930001265,-0.28635691663449114,0.054664970016714665,1.0,61.0,22985498.056383613,23111465.43196801,18938297.6322136,26420609.611077916,0.5245901639344263,0.06557377049180328,-0.29064215903896323,-0.09162423115534811,0.0,0.0,0.0
0.30000000000000004,0.30000000000000004,0.05,0.05,0.30000000000000004,"(0.3, 0.3, 0.05, 0.05, 0.3)",0.06106411332151307,0.07136232859089625,0.8556911542444128,0.0601580065221875,29160522.014284283,-0.19587482572063153,-0.2530213727955766,0.05227207848785874,1.0,61.0,23132038.001362626,23068687.3984685,18322959.84965879,27724522.25511485,0.5245901639344263,0.06557377049180328,-0.25822775081571686,-0.07962674455637195,0.0,0.0,0.0
0.05,0.25,0.1,0.25,0.35000000000000003,"(0.05, 0.25, 0.1, 0.25, 0.35)",0.06100485124056032,0.07660513081499393,0.7963546382799184,0.0601580065221875,29049060.306745406,-0.2210941038415153,-0.3074058672078657,0.0586856501765465,1.0,61.0,22924535.775258046,23097196.096906405,18939140.55634373,26301776.497575007,0.5245901639344263,0.06557377049180328,-0.3116885209347001,-0.09526768586250332,0.0,0.0,0.0
0.35000000000000003,0.05,0.25,0.0,0.35000000000000003,"(0.35, 0.05, 0.25, 0.0, 0.35)",0.06099840163564574,0.07884926237469142,0.7736077649754229,0.0601580065221875,28858093.723167207,-0.23068809423420433,-0.3625818571125453,0.051516713039836716,1.0,61.0,23020291.38478677,23337335.481459815,18883008.746567268,26290287.76027009,0.5245901639344263,0.06557377049180328,-0.3618884176805036,-0.13704280799514387,0.0,0.0,0.0
0.35000000000000003,0.15000000000000002,0.15000000000000002,0.0,0.35000000000000003,"(0.35, 0.15, 0.15, 0.0, 0.35)",0.060827187303778674,0.06849333196977977,0.8880745841159616,0.0601580065221875,28940339.951142687,-0.19404216929565443,-0.27358120121077095,0.049066021665892044,1.0,61.0,23133426.7563208,23528111.896177407,19808107.79839343,25341248.27356893,0.5245901639344263,0.06557377049180328,-0.2756264559339943,-0.1126968228797329,0.0,0.0,0.0
0.30000000000000004,0.05,0.25,0.05,0.35000000000000003,"(0.3, 0.05, 0.25, 0.05, 0.35)",0.060797779595505475,0.07947881246963127,0.7649558128304472,0.0601580065221875,28800171.822582062,-0.23361239897590225,-0.36969454367842275,0.05238161287439316,1.0,61.0,22980711.224086102,23269063.557597816,18714424.728206683,26323651.388878305,0.5245901639344263,0.06557377049180328,-0.3688580757651728,-0.13861207744923895,0.0,0.0,0.0
0.30000000000000004,0.15000000000000002,0.15000000000000002,0.05,0.35000000000000003,"(0.3, 0.15, 0.15, 0.05, 0.35)",0.06063816185422377,0.0690469763827692,0.8782160353853834,0.0601580065221875,28884954.63144294,-0.19710521656139135,-0.2798205394927377,0.04996316117169961,1.0,61.0,23090254.347200997,23453115.837532736,19858212.96323718,25374679.727776513,0.5245901639344263,0.06557377049180328,-0.28180836743445487,-0.1115736500648047,0.0,0.0,0.0
0.35000000000000003,0.25,0.1,0.1,0.2,"(0.35, 0.25, 0.1, 0.1, 0.2)",0.06062149243874937,0.06930318251651614,0.8747288398235136,0.0601580065221875,28969189.580648776,-0.19490311307522168,-0.2627347964576942,0.04931502821447367,1.0,61.0,22957436.714267824,23129759.462057818,19067467.964430682,26162661.553542238,0.5245901639344263,0.06557377049180328,-0.2669209497512695,-0.0814724824586815,0.0,0.0,0.0
0.35000000000000003,0.1,0.2,0.05,0.30000000000000004,"(0.35, 0.1, 0.2, 0.05, 0.3)",0.060457335762748476,0.0717979488695699,0.8420482299929892,0.0601580065221875,28774090.90760896,-0.20905255343697182,-0.3120719204236917,0.048565431095208285,1.0,61.0,23003674.12813199,23226823.297352515,19493172.507929586,25845945.39293737,0.5245901639344263,0.06557377049180328,-0.3128951000907597,-0.11829842595687944,0.0,0.0,0.0
0.25,0.15000000000000002,0.15000000000000002,0.1,0.35000000000000003,"(0.25, 0.15, 0.15, 0.1, 0.35)",0.060441365977712325,0.06970313499589414,0.8671255027664483,0.0601580065221875,28827649.667618107,-0.20016543987726987,-0.28612015159842474,0.05086030067750716,1.0,61.0,23046565.30439683,23377206.007946946,19907613.09451515,25406984.249920502,0.5245901639344263,0.06557377049180328,-0.28804678561696245,-0.11046017406019858,0.0,0.0,0.0
0.30000000000000004,0.25,0.1,0.15000000000000002,0.2,"(0.3, 0.25, 0.1, 0.15, 0.2)",0.060413094940223955,0.07010850228512594,0.8617085370691346,0.0601580065221875,28908485.61567265,-0.19790092653376457,-0.26857131663373235,0.050212167720281226,1.0,61.0,22910643.322986603,23197088.093048204,19113664.345391754,26001625.68039176,0.5245901639344263,0.06557377049180328,-0.272747576270047,-0.08057667668273527,0.0,0.0,0.0
0.2,0.1,0.2,0.15000000000000002,0.35000000000000003,"(0.2, 0.1, 0.2, 0.15, 0.35)",0.060371749883296966,0.07505502786790472,0.8043664974656992,0.0601580065221875,28739780.736861914,-0.2214776595607153,-0.33663859873445146,0.05243000702948683,1.0,61.0,22951569.102056995,23254050.235003926,19138223.99764531,25918574.53747716,0.5245901639344263,0.06557377049180328,-0.3371968198520986,-0.12158491448621535,0.0,0.0,0.0
0.15000000000000002,0.25,0.1,0.25,0.25,"(0.15, 0.25, 0.1, 0.25, 0.25)",0.060325831225583215,0.07345775440169867,0.8212316278509626,0.0601580065221875,28872688.03633085,-0.20963316979734048,-0.2893622267184775,0.05423284788011306,1.0,61.0,22852934.816778954,23173126.924270976,19116312.491828583,25886728.71943864,0.5245901639344263,0.06557377049180328,-0.2935576474807076,-0.08420228017479264,0.0,0.0,0.0
0.35000000000000003,0.15000000000000002,0.15000000000000002,0.05,0.30000000000000004,"(0.35, 0.15, 0.15, 0.05, 0.3)",0.06030477244317067,0.06723243670674546,0.8969594945101889,0.0601580065221875,28798603.39194034,-0.19051871627858807,-0.2692689667797753,0.04773676002348289,1.0,61.0,23055536.255453322,23324304.86192676,19951750.66978628,25364640.511659548,0.5245901639344263,0.06557377049180328,-0.27125752314051405,-0.10591286903357588,0.0,0.0,0.0
0.30000000000000004,0.1,0.2,0.1,0.30000000000000004,"(0.3, 0.1, 0.2, 0.1, 0.3)",0.06025447414770135,0.07251284160660633,0.8309490127912988,0.0601580065221875,28715584.40990937,-0.21206851390030046,-0.3187424470018374,0.04949624349309204,1.0,61.0,22962054.60704926,23262084.12494969,19318735.02400961,25878143.887341112,0.5245901639344263,0.06557377049180328,-0.31946821625819805,-0.11714557482968871,0.0,0.0,0.0
0.25,0.25,0.1,0.2,0.2,"(0.25, 0.25, 0.1, 0.2, 0.2)",0.060196927788273014,0.07100962424757924,0.8477291413117872,0.0601580065221875,28845883.33621505,-0.20089522395135928,-0.2744607815060876,0.051109307226088786,1.0,61.0,22863352.908261783,23127345.99882492,19159171.683376666,25840826.847092222,0.5245901639344263,0.06557377049180328,-0.2786239296337269,-0.07968985989979799,0.0,0.0,0.0
0.15000000000000002,0.1,0.2,0.2,0.35000000000000003,"(0.15, 0.1, 0.2, 0.2, 0.35)",0.06015361232304217,0.07593319510784322,0.7921912443906742,0.0601580065221875,28677385.85189434,-0.22446257028979422,-0.3434918198808349,0.05336081942737058,0.0,61.0,22908639.301511467,23287544.23435671,18965651.901096825,25948523.08589054,0.5245901639344263,0.06557377049180328,-0.34393909500126646,-0.12040759451077837,0.0,0.0,0.0
0.1,0.25,0.1,0.30000000000000004,0.25,"(0.1, 0.25, 0.1, 0.3, 0.25)",0.06009433928960228,0.07451598821666122,0.8064623542919831,0.0601580065221875,28806186.73853231,-0.21259772755210682,-0.2954008936081123,0.05512998738592062,0.0,61.0,22804367.363941427,23073888.20121883,19160283.895574905,25725095.2244681,0.5245901639344263,0.06557377049180328,-0.2997497921801657,-0.08329084876719159,0.0,0.0,0.0
0.35000000000000003,0.25,0.1,0.15000000000000002,0.15000000000000002,"(0.35, 0.25, 0.1, 0.15, 0.15)",0.060051808443976284,0.06869658069585328,0.8741600795219955,0.0601580065221875,28814884.374684624,-0.19209737672178584,-0.2597416599033218,0.047985766572064506,0.0,61.0,22871657.42130413,23079054.167544596,19200425.85071103,25797002.104847938,0.5245901639344263,0.06557377049180328,-0.26385833116806007,-0.07519622396690709,0.0,0.0,0.0
0.25,0.1,0.2,0.15000000000000002,0.30000000000000004,"(0.25, 0.1, 0.2, 0.15, 0.3)",0.060043859385620735,0.07332238806275412,0.8189021248766646,0.0601580065221875,28655182.479369693,-0.21508167273873136,-0.32547541207138303,0.0504270558909758,0.0,61.0,22919913.607071962,23296414.47060024,19145180.281985436,25909188.677315418,0.5245901639344263,0.06557377049180328,-0.3260995194663076,-0.11600229629813301,0.0,0.0,0.0
0.2,0.25,0.1,0.25,0.2,"(0.2, 0.25, 0.1, 0.25, 0.2)",0.05997299778595244,0.07200295158029428,0.8329241575475332,0.0601580065221875,28781395.831265885,-0.20388597294226718,-0.28040310966373316,0.05200644673189635,0.0,61.0,22815568.29379638,23031970.949465122,19203984.750117354,25680273.17617162,0.5245901639344263,0.06557377049180328,-0.28454988386364904,-0.07881196287031036,0.0,0.0,0.0
0.1,0.1,0.2,0.25,0.35000000000000003,"(0.1, 0.1, 0.2, 0.25, 0.35)",0.05992773073965396,0.07689822291634926,0.7793122970454598,0.0601580065221875,28613114.739384376,-0.2274446500709959,-0.35040740938766674,0.05429163182525434,0.0,61.0,22865193.046629325,23289504.63674264,18793970.68606307,25977309.206692617,0.5245901639344263,0.06557377049180328,-0.35073936138784034,-0.11923994211244458,0.0,0.0,0.0
0.35000000000000003,0.1,0.2,0.1,0.25,"(0.35, 0.1, 0.2, 0.1, 0.25)",0.05991789678628834,0.07083094996286446,0.8459281827746534,0.0601580065221875,28628792.00244354,-0.20562729886985254,-0.3076951718204034,0.047493292354581,0.0,61.0,22929065.961395092,23303247.77134931,19324535.752729323,25867239.34903086,0.5245901639344263,0.06557377049180328,-0.3084773426789327,-0.11161273093466191,0.0,0.0,0.0
0.2,0.1,0.2,0.2,0.30000000000000004,"(0.2, 0.1, 0.2, 0.2, 0.3)",0.0598254981184263,0.07422349117333653,0.8060183800666809,0.0601580065221875,28592897.800565332,-0.21809198625262682,-0.33227077783558495,0.05135786828885955,0.0,61.0,22877253.539932378,23320426.828371495,18972513.140707195,25939075.6212355,0.5245901639344263,0.06557377049180328,-0.3327889227860065,-0.11486853478652777,0.0,0.0,0.0
0.1,0.15000000000000002,0.15000000000000002,0.25,0.35000000000000003,"(0.1, 0.15, 0.15, 0.25, 0.35)",0.05980442149029064,0.07225659287880143,0.8276673325934802,0.0601580065221875,28644339.464744452,-0.20932872791934798,-0.3053804137733525,0.053551719194929834,0.0,61.0,22912424.220640406,23130578.026079122,19563441.22916901,25497094.01307965,0.5245901639344263,0.06557377049180328,-0.3071003764694925,-0.10717733043114033,0.0,0.0,0.0
0.30000000000000004,0.1,0.2,0.15000000000000002,0.25,"(0.3, 0.1, 0.2, 0.15, 0.25)",0.05970705926712627,0.07166201926893745,0.8331757865076911,0.0601580065221875,28568499.386409283,-0.20866597640454787,-0.3143705133558961,0.04842410475246476,0.0,61.0,22887196.473769236,23337479.72558603,19150896.7020442,25898220.857536703,0.5245901639344263,0.06557377049180328,-0.31505597855069634,-0.11051247946561955,0.0,0.0,0.0
0.05,0.1,0.2,0.30000000000000004,0.35000000000000003,"(0.05, 0.1, 0.2, 0.3, 0.35)",0.059694111953363604,0.07794688520699353,0.7658306267767034,0.0601580065221875,28546980.836617906,-0.23042385548355548,-0.35738531043092764,0.05522244422313809,0.0,61.0,22821232.83408603,23094614.068074875,18623184.932303037,26004929.041804984,0.5245901639344263,0.06557377049180328,-0.3575975141321665,-0.11972644604963685,0.0,0.0,0.0
0.2,0.15000000000000002,0.15000000000000002,0.2,0.30000000000000004,"(0.2, 0.15, 0.15, 0.2, 0.3)",0.05969043998566792,0.06956357652322834,0.8580703145091508,0.0601580065221875,28621292.66964267,-0.19976858119176955,-0.28818190769241087,0.05042817854090556,0.0,61.0,22923767.211257607,23086486.783797882,19748758.915020242,25457976.48584644,0.5245901639344263,0.06557377049180328,-0.2899891673532575,-0.10273214282575167,0.0,0.0,0.0
0.15000000000000002,0.1,0.2,0.25,0.30000000000000004,"(0.15, 0.1, 0.2, 0.25, 0.3)",0.059599397076160354,0.07521286027046534,0.7924096605532752,0.0601580065221875,28528743.42172653,-0.22109941089137963,-0.339128498239814,0.052288680686743305,0.0,61.0,22834076.847722974,23126084.059764113,18800738.310036786,25967800.723356243,0.5245901639344263,0.06557377049180328,-0.33953633136820066,-0.1141974248688045,0.0,0.0,0.0
0.05,0.15000000000000002,0.15000000000000002,0.30000000000000004,0.35000000000000003,"(0.05, 0.15, 0.15, 0.3, 0.35)",0.05957661005047554,0.07329141780998451,0.8128729369778873,0.0601580065221875,28579480.31991919,-0.21237721794117448,-0.31192086459144247,0.05444885870073739,0.0,61.0,22866694.632576495,23064642.076847274,19385976.905790392,25524849.309931383,0.5245901639344263,0.06557377049180328,-0.3135640794797608,-0.10610204407910796,0.0,0.0,0.0
0.30000000000000004,0.15000000000000002,0.15000000000000002,0.15000000000000002,0.25,"(0.3, 0.15, 0.15, 0.15, 0.25)",0.0595602601679468,0.06699026460934907,0.8890882953705285,0.0601580065221875,28594072.234643545,-0.19013349175805505,-0.27121150381466375,0.04730463788688128,0.0,61.0,22932990.255430166,23039886.099062763,19933902.43704624,25416292.59081018,0.5245901639344263,0.06557377049180328,-0.2730885898474335,-0.09830366594452121,0.0,0.0,0.0
0.25,0.1,0.2,0.2,0.25,"(0.25, 0.1, 0.2, 0.2, 0.25)",0.05948847949799685,0.07258622593945935,0.8195560346065286,0.0601580065221875,28506330.697306253,-0.21170175056324403,-0.3211082384924398,0.049354917150348517,0.0,61.0,22844807.78857463,23155809.314953107,18978146.62022158,25928045.15762733,0.5245901639344263,0.06557377049180328,-0.32169272594341036,-0.1094215423319288,0.0,0.0,0.0
0.2,0.2,0.1,0.2,0.30000000000000004,"(0.2, 0.2, 0.1, 0.2, 0.3)",0.059421466333618556,0.06654259972398954,0.8929838416306461,0.0601580065221875,28617310.58211457,-0.18620016636063697,-0.25572852854081324,0.04982956602366473,0.0,61.0,22969661.57889842,23323962.78089197,19564388.169109296,25287641.378066517,0.5245901639344263,0.06557377049180328,-0.25853109903275057,-0.08999511114417409,0.0,0.0,0.0
0.05,0.2,0.1,0.30000000000000004,0.35000000000000003,"(0.05, 0.2, 0.1, 0.3, 0.35)",0.05932537536935567,0.0701883807927108,0.8452307162429473,0.0601580065221875,28579664.53456412,-0.1981128479035753,-0.27673433710446893,0.05385024618349657,0.0,61.0,22911509.96233102,23306107.707071733,19566141.62565469,25174914.967004243,0.5245901639344263,0.06557377049180328,-0.2794832203268636,-0.09352506778358358,0.0,0.0,0.0
0.30000000000000004,0.2,0.1,0.15000000000000002,0.25,"(0.3, 0.2, 0.1, 0.15, 0.25)",0.059279448708732474,0.06402193344268056,0.9259240625996702,0.0601580065221875,28587289.45372387,-0.17723975922627944,-0.24092283548885315,0.04670602536964046,0.0,61.0,22978172.443247244,23350943.003709134,19606833.911904957,25241591.30499237,0.5245901639344263,0.06557377049180328,-0.24372377284833954,-0.08549446162019857,0.0,0.0,0.0
0.15000000000000002,0.2,0.1,0.25,0.30000000000000004,"(0.15, 0.2, 0.1, 0.25, 0.3)",0.0592070937711322,0.06747027682515924,0.8775285437846944,0.0601580065221875,28555796.239402577,-0.1892402544436197,-0.26164619157677144,0.050726705529472296,0.0,61.0,22922929.951625463,23336212.490471687,19611082.496999867,25131575.477516964,0.5245901639344263,0.06557377049180328,-0.2644156974380445,-0.08904003784553086,0.0,0.0,0.0
0.0,0.2,0.1,0.35000000000000003,0.35000000000000003,"(0.0, 0.2, 0.1, 0.35, 0.35)",0.0590957130377765,0.07127521062884014,0.829120145930015,0.0601580065221875,28514297.780873578,-0.2011226753455514,-0.28280412294570856,0.05474738568930412,0.0,61.0,22863495.800205745,23301179.877029173,19611264.17973235,25060172.345947087,0.5245901639344263,0.06557377049180328,-0.2855090112215423,-0.09254549412957724,0.0,0.0,0.0
0.25,0.2,0.1,0.2,0.25,"(0.25, 0.2, 0.1, 0.2, 0.25)",0.05907262595738394,0.06487369359688135,0.9105790449431681,0.0601580065221875,28527772.44542953,-0.18030662905116257,-0.24674237879082292,0.047603164875448016,0.0,61.0,22932232.427585132,23316081.90456289,19654388.76028236,25086584.423265915,0.5245901639344263,0.06557377049180328,-0.24951757773085517,-0.08457271808565801,0.0,0.0,0.0
0.35000000000000003,0.1,0.15000000000000002,0.05,0.35000000000000003,"(0.35, 0.1, 0.15, 0.05, 0.35)",0.05901752442857755,0.06324778124311567,0.9331161231051316,0.0601580065221875,28439356.978007738,-0.17601729593522242,-0.25087683727931875,0.04423061767284211,0.0,61.0,23109296.866842538,23347155.132868156,20114614.398639463,25413608.418861058,0.5245901639344263,0.06557377049180328,-0.25174207584258995,-0.10976804634904054,0.0,0.0,0.0
0.1,0.2,0.1,0.30000000000000004,0.30000000000000004,"(0.1, 0.2, 0.1, 0.3, 0.3)",0.05898497534035041,0.06849417923497639,0.8611677079594797,0.0601580065221875,28492415.31502311,-0.19227671250556477,-0.2676179864582676,0.05162384503527985,0.0,61.0,22875699.789352577,23264880.443018656,19657068.27020562,25022355.385394476,0.5245901639344263,0.06557377049180328,-0.2703509743884537,-0.08809405823992793,0.0,0.0,0.0
0.30000000000000004,0.05,0.2,0.1,0.35000000000000003,"(0.3, 0.05, 0.2, 0.1, 0.35)",0.058940020332276966,0.0692308414613077,0.851354960999829,0.0601580065221875,28350766.15342493,-0.1979734509289981,-0.3000007083354648,0.04572636969589049,0.0,61.0,23015785.970306836,23097419.649618335,19153403.296578098,25923279.011492874,0.5245901639344263,0.06557377049180328,-0.2995160710362198,-0.1201053861024893,0.0,0.0,0.0
0.35000000000000003,0.2,0.1,0.15000000000000002,0.2,"(0.35, 0.2, 0.1, 0.15, 0.2)",0.058921991453623423,0.062413799727446824,0.9440539065227291,0.0601580065221875,28495610.852150623,-0.1713119331762717,-0.23202323658925772,0.04447962422142374,0.0,61.0,22939417.813401885,23279082.257325355,19696052.38691606,25039951.43627626,0.5245901639344263,0.06557377049180328,-0.23478926165463423,-0.08012392232465144,0.0,0.0,0.0
0.2,0.2,0.1,0.25,0.25,"(0.2, 0.2, 0.1, 0.25, 0.25)",0.058858054790149605,0.0658276380970637,0.8941237524482141,0.0601580065221875,28466382.81586626,-0.1833698382767539,-0.25261615214992666,0.04850030438125558,0.0,61.0,22885791.028272953,23245108.094603796,19701237.33976769,24982015.577321474,0.5245901639344263,0.06557377049180328,-0.2553622267509612,-0.08365993248454089,0.0,0.0,0.0
0.05,0.2,0.1,0.35000000000000003,0.30000000000000004,"(0.05, 0.2, 0.1, 0.35, 0.3)",0.05875511788895493,0.06961006091547002,0.8440607164574008,0.0601580065221875,28427181.02881343,-0.19530950791492807,-0.27364382999434095,0.052520984541087404,0.0,61.0,22827973.9106687,23181892.10741681,19702340.20517641,25049041.80269511,0.5245901639344263,0.06557377049180328,-0.27633680234328556,-0.08715710668544926,0.0,0.0,0.0
0.30000000000000004,0.2,0.1,0.2,0.2,"(0.3, 0.2, 0.1, 0.2, 0.2)",0.05871497071291598,0.06329006000376591,0.9277123565599763,0.0601580065221875,28436217.111150954,-0.17440201380860476,-0.2377989777296531,0.045376763727231297,0.0,61.0,22893769.72410024,23213179.74927813,19743763.164530918,24939167.717668477,0.5245901639344263,0.06557377049180328,-0.24054318558271146,-0.07924392726615961,0.0,0.0,0.0
0.15000000000000002,0.2,0.1,0.30000000000000004,0.25,"(0.15, 0.2, 0.1, 0.3, 0.25)",0.058635741965275434,0.06687939451988831,0.8767385289027787,0.0601580065221875,28403133.39450004,-0.18642935428272134,-0.25854408217372415,0.04939744388706313,0.0,61.0,22838851.01105458,23153815.69761347,19747374.279639512,25009767.98577642,0.5245901639344263,0.06557377049180328,-0.26125760152248834,-0.08275603882629176,0.0,0.0,0.0
0.1,0.30000000000000004,0.0,0.25,0.35000000000000003,"(0.1, 0.3, 0.0, 0.25, 0.35)",0.05862939335647899,0.06853628214464245,0.8554504493363754,0.0601580065221875,28544055.25259526,-0.17955541464635139,-0.22855182626033926,0.05175588164320738,0.0,61.0,23051237.56315024,23089092.836637188,18451364.113815594,27210038.303364668,0.5245901639344263,0.06557377049180328,-0.23332794556839825,-0.06689221026883523,0.0,0.0,0.0
0.25,0.2,0.1,0.25,0.2,"(0.25, 0.2, 0.1, 0.25, 0.2)",0.05850020577514048,0.06427032481258876,0.9102211004180567,0.0601580065221875,28374957.6856003,-0.17748837043775822,-0.24362897042037276,0.04627390323303886,0.0,61.0,22847620.20937275,23123155.702044506,19790764.62331913,24967979.9654145,0.5245901639344263,0.06557377049180328,-0.24634799822590955,-0.07837269202390727,0.0,0.0,0.0
0.1,0.2,0.1,0.35000000000000003,0.25,"(0.1, 0.2, 0.1, 0.35, 0.25)",0.05840569432869147,0.06802442607349705,0.8585988548523288,0.0601580065221875,28338037.36873932,-0.18948514457877008,-0.26452608778274844,0.05029458339287069,0.0,61.0,22791415.168675452,23061736.89143721,19792794.28126622,25036398.22274912,0.5245901639344263,0.06557377049180328,-0.2672035762614138,-0.08186097101770982,0.0,0.0,0.0
0.15000000000000002,0.1,0.15000000000000002,0.30000000000000004,0.30000000000000004,"(0.15, 0.1, 0.15, 0.3, 0.3)",0.05766193040360079,0.06544376779995605,0.8810912382040375,0.0601580065221875,28064053.531645734,-0.18509256899618787,-0.27176673975461846,0.04648991405366318,0.0,61.0,22859814.84062415,23074049.06540702,19235014.468698297,25558285.886898592,0.5245901639344263,0.06557377049180328,-0.2722807708893211,-0.099668995489457,0.0,0.0,0.0
0.05,0.15000000000000002,0.1,0.35000000000000003,0.35000000000000003,"(0.05, 0.15, 0.1, 0.35, 0.35)",0.05756076067922966,0.06441498703476889,0.8935926766260224,0.0601580065221875,28095555.69091585,-0.1760365086613691,-0.24740098654045908,0.04901484219044664,0.0,61.0,22891249.226373453,23344817.09517468,19828995.180244427,25110877.936452184,0.5245901639344263,0.06557377049180328,-0.24888737376745396,-0.09178338210780132,0.0,0.0,0.0
0.1,0.35000000000000003,0.15000000000000002,0.1,0.30000000000000004,"(0.1, 0.35, 0.15, 0.1, 0.3)",0.06561346274984081,0.09773425566554633,0.671345602450535,0.0601580065221875,30311627.046698987,-0.2936216160414924,-0.4211234618642574,0.07156407352472041,1.0,61.0,22832259.036926348,23026539.331864268,17700282.970536377,28735609.322064884,0.5245901639344263,0.04918032786885246,-0.43031999808161725,-0.10872477274048391,0.0,0.0,0.0
0.2,0.30000000000000004,0.15000000000000002,0.0,0.35000000000000003,"(0.2, 0.3, 0.15, 0.0, 0.35)",0.06514068336444812,0.08969747028913168,0.7262265385464386,0.0601580065221875,30168456.919343185,-0.26457107713454575,-0.3726458275115453,0.06626365216246452,1.0,61.0,23020624.95745061,23167709.856548086,18088800.70913689,28186270.36075957,0.5245901639344263,0.04918032786885246,-0.3794713014168104,-0.11605899415311362,0.0,0.0,0.0
0.15000000000000002,0.30000000000000004,0.15000000000000002,0.05,0.35000000000000003,"(0.15, 0.3, 0.15, 0.05, 0.35)",0.06492433516596496,0.09040370917345814,0.7181600816996817,0.0601580065221875,30103395.067960687,-0.26729991335017467,-0.37901195920953135,0.06716079166827207,1.0,61.0,22972578.42103919,23180446.225520443,18132339.389217205,28011216.44286014,0.5245901639344263,0.04918032786885246,-0.385813332248476,-0.11489576365940231,0.0,0.0,0.0
0.25,0.30000000000000004,0.15000000000000002,0.0,0.30000000000000004,"(0.25, 0.3, 0.15, 0.0, 0.3)",0.06482366548426244,0.0881529951610428,0.7353540893969508,0.0601580065221875,30083097.12694629,-0.25977959378419246,-0.36493261869708593,0.0640372510142478,1.0,61.0,22988207.396924116,23214063.158664014,18176516.799461406,27963578.942756794,0.5245901639344263,0.04918032786885246,-0.37183861166687043,-0.11001679113136997,0.0,0.0,0.0
0.1,0.30000000000000004,0.15000000000000002,0.1,0.35000000000000003,"(0.1, 0.3, 0.15, 0.1, 0.35)",0.06470015917163763,0.09118617628643974,0.7095391188286855,0.0601580065221875,30036353.698468428,-0.2700258695513127,-0.3854300528575933,0.06805793117407964,1.0,61.0,22924036.756775018,23192151.49770033,18175217.005086713,27836435.929195102,0.5245901639344263,0.04918032786885246,-0.3922039842537192,-0.11374283907141805,0.0,0.0,0.0
0.25,0.35000000000000003,0.1,0.0,0.30000000000000004,"(0.25, 0.35, 0.1, 0.0, 0.3)",0.06443706254784254,0.08712944830148732,0.7395554982154361,0.0601580065221875,30049334.610789735,-0.25558518580084555,-0.34534700867402635,0.06343863849700698,1.0,61.0,23045152.494544823,23016488.148357056,17678214.80548697,28992589.01818233,0.5245901639344263,0.04918032786885246,-0.35357917553740265,-0.09589558190976145,0.0,0.0,0.0
0.1,0.30000000000000004,0.15000000000000002,0.15000000000000002,0.30000000000000004,"(0.1, 0.3, 0.15, 0.15, 0.3)",0.06415041849769687,0.09054445491154332,0.7084963796001434,0.0601580065221875,29882313.01473852,-0.2672867116225476,-0.3826571358811822,0.06672866953167048,1.0,61.0,22843415.228437092,23019167.927120518,18305575.367736388,27489536.080366228,0.5245901639344263,0.04918032786885246,-0.38934586530320014,-0.10669948104290436,0.0,0.0,0.0
0.30000000000000004,0.30000000000000004,0.15000000000000002,0.05,0.2,"(0.3, 0.3, 0.15, 0.05, 0.2)",0.0639453107637471,0.08601702322625963,0.7434029726365328,0.0601580065221875,29840941.80864939,-0.2548373752969767,-0.35936704894485033,0.06048158822362192,1.0,61.0,22872912.024640664,23075115.67187161,18394179.45531025,27517465.844388723,0.5245901639344263,0.04918032786885246,-0.36623813625331386,-0.09721338377853628,0.0,0.0,0.0
0.35000000000000003,0.30000000000000004,0.15000000000000002,0.05,0.15000000000000002,"(0.35, 0.3, 0.15, 0.05, 0.15)",0.06360087624524557,0.08469754954253032,0.7509175482498323,0.0601580065221875,29749060.196224626,-0.2512293667732064,-0.35387384576331576,0.05825518707540521,1.0,61.0,22837544.08519838,23029424.027585085,18480278.00142638,27378066.190992665,0.5245901639344263,0.04918032786885246,-0.36074440316877615,-0.09218186038448682,0.0,0.0,0.0
0.2,0.25,0.15000000000000002,0.05,0.35000000000000003,"(0.2, 0.25, 0.15, 0.05, 0.35)",0.06359230463577825,0.08278743472093927,0.7681395715441098,0.0601580065221875,29718072.378673416,-0.24250601532926896,-0.34321299360240437,0.061428248169414584,1.0,61.0,23021854.102027513,23344232.40401624,18699651.588830546,26994047.05279245,0.5245901639344263,0.04918032786885246,-0.3481205685949313,-0.11381608869876278,0.0,0.0,0.0
0.30000000000000004,0.25,0.15000000000000002,0.0,0.30000000000000004,"(0.3, 0.25, 0.15, 0.0, 0.3)",0.06347699051967881,0.08048545194640833,0.7886765742701589,0.0601580065221875,29694031.168628752,-0.23402900895440726,-0.3278152813821373,0.058304707515390304,1.0,61.0,23034993.057333525,23318894.81570773,18743583.16042789,26946652.099404573,0.5245901639344263,0.04918032786885246,-0.33271550993063986,-0.10903656295204453,0.0,0.0,0.0
0.15000000000000002,0.25,0.15000000000000002,0.1,0.35000000000000003,"(0.15, 0.25, 0.15, 0.1, 0.35)",0.06337728362169348,0.08353940457556427,0.7586513687007015,0.0601580065221875,29654304.578611817,-0.24532139082907334,-0.3495252209843813,0.062325387675222145,1.0,61.0,22974909.87771239,23301895.73290908,18744639.391541973,26826830.763674516,0.5245901639344263,0.04918032786885246,-0.3543941883848634,-0.11267594233977132,0.0,0.0,0.0
0.25,0.25,0.15000000000000002,0.05,0.30000000000000004,"(0.25, 0.25, 0.15, 0.05, 0.3)",0.06326953839330529,0.08116925665860276,0.7794766269625513,0.0601580065221875,29632323.621964388,-0.2368697266478813,-0.3340291935871889,0.05920184702119787,1.0,61.0,22988829.44547517,23279575.165789913,18789401.102474034,26780558.02221925,0.5245901639344263,0.04918032786885246,-0.33889801818663645,-0.10793257888627177,0.0,0.0,0.0
0.1,0.25,0.15000000000000002,0.15000000000000002,0.35000000000000003,"(0.1, 0.25, 0.15, 0.15, 0.35)",0.06315446050412343,0.08437297282529972,0.748515293337942,0.0601580065221875,29588588.714712866,-0.24813369281230624,-0.35589071528499944,0.06322252718102969,1.0,61.0,22927465.748815946,23223340.54131503,18788946.221490726,26659871.72683314,0.5245901639344263,0.04918032786885246,-0.36071759309668344,-0.11154583601828105,0.0,0.0,0.0
0.35000000000000003,0.25,0.15000000000000002,0.0,0.25,"(0.35, 0.25, 0.15, 0.0, 0.25)",0.06314543854994548,0.07892143400659812,0.8001050582110087,0.0601580065221875,29605993.509665936,-0.2283591382010648,-0.3187173138026746,0.056078306367173585,1.0,61.0,23000613.332798485,23248843.566001095,18832584.312745202,26738034.25374585,0.5245901639344263,0.04918032786885246,-0.3235717621224258,-0.10320673748418462,0.0,0.0,0.0
0.2,0.25,0.15000000000000002,0.1,0.30000000000000004,"(0.2, 0.25, 0.15, 0.1, 0.3)",0.06305428173819116,0.08193828247757931,0.7695338470811204,0.0601580065221875,29568661.35028675,-0.23970734269530158,-0.34029649533172013,0.06009898652700542,1.0,61.0,22942163.038348887,23186569.572205607,18834540.186447434,26614710.327025868,0.5245901639344263,0.04918032786885246,-0.3451304986543606,-0.10683848082786115,0.0,0.0,0.0
0.30000000000000004,0.25,0.15000000000000002,0.05,0.25,"(0.3, 0.25, 0.15, 0.05, 0.25)",0.06293775194654372,0.07962094031628722,0.7904673280236205,0.0601580065221875,29544390.702022124,-0.23122218556966234,-0.3248863828500366,0.056975445872981145,1.0,61.0,22954729.549457926,23159981.23629331,18878555.291660663,26592840.751228668,0.5245901639344263,0.04918032786885246,-0.3297131985834926,-0.10214823124103206,0.0,0.0,0.0
0.05,0.25,0.15000000000000002,0.2,0.35000000000000003,"(0.05, 0.25, 0.15, 0.2, 0.35)",0.06292384216843572,0.08528574691758666,0.7378002121414297,0.0601580065221875,29520938.555486996,-0.25094288821361044,-0.36230936795089974,0.06411966668683725,1.0,61.0,22879524.536525298,23124268.233084522,18832566.962282788,26493178.279239193,0.5245901639344263,0.04918032786885246,-0.3670906313346699,-0.11042570419800261,0.0,0.0,0.0
0.15000000000000002,0.25,0.15000000000000002,0.15000000000000002,0.30000000000000004,"(0.15, 0.25, 0.15, 0.15, 0.3)",0.06283122734892777,0.08279015461764735,0.7589214881781947,0.0601580065221875,29503057.71753766,-0.24254182403545266,-0.3466170879200287,0.06099612603281298,1.0,61.0,22894996.604522146,23095653.743171904,18878995.211512867,26449117.36933019,0.5245901639344263,0.04918032786885246,-0.3514128091474312,-0.10575420291033842,0.0,0.0,0.0
0.1,0.30000000000000004,0.1,0.15000000000000002,0.35000000000000003,"(0.1, 0.3, 0.1, 0.15, 0.35)",0.06282319445398654,0.08265594832225732,0.7600565443766099,0.0601580065221875,29568912.258266743,-0.2407522187730221,-0.33090234659958195,0.06262391466378887,1.0,61.0,22980108.78383217,23068115.53745567,18280892.75644561,27642514.259816863,0.5245901639344263,0.04918032786885246,-0.3369645566111062,-0.09803787284183357,0.0,0.0,0.0
0.25,0.25,0.15000000000000002,0.1,0.25,"(0.25, 0.25, 0.15, 0.1, 0.25)",0.06272226518907065,0.0804070219907108,0.7800595474897302,0.0601580065221875,29480840.025010664,-0.2340820698961753,-0.33110886204477774,0.057872585378788706,1.0,61.0,22908342.88886005,23070308.36136599,18923844.360190623,26447658.965019695,0.5245901639344263,0.04918032786885246,-0.3359046497446315,-0.10109939504570928,0.0,0.0,0.0
0.0,0.25,0.15000000000000002,0.25,0.35000000000000003,"(0.0, 0.25, 0.15, 0.25, 0.35)",0.06268543558830708,0.08627521294424863,0.7265752636138336,0.0601580065221875,29451368.241217747,-0.2537489441029357,-0.36878106267354305,0.06501680619264481,1.0,61.0,22831089.088805083,23025455.69871365,18875496.567757294,26326758.674707107,0.5245901639344263,0.04918032786885246,-0.37351314425951737,-0.10931548116892018,0.0,0.0,0.0
0.30000000000000004,0.2,0.0,0.2,0.30000000000000004,"(0.3, 0.2, 0.0, 0.2, 0.3)",0.055376998365222585,0.050776184932768566,1.0906096714147753,0.0601580065221875,27670536.9129586,-0.12070654909172351,-0.15148355350016285,0.03716725399146811,0.0,61.0,23089313.621865373,23081988.521811783,19630306.367222507,25165060.80041652,0.5081967213114754,0.8852459016393442,-0.15348556177794023,-0.06115719152661661,0.0,0.0,0.0
0.35000000000000003,0.05,0.1,0.25,0.25,"(0.35, 0.05, 0.1, 0.25, 0.25)",0.05388494449437764,0.04742070268322278,1.1363168710159557,0.0601580065221875,27137358.592946276,-0.11309279115713844,-0.15665271902938685,0.034269575800254595,0.0,61.0,22924473.365831107,23085564.702250943,19833532.54320741,25070607.634579293,0.5081967213114754,0.819672131147541,-0.15665271902938685,-0.07911060484767478,0.0,0.0,0.0
0.30000000000000004,0.05,0.1,0.30000000000000004,0.25,"(0.3, 0.05, 0.1, 0.3, 0.25)",0.05368997270898235,0.048345139198374174,1.1105557580189556,0.0601580065221875,27083644.64809949,-0.11542152683955675,-0.1609789242322118,0.03488553777337718,0.0,61.0,22882520.352209035,23010866.03746142,19656577.022363577,25102079.770574324,0.5081967213114754,0.7213114754098361,-0.16091021614281853,-0.07882297420417911,0.0,0.0,0.0
0.25,0.05,0.1,0.30000000000000004,0.30000000000000004,"(0.25, 0.05, 0.1, 0.3, 0.3)",0.05405372094618932,0.05028729047388746,1.0748982583234952,0.0601580065221875,27172765.63011563,-0.12239847572948903,-0.17146854137569997,0.03640513612331399,0.0,61.0,22921640.478381366,23144771.654647652,19655839.689946886,25118959.195358355,0.5081967213114754,0.5901639344262295,-0.17134789252054733,-0.08314886056108856,0.0,0.0,0.0
0.25,0.2,0.0,0.2,0.35000000000000003,"(0.25, 0.2, 0.0, 0.2, 0.35)",0.055738526222989915,0.05267663369244935,1.0581261997191642,0.0601580065221875,27760667.64898285,-0.12744078429010375,-0.16051390821501427,0.03939365513968483,0.0,61.0,23132269.068360426,23066663.165934827,19542813.28294666,25365919.78279198,0.5081967213114754,0.5737704918032787,-0.1625847290769033,-0.06623842063588774,0.0,0.0,0.0
0.2,0.05,0.1,0.35000000000000003,0.30000000000000004,"(0.2, 0.05, 0.1, 0.35, 0.3)",0.05385124945803277,0.051301788877369546,1.0496953544204353,0.0601580065221875,27117147.656853303,-0.12577481159278703,-0.17740615802578524,0.037021098096436576,0.0,61.0,22878881.84833037,23068758.277146697,19479809.340141717,25149379.847681444,0.5081967213114754,0.5409836065573771,-0.17721586993891064,-0.08283731123098835,0.0,0.0,0.0
0.35000000000000003,0.0,0.15000000000000002,0.35000000000000003,0.15000000000000002,"(0.35, 0.0, 0.15, 0.35, 0.15)",0.052908887199148324,0.05202842652309086,1.016922685056922,0.0601580065221875,26826821.32861133,-0.12522687072915584,-0.18407090429636505,0.03526745845580325,0.0,61.0,22729386.065110695,23029865.031121723,18720571.696517523,25574258.010706358,0.5081967213114754,0.5409836065573771,-0.18314533402129388,-0.09376798541592206,0.0,0.0,0.0
0.30000000000000004,0.1,0.1,0.30000000000000004,0.2,"(0.3, 0.1, 0.1, 0.3, 0.2)",0.05506511623862487,0.05177787149269221,1.0634874445620386,0.0601580065221875,27449560.738170393,-0.1307115231215369,-0.180781983947025,0.03581551801925602,0.0,61.0,22838540.164640874,23005376.61426128,19843631.49690674,25070106.31243021,0.5081967213114754,0.47540983606557374,-0.18142796633571925,-0.07361811430862887,0.0,0.0,0.0
0.35000000000000003,0.25,0.0,0.2,0.2,"(0.35, 0.25, 0.0, 0.2, 0.2)",0.056236093319427916,0.055009465057438645,1.0222984946446667,0.0601580065221875,27914620.38396375,-0.13200979910342647,-0.16479166184671512,0.03844699519389217,0.0,61.0,22992446.90890255,23054856.468211725,19225968.459702644,25734629.2313491,0.5081967213114754,0.4426229508196721,-0.16766827701953924,-0.05149034656049104,0.0,0.0,0.0
0.35000000000000003,0.2,0.05,0.30000000000000004,0.1,"(0.35, 0.2, 0.05, 0.3, 0.1)",0.05558369341403324,0.053395659066700074,1.040977757098193,0.0601580065221875,27670733.30108589,-0.13331205834233406,-0.1748666000616838,0.03638708442631467,0.0,61.0,22775208.337344836,23066127.098216306,20052534.555357568,24504381.669783775,0.5081967213114754,0.4426229508196721,-0.17707452082794573,-0.05416405826635659,0.0,0.0,0.0
0.30000000000000004,0.25,0.0,0.25,0.2,"(0.3, 0.25, 0.0, 0.25, 0.2)",0.05604254417692478,0.055772231680423584,1.0048467218964823,0.0601580065221875,27859396.032636214,-0.1345677490720052,-0.16912554041972053,0.039344134699699725,0.0,61.0,22944397.560513683,23070473.70256869,19273636.829989057,25577971.10924285,0.5081967213114754,0.4098360655737705,-0.17201123304165133,-0.05091932603558194,0.0,0.0,0.0
0.15000000000000002,0.2,0.0,0.30000000000000004,0.35000000000000003,"(0.15, 0.2, 0.0, 0.3, 0.35)",0.05536292776317264,0.05406038317706012,1.0240942536764195,0.0601580065221875,27653849.537161596,-0.13257209354415622,-0.16926044230446757,0.04118793415129995,0.0,61.0,23037230.44820494,23026289.66283242,19640981.084673934,25059303.339253195,0.5081967213114754,0.4098360655737705,-0.1713142546195752,-0.06536237017652372,0.0,0.0,0.0
0.35000000000000003,0.0,0.15000000000000002,0.2,0.30000000000000004,"(0.35, 0.0, 0.15, 0.2, 0.3)",0.054611639265061296,0.05443576013953586,1.0032309482787527,0.0601580065221875,27260481.408851296,-0.1357802946389306,-0.19814104011926345,0.03702484787500688,0.0,61.0,22963131.274422094,23054713.694917005,19232631.361086655,25533489.123285826,0.5081967213114754,0.3770491803278688,-0.19720474115610206,-0.09466984919497247,0.0,0.0,0.0
0.30000000000000004,0.25,0.0,0.2,0.25,"(0.3, 0.25, 0.0, 0.2, 0.25)",0.05661029113687377,0.056559237294048555,1.0009026614443153,0.0601580065221875,28008676.50684425,-0.13866321457052222,-0.1737341209957014,0.04067339634210889,0.0,61.0,23036670.95057266,23050950.934330326,19141500.6616605,25941656.891024236,0.5081967213114754,0.32786885245901637,-0.1767105610654255,-0.05654689342932755,0.0,0.0,0.0
0.30000000000000004,0.0,0.15000000000000002,0.25,0.30000000000000004,"(0.3, 0.0, 0.15, 0.25, 0.3)",0.05441864855357759,0.055211322585780584,0.9856429081014779,0.0601580065221875,27207195.201393522,-0.13908759199855802,-0.20436514044885254,0.03751164933497275,0.0,61.0,22923137.988189355,23030973.47314489,19061411.05060449,25566085.967946608,0.5081967213114754,0.29508196721311475,-0.20332668111298585,-0.09446212749323994,0.0,0.0,0.0
0.2,0.1,0.1,0.35000000000000003,0.25,"(0.2, 0.1, 0.1, 0.35, 0.25)",0.055221077159090415,0.05464066110707376,1.0106224200120726,0.0601580065221875,27482105.10801561,-0.14091185019323482,-0.19709788769504655,0.038829496395155705,0.0,61.0,22833802.766070712,23004212.582162745,19663978.596627295,25116202.00806336,0.5081967213114754,0.2786885245901639,-0.19767041093547455,-0.07894451937241148,0.0,0.0,0.0
0.25,0.25,0.0,0.25,0.25,"(0.25, 0.25, 0.0, 0.25, 0.25)",0.056416917148001566,0.05729822653707836,0.9846189063372408,0.0601580065221875,27953327.176989183,-0.14120052029910768,-0.17811475920406564,0.041570535847916444,0.0,61.0,22988310.74349181,23066607.20753633,19189013.253851995,25783695.417816576,0.5081967213114754,0.26229508196721313,-0.1810967788337113,-0.05594620809598267,0.0,0.0,0.0
0.15000000000000002,0.25,0.0,0.35000000000000003,0.25,"(0.15, 0.25, 0.0, 0.35, 0.25)",0.05600697161877677,0.05912737621806706,0.9472257218419102,0.0601580065221875,27837118.307051208,-0.14660490311908947,-0.18743439613712992,0.04336481485953156,0.0,61.0,22890121.942484766,23074145.319459267,19281986.35407859,25468423.18331266,0.5081967213114754,0.22950819672131148,-0.19108796174095924,-0.05476304300190943,0.0,0.0,0.0
0.30000000000000004,0.0,0.15000000000000002,0.2,0.35000000000000003,"(0.3, 0.0, 0.15, 0.2, 0.35)",0.05496065881838241,0.056412878727429956,0.9742572983012578,0.0601580065221875,27346542.063068837,-0.14264277139911408,-0.20906997186667514,0.03850077745389743,0.0,61.0,22999343.108471923,23008711.04132263,19230451.892006554,25548154.06388295,0.5081967213114754,0.21311475409836064,-0.20802895364662613,-0.09903092706222356,0.0,0.0,0.0
0.15000000000000002,0.1,0.1,0.35000000000000003,0.30000000000000004,"(0.15, 0.1, 0.1, 0.35, 0.3)",0.05558028483414623,0.056443008115774324,0.9847151434619059,0.0601580065221875,27571269.91088933,-0.14774058234258347,-0.20757341114707104,0.041055897543372424,0.0,61.0,22871904.979823772,23000810.54219305,19661740.785163783,25131730.540586613,0.5081967213114754,0.19672131147540983,-0.20811769040544434,-0.08349647436546648,0.0,0.0,0.0
0.25,0.0,0.15000000000000002,0.25,0.35000000000000003,"(0.25, 0.0, 0.15, 0.25, 0.35)",0.05476786562775682,0.05715846312068178,0.9581759662103307,0.0601580065221875,27293151.412434816,-0.1459230794958497,-0.21535126019306047,0.0389875789138633,0.0,61.0,22959070.454093844,23090205.9937752,19059277.520491023,25580811.92219825,0.5081967213114754,0.19672131147540983,-0.21420275423519872,-0.09862505670164173,0.0,0.0,0.0
0.30000000000000004,0.15000000000000002,0.1,0.25,0.2,"(0.3, 0.15, 0.1, 0.25, 0.2)",0.05693207966481628,0.057104118267982236,0.9969872820317687,0.0601580065221875,27949555.53164287,-0.15039938429217237,-0.20599006003372558,0.04054135973418137,0.0,61.0,22869730.821614843,23102017.68393417,20203722.656875156,25011807.093734857,0.5081967213114754,0.18032786885245902,-0.20754260399255509,-0.07787010802264967,0.0,0.0,0.0
0.2,0.25,0.0,0.25,0.30000000000000004,"(0.2, 0.25, 0.0, 0.25, 0.3)",0.0567826027705145,0.05892358384787162,0.9636651245979082,0.0601580065221875,28045339.775206365,-0.14780627143462888,-0.18713083855606844,0.043796936996133164,0.0,61.0,23031221.530238304,23061372.485529236,19103773.41685036,25990135.13721222,0.5081967213114754,0.18032786885245902,-0.19020506265348588,-0.06105609466204047,0.0,0.0,0.0
0.25,0.15000000000000002,0.1,0.35000000000000003,0.15000000000000002,"(0.25, 0.15, 0.1, 0.35, 0.15)",0.056125841291660095,0.05783689050911979,0.9704159542050433,0.0601580065221875,27734850.85615089,-0.15077461805891557,-0.2085205628742526,0.04010923759757976,0.0,61.0,22739849.358015504,23010396.891857382,19841714.430578824,25051509.035228763,0.5081967213114754,0.18032786885245902,-0.20999541936077715,-0.07118734326656143,0.0,0.0,0.0
0.2,0.0,0.15000000000000002,0.30000000000000004,0.35000000000000003,"(0.2, 0.0, 0.15, 0.3, 0.35)",0.054567386510482985,0.05802293153309201,0.9404451838039546,0.0601580065221875,27237959.631497808,-0.1492000232587749,-0.22169733060143082,0.03955016292715645,0.0,61.0,22918272.439978555,23082264.477439255,18888962.183049798,25612339.311972324,0.5081967213114754,0.18032786885245902,-0.2204368501504403,-0.09938006347615065,0.0,0.0,0.0
0.15000000000000002,0.25,0.0,0.30000000000000004,0.30000000000000004,"(0.15, 0.25, 0.0, 0.3, 0.3)",0.05658166942788001,0.05975500558246578,0.9468942204313519,0.0601580065221875,27988022.657140702,-0.15032345357311194,-0.1916044100353939,0.044694076501940724,0.0,61.0,22982061.529313274,23076025.445838965,19150449.46255139,25831081.564742576,0.5081967213114754,0.13114754098360656,-0.19467836296336477,-0.06043140844317567,0.0,0.0,0.0
0.25,0.30000000000000004,0.0,0.2,0.25,"(0.25, 0.3, 0.0, 0.2, 0.25)",0.058118868690781644,0.06468291502388661,0.8985196271584089,0.0601580065221875,28420540.81683382,-0.16452161670722176,-0.20648534804422844,0.04640593984096638,0.0,61.0,23018023.61050881,23124983.978726838,18573527.633160625,26946274.15543077,0.5081967213114754,0.11475409836065574,-0.21098695847947999,-0.056908650632502514,0.0,0.0,0.0
0.30000000000000004,0.30000000000000004,0.0,0.2,0.2,"(0.3, 0.3, 0.0, 0.2, 0.2)",0.05774940530148931,0.0632610469330429,0.912874637731063,0.0601580065221875,28326454.30577402,-0.15852202200468346,-0.19822058926834848,0.04417953869274966,0.0,61.0,22974558.13653084,23043105.89504542,18656227.64827138,26731491.234000735,0.5081967213114754,0.11475409836065574,-0.2028219731066997,-0.051711452792949975,0.0,0.0,0.0
0.2,0.30000000000000004,0.0,0.30000000000000004,0.2,"(0.2, 0.3, 0.0, 0.3, 0.2)",0.05733632104375097,0.06496064628964998,0.8826316288187273,0.0601580065221875,28207922.654831965,-0.16479617886069287,-0.20885218635575886,0.04597381770436478,0.0,61.0,22874599.520890735,23003581.135915156,18746510.591346208,26403880.195170913,0.5081967213114754,0.11475409836065574,-0.2144899144607294,-0.05061204782625536,0.0,0.0,0.0
0.15000000000000002,0.25,0.0,0.25,0.35000000000000003,"(0.15, 0.25, 0.0, 0.25, 0.35)",0.05713957371654632,0.060640314429950486,0.9422704063078681,0.0601580065221875,28135407.282853138,-0.15438501657130455,-0.19617336043284359,0.04602333814434988,0.0,61.0,23073120.895923667,23054767.2583143,19017925.06549162,26197280.62062973,0.5081967213114754,0.11475409836065574,-0.1993357135161474,-0.06624969998015215,0.0,0.0,0.0
0.1,0.25,0.0,0.30000000000000004,0.35000000000000003,"(0.1, 0.25, 0.0, 0.3, 0.35)",0.056938820186828165,0.06144557391014585,0.9266545426053294,0.0601580065221875,28077968.096610684,-0.15688170786708022,-0.20069384560409498,0.046920477650157444,0.0,61.0,23023653.218947433,23069458.572226867,19064445.442276325,26036915.72224484,0.5081967213114754,0.11475409836065574,-0.2038524075674158,-0.06559444670326449,0.0,0.0,0.0
0.25,0.15000000000000002,0.1,0.30000000000000004,0.2,"(0.25, 0.15, 0.1, 0.3, 0.2)",0.056718728963804255,0.05817045291654143,0.9750436195705747,0.0601580065221875,27889657.483333085,-0.15357980418561656,-0.21175637043593887,0.04143849923998892,0.0,61.0,22824728.780190375,23005682.752507485,20021605.336562704,25040760.26351629,0.5081967213114754,0.11475409836065574,-0.21327246767004848,-0.07704940570506143,0.0,0.0,0.0
0.30000000000000004,0.2,0.1,0.25,0.15000000000000002,"(0.3, 0.2, 0.1, 0.25, 0.15)",0.058133574773233,0.06280468451554096,0.9256248195761242,0.0601580065221875,28281547.789599992,-0.17159605041744697,-0.23468515759297914,0.04404750208482214,0.0,61.0,22808426.00353692,23000374.254310574,19879656.148793824,24952445.472988848,0.5081967213114754,0.09836065573770492,-0.23737348710911846,-0.07317745001326129,0.0,0.0,0.0
0.1,0.30000000000000004,0.0,0.35000000000000003,0.25,"(0.1, 0.3, 0.0, 0.35, 0.25)",0.05748814882446429,0.06732031509065445,0.8539494912798606,0.0601580065221875,28239561.972911883,-0.17385718127033634,-0.22263256543032495,0.04909735835838905,0.0,61.0,22866430.952596065,23040724.917622298,18707504.445408974,26451139.876744773,0.5081967213114754,0.09836065573770492,-0.22874883491523956,-0.055108416942732,0.0,0.0,0.0
0.15000000000000002,0.15000000000000002,0.1,0.35000000000000003,0.25,"(0.15, 0.15, 0.1, 0.35, 0.25)",0.05686077942130208,0.06094656812503952,0.9329611358041533,0.0601580065221875,27919104.392087124,-0.16272713530301075,-0.2266803154898588,0.0445620398940132,0.0,61.0,22817587.46806642,23054575.57648382,19837883.693793576,25084189.709175244,0.5081967213114754,0.09836065573770492,-0.22815373475545667,-0.08130602874327969,0.0,0.0,0.0
0.25,0.05,0.15000000000000002,0.2,0.35000000000000003,"(0.25, 0.05, 0.15, 0.2, 0.35)",0.056742915860517495,0.060272298128556036,0.9414427128610453,0.0601580065221875,27817348.0473676,-0.16420455407009293,-0.23981888803622955,0.041189492691407294,0.0,61.0,22995533.28754165,23005944.47376113,19410509.54888821,25537568.70351049,0.5081967213114754,0.09836065573770492,-0.23950629910284923,-0.09704333804585846,0.0,0.0,0.0
0.2,0.15000000000000002,0.1,0.35000000000000003,0.2,"(0.2, 0.15, 0.1, 0.35, 0.2)",0.05649766629988173,0.05934320954616752,0.9520493874859932,0.0601580065221875,27827939.722280834,-0.15675625401229432,-0.2175781920368394,0.04233563874579648,0.0,61.0,22779223.779902037,23013268.402863834,19840430.02688025,25068595.296877854,0.5081967213114754,0.09836065573770492,-0.2190542812920637,-0.0762022718171171,0.0,0.0,0.0
0.15000000000000002,0.30000000000000004,0.0,0.25,0.30000000000000004,"(0.15, 0.3, 0.0, 0.25, 0.3)",0.05827727435276908,0.06695483261109825,0.8703968344042907,0.0601580065221875,28454060.115545906,-0.17360215078307817,-0.22016415684553237,0.04952948049499066,0.0,61.0,23010116.863262556,23030506.796668142,18535406.80320958,26995149.78301268,0.5081967213114754,0.08196721311475409,-0.225070891062662,-0.061554236138573123,0.0,0.0,0.0
0.35000000000000003,0.15000000000000002,0.15000000000000002,0.25,0.1,"(0.35, 0.15, 0.15, 0.25, 0.1)",0.0580447118159193,0.06446228597477384,0.9004445147761911,0.0601580065221875,28194442.212671075,-0.17671562123479778,-0.25208821356281635,0.042463645492025325,0.0,61.0,22734004.411699206,23014210.646009635,19585015.49991099,25465792.180036027,0.5081967213114754,0.08196721311475409,-0.2538604283396018,-0.08066058126998259,0.0,0.0,0.0
0.30000000000000004,0.30000000000000004,0.1,0.05,0.25,"(0.3, 0.3, 0.1, 0.05, 0.25)",0.06258237958183455,0.0780850395818009,0.8014644023619152,0.0601580065221875,29518857.89140313,-0.2236997379413591,-0.3011689229262637,0.05637683335574033,1.0,61.0,23005980.905571517,23060769.47424616,18365290.757571626,27546481.35504105,0.5081967213114754,0.06557377049180328,-0.30719073782270817,-0.08848362893386393,0.0,0.0,0.0
0.25,0.30000000000000004,0.1,0.1,0.25,"(0.25, 0.3, 0.1, 0.1, 0.25)",0.06237283486080769,0.07881183248359006,0.791414599753086,0.0601580065221875,29456745.530382317,-0.22658487727135124,-0.30710546059712024,0.05727397286154789,1.0,61.0,22957758.261724025,23100199.374503646,18409855.654242005,27376441.656310312,0.5081967213114754,0.06557377049180328,-0.31302565675163846,-0.0875277930302742,0.0,0.0,0.0
0.35000000000000003,0.30000000000000004,0.1,0.05,0.2,"(0.35, 0.3, 0.1, 0.05, 0.2)",0.06223552060033666,0.07664984567945256,0.8119458043086454,0.0601580065221875,29427306.60473658,-0.21995889492427034,-0.29578892247369903,0.054150432207523615,1.0,61.0,22968280.5056924,23094234.387250677,18450544.63323143,27326869.897622503,0.5081967213114754,0.06557377049180328,-0.30181967591907,-0.0828144134617125,0.0,0.0,0.0
0.2,0.30000000000000004,0.1,0.15000000000000002,0.25,"(0.2, 0.3, 0.1, 0.15, 0.25)",0.06215549073933735,0.07962556203710233,0.78059719955729,0.0601580065221875,29392696.098777223,-0.22946676433778845,-0.3130936329276162,0.05817111236735544,1.0,61.0,22909043.25068873,23024292.811036296,18453754.393802002,27206656.6274743,0.5081967213114754,0.06557377049180328,-0.3190099849700433,-0.08658138944327894,0.0,0.0,0.0
0.30000000000000004,0.30000000000000004,0.1,0.1,0.2,"(0.3, 0.3, 0.1, 0.1, 0.2)",0.06202575963278689,0.0773924512812029,0.8014445673444088,0.0601580065221875,29365312.896018334,-0.22240719666119702,-0.3009179171020138,0.05504757171333117,1.0,61.0,22920349.0736795,23009325.61175491,18495256.151115473,27158231.94475103,0.5081967213114754,0.06557377049180328,-0.306933285131078,-0.08190285559392617,0.0,0.0,0.0
0.25,0.30000000000000004,0.1,0.15000000000000002,0.2,"(0.25, 0.3, 0.1, 0.15, 0.2)",0.06180820361744077,0.07822325642234386,0.7901512471396644,0.0601580065221875,29301389.148567166,-0.22486123515835021,-0.30609895477598076,0.05594471121913873,1.0,61.0,22871925.230610497,23004464.206742693,18539298.583629843,26989846.152663484,0.5081967213114754,0.06557377049180328,-0.31209642809839133,-0.0810005180858593,0.0,0.0,0.0
0.35000000000000003,0.30000000000000004,0.1,0.1,0.15000000000000002,"(0.35, 0.3, 0.1, 0.1, 0.15)",0.061669761733093686,0.07605415914142082,0.8108663934923046,0.0601580065221875,29271778.776785273,-0.2187121618569079,-0.2955778858478444,0.05282117056511445,1.0,61.0,22881892.71985264,23020013.5601028,18580056.307718243,26984630.09157507,0.5081967213114754,0.06557377049180328,-0.3015779869350034,-0.07637572819820812,0.0,0.0,0.0
0.1,0.2,0.15000000000000002,0.2,0.35000000000000003,"(0.1, 0.2, 0.15, 0.2, 0.35)",0.061522311937626695,0.0780224157936839,0.7885209822304308,0.0601580065221875,29124231.668105956,-0.22679103232209474,-0.3272051684356096,0.05838712318797976,1.0,61.0,22923598.74624125,23183774.3490909,19414421.100132734,25524776.832966134,0.5081967213114754,0.06557377049180328,-0.33036168365643237,-0.10935716541704246,0.0,0.0,0.0
0.30000000000000004,0.15000000000000002,0.2,0.1,0.25,"(0.3, 0.15, 0.2, 0.1, 0.25)",0.06147521795677058,0.07684791054486269,0.7999595242200144,0.0601580065221875,29059983.971447717,-0.2260310491201053,-0.3368541895036664,0.05329011893107864,1.0,61.0,22898816.371249575,23013236.693332747,19476192.88768674,25818200.051163793,0.5081967213114754,0.06557377049180328,-0.3389365127611814,-0.11283797279117753,0.0,0.0,0.0
0.2,0.2,0.15000000000000002,0.15000000000000002,0.30000000000000004,"(0.2, 0.2, 0.15, 0.15, 0.3)",0.06141516942636449,0.07545910908833998,0.8138867549372435,0.0601580065221875,29102694.075321928,-0.21739254650313344,-0.3101399501902068,0.05526358253395549,1.0,61.0,22936609.52318952,23141306.169382002,19460613.001857087,25480922.219974205,0.5081967213114754,0.06557377049180328,-0.3133326977807364,-0.10478204563256911,0.0,0.0,0.0
0.05,0.2,0.15000000000000002,0.25,0.35000000000000003,"(0.05, 0.2, 0.15, 0.25, 0.35)",0.06129308922876642,0.07899516291084449,0.7759093971100866,0.0601580065221875,29057965.104841884,-0.22976843484995935,-0.33373937713425567,0.05928426269378732,1.0,61.0,22876759.260200184,23085032.871957656,19459479.479726333,25437006.167841613,0.5081967213114754,0.06557377049180328,-0.3368361462092236,-0.10825950362297065,0.0,0.0,0.0
0.30000000000000004,0.2,0.15000000000000002,0.1,0.25,"(0.3, 0.2, 0.15, 0.1, 0.25)",0.06129175249618979,0.0730149664932257,0.8394409453283309,0.0601580065221875,29076897.199812084,-0.20845406208423412,-0.29425097807487,0.05214004187993121,1.0,61.0,22947494.500937924,23096306.965527467,19505179.464114696,25435390.869586714,0.5081967213114754,0.06557377049180328,-0.29744410354503886,-0.10022383999933344,0.0,0.0,0.0
0.2,0.30000000000000004,0.05,0.1,0.35000000000000003,"(0.2, 0.3, 0.05, 0.1, 0.35)",0.06121041849142972,0.07356877808198133,0.8320162450329123,0.0601580065221875,29191849.653422624,-0.20469522033198218,-0.2671863531256465,0.05539561914188301,1.0,61.0,23122000.81606519,23014324.585355278,18283650.377081867,27774522.966429017,0.5081967213114754,0.06557377049180328,-0.27249848968766754,-0.08442407773719335,0.0,0.0,0.0
0.15000000000000002,0.2,0.15000000000000002,0.2,0.30000000000000004,"(0.15, 0.2, 0.15, 0.2, 0.3)",0.06119349514275796,0.07636938538289319,0.8012830643582128,0.0601580065221875,29038445.05466029,-0.22039829137844924,-0.31656048531379943,0.05616072203976305,1.0,61.0,22890550.25728732,23043869.195393678,19506530.741618074,25400701.545604154,0.5081967213114754,0.06557377049180328,-0.31970163777225236,-0.10371917414237808,0.0,0.0,0.0
0.35000000000000003,0.30000000000000004,0.1,0.15000000000000002,0.1,"(0.35, 0.3, 0.1, 0.15, 0.1)",0.06108690621996948,0.07566534458395272,0.8073300472740454,0.0601580065221875,29112516.416411318,-0.21751534480484402,-0.2954146879746179,0.05149190892270529,1.0,61.0,22794561.91528063,23058987.12326654,18708574.194065243,26700022.04824839,0.5081967213114754,0.06557377049180328,-0.3017853708123128,-0.07441625955621256,0.0,0.0,0.0
0.25,0.2,0.15000000000000002,0.15000000000000002,0.25,"(0.25, 0.2, 0.15, 0.15, 0.25)",0.06107763017650614,0.07385701519617642,0.8269712770584334,0.0601580065221875,29014671.70578924,-0.21140322371808706,-0.30041491027566875,0.05303718138573878,1.0,61.0,22902220.2411721,23000181.167279303,19551956.250665907,25361817.772328667,0.5081967213114754,0.06557377049180328,-0.3035636601854492,-0.09919535761843332,0.0,0.0,0.0
0.2,0.15000000000000002,0.2,0.2,0.25,"(0.2, 0.15, 0.2, 0.2, 0.25)",0.061027518418468096,0.07868525126805229,0.7755903099371105,0.0601580065221875,28930982.09753115,-0.23195879113446793,-0.3503824092752027,0.055151743726846156,1.0,61.0,22811338.505824786,23003301.735967413,19125352.84432402,25881103.062554438,0.5081967213114754,0.06557377049180328,-0.35229357990910654,-0.1106187699925082,0.0,0.0,0.0
0.30000000000000004,0.15000000000000002,0.2,0.15000000000000002,0.2,"(0.3, 0.15, 0.2, 0.15, 0.2)",0.06091476149745412,0.07620796755499656,0.7993227408078311,0.0601580065221875,28907852.61126851,-0.22267468093775478,-0.33261337855600587,0.05221798019045137,1.0,61.0,22822385.589765046,23011682.266603038,19306385.220966943,25857819.50952655,0.5081967213114754,0.06557377049180328,-0.3346380580980103,-0.10621982734622785,0.0,0.0,0.0
0.15000000000000002,0.25,0.1,0.2,0.30000000000000004,"(0.15, 0.25, 0.1, 0.2, 0.3)",0.0608933203219868,0.07404511690595603,0.8223813111042394,0.0601580065221875,29026670.408622835,-0.21242384753210186,-0.2923337070709486,0.055562109522522225,1.0,61.0,22937626.114985485,23128331.294609763,18983507.13093642,26257129.654897336,0.5081967213114754,0.06557377049180328,-0.2965983326465289,-0.09065106255200132,0.0,0.0,0.0
0.1,0.30000000000000004,0.05,0.2,0.35000000000000003,"(0.1, 0.3, 0.05, 0.2, 0.35)",0.060799107442775835,0.07500737875618949,0.8105750187645211,0.0601580065221875,29070761.931744453,-0.21060194589355175,-0.27861681819349715,0.05718989815349813,1.0,61.0,23022490.251775324,23059379.36154305,18372958.94539419,27433584.348748717,0.5081967213114754,0.06557377049180328,-0.2839415749275525,-0.08256717139267963,0.0,0.0,0.0
0.15000000000000002,0.15000000000000002,0.2,0.25,0.25,"(0.15, 0.15, 0.2, 0.25, 0.25)",0.06079203357033469,0.07972824442553947,0.7624905578738805,0.0601580065221875,28863649.674466625,-0.2349184378790652,-0.3572376668532619,0.056082556124729906,1.0,61.0,22766833.402061317,23034350.35418696,18951302.877329003,25948084.775661286,0.5081967213114754,0.06557377049180328,-0.35905706270023063,-0.10952337885541903,0.0,0.0,0.0
0.0,0.25,0.1,0.30000000000000004,0.35000000000000003,"(0.0, 0.25, 0.1, 0.3, 0.35)",0.06077376265645529,0.07761581414859214,0.7830074749986714,0.0601580065221875,28982292.869502973,-0.22401352097750893,-0.31353197442250824,0.05958278968235406,1.0,61.0,22875390.841070585,23107379.17474181,18982823.64371801,26137461.41661592,0.5081967213114754,0.06557377049180328,-0.3177835658375654,-0.09426921803305277,0.0,0.0,0.0
0.25,0.25,0.1,0.15000000000000002,0.25,"(0.25, 0.25, 0.1, 0.15, 0.25)",0.06076552748410524,0.07160685035335959,0.8485993614332221,0.0601580065221875,29000041.06008984,-0.20369353078167807,-0.2774432364604421,0.052438568868497945,1.0,61.0,22948593.083603334,23157297.740796287,19026285.595250074,26210754.692254778,0.5081967213114754,0.06557377049180328,-0.28167567519022774,-0.08605238073300488,0.0,0.0,0.0
0.25,0.15000000000000002,0.2,0.2,0.2,"(0.25, 0.15, 0.2, 0.2, 0.2)",0.06068681239443019,0.07719032318401023,0.7861971538810878,0.0601580065221875,28842529.265720546,-0.2256623020133517,-0.3393510121338862,0.05314879258833512,1.0,61.0,22778662.910978213,23043559.67197947,19131333.067200065,25925702.04937479,0.5081967213114754,0.06557377049180328,-0.34129282019542095,-0.10515814111773132,0.0,0.0,0.0
0.1,0.25,0.1,0.25,0.30000000000000004,"(0.1, 0.25, 0.1, 0.25, 0.3)",0.06066979199714018,0.07499343543744118,0.8090013698299013,0.0601580065221875,28961918.533591323,-0.21536927795438576,-0.2983633167922157,0.056459249028329786,1.0,61.0,22889260.127237726,23139451.577402495,19028028.385058377,26093899.73400363,0.5081967213114754,0.06557377049180328,-0.30260401860361547,-0.08968722781489251,0.0,0.0,0.0
0.2,0.30000000000000004,0.05,0.15000000000000002,0.30000000000000004,"(0.2, 0.3, 0.05, 0.15, 0.3)",0.06066796369035532,0.07264474286530785,0.8351321967350214,0.0601580065221875,29043501.258826744,-0.20183402826798014,-0.2642642149403758,0.054066357499473854,1.0,61.0,23034104.272698414,23025851.915585905,18413887.161563113,27385889.863271248,0.5081967213114754,0.06557377049180328,-0.26949598709249456,-0.0778397273416155,0.0,0.0,0.0
0.25,0.05,0.25,0.1,0.35000000000000003,"(0.25, 0.05, 0.25, 0.1, 0.35)",0.06058940038287752,0.0801963262469399,0.755513415867843,0.0601580065221875,28740343.144781463,-0.2365341238447185,-0.3768719551142585,0.05331242527227691,1.0,61.0,22940600.14274855,23125246.580587685,18546688.39211857,26355842.438820474,0.5081967213114754,0.06557377049180328,-0.37588774445931594,-0.1427271012564883,0.0,0.0,0.0
0.05,0.30000000000000004,0.05,0.25,0.35000000000000003,"(0.05, 0.3, 0.05, 0.25, 0.35)",0.0605817762337868,0.07586381372982233,0.7985595932408536,0.0601580065221875,29007351.166119426,-0.21355019551116816,-0.28440875254539216,0.05808703765930569,1.0,61.0,22972004.119153466,23015420.887594555,18416619.807556648,27263493.013232145,0.5081967213114754,0.06557377049180328,-0.28994447451279065,-0.08165281495874872,0.0,0.0,0.0
0.35000000000000003,0.15000000000000002,0.2,0.15000000000000002,0.15000000000000002,"(0.35, 0.15, 0.2, 0.15, 0.15)",0.06056535792449069,0.07477049843890776,0.8100167738479961,0.0601580065221875,28817189.917130742,-0.2163337739895388,-0.3216971918071761,0.05021502905194033,1.0,61.0,22788382.540431187,23050750.30071158,19311201.437143236,25900958.51727354,0.5081967213114754,0.06557377049180328,-0.32374344204275785,-0.10080888305764293,0.0,0.0,0.0
0.2,0.25,0.1,0.2,0.25,"(0.2, 0.25, 0.1, 0.2, 0.25)",0.06054956292133484,0.0724868575739623,0.8353178072253004,0.0601580065221875,28937310.63865162,-0.20666509340767936,-0.28337631064898067,0.053335708374305506,1.0,61.0,22901011.01537593,23169356.224323448,19071644.677318197,26048617.91046392,0.5081967213114754,0.06557377049180328,-0.28759188281899234,-0.08512276787257773,0.0,0.0,0.0
0.35000000000000003,0.05,0.25,0.05,0.30000000000000004,"(0.35, 0.05, 0.25, 0.05, 0.3)",0.06047629511674013,0.07777243882512355,0.777605743504136,0.0601580065221875,28717012.04298284,-0.2273031112676135,-0.35813766030116584,0.05170923219167157,1.0,61.0,22951024.376029722,23084213.451654587,18721500.097168285,26315195.324510217,0.5081967213114754,0.06557377049180328,-0.3574165963079896,-0.13709650889993044,0.0,0.0,0.0
0.2,0.15000000000000002,0.2,0.25,0.2,"(0.2, 0.15, 0.2, 0.25, 0.2)",0.06045111318506824,0.07825555140060934,0.7724833842854698,0.0601580065221875,28775329.60599273,-0.2286470349699965,-0.3461493766270135,0.05407960498621887,1.0,61.0,22734430.1291726,23074505.499165058,18957197.23285426,25992663.28978017,0.5081967213114754,0.06557377049180328,-0.3480041925941292,-0.10410570128104091,0.0,0.0,0.0
0.05,0.25,0.1,0.30000000000000004,0.30000000000000004,"(0.05, 0.25, 0.1, 0.3, 0.3)",0.060438499156797665,0.07602792274668266,0.7949513412088428,0.0601580065221875,28895281.157692682,-0.21831125172897303,-0.3044456526433726,0.05735638853413734,1.0,61.0,22840402.995314963,23149547.71758367,19071856.26599925,25930928.01636499,0.5081967213114754,0.06557377049180328,-0.308659080139127,-0.08873265852459748,0.0,0.0,0.0
0.30000000000000004,0.15000000000000002,0.2,0.2,0.15000000000000002,"(0.3, 0.15, 0.2, 0.2, 0.15)",0.060337195393845855,0.07577387578110722,0.7962796514216287,0.0601580065221875,28751998.538680356,-0.2193465951419178,-0.3283781608945655,0.051145841449824085,1.0,61.0,22744934.005596474,23082524.745229363,19136074.29103725,25968818.766221713,0.5081967213114754,0.06557377049180328,-0.3303462957798352,-0.09978961743113916,0.0,0.0,0.0
0.2,0.15000000000000002,0.15000000000000002,0.15000000000000002,0.35000000000000003,"(0.2, 0.15, 0.15, 0.15, 0.35)",0.06023680620052385,0.07045894383456172,0.8549206519751481,0.0601580065221875,28768437.129475765,-0.20322279535224552,-0.29248001975339155,0.05175744018331472,1.0,61.0,23002362.19828558,23300392.997499924,19921141.847262383,25438157.5477781,0.5081967213114754,0.06557377049180328,-0.2943416439022511,-0.10935633533342783,0.0,0.0,0.0
0.15000000000000002,0.15000000000000002,0.2,0.30000000000000004,0.2,"(0.15, 0.15, 0.2, 0.3, 0.2)",0.0602076708178072,0.07940031683908949,0.7582799819278104,0.0601580065221875,28706267.64362309,-0.23162883676261747,-0.3530084064638497,0.055010417384102624,1.0,61.0,22689689.778498113,23104516.081911813,18783982.191306725,26058695.11145464,0.5081967213114754,0.06557377049180328,-0.35477206181078796,-0.10793796482546959,0.0,0.0,0.0
0.0,0.25,0.1,0.35000000000000003,0.30000000000000004,"(0.0, 0.25, 0.1, 0.35, 0.3)",0.06019944878346095,0.0771451124376286,0.7803404114827349,0.0601580065221875,28826772.159934893,-0.22124973644858215,-0.31058061385356966,0.058253528039944893,1.0,61.0,22791057.64730392,23115825.49236248,19114985.716067486,25768222.588597227,0.5081967213114754,0.06557377049180328,-0.315321301104944,-0.08778728616466394,0.0,0.0,0.0
0.30000000000000004,0.15000000000000002,0.15000000000000002,0.1,0.30000000000000004,"(0.3, 0.15, 0.15, 0.1, 0.3)",0.060107752422879246,0.06790879004870512,0.8851247736820099,0.0601580065221875,28741396.579857364,-0.19360494605442247,-0.275513052191933,0.048633899529290446,0.0,61.0,23012126.51676715,23248796.749939542,20001318.0285783,25396884.520176873,0.5081967213114754,0.06557377049180328,-0.277444979741921,-0.10484321420885498,0.0,0.0,0.0
0.25,0.15000000000000002,0.2,0.25,0.15000000000000002,"(0.25, 0.15, 0.2, 0.25, 0.15)",0.06010128708710205,0.07686108717908924,0.7819468770596983,0.0601580065221875,28684937.744332105,-0.2223564705389912,-0.33511984567849423,0.05207665384770784,0.0,61.0,22700975.218282674,23113366.048622303,18961864.78560164,26035755.83285337,0.5081967213114754,0.06557377049180328,-0.3370057726244825,-0.10247075231992826,0.0,0.0,0.0
0.15000000000000002,0.15000000000000002,0.15000000000000002,0.2,0.35000000000000003,"(0.15, 0.15, 0.15, 0.2, 0.35)",0.06002448913717484,0.0713112344703198,0.8417255651654358,0.0601580065221875,28707329.45874624,-0.2062772392355614,-0.29890011832579205,0.05265457968912228,0.0,61.0,22957647.627860498,23222687.483512476,19741831.147973865,25468195.471224226,0.5081967213114754,0.06557377049180328,-0.30069286812010737,-0.10826207411881682,0.0,0.0,0.0
0.35000000000000003,0.15000000000000002,0.2,0.2,0.1,"(0.35, 0.15, 0.2, 0.2, 0.1)",0.05997869630709185,0.07444038917169017,0.8057278713140026,0.0601580065221875,28659417.225285035,-0.21301186488085666,-0.3174643420143765,0.049142890311313046,0.0,61.0,22710159.837962456,23120194.084202487,19139578.791360993,26010449.71730299,0.5081967213114754,0.06557377049180328,-0.31945444827469666,-0.09703668221129622,0.0,0.0,0.0
0.1,0.15000000000000002,0.2,0.35000000000000003,0.2,"(0.1, 0.15, 0.2, 0.35, 0.2)",0.05995649232895861,0.08062123145087227,0.743681177401687,0.0601580065221875,28635357.743660092,-0.2346076644988594,-0.35992802783285,0.05594122978198638,0.0,61.0,22644444.422853064,23051965.147241198,18611692.266836464,26123789.484695062,0.5081967213114754,0.06557377049180328,-0.36159630646489727,-0.11214939687686248,0.0,0.0,0.0
0.25,0.15000000000000002,0.15000000000000002,0.15000000000000002,0.30000000000000004,"(0.25, 0.15, 0.15, 0.15, 0.3)",0.059902972732840176,0.06868697579311973,0.8721154489792017,0.0601580065221875,28682288.867547683,-0.19668824893311987,-0.2818173735935878,0.049531039035098,0.0,61.0,22968202.644211944,23172390.889727578,19928165.387007385,25427997.891963046,0.5081967213114754,0.06557377049180328,-0.28368888520635727,-0.10378299223896302,0.0,0.0,0.0
0.2,0.15000000000000002,0.2,0.30000000000000004,0.15000000000000002,"(0.2, 0.15, 0.2, 0.3, 0.15)",0.0598576399505415,0.07802862840769001,0.7671240821739512,0.0601580065221875,28616021.511084136,-0.2253633571592114,-0.3419221829868522,0.05300746624559159,0.0,61.0,22656508.688410882,23083061.618437394,18788577.375690136,26101761.601162672,0.5081967213114754,0.06557377049180328,-0.34372176112212904,-0.10669971052394786,0.0,0.0,0.0
0.05,0.25,0.1,0.35000000000000003,0.25,"(0.05, 0.25, 0.1, 0.35, 0.25)",0.05985509409392997,0.07565789433657157,0.7911282043835203,0.0601580065221875,28737820.59050209,-0.215558734403141,-0.3014922126468182,0.056027126891728174,0.0,61.0,22755311.559089582,23011814.766556736,19203553.816536088,25563725.450169045,0.5081967213114754,0.06557377049180328,-0.3064978608974328,-0.08238840470034049,0.0,0.0,0.0
0.30000000000000004,0.25,0.1,0.2,0.15000000000000002,"(0.3, 0.25, 0.1, 0.2, 0.15)",0.05983544367149962,0.06961857497909726,0.8594752720730783,0.0601580065221875,28752415.871299945,-0.19511443485135316,-0.2655876245234462,0.04888290607787207,0.0,61.0,22824660.37332049,23054655.131405577,19246080.098811474,25656381.556710713,0.5081967213114754,0.06557377049180328,-0.26969494348657586,-0.07435145124650747,0.0,0.0,0.0
0.0,0.35000000000000003,0.0,0.30000000000000004,0.35000000000000003,"(0.0, 0.35, 0.0, 0.3, 0.35)",0.05980428835005425,0.07767556739516106,0.769924061781361,0.0601580065221875,28869284.38966401,-0.20899899711041725,-0.268197046863667,0.058385564647872416,0.0,61.0,22966566.19012427,23015830.38224984,17935080.9604493,28075603.117982715,0.5081967213114754,0.06557377049180328,-0.2764618197334988,-0.06659957385185464,0.0,0.0,0.0
0.35000000000000003,0.15000000000000002,0.15000000000000002,0.1,0.25,"(0.35, 0.15, 0.15, 0.1, 0.25)",0.05976525471641314,0.06618940651649385,0.9029429007120668,0.0601580065221875,28653069.62375769,-0.18702418223720152,-0.2649625174494965,0.04640749838107372,0.0,61.0,22976633.231242727,23119603.36937172,20094395.148246232,25385240.278465025,0.5081967213114754,0.06557377049180328,-0.2668954256536489,-0.0993210154405404,0.0,0.0,0.0
0.30000000000000004,0.15000000000000002,0.2,0.25,0.1,"(0.3, 0.15, 0.2, 0.25, 0.1)",0.05974258407443522,0.07554918365669477,0.7907773609561848,0.0601580065221875,28592501.3212199,-0.21604693808715625,-0.32414956225842795,0.0500737027091968,0.0,61.0,22666476.653251033,23112414.87388264,18965307.78086105,26077358.904330462,0.5081967213114754,0.06557377049180328,-0.3260622454574915,-0.10128238267623302,0.0,0.0,0.0
0.15000000000000002,0.25,0.1,0.30000000000000004,0.2,"(0.15, 0.25, 0.1, 0.3, 0.2)",0.059741311824186294,0.07308472476611605,0.817425419817465,0.0601580065221875,28715036.55283598,-0.20687314124790812,-0.2863982121304402,0.0529035862377039,0.0,61.0,22767292.329693556,23037676.841649298,19248098.387921367,25519972.710436832,0.5081967213114754,0.06557377049180328,-0.2909999619529477,-0.07794291628416214,0.0,0.0,0.0
0.25,0.25,0.1,0.25,0.15000000000000002,"(0.25, 0.25, 0.1, 0.25, 0.15)",0.059611320337109364,0.07063402453712672,0.8439462529248408,0.0601580065221875,28688069.21389009,-0.19812788230193845,-0.2714864726351781,0.04978004558367963,0.0,61.0,22777169.071041554,23061322.522733428,19291037.091496736,25515779.02797067,0.5081967213114754,0.06557377049180328,-0.27570580716319154,-0.07351539612813004,0.0,0.0,0.0
0.1,0.25,0.1,0.35000000000000003,0.2,"(0.1, 0.25, 0.1, 0.35, 0.2)",0.05950187688163666,0.07425107816979222,0.8013604428150106,0.0601580065221875,28646819.311305303,-0.20985669673840845,-0.2924459923255338,0.05380072574351146,0.0,61.0,22718527.89233766,23042348.259635594,19291507.510576665,25363442.569156606,0.5081967213114754,0.06557377049180328,-0.29769555424333466,-0.07892536109358259,0.0,0.0,0.0
0.15000000000000002,0.15000000000000002,0.15000000000000002,0.25,0.30000000000000004,"(0.15, 0.15, 0.15, 0.25, 0.3)",0.059470160882040046,0.0705349230606683,0.8431307259084799,0.0601580065221875,28558420.76692167,-0.2028458992495077,-0.2946066232956352,0.05132531804671312,0.0,61.0,22878822.82007677,23016928.473955043,19570274.669966444,25486816.30350563,0.5081967213114754,0.06557377049180328,-0.29634574637627187,-0.10169060547205537,0.0,0.0,0.0
0.35000000000000003,0.25,0.1,0.2,0.1,"(0.35, 0.25, 0.1, 0.2, 0.1)",0.059465139120535415,0.0683189743772642,0.8704044471183507,0.0601580065221875,28656935.883833986,-0.18932292313659616,-0.2567573388861124,0.046656504929655354,0.0,61.0,22784942.050982527,23082748.09031932,19332361.932322226,25525147.636914577,0.5081967213114754,0.06557377049180328,-0.2608053903412689,-0.06910665496277292,0.0,0.0,0.0
0.05,0.35000000000000003,0.0,0.30000000000000004,0.30000000000000004,"(0.05, 0.35, 0.0, 0.3, 0.3)",0.059456949860388075,0.0762270896078686,0.7799976381920082,0.0601580065221875,28779614.639444415,-0.2032053445004095,-0.2597988501502532,0.056159163499655704,0.0,61.0,22926559.919777494,23017880.35735145,18017465.137537926,27854200.606439155,0.5081967213114754,0.06557377049180328,-0.26816773706362645,-0.06241795257660374,0.0,0.0,0.0
0.0,0.1,0.2,0.35000000000000003,0.35000000000000003,"(0.0, 0.1, 0.2, 0.35, 0.35)",0.05945276287230428,0.07907585470056477,0.751844707811671,0.0601580065221875,28478997.936784334,-0.2334001432611612,-0.3644254578146806,0.056153256621021844,0.0,61.0,22776761.190590475,23043553.26789669,18453299.072254643,26031378.88073867,0.5081967213114754,0.06557377049180328,-0.3645134403528745,-0.12387873574153396,0.0,0.0,0.0
0.2,0.25,0.1,0.30000000000000004,0.15000000000000002,"(0.2, 0.25, 0.1, 0.3, 0.15)",0.05937944532998718,0.0717389609617785,0.8277154357117565,0.0601580065221875,28621857.819999944,-0.20113768695546375,-0.2774381173372451,0.05067718508948718,0.0,61.0,22729186.33856733,23049350.5906383,19335291.656729866,25375202.86665727,0.5081967213114754,0.06557377049180328,-0.2822717221341766,-0.07571964748598015,0.0,0.0,0.0
0.1,0.1,0.2,0.30000000000000004,0.30000000000000004,"(0.1, 0.1, 0.2, 0.3, 0.3)",0.05936556307685481,0.0762870612590605,0.7781865246487529,0.0601580065221875,28462732.750218667,-0.22410390325580842,-0.34604851891896854,0.053219493084627055,0.0,61.0,22790386.002826132,23017250.770637427,18629860.351737022,25995360.134631872,0.5081967213114754,0.06557377049180328,-0.3463416424048922,-0.11836780961053797,0.0,0.0,0.0
0.35000000000000003,0.1,0.2,0.15000000000000002,0.2,"(0.35, 0.1, 0.2, 0.15, 0.2)",0.05936137828737098,0.07007905858158564,0.8470630098185866,0.0601580065221875,28479757.9132861,-0.20223076560205444,-0.3033244054092976,0.04642115361395372,0.0,61.0,22853425.681095585,23183784.119896445,19155375.37193266,25885677.14415731,0.5081967213114754,0.06557377049180328,-0.3040666515978612,-0.1051146153205656,0.0,0.0,0.0
0.0,0.15000000000000002,0.15000000000000002,0.35000000000000003,0.35000000000000003,"(0.0, 0.15, 0.15, 0.35, 0.35)",0.05934106169618025,0.07441197680558885,0.7974665402481732,0.0601580065221875,28512765.55529417,-0.2154226659865438,-0.3185214212622423,0.05534599820654495,0.0,61.0,22820461.54795589,23046304.566709567,19209442.839840952,25551457.642924808,0.5081967213114754,0.06557377049180328,-0.320083879973002,-0.1050361546786742,0.0,0.0,0.0
0.15000000000000002,0.35000000000000003,0.0,0.25,0.25,"(0.15, 0.35, 0.0, 0.25, 0.25)",0.059320187145561754,0.07396578840666469,0.8019949279715473,0.0601580065221875,28751410.612671845,-0.19438451996676653,-0.24595484601203166,0.05303562284563143,0.0,61.0,22937718.116070293,23013646.969966237,18056715.131698515,27806155.97010551,0.5081967213114754,0.06557377049180328,-0.2537565835594889,-0.05978261141027966,0.0,0.0,0.0
0.1,0.15000000000000002,0.15000000000000002,0.30000000000000004,0.30000000000000004,"(0.1, 0.15, 0.15, 0.3, 0.3)",0.05924214221056601,0.0715971593083041,0.8274370489402209,0.0601580065221875,28493686.30187311,-0.20592015967009636,-0.3010914812580068,0.052222457552520675,0.0,61.0,22833372.101454087,23028731.632626515,19392717.448444813,25514513.49028731,0.5081967213114754,0.06557377049180328,-0.3027585348044038,-0.10065831949500988,0.0,0.0,0.0
0.30000000000000004,0.25,0.1,0.25,0.1,"(0.3, 0.25, 0.1, 0.25, 0.1)",0.05924082734003888,0.06935605842211577,0.8541550469821477,0.0601580065221875,28592735.749071017,-0.19235909412708274,-0.26261281692664307,0.04755364443546291,0.0,61.0,22737745.722448383,23018637.047543924,19377461.506648794,25385305.25792788,0.5081967213114754,0.06557377049180328,-0.26705190216352664,-0.07253910411538701,0.0,0.0,0.0
0.2,0.15000000000000002,0.15000000000000002,0.25,0.25,"(0.2, 0.15, 0.15, 0.25, 0.25)",0.05912703130188879,0.06888898721420741,0.8582943906264112,0.0601580065221875,28470445.048536845,-0.19634297798516842,-0.2838900299490487,0.049098916898496395,0.0,61.0,22844171.957360093,23009092.457227778,19575846.574157935,25474990.860627044,0.5081967213114754,0.06557377049180328,-0.28564400109817706,-0.09629641830527162,0.0,0.0,0.0
0.05,0.15000000000000002,0.15000000000000002,0.35000000000000003,0.30000000000000004,"(0.05, 0.15, 0.15, 0.35, 0.3)",0.0590063908476568,0.07274630388023763,0.81112562013871,0.0601580065221875,28427102.774147276,-0.20899131916444302,-0.3076364344308262,0.053119597058328236,0.0,61.0,22787417.71469269,23101051.573087886,19216091.894244384,25541064.3359969,0.5081967213114754,0.06557377049180328,-0.3092274374642676,-0.09963522403920401,0.0,0.0,0.0
0.15000000000000002,0.15000000000000002,0.15000000000000002,0.30000000000000004,0.25,"(0.15, 0.15, 0.15, 0.3, 0.25)",0.058898810469818486,0.06997879356592919,0.8416665602319664,0.0601580065221875,28405841.11419368,-0.19944306772853082,-0.2903195040630512,0.049996056404303955,0.0,61.0,22799001.817596424,23082238.988594737,19398208.809236336,25502628.98300051,0.5081967213114754,0.06557377049180328,-0.2920060848511687,-0.09530639800930023,0.0,0.0,0.0
0.30000000000000004,0.35000000000000003,0.0,0.2,0.15000000000000002,"(0.3, 0.35, 0.0, 0.2, 0.15)",0.05879381026884345,0.07062052933579016,0.8325314299088242,0.0601580065221875,28623051.529633947,-0.18359392159487076,-0.23014522426952402,0.04768568104339043,0.0,61.0,22903067.19180427,23004681.296608523,18174791.68846274,27534325.345161747,0.5081967213114754,0.06557377049180328,-0.23786809467580874,-0.056718320909170644,0.0,0.0,0.0
0.25,0.15000000000000002,0.15000000000000002,0.25,0.2,"(0.25, 0.15, 0.15, 0.25, 0.2)",0.05877506115680964,0.06732434016852573,0.8730135491812381,0.0601580065221875,28380438.81687311,-0.18982015931668106,-0.2732311148963951,0.04687251575027968,0.0,61.0,22808479.782135263,23061360.542593513,19580159.08902247,25461623.72500534,0.5081967213114754,0.06557377049180328,-0.27499557836459265,-0.09099391852439319,0.0,0.0,0.0
0.1,0.15000000000000002,0.15000000000000002,0.35000000000000003,0.25,"(0.1, 0.15, 0.15, 0.35, 0.25)",0.058662861175079906,0.07115661737224135,0.824418913397711,0.0601580065221875,28339394.789997526,-0.20253999749204787,-0.296809061816116,0.05089319591011151,0.0,61.0,22753327.853569828,23150226.400605746,19221504.04036391,25529121.44701389,0.5081967213114754,0.06557377049180328,-0.2984242990160315,-0.09432536503071648,0.0,0.0,0.0
0.35000000000000003,0.15000000000000002,0.15000000000000002,0.2,0.15000000000000002,"(0.35, 0.15, 0.15, 0.2, 0.15)",0.05863516209613051,0.06479683957408088,0.9049077467596881,0.0601580065221875,28350912.365066152,-0.18012248370558426,-0.2563711103805763,0.0437489750962554,0.0,61.0,22815851.947935954,23038424.896469392,19761907.281158194,25418063.595741875,0.5081967213114754,0.06557377049180328,-0.2581958531592418,-0.0866985724662801,0.0,0.0,0.0
0.1,0.25,0.05,0.30000000000000004,0.30000000000000004,"(0.1, 0.25, 0.05, 0.3, 0.3)",0.05859351133784041,0.06719831708984117,0.8719490885389806,0.0601580065221875,28458989.834582753,-0.1844720301418027,-0.24600490144564316,0.05102523251803903,0.0,61.0,22917595.298394397,23014470.26002116,19119271.130205795,25889927.5377546,0.5081967213114754,0.06557377049180328,-0.24969692133258303,-0.07492885774706759,0.0,0.0,0.0
0.2,0.15000000000000002,0.15000000000000002,0.30000000000000004,0.2,"(0.2, 0.15, 0.15, 0.3, 0.2)",0.05854664314567293,0.0684417044525521,0.8554235113513424,0.0601580065221875,28315971.191268075,-0.1929461364403312,-0.2796054159568823,0.04776965525608723,0.0,61.0,22763591.865558464,23119703.245040417,19402453.10644222,25489201.821845952,0.5081967213114754,0.06557377049180328,-0.28130716841447645,-0.0900454365282365,0.0,0.0,0.0
0.2,0.25,0.05,0.25,0.25,"(0.2, 0.25, 0.05, 0.25, 0.25)",0.058454683871360436,0.0646507941022856,0.9041603383692064,0.0601580065221875,28430192.403409056,-0.17549164324906097,-0.23162544585260356,0.04790169186401475,0.0,61.0,22926986.195730932,23048268.178400137,19160791.912849337,25844113.689525835,0.5081967213114754,0.06557377049180328,-0.23526067582109944,-0.07042275620899598,0.0,0.0,0.0
0.30000000000000004,0.15000000000000002,0.15000000000000002,0.25,0.15000000000000002,"(0.3, 0.15, 0.15, 0.25, 0.15)",0.058414278656361285,0.06584677691701239,0.8871243421675994,0.0601580065221875,28288428.85510208,-0.18327764057569595,-0.26263035315643707,0.04464611460206296,0.0,61.0,22771754.50815763,23086662.42334253,19583214.5540875,25446721.129943643,0.5081967213114754,0.06557377049180328,-0.2644009112909792,-0.08578225605517625,0.0,0.0,0.0
0.15000000000000002,0.15000000000000002,0.15000000000000002,0.35000000000000003,0.2,"(0.15, 0.15, 0.15, 0.35, 0.2)",0.058310500906764595,0.06964812054166673,0.8372157131200769,0.0601580065221875,28249667.96278652,-0.19606889442865427,-0.2860397881473307,0.0486667947618948,0.0,61.0,22718199.984223876,23080457.91622315,19225681.367739543,25518592.087110117,0.5081967213114754,0.06557377049180328,-0.28767490447522265,-0.08910574183657186,0.0,0.0,0.0
0.2,0.2,0.1,0.30000000000000004,0.2,"(0.2, 0.2, 0.1, 0.3, 0.2)",0.058277703396921066,0.06534991404067765,0.8917793428258464,0.0601580065221875,28311845.372955535,-0.18057097058620886,-0.24951314336491293,0.04717104273884641,0.0,61.0,22800972.00896369,23032337.532924537,19837051.37732401,24995674.49812746,0.5081967213114754,0.06557377049180328,-0.2522035829455261,-0.07751015015186845,0.0,0.0,0.0
0.25,0.15000000000000002,0.15000000000000002,0.30000000000000004,0.15000000000000002,"(0.25, 0.15, 0.15, 0.3, 0.15)",0.05818566835944239,0.0669914867673598,0.8685531724576104,0.0601580065221875,28224103.24277377,-0.1864295622650105,-0.26894969372645267,0.045543254107870516,0.0,61.0,22727150.394422855,23048586.138651453,19405452.648761924,25493342.06754873,0.5081967213114754,0.06557377049180328,-0.27066221966169524,-0.08487459227248033,0.0,0.0,0.0
0.1,0.25,0.05,0.35000000000000003,0.25,"(0.1, 0.25, 0.05, 0.35, 0.25)",0.058014303097041475,0.06671013979881277,0.8696474519766176,0.0601580065221875,28304697.64815638,-0.18165936001986682,-0.24297993527042555,0.049695970875629866,0.0,61.0,22829042.664208833,23001152.800173834,19250922.530143496,25524878.363638174,0.5081967213114754,0.06557377049180328,-0.24735072840726935,-0.06880326601893413,0.0,0.0,0.0
0.05,0.30000000000000004,0.0,0.35000000000000003,0.30000000000000004,"(0.05, 0.3, 0.0, 0.35, 0.3)",0.05784939730332006,0.0687693090937571,0.8412095172346533,0.0601580065221875,28331278.981901146,-0.17977560337107368,-0.2310623881593264,0.05132375950660577,0.0,61.0,22907954.329679552,23007243.68785148,18623764.347056817,26662573.165445656,0.5081967213114754,0.06557377049180328,-0.23708571318594324,-0.06029822357739053,0.0,0.0,0.0
0.05,0.1,0.15000000000000002,0.35000000000000003,0.35000000000000003,"(0.05, 0.1, 0.15, 0.35, 0.35)",0.0577751123458361,0.06832164452903047,0.8456340994732195,0.0601580065221875,28086552.70827722,-0.1947861784049172,-0.289212702519653,0.04961345470768745,0.0,61.0,22849329.601459503,23063073.508881193,19055618.86202124,25598015.15976301,0.5081967213114754,0.06557377049180328,-0.28957902773123667,-0.10395384159892943,0.0,0.0,0.0
0.25,0.35000000000000003,0.15000000000000002,0.0,0.25,"(0.25, 0.35, 0.15, 0.0, 0.25)",0.06575229049723674,0.09476606589210809,0.6938379247704156,0.0601580065221875,30363045.32230213,-0.28558522982286516,-0.404202096295536,0.06754339336488857,1.0,61.0,22898850.183967855,23033095.221824374,17702979.02066297,28911526.97319623,0.5081967213114754,0.04918032786885246,-0.4134557975889492,-0.10491818554910975,0.0,0.0,0.0
0.0,0.35000000000000003,0.15000000000000002,0.15000000000000002,0.35000000000000003,"(0.0, 0.35, 0.15, 0.15, 0.35)",0.06568414797006716,0.1000447827030572,0.6565474600012298,0.0601580065221875,30323840.319877602,-0.29940002745854266,-0.4324946091846625,0.07470035010032176,1.0,61.0,22812617.35076021,23056281.020716574,17654344.890164837,28717478.75894728,0.5081967213114754,0.04918032786885246,-0.44174929173864486,-0.1136274917336454,0.0,0.0,0.0
0.2,0.35000000000000003,0.15000000000000002,0.05,0.25,"(0.2, 0.35, 0.15, 0.05, 0.25)",0.06552627977325187,0.09552768878378769,0.6859401772145937,0.0601580065221875,30294923.406026337,-0.287839545569779,-0.4098748754568421,0.06844053287069612,1.0,61.0,22849773.578965116,23015766.330554478,17744733.243039533,28751864.03126047,0.5081967213114754,0.04918032786885246,-0.4191002537677969,-0.1038386381422393,0.0,0.0,0.0
0.2,0.25,0.2,0.0,0.35000000000000003,"(0.2, 0.25, 0.2, 0.0, 0.35)",0.06538539239130348,0.09216523383434695,0.7094366245391817,0.0601580065221875,30166446.297286116,-0.27244934358330397,-0.40062602295929256,0.06702804956532848,1.0,61.0,22960874.352793444,23066232.638705622,18581462.213296365,27244510.616680693,0.5081967213114754,0.04918032786885246,-0.40610504518570545,-0.12953082180242137,0.0,0.0,0.0
0.05,0.35000000000000003,0.15000000000000002,0.15000000000000002,0.30000000000000004,"(0.05, 0.35, 0.15, 0.15, 0.3)",0.06537202239182283,0.09862222358702741,0.6628528541960571,0.0601580065221875,30239430.82130868,-0.2958740627885862,-0.4269188715807154,0.07249232042614522,1.0,61.0,22781933.251652323,23013910.427468747,17740596.075696975,28575190.12390672,0.5081967213114754,0.04918032786885246,-0.4366297048921939,-0.10775003511154756,0.0,0.0,0.0
0.2,0.35000000000000003,0.1,0.0,0.35000000000000003,"(0.2, 0.35, 0.1, 0.0, 0.35)",0.06476032824029132,0.0886324087869603,0.7306619455187247,0.0601580065221875,30136223.590557165,-0.2592488535825247,-0.3506938250011475,0.0656650396452237,1.0,61.0,23080138.234020483,23028591.365126878,17593774.99198097,29223231.12056293,0.5081967213114754,0.04918032786885246,-0.3589481668241237,-0.10192287213498955,0.0,0.0,0.0
0.15000000000000002,0.35000000000000003,0.1,0.05,0.35000000000000003,"(0.15, 0.35, 0.1, 0.05, 0.35)",0.06454991355639828,0.08928121206498907,0.7229954887867278,0.0601580065221875,30072634.373783413,-0.2615656743659718,-0.35600071979753095,0.06656217915103126,1.0,61.0,23030211.62572657,23020625.13315526,17636601.462031767,29042276.73698775,0.5081967213114754,0.04918032786885246,-0.36424051761870396,-0.10085645696012903,0.0,0.0,0.0
0.05,0.30000000000000004,0.15000000000000002,0.15000000000000002,0.35000000000000003,"(0.05, 0.3, 0.15, 0.15, 0.35)",0.06446816231541797,0.09204292757478466,0.7004140786703871,0.0601580065221875,29967346.871262427,-0.2727489127839745,-0.3918999902221879,0.06895507067988718,1.0,61.0,22875002.867818296,23149809.92710127,18217428.592044175,27661937.511693787,0.5081967213114754,0.04918032786885246,-0.3986430969473608,-0.11260015207382208,0.0,0.0,0.0
0.1,0.35000000000000003,0.1,0.1,0.35000000000000003,"(0.1, 0.35, 0.1, 0.1, 0.35)",0.06433166522387501,0.09000810755471525,0.7147318943992715,0.0601580065221875,30007063.53020553,-0.26388814945774974,-0.36135833265215367,0.06745931865683881,1.0,61.0,22979797.598403297,23004683.968093004,17678787.140422262,28861598.48467779,0.5081967213114754,0.04918032786885246,-0.3695811450799832,-0.0998001635796496,0.0,0.0,0.0
0.0,0.30000000000000004,0.15000000000000002,0.2,0.35000000000000003,"(0.0, 0.3, 0.15, 0.2, 0.35)",0.06422835161979124,0.0929719094388481,0.6908361031569129,0.0601580065221875,29896389.024890594,-0.2754690102275694,-0.3984216454327262,0.06985221018569475,1.0,61.0,22825479.683300413,23049744.338391986,18258969.253823183,27487729.795115307,0.5081967213114754,0.04918032786885246,-0.4051305024999314,-0.11146763418823936,0.0,0.0,0.0
0.2,0.35000000000000003,0.1,0.05,0.30000000000000004,"(0.2, 0.35, 0.1, 0.05, 0.3)",0.0642264105701642,0.08779141667290537,0.7315796122696137,0.0601580065221875,29985849.008527786,-0.2579148039225506,-0.350634432100146,0.06433577800281454,1.0,61.0,22995512.246227507,23025519.07300577,17721185.833842855,28813111.502362065,0.5081967213114754,0.04918032786885246,-0.3588544638743835,-0.09487637266945487,0.0,0.0,0.0
0.30000000000000004,0.35000000000000003,0.1,0.0,0.25,"(0.3, 0.35, 0.1, 0.0, 0.25)",0.06410473740312961,0.08569559304169357,0.7480517390426444,0.0601580065221875,29960226.14090267,-0.25193873819737445,-0.3400323322029766,0.061212237348790256,1.0,61.0,23009089.134736147,23043861.314130194,17762087.7321169,28762725.619882043,0.5081967213114754,0.04918032786885246,-0.3482411957543536,-0.08997138862113364,0.0,0.0,0.0
0.2,0.30000000000000004,0.15000000000000002,0.1,0.25,"(0.2, 0.3, 0.15, 0.1, 0.25)",0.06405606498762584,0.08822329111537953,0.7260675064122524,0.0601580065221875,29863825.875450253,-0.26080718562349137,-0.3704486274640252,0.0636051288776462,1.0,61.0,22859226.402493533,23048259.87853986,18350648.308591142,27504399.724035446,0.5081967213114754,0.04918032786885246,-0.37728118655890786,-0.10194776986451198,0.0,0.0,0.0
0.25,0.2,0.2,0.0,0.35000000000000003,"(0.25, 0.2, 0.2, 0.0, 0.35)",0.06401337620079395,0.0851700904184248,0.7515945549230739,0.0601580065221875,29770089.772304535,-0.2528085120498811,-0.3734099331281878,0.06123122298883085,1.0,61.0,23009752.20739886,23132721.84534929,19157234.98001281,26195465.998025447,0.5081967213114754,0.04918032786885246,-0.37715113407231143,-0.1281051591883939,0.0,0.0,0.0
0.05,0.30000000000000004,0.15000000000000002,0.2,0.30000000000000004,"(0.05, 0.3, 0.15, 0.2, 0.3)",0.06391037470603611,0.09149062729644081,0.6985455952658264,0.0601580065221875,29811477.2063062,-0.27002846731185604,-0.38913411826145444,0.06762580903747803,1.0,61.0,22794168.373285975,23024682.00994366,18347253.506694354,27336539.9944249,0.5081967213114754,0.04918032786885246,-0.39579225062219175,-0.10561368441595757,0.0,0.0,0.0
0.2,0.15000000000000002,0.25,0.05,0.35000000000000003,"(0.2, 0.15, 0.25, 0.05, 0.35)",0.06387379993852282,0.09031542710703838,0.7072302261586167,0.0601580065221875,29662036.335290022,-0.27281910372230944,-0.42840913099515915,0.06397526602738844,1.0,61.0,22907877.827851124,23014174.162464727,18992444.620680314,26213748.340254087,0.5081967213114754,0.04918032786885246,-0.43053901190876837,-0.1392779118567612,0.0,0.0,0.0
0.15000000000000002,0.30000000000000004,0.15000000000000002,0.15000000000000002,0.25,"(0.15, 0.3, 0.15, 0.15, 0.25)",0.06382359885609112,0.08911258690792924,0.7162130633917452,0.0601580065221875,29795056.32229646,-0.26315700549231535,-0.37605583664525466,0.06450226838345374,1.0,61.0,22810747.602867555,23054737.281031292,18393139.73731997,27352169.39070803,0.5081967213114754,0.04918032786885246,-0.3828478348125435,-0.10089817947222976,0.0,0.0,0.0
0.2,0.2,0.2,0.05,0.35000000000000003,"(0.2, 0.2, 0.2, 0.05, 0.35)",0.06380031881252068,0.08588298393343462,0.7428749665005869,0.0601580065221875,29706917.683779437,-0.255656938851207,-0.3801902874341744,0.06216203538671461,1.0,61.0,22965154.178147476,23036846.738776676,19203611.850097258,26052670.27601468,0.5081967213114754,0.04918032786885246,-0.3838606894448606,-0.126865340224639,0.0,0.0,0.0
0.30000000000000004,0.15000000000000002,0.25,0.0,0.30000000000000004,"(0.3, 0.15, 0.25, 0.0, 0.3)",0.06378236180701435,0.0879571087570633,0.7251530059176984,0.0601580065221875,29643935.756567545,-0.2639245340415156,-0.40983072543205507,0.06104150249099365,1.0,61.0,22922435.820736237,23014227.7764328,19175683.987723213,26177867.316773973,0.5081967213114754,0.04918032786885246,-0.41211920258830403,-0.13465703515735558,0.0,0.0,0.0
0.25,0.30000000000000004,0.15000000000000002,0.1,0.2,"(0.25, 0.3, 0.15, 0.1, 0.2)",0.06372042611649809,0.08684526364303136,0.7337236763816439,0.0601580065221875,29774245.602058254,-0.25719452147975763,-0.3649018006327715,0.06137872772942948,1.0,61.0,22825206.45309847,23033163.874118723,18437484.049227133,27366012.156370353,0.5081967213114754,0.04918032786885246,-0.3717376570098441,-0.09619958106134191,0.0,0.0,0.0
0.0,0.30000000000000004,0.15000000000000002,0.25,0.30000000000000004,"(0.0, 0.3, 0.15, 0.25, 0.3)",0.06366252862299371,0.09250764891800517,0.6881866458353239,0.0601580065221875,29738711.834525716,-0.2727671847866906,-0.39566271299516637,0.06852294854328558,1.0,61.0,22744434.979644433,23020032.812345732,18388252.828031473,27183597.07894154,0.5081967213114754,0.04918032786885246,-0.402851757676286,-0.10453775946194223,0.0,0.0,0.0
0.15000000000000002,0.15000000000000002,0.25,0.1,0.35000000000000003,"(0.15, 0.15, 0.25, 0.1, 0.35)",0.06364718662410618,0.09113438524488136,0.6983882807030947,0.0601580065221875,29595626.528260462,-0.27559958372993654,-0.4356983566287843,0.0649060784252722,1.0,61.0,22864584.75219189,23047096.55340138,18820528.7698034,26243299.77888237,0.5081967213114754,0.04918032786885246,-0.4377101037226319,-0.13796291897796178,0.0,0.0,0.0
0.25,0.15000000000000002,0.25,0.05,0.30000000000000004,"(0.25, 0.15, 0.25, 0.05, 0.3)",0.06356328679831647,0.08871595270110127,0.7164809131055797,0.0601580065221875,29579570.697933953,-0.26673173377328796,-0.4169994134624708,0.0619723148888774,1.0,61.0,22879919.604811314,23059921.01085457,19002747.544612527,26215761.061705746,0.5081967213114754,0.04918032786885246,-0.41917890115158796,-0.13337817406202604,0.0,0.0,0.0
0.35000000000000003,0.15000000000000002,0.25,0.0,0.25,"(0.35, 0.15, 0.25, 0.0, 0.25)",0.06346301609542282,0.08640655509186214,0.734469925666552,0.0601580065221875,29559149.68946811,-0.2577935124882582,-0.39853727436530423,0.059038551352482614,1.0,61.0,22893124.741261005,23070709.94361887,19184858.937473685,26194610.804568972,0.5081967213114754,0.04918032786885246,-0.4008664492944235,-0.12880810020745256,0.0,0.0,0.0
0.1,0.15000000000000002,0.25,0.15000000000000002,0.35000000000000003,"(0.1, 0.15, 0.25, 0.15, 0.35)",0.06341278410861517,0.09202700490492483,0.6890671295249514,0.0601580065221875,29527281.13487365,-0.2783776616590923,-0.4430490117205065,0.06583689082315596,1.0,61.0,22820776.332073126,23079085.690375544,18649505.599169675,26303378.12242969,0.5081967213114754,0.04918032786885246,-0.44493822602551925,-0.1366583001537294,0.0,0.0,0.0
0.2,0.15000000000000002,0.25,0.1,0.30000000000000004,"(0.2, 0.15, 0.25, 0.1, 0.3)",0.06333642015322716,0.08955155612159481,0.7072620833883418,0.0601580065221875,29513262.654602665,-0.26953651881934615,-0.4242295943727559,0.06290312728676116,1.0,61.0,22836885.378743622,23092745.262717254,18830700.82546083,26285564.470735006,0.5081967213114754,0.04918032786885246,-0.42629576696582033,-0.1321095213255541,0.0,0.0,0.0
0.30000000000000004,0.15000000000000002,0.25,0.05,0.25,"(0.3, 0.15, 0.25, 0.05, 0.25)",0.06324368918494971,0.0871809680222961,0.7254299948674057,0.0601580065221875,29494886.149094697,-0.2606251303144925,-0.40564714768061144,0.05996936375036637,1.0,61.0,22850869.421487775,23104367.175157536,19011802.269982416,26265329.04396748,0.5081967213114754,0.04918032786885246,-0.40787212905685705,-0.12757502574404142,0.0,0.0,0.0
0.05,0.15000000000000002,0.25,0.2,0.35000000000000003,"(0.05, 0.15, 0.25, 0.2, 0.35)",0.06317059933791391,0.09299116488652345,0.6793182923883211,0.0601580065221875,29457014.468834855,-0.2811532944831515,-0.4504610075619597,0.06676770322103971,1.0,61.0,22776455.065748196,23110137.77533521,18479379.65679062,26371319.368251175,0.5081967213114754,0.04918032786885246,-0.4522232439294801,-0.13593885144515336,0.0,0.0,0.0
0.15000000000000002,0.15000000000000002,0.25,0.15000000000000002,0.30000000000000004,"(0.15, 0.15, 0.25, 0.15, 0.3)",0.0631017687262534,0.09046179194172077,0.6975516112582223,0.0601580065221875,29445025.541293684,-0.27233884601956326,-0.4315211903250186,0.0638339396846449,1.0,61.0,22793335.58650583,23124634.460763216,18659548.5076871,26354434.79777063,0.5081967213114754,0.04918032786885246,-0.43346967526219415,-0.13085102079554853,0.0,0.0,0.0
0.25,0.15000000000000002,0.25,0.1,0.25,"(0.25, 0.15, 0.25, 0.1, 0.25)",0.06301657506185454,0.08803319410960357,0.7158274296329326,0.0601580065221875,29428686.293542914,-0.263454277564791,-0.4128184960836793,0.06090017614825012,1.0,61.0,22808095.909181878,23137091.47817255,18839636.985080104,26335120.55180828,0.5081967213114754,0.04918032786885246,-0.4149349854517819,-0.12635194173031694,0.0,0.0,0.0
0.0,0.15000000000000002,0.25,0.25,0.35000000000000003,"(0.0, 0.15, 0.25, 0.25, 0.35)",0.06292063934628733,0.094024664421135,0.6691929158552141,0.0601580065221875,29384841.210089333,-0.28392643933177464,-0.4579342470143535,0.06769851561892345,1.0,61.0,22731623.481703598,23140249.11811511,18310155.34281122,26438313.04006398,0.5081967213114754,0.04918032786885246,-0.4595650144987578,-0.14019819492013752,0.0,0.0,0.0
0.35000000000000003,0.15000000000000002,0.25,0.05,0.2,"(0.35, 0.15, 0.25, 0.05, 0.2)",0.06291503756695249,0.0857139378307197,0.7340117507050745,0.0601580065221875,29408009.751689374,-0.2544994802183512,-0.3943528468465654,0.05796641261185534,1.0,61.0,22820735.071968608,23147509.1609208,19019610.49038285,26313385.802009743,0.5081967213114754,0.04918032786885246,-0.3966191577268088,-0.12186759422012418,0.0,0.0,0.0
0.1,0.15000000000000002,0.25,0.2,0.30000000000000004,"(0.1, 0.15, 0.25, 0.2, 0.3)",0.06285933946041644,0.09144443152094137,0.687404781405648,0.0601580065221875,29374873.642481044,-0.2751386723673249,-0.4388741151093377,0.06476475208252867,1.0,61.0,22749272.702559087,23155584.81991094,18489295.120044205,26422363.68197079,0.5081967213114754,0.04918032786885246,-0.44070049326435684,-0.13444658508354404,0.0,0.0,0.0
0.2,0.15000000000000002,0.25,0.15000000000000002,0.25,"(0.2, 0.15, 0.25, 0.15, 0.25)",0.06278168057795508,0.08896099708493939,0.70572141314931,0.0601580065221875,29360564.00853585,-0.266280911100093,-0.42005124421173146,0.06183098854613388,1.0,61.0,22764806.624362353,23168878.973128106,18668367.740859415,26403976.880314663,0.5081967213114754,0.04918032786885246,-0.42205489580594957,-0.12872626088737282,0.0,0.0,0.0
0.2,0.30000000000000004,0.1,0.1,0.30000000000000004,"(0.2, 0.3, 0.1, 0.1, 0.3)",0.06271095784885716,0.08030800330622631,0.780880550718351,0.0601580065221875,29546048.82113013,-0.23225558663655044,-0.3159460858009733,0.05950037400976461,1.0,61.0,22994111.568959616,23065501.10290267,18323862.701633684,27595405.78329889,0.5081967213114754,0.04918032786885246,-0.32194432079980334,-0.09325145686773066,0.0,0.0,0.0
0.30000000000000004,0.15000000000000002,0.25,0.1,0.2,"(0.3, 0.15, 0.25, 0.1, 0.2)",0.06268768171623451,0.08658269086822395,0.724020945614212,0.0601580065221875,29341924.432459835,-0.25735304600429765,-0.40146557685447715,0.05889722500973909,1.0,61.0,22778224.071879636,23180131.709045935,18847338.917602114,26383161.577908143,0.5081967213114754,0.04918032786885246,-0.40362822240415897,-0.12303815040247018,0.0,0.0,0.0
0.05,0.15000000000000002,0.25,0.25,0.30000000000000004,"(0.05, 0.15, 0.25, 0.25, 0.3)",0.0626091393871171,0.0924971673536115,0.6768762890626245,0.0601580065221875,29302821.607463054,-0.2779359550116903,-0.4462882740957044,0.06569556448041243,1.0,61.0,22704699.231783394,23183970.832465194,18319945.043535326,26489342.85294431,0.5081967213114754,0.04918032786885246,-0.44798808015372893,-0.13867825188943225,0.0,0.0,0.0
0.1,0.25,0.15000000000000002,0.2,0.30000000000000004,"(0.1, 0.25, 0.15, 0.2, 0.3)",0.06260038210850438,0.08372234424110006,0.7477141577430089,0.0601580065221875,29435526.462747365,-0.2453731377400502,-0.35299086494557996,0.06189326553862053,1.0,61.0,22847332.9396348,23003947.325047776,18922761.046468407,26288938.604614876,0.5081967213114754,0.04918032786885246,-0.35774480006398734,-0.10467967910095925,0.0,0.0,0.0
0.05,0.30000000000000004,0.1,0.2,0.35000000000000003,"(0.05, 0.3, 0.1, 0.2, 0.35)",0.06259848885566366,0.08351707826144737,0.7495292000002828,0.0601580065221875,29502692.01690234,-0.243586371404373,-0.33702919475408644,0.06352105416959644,1.0,61.0,22930327.973083347,23105774.77289617,18323835.00339287,27470182.872279745,0.5081967213114754,0.04918032786885246,-0.3430772570650478,-0.09701077771282486,0.0,0.0,0.0
0.35000000000000003,0.25,0.15000000000000002,0.05,0.2,"(0.35, 0.25, 0.15, 0.05, 0.2)",0.06259697536781239,0.07814663830704885,0.8010194260930368,0.0601580065221875,29454301.09818579,-0.22556358441370306,-0.31578508583658166,0.054749044724764426,1.0,61.0,22919562.82700295,23042364.035557665,18967105.91601713,26458743.38469707,0.5081967213114754,0.04918032786885246,-0.32056659613697647,-0.0964621386499972,0.0,0.0,0.0
0.30000000000000004,0.1,0.25,0.0,0.35000000000000003,"(0.3, 0.1, 0.25, 0.0, 0.35)",0.06259349576776607,0.08383442118572285,0.7466324080546746,0.0601580065221875,29302109.692245603,-0.25052811546490095,-0.39230725131109007,0.057247627053007046,1.0,61.0,22990542.650984287,23353488.926673386,19029096.504005406,26244957.320538327,0.5081967213114754,0.04918032786885246,-0.3929754049389153,-0.138834988043651,0.0,0.0,0.0
0.30000000000000004,0.15000000000000002,0.2,0.0,0.35000000000000003,"(0.3, 0.15, 0.2, 0.0, 0.35)",0.06254454183171876,0.07872365802242703,0.7944821595294883,0.0601580065221875,29352764.985643588,-0.23282803883737446,-0.3453484732935416,0.055434396412333206,1.0,61.0,23048554.55212445,23063456.21581582,19740937.3244317,25772222.151765652,0.5081967213114754,0.04918032786885246,-0.3475494036850712,-0.12665323675140117,0.0,0.0,0.0
0.15000000000000002,0.15000000000000002,0.25,0.2,0.25,"(0.15, 0.15, 0.25, 0.2, 0.25)",0.062539012673541,0.08996203864368,0.6951711368085419,0.0601580065221875,29290533.54810401,-0.26910498793420834,-0.4273453083404998,0.06276180094401762,1.0,61.0,22721004.017718807,23199725.888101805,18497999.04686936,26471889.67088493,0.5081967213114754,0.04918032786885246,-0.4292317294442656,-0.1329775361235334,0.0,0.0,0.0
0.15000000000000002,0.30000000000000004,0.1,0.15000000000000002,0.30000000000000004,"(0.15, 0.3, 0.1, 0.15, 0.3)",0.06249383091374461,0.08110449707406123,0.7705347196306249,0.0601580065221875,29481879.633080162,-0.2351151738549896,-0.3219777949558215,0.060397513515572154,1.0,61.0,22945107.296028264,23104047.629227016,18367616.464946706,27424216.068249732,0.5081967213114754,0.04918032786885246,-0.32796862556542516,-0.09226020477415953,0.0,0.0,0.0
0.25,0.15000000000000002,0.25,0.15000000000000002,0.2,"(0.25, 0.15, 0.25, 0.15, 0.2)",0.06245254992819049,0.08752793402616853,0.7135156407269803,0.0601580065221875,29273923.4468614,-0.26020404210622583,-0.4086396903603934,0.05982803740762284,1.0,61.0,22735197.108491763,23211815.74062649,18675964.94321333,26452000.12310265,0.5081967213114754,0.04918032786885246,-0.4106943519886556,-0.12730822654255147,0.0,0.0,0.0
0.25,0.1,0.25,0.05,0.35000000000000003,"(0.25, 0.1, 0.25, 0.05, 0.35)",0.06238379043159403,0.08452751607820673,0.7380293817444625,0.0601580065221875,29240936.324325215,-0.25338116723521076,-0.39948067076105026,0.058178439450890795,1.0,61.0,22949356.22326189,23347336.355603017,18858364.100970577,26277013.963028695,0.5081967213114754,0.04918032786885246,-0.400020047048951,-0.13752894393547335,0.0,0.0,0.0
0.0,0.30000000000000004,0.1,0.25,0.35000000000000003,"(0.0, 0.3, 0.1, 0.25, 0.35)",0.062365988964524055,0.08445763782499902,0.7384292358939745,0.0601580065221875,29434548.31945339,-0.24641732884388912,-0.34320743737556453,0.064418193675404,1.0,61.0,22880060.92317163,23041622.34203423,18366107.01334775,27298128.476292957,0.5081967213114754,0.04918032786885246,-0.34942716763247467,-0.09599340756893324,0.0,0.0,0.0
0.0,0.15000000000000002,0.25,0.30000000000000004,0.30000000000000004,"(0.0, 0.15, 0.25, 0.3, 0.3)",0.062351175625998234,0.09361763476006442,0.6660195569542001,0.0601580065221875,29228884.445325363,-0.28073065125950036,-0.45376356418715746,0.06662637687829617,1.0,61.0,22659617.70940462,23137311.29127362,18151502.51234583,26555364.132268205,0.5081967213114754,0.04918032786885246,-0.4553322870360317,-0.14286218798888703,0.0,0.0,0.0
0.35000000000000003,0.15000000000000002,0.25,0.1,0.15000000000000002,"(0.35, 0.15, 0.25, 0.1, 0.15)",0.06234977025466493,0.08520351214785117,0.7317746496936791,0.0601580065221875,29253004.371048912,-0.25123301225062833,-0.39017134551400795,0.05689427387122806,1.0,61.0,22747277.668072913,23221862.6324703,18853808.483689565,26429683.511451997,0.5081967213114754,0.04918032786885246,-0.39237593636147017,-0.12167123864769543,0.0,0.0,0.0
0.25,0.15000000000000002,0.2,0.05,0.35000000000000003,"(0.25, 0.15, 0.2, 0.05, 0.35)",0.06234059500490452,0.0793872887533233,0.785271747957192,0.0601580065221875,29292851.855452828,-0.23574828830571537,-0.35207471075077584,0.05636520881021696,1.0,61.0,23005563.67323616,23068087.42811523,19636644.186881028,25804340.42186395,0.5081967213114754,0.04918032786885246,-0.354190834209111,-0.125429847006263,0.0,0.0,0.0
0.25,0.2,0.25,0.25,0.05,"(0.25, 0.2, 0.25, 0.25, 0.05)",0.062305759129652305,0.0926630258571962,0.6723907249227136,0.0601580065221875,29249763.172186453,-0.2671842510129582,-0.41763314201396373,0.06147763536435488,1.0,61.0,22501441.657635156,23009726.99045226,18476495.949184492,26777375.698808394,0.5081967213114754,0.04918032786885246,-0.42128057922440065,-0.13404285127599846,0.0,0.0,0.0
0.1,0.15000000000000002,0.25,0.25,0.25,"(0.1, 0.15, 0.25, 0.25, 0.25)",0.062288578377238,0.09103390274441868,0.6842349553233554,0.0601580065221875,29218609.529667586,-0.2719264652359926,-0.4347005963360253,0.06369261334190138,1.0,61.0,22676690.570544217,23160803.029114958,18328535.26503307,26538850.6556221,0.5081967213114754,0.04918032786885246,-0.4364653476550312,-0.13718147482886786,0.0,0.0,0.0
0.35000000000000003,0.1,0.25,0.0,0.30000000000000004,"(0.35, 0.1, 0.25, 0.0, 0.3)",0.06227768325135008,0.08216146472359642,0.7579913948815495,0.0601580065221875,29219141.622546554,-0.24430553852871706,-0.380882645328131,0.055244675914496014,1.0,61.0,22961447.899823062,23364306.145573854,19037883.522892103,26238178.000317022,0.5081967213114754,0.04918032786885246,-0.38162822804556334,-0.13300170338092723,0.0,0.0,0.0
0.1,0.30000000000000004,0.1,0.2,0.30000000000000004,"(0.1, 0.3, 0.1, 0.2, 0.3)",0.06226890708389465,0.08198412744923789,0.7595239349525271,0.0601580065221875,29415779.903611887,-0.2379715374533039,-0.3280610250569077,0.061294653021379715,1.0,61.0,22895613.673987765,23036657.484745614,18410701.973443393,27253292.15222694,0.5081967213114754,0.04918032786885246,-0.3340412835201143,-0.09127852918142267,0.0,0.0,0.0
0.35000000000000003,0.15000000000000002,0.2,0.0,0.30000000000000004,"(0.35, 0.15, 0.2, 0.0, 0.3)",0.062222689148406785,0.0770080056667044,0.8080028642438889,0.0601580065221875,29268133.12656893,-0.22647010151244207,-0.3344305775360606,0.053431445273822174,1.0,61.0,23016932.60850936,23045191.346776117,19823026.0073584,25764589.757543467,0.5081967213114754,0.04918032786885246,-0.33665178860058387,-0.12082592683114401,0.0,0.0,0.0
0.2,0.15000000000000002,0.25,0.2,0.2,"(0.2, 0.15, 0.25, 0.2, 0.2)",0.062209649140484435,0.08854721773815998,0.7025590496185042,0.0601580065221875,29204021.01728254,-0.26305242555878317,-0.41587510611276723,0.060758849805506596,1.0,61.0,22691656.608746525,23181809.163016364,18505493.057615515,26519893.081636842,0.5081967213114754,0.04918032786885246,-0.41781741789602345,-0.1315313650525562,0.0,0.0,0.0
0.35000000000000003,0.2,0.25,0.2,0.0,"(0.35, 0.2, 0.25, 0.2, 0.0)",0.06220637493317138,0.09043135266441367,0.6878850431886848,0.0601580065221875,29229781.131041963,-0.25831885066429383,-0.3993078971651327,0.058756685133498805,1.0,61.0,22513504.561807163,23019730.63430829,18652509.131923348,26754641.71531644,0.5081967213114754,0.04918032786885246,-0.4030495979506506,-0.13013504885105664,0.0,0.0,0.0
0.2,0.1,0.25,0.1,0.35000000000000003,"(0.2, 0.1, 0.25, 0.1, 0.35)",0.062166308369664636,0.08530231784969705,0.7287763092112205,0.0601580065221875,29177833.89207686,-0.25623175043310775,-0.40671721162673996,0.05910925184877455,1.0,61.0,22907645.22670211,23306200.364349846,18688499.645413443,26307894.188114822,0.5081967213114754,0.04918032786885246,-0.40712328054173413,-0.13623309772473055,0.0,0.0,0.0
0.30000000000000004,0.15000000000000002,0.25,0.15000000000000002,0.15000000000000002,"(0.3, 0.15, 0.25, 0.15, 0.15)",0.06211440681503899,0.08616598226060748,0.720869247763869,0.0601580065221875,29185131.078123026,-0.25410842631271047,-0.3972870394671539,0.05782508626911181,1.0,61.0,22704514.774999697,23200325.232551504,18682341.949155014,26498500.48254448,0.5081967213114754,0.04918032786885246,-0.3993885034438204,-0.12591277533294054,0.0,0.0,0.0
0.30000000000000004,0.1,0.25,0.05,0.30000000000000004,"(0.3, 0.1, 0.25, 0.05, 0.3)",0.06206772693064355,0.08287073201096104,0.7489704196462758,0.0601580065221875,29158060.65125582,-0.24718331645475444,-0.38799647434601436,0.056175488312379764,1.0,61.0,22920521.578985948,23324241.764965698,18867035.796332523,26270169.453268036,0.5081967213114754,0.04918032786885246,-0.3886183113633703,-0.131741082312978,0.0,0.0,0.0
0.05,0.15000000000000002,0.25,0.30000000000000004,0.25,"(0.05, 0.15, 0.25, 0.3, 0.25)",0.06203038480587142,0.09217411870046009,0.6729696543934712,0.0601580065221875,29144806.929012686,-0.2747453003314827,-0.4421170076076734,0.06462342573978515,1.0,61.0,22631868.794664465,23114139.316093523,18159980.61058097,26604851.658850804,0.5081967213114754,0.04918032786885246,-0.44375560365638284,-0.1413380446588751,0.0,0.0,0.0
0.15000000000000002,0.15000000000000002,0.25,0.25,0.2,"(0.15, 0.15, 0.25, 0.25, 0.2)",0.06195898637907371,0.0896380162700059,0.6912132704102024,0.0601580065221875,29132231.728048887,-0.26589815355102675,-0.4231717344608315,0.061689662203390346,1.0,61.0,22647605.030372232,23136198.070950277,18335927.603712652,26586832.188509334,0.5081967213114754,0.04918032786885246,-0.42499728351103827,-0.13570752792331575,0.0,0.0,0.0
0.30000000000000004,0.2,0.25,0.25,0.0,"(0.3, 0.2, 0.25, 0.25, 0.0)",0.06194559683490963,0.09160051113079234,0.6762582006388614,0.0601580065221875,29155235.5550769,-0.26119086192372953,-0.40641731944434634,0.05951619996231466,1.0,61.0,22468970.132104002,23047794.325572453,18480628.78498492,26820680.494022056,0.5081967213114754,0.04918032786885246,-0.4100766298394905,-0.1367011137816728,0.0,0.0,0.0
0.15000000000000002,0.1,0.25,0.15000000000000002,0.35000000000000003,"(0.15, 0.1, 0.25, 0.15, 0.35)",0.06194105630301139,0.08615662217196607,0.7189355239505429,0.0601580065221875,29112815.66262612,-0.2590798215674379,-0.41401680977923383,0.06004006424665831,1.0,61.0,22865412.01846306,23263985.98276929,18519507.87995195,26337593.855781067,0.5081967213114754,0.04918032786885246,-0.4142849934903433,-0.13933195021523453,0.0,0.0,0.0
0.15000000000000002,0.30000000000000004,0.1,0.2,0.25,"(0.15, 0.3, 0.1, 0.2, 0.25)",0.06193035406958214,0.08052359267568936,0.7690957645047966,0.0601580065221875,29326723.005342007,-0.2323453667161417,-0.31913334661910187,0.059068251873163,1.0,61.0,22859838.80612827,23030872.26952254,18496981.917170554,27037134.805796932,0.5081967213114754,0.04918032786885246,-0.32517168376879063,-0.08564434652660063,0.0,0.0,0.0
0.25,0.15000000000000002,0.25,0.2,0.15000000000000002,"(0.25, 0.15, 0.25, 0.2, 0.15)",0.061871278799599194,0.08720325781136017,0.7095065064362662,0.0601580065221875,29115363.19244452,-0.2569811716797016,-0.4044640209804502,0.05875589866699556,1.0,61.0,22661238.146806717,23155773.800608978,18511778.960681297,26566369.86478918,0.5081967213114754,0.04918032786885246,-0.40645801933493797,-0.1301077342645586,0.0,0.0,0.0
0.25,0.1,0.25,0.1,0.30000000000000004,"(0.25, 0.1, 0.25, 0.1, 0.3)",0.061849998231946035,0.08366303735767183,0.7392750751748131,0.0601580065221875,29095057.14702368,-0.2500585694451989,-0.39517340653559174,0.05710630071026351,1.0,61.0,22879070.515981026,23283094.46115489,18697057.616972763,26300984.979511674,0.5081967213114754,0.04918032786885246,-0.39566699545439976,-0.1336305730635555,0.0,0.0,0.0
0.35000000000000003,0.15000000000000002,0.25,0.15000000000000002,0.1,"(0.35, 0.15, 0.25, 0.15, 0.1)",0.06176728105406726,0.08487856498836814,0.7277135406628508,0.0601580065221875,29094214.42569099,-0.24799425306330702,-0.3859937958996743,0.05640753415288973,1.0,61.0,22672767.43166028,23172862.465884402,18687500.781847935,26543474.118690252,0.5081967213114754,0.04918032786885246,-0.38813780506447704,-0.1245395679548867,0.0,0.0,0.0
0.35000000000000003,0.1,0.25,0.05,0.25,"(0.35, 0.1, 0.25, 0.05, 0.25)",0.061742646587165995,0.08128082495408645,0.759621308248814,0.0601580065221875,29073020.179390892,-0.24096618264269642,-0.3765706745566544,0.054172537173868725,1.0,61.0,22890604.062013995,23299702.37503739,18874474.002804965,26261699.31035273,0.5081967213114754,0.04918032786885246,-0.3772705477841716,-0.12796168851449857,0.0,0.0,0.0
0.1,0.1,0.25,0.2,0.35000000000000003,"(0.1, 0.1, 0.25, 0.2, 0.35)",0.06170804104112193,0.08708808939808022,0.7085703850850841,0.0601580065221875,29045895.27223784,-0.2619253373009356,-0.42137939260571367,0.06097087664454206,1.0,61.0,22822658.98681838,23220699.552458614,18351393.400563978,26366108.97528848,0.5081967213114754,0.04918032786885246,-0.4215050658664846,-0.14349690952901067,0.0,0.0,0.0
0.1,0.15000000000000002,0.25,0.30000000000000004,0.2,"(0.1, 0.15, 0.25, 0.3, 0.2)",0.06170056875807184,0.09079775222904747,0.6795385044601684,0.0601580065221875,29058570.520412095,-0.268741183428584,-0.4305294773074914,0.0626204746012741,1.0,61.0,22603044.861815818,23089534.042328145,18167272.777847726,26652809.27119003,0.5081967213114754,0.04918032786885246,-0.43223380415389834,-0.13983668255698495,0.0,0.0,0.0
0.1,0.15000000000000002,0.2,0.2,0.35000000000000003,"(0.1, 0.15, 0.2, 0.2, 0.35)",0.061682080933029626,0.08189313407945484,0.7532021045034627,0.0601580065221875,29101546.2681946,-0.24449334920728905,-0.3726188641873331,0.05915764600386822,1.0,61.0,22873497.90781285,23048390.049635235,19109667.25032817,25893757.270001657,0.5081967213114754,0.04918032786885246,-0.3744560153324705,-0.12181975944993914,0.0,0.0,0.0
0.2,0.1,0.25,0.15000000000000002,0.30000000000000004,"(0.2, 0.1, 0.25, 0.15, 0.3)",0.06162450387376128,0.08453604599910493,0.7289731042591436,0.0601580065221875,29030144.350241512,-0.2529312540289069,-0.4024133802765484,0.05803711310814727,1.0,61.0,22837097.043990534,23240870.436939247,18527953.70875834,26330620.448588196,0.5081967213114754,0.04918032786885246,-0.4027741705090122,-0.13781451000354666,0.0,0.0,0.0
0.2,0.15000000000000002,0.25,0.25,0.15000000000000002,"(0.2, 0.15, 0.25, 0.25, 0.15)",0.061620393231736736,0.08831270296093705,0.6977523183611876,0.0601580065221875,29043715.264042545,-0.25985120556127395,-0.41170220287334486,0.059686711064879314,1.0,61.0,22617450.217682745,23110164.438721567,18342123.84221298,26633283.39648221,0.5081967213114754,0.04918032786885246,-0.41358434950558653,-0.13425607722939964,0.0,0.0,0.0
0.2,0.15000000000000002,0.2,0.15000000000000002,0.30000000000000004,"(0.2, 0.15, 0.2, 0.15, 0.3)",0.061586790744264874,0.0793144323404934,0.7764890818341291,0.0601580065221875,29082899.257949214,-0.23529847948962523,-0.35462025593916474,0.05622388246747343,1.0,61.0,22887218.740350503,23031853.174748853,19292996.8454455,25857292.914594796,0.5081967213114754,0.04918032786885246,-0.35658890465111,-0.11732110729537387,0.0,0.0,0.0
0.30000000000000004,0.1,0.25,0.1,0.25,"(0.3, 0.1, 0.25, 0.1, 0.25)",0.06152467684569629,0.08209067694199466,0.7494721585639947,0.0601580065221875,29010121.6627267,-0.24386616241736891,-0.3836882143704109,0.05510334957175248,1.0,61.0,22849414.65674081,23258547.304233536,18704394.180222075,26292449.108472332,0.5081967213114754,0.04918032786885246,-0.38426490168780003,-0.13216380459472124,0.0,0.0,0.0
0.30000000000000004,0.15000000000000002,0.25,0.2,0.1,"(0.3, 0.15, 0.25, 0.2, 0.1)",0.061523931368231644,0.08593348362636814,0.7159482982876935,0.0601580065221875,29024587.516822573,-0.250891414799129,-0.3931125591498098,0.057167048981705576,1.0,61.0,22629756.37513039,23128314.67410824,18516858.75140613,26611316.175096195,0.5081967213114754,0.04918032786885246,-0.39515398972260996,-0.12870630809798506,0.0,0.0,0.0
0.05,0.15000000000000002,0.2,0.25,0.35000000000000003,"(0.05, 0.15, 0.2, 0.25, 0.35)",0.06144704097531939,0.08289141886841339,0.7412955624859547,0.0601580065221875,29033966.92991218,-0.24740299562346524,-0.37958854079064086,0.060088458401751976,1.0,61.0,22828453.437481802,23053816.972768728,18935825.718672425,25921236.915328003,0.5081967213114754,0.04918032786885246,-0.3813243591419866,-0.12063623148033106,0.0,0.0,0.0
0.15000000000000002,0.1,0.25,0.2,0.30000000000000004,"(0.15, 0.1, 0.25, 0.2, 0.3)",0.06139125066300477,0.08548728550952653,0.7181331153176393,0.0601580065221875,28963335.86901936,-0.25580132688797375,-0.409716325475236,0.05896792550603103,1.0,61.0,22794603.527491707,23197576.0314756,18359728.64911168,26359071.87922499,0.5081967213114754,0.04918032786885246,-0.4099397186217927,-0.14195229807522936,0.0,0.0,0.0
0.15000000000000002,0.15000000000000002,0.2,0.2,0.30000000000000004,"(0.15, 0.15, 0.2, 0.2, 0.3)",0.061359284367817235,0.08025427448107918,0.7645609503613836,0.0601580065221875,29017330.008913998,-0.23823587024938098,-0.36147185960319517,0.05715469486535719,1.0,61.0,22842952.808941334,23027948.060345333,19118131.5368446,25885876.9392439,0.5081967213114754,0.04918032786885246,-0.3633481286106217,-0.11617235802628596,0.0,0.0,0.0
0.25,0.1,0.25,0.15000000000000002,0.25,"(0.25, 0.1, 0.25, 0.15, 0.25)",0.0612989457931008,0.08298240556736079,0.7386981056284456,0.0601580065221875,28945320.480478466,-0.24676351734164048,-0.3908687790768445,0.05603416196963624,1.0,61.0,22807702.66102264,23216317.23456568,18535190.13041911,26337879.87003839,0.5081967213114754,0.04918032786885246,-0.3913177575296321,-0.13632016995922808,0.0,0.0,0.0
0.25,0.15000000000000002,0.25,0.25,0.1,"(0.25, 0.15, 0.25, 0.25, 0.1)",0.06127282855482741,0.08706118583625456,0.7037904201083348,0.0601580065221875,28953087.499158874,-0.2537858089292243,-0.400292509609287,0.05792656381052142,1.0,61.0,22586233.8113508,23004242.15546092,18347125.948309503,26678200.42915482,0.5081967213114754,0.04918032786885246,-0.4022270026556572,-0.1344215758080555,0.0,0.0,0.0
0.0,0.15000000000000002,0.2,0.30000000000000004,0.35000000000000003,"(0.0, 0.15, 0.2, 0.3, 0.35)",0.06120424490304677,0.08396655817678178,0.7289121554105907,0.0601580065221875,28964505.39790557,-0.2503098831158309,-0.386618915552879,0.061019270799635726,1.0,61.0,22782902.01345223,23014227.748856958,18762900.58483019,25947547.28504381,0.5081967213114754,0.04918032786885246,-0.38824915184004855,-0.11946252383439057,0.0,0.0,0.0
0.35000000000000003,0.1,0.25,0.1,0.2,"(0.35, 0.1, 0.25, 0.1, 0.2)",0.06119037389851689,0.08058915369441458,0.7592879574160094,0.0601580065221875,28923054.09446007,-0.23765471935315974,-0.3722621561270615,0.05405838317228065,1.0,61.0,22818685.386237465,23232567.36859368,18710511.200005595,26314848.999186117,0.5081967213114754,0.04918032786885246,-0.3729174671904637,-0.1307198449104275,0.0,0.0,0.0
0.35000000000000003,0.15000000000000002,0.25,0.2,0.05,"(0.35, 0.15, 0.25, 0.2, 0.05)",0.06116763634646771,0.08474123007671834,0.7218167153237112,0.0601580065221875,28931721.724393446,-0.2447833454824887,-0.38182122043491923,0.05660005330472458,1.0,61.0,22597219.1074419,23033739.78968537,18520734.610927187,26654728.371741794,0.5081967213114754,0.04918032786885246,-0.38390578022531546,-0.1297267384476349,0.0,0.0,0.0
0.2,0.1,0.25,0.2,0.25,"(0.2, 0.1, 0.25, 0.2, 0.25)",0.06106546023382586,0.08395340186121045,0.7273732675511788,0.0601580065221875,28878630.21145192,-0.24965820411737927,-0.39811230108826773,0.056964974367519995,1.0,61.0,22765470.415566135,23058551.446216065,18366866.41230313,26406512.25091263,0.5081967213114754,0.04918032786885246,-0.3984289995165163,-0.14043073822177057,0.0,0.0,0.0
0.30000000000000004,0.1,0.25,0.15000000000000002,0.2,"(0.3, 0.1, 0.25, 0.15, 0.2)",0.060964411650470174,0.08149952899147588,0.7480339138750913,0.0601580065221875,28858370.635090407,-0.24057680066469178,-0.37938352910309947,0.054817898001096495,1.0,61.0,22777236.54228186,23088431.31641947,18541218.983744502,26384396.522157054,0.5081967213114754,0.04918032786885246,-0.37991622364097005,-0.13484859493743276,0.0,0.0,0.0
0.05,0.15000000000000002,0.2,0.30000000000000004,0.30000000000000004,"(0.05, 0.15, 0.2, 0.3, 0.3)",0.06088100230938309,0.08237334723429997,0.7390861771856281,0.0601580065221875,28880536.311580747,-0.24410228924373445,-0.37535727220645815,0.059016319661124694,1.0,61.0,22752894.257980738,23023121.308716718,18771145.73111919,25968096.95500224,0.5081967213114754,0.04918032786885246,-0.3770362079430514,-0.11390379439458458,0.0,0.0,0.0
0.0,0.15000000000000002,0.2,0.35000000000000003,0.30000000000000004,"(0.0, 0.15, 0.2, 0.35, 0.3)",0.06063024062141986,0.08354650622073327,0.7257064761180114,0.0601580065221875,28809340.37407324,-0.24703123145088357,-0.38239093206658586,0.05994713205900845,1.0,61.0,22707106.833178353,23052403.37747805,18599034.10574869,26033236.36240082,0.5081967213114754,0.04918032786885246,-0.38396482026348305,-0.11474737721879491,0.0,0.0,0.0
0.1,0.15000000000000002,0.2,0.30000000000000004,0.25,"(0.1, 0.15, 0.2, 0.3, 0.25)",0.06054880124111284,0.08084992769702104,0.748903591701589,0.0601580065221875,28794448.200666104,-0.2378752109740463,-0.36415360164794824,0.057013368522613656,1.0,61.0,22721820.91892233,23064465.32299336,18778172.319444712,26014138.995015033,0.5081967213114754,0.04918032786885246,-0.36587702689496426,-0.10919780996639013,0.0,0.0,0.0
0.05,0.15000000000000002,0.2,0.35000000000000003,0.25,"(0.05, 0.15, 0.2, 0.35, 0.25)",0.06029782846940712,0.08204707377732261,0.7349174771675177,0.0601580065221875,28723392.076025456,-0.24082906750467592,-0.3711301374251526,0.05794418092049741,1.0,61.0,22676303.644377552,23093643.070309754,18605965.51338071,26079257.68778805,0.5081967213114754,0.04918032786885246,-0.37275334906825464,-0.11343744429929534,0.0,0.0,0.0
0.35000000000000003,0.2,0.30000000000000004,0.05,0.1,"(0.35, 0.2, 0.3, 0.05, 0.1)",0.06500638726347763,0.1011852287508567,0.6424493778982265,0.0601580065221875,29955610.806550644,-0.29780139218189017,-0.47857069027287946,0.06736739412850239,1.0,61.0,22605514.93675612,23003900.239412386,18513775.479443572,27042912.52177324,0.5081967213114754,0.03278688524590164,-0.48281419641656304,-0.1415785793975155,0.0,0.0,0.0
0.2,0.2,0.25,0.30000000000000004,0.05,"(0.2, 0.2, 0.25, 0.3, 0.05)",0.062037433084631166,0.09388180320696748,0.6608035952171296,0.0601580065221875,29173185.147810433,-0.27002940211675774,-0.4248592207402328,0.06240844776223864,1.0,61.0,22456137.389378443,23029233.9519355,18305620.380211934,26842473.06366689,0.5081967213114754,0.03278688524590164,-0.4284153739226173,-0.1414517801782673,0.0,0.0,0.0
0.30000000000000004,0.15000000000000002,0.30000000000000004,0.0,0.25,"(0.3, 0.15, 0.3, 0.0, 0.25)",0.06486421277449939,0.09783892396695085,0.6629694005670991,0.0601580065221875,29896816.911677703,-0.29395492301653947,-0.4776453105417465,0.0666486085696541,1.0,61.0,22789089.162098467,23101031.978870563,18541585.795973163,26772936.498961028,0.5081967213114754,0.01639344262295082,-0.47994850058568456,-0.14934636260604486,0.0,0.0,0.0
0.35000000000000003,0.15000000000000002,0.30000000000000004,0.0,0.2,"(0.35, 0.15, 0.3, 0.0, 0.2)",0.064547497388729,0.09643088718124472,0.6693653794495332,0.0601580065221875,29812024.98228573,-0.28804387895906614,-0.4659667708850981,0.064790145822069,1.0,61.0,22762087.411364272,23078906.058304895,18550992.24796203,26824550.798503533,0.5081967213114754,0.01639344262295082,-0.468331647507729,-0.14776176615908101,0.0,0.0,0.0
0.1,0.2,0.25,0.35000000000000003,0.1,"(0.1, 0.2, 0.25, 0.35, 0.1)",0.06211296087705631,0.09626765145592003,0.6452111372582637,0.0601580065221875,29186839.016947374,-0.2787991730434616,-0.4435352185446299,0.06534221129863343,1.0,61.0,22441219.37737644,23007794.847182192,18130506.73452673,26861798.801750805,0.5081967213114754,0.01639344262295082,-0.44749019884048363,-0.14624093882274544,0.0,0.0,0.0
0.0,0.15000000000000002,0.25,0.35000000000000003,0.25,"(0.0, 0.15, 0.25, 0.35, 0.25)",0.06176443916432883,0.09338018272045553,0.6614298383761775,0.0601580065221875,29069141.07516156,-0.27756145070598626,-0.4495944330623514,0.06555423813766889,1.0,61.0,22586541.23236416,23066427.84869897,17992339.15299862,26669884.598621342,0.5081967213114754,0.01639344262295082,-0.45110234256394355,-0.145447218685211,0.0,0.0,0.0
0.25,0.2,0.25,0.30000000000000004,0.0,"(0.25, 0.2, 0.25, 0.3, 0.0)",0.06167706351602398,0.09283518401717203,0.6643716406552861,0.0601580065221875,29078830.08008747,-0.264060063802259,-0.41358614029038054,0.0604054966237276,1.0,61.0,22423933.63523089,23000333.11098195,18309684.778275773,26885739.65783514,0.5081967213114754,0.01639344262295082,-0.41758430818638576,-0.14405095521936337,0.0,0.0,0.0
0.05,0.1,0.25,0.25,0.35000000000000003,"(0.05, 0.1, 0.25, 0.25, 0.35)",0.061467269481806586,0.08809427190973335,0.6977442250137401,0.0601580065221875,28977086.721597224,-0.2647682544524066,-0.42880487895845065,0.061901689042425816,1.0,61.0,22779388.55109642,23176347.550213788,18184160.65746917,26393435.705997393,0.5081967213114754,0.01639344262295082,-0.4287833695032185,-0.14761532635639443,0.0,0.0,0.0
0.1,0.1,0.25,0.25,0.30000000000000004,"(0.1, 0.1, 0.25, 0.25, 0.3)",0.06115024549487136,0.08651417543839131,0.7068234215376396,0.0601580065221875,28894645.67447899,-0.2586687448599432,-0.4170821635135373,0.05989873790391477,1.0,61.0,22751592.36219848,23026929.809323147,18192386.86981558,26426213.46816355,0.5081967213114754,0.01639344262295082,-0.4171635137542029,-0.14604389641395316,0.0,0.0,0.0
0.2,0.15000000000000002,0.30000000000000004,0.0,0.35000000000000003,"(0.2, 0.15, 0.3, 0.0, 0.35)",0.06547013089629927,0.1008394973133958,0.6492508653908377,0.0601580065221875,30059574.70469243,-0.30572108917837126,-0.5011766563453536,0.07065451084667616,1.0,61.0,22839776.560554177,23140900.144230437,18519091.944145363,26665058.598749366,0.5081967213114754,0.0,-0.503344395843782,-0.1545173863699997,0.0,0.0,0.0
0.15000000000000002,0.15000000000000002,0.30000000000000004,0.05,0.35000000000000003,"(0.15, 0.15, 0.3, 0.05, 0.35)",0.06523650074190601,0.10164196584763786,0.6418264365301244,0.0601580065221875,29990568.34796772,-0.3083717288537541,-0.5089202880958197,0.07158532324455992,1.0,61.0,22797250.06789652,23098570.332862925,18351008.145229705,26735814.310769748,0.5081967213114754,0.0,-0.5109436896720528,-0.1569020236639337,0.0,0.0,0.0
0.25,0.15000000000000002,0.30000000000000004,0.0,0.30000000000000004,"(0.25, 0.15, 0.3, 0.0, 0.3)",0.06517176777499545,0.09930937073087778,0.6562499318579602,0.0601580065221875,29979342.552217234,-0.29984738708487857,-0.48938211617122096,0.06865155970816514,1.0,61.0,22814988.055875257,23121699.408170164,18530952.842084546,26719770.896357667,0.5081967213114754,0.0,-0.4916195752159858,-0.15095491086239118,0.0,0.0,0.0
0.1,0.15000000000000002,0.30000000000000004,0.1,0.35000000000000003,"(0.1, 0.15, 0.3, 0.1, 0.35)",0.06499506219003437,0.10251081836420646,0.6340312488689349,0.0601580065221875,29919603.147255592,-0.31102022522610695,-0.5167258962787565,0.07251613564244368,1.0,61.0,22754205.129561767,23055172.629616912,18183801.632813256,26805615.531564992,0.5081967213114754,0.0,-0.5186003166996956,-0.16116739026594307,0.0,0.0,0.0
0.2,0.15000000000000002,0.30000000000000004,0.05,0.30000000000000004,"(0.2, 0.15, 0.3, 0.05, 0.3)",0.06493786328698747,0.10012590702518688,0.6485620476891383,0.0601580065221875,29910431.254039798,-0.3025215720016423,-0.4970649099631177,0.06958237210604888,1.0,61.0,22772709.813071746,23079346.882933583,18362721.17452857,26790519.374197096,0.5081967213114754,0.0,-0.4991629392853332,-0.15524124714867896,0.0,0.0,0.0
0.05,0.15000000000000002,0.30000000000000004,0.15000000000000002,0.35000000000000003,"(0.05, 0.15, 0.3, 0.15, 0.35)",0.06474582226704273,0.10344438215485266,0.6258998402650854,0.0601580065221875,29846693.976881936,-0.3136665355450803,-0.5245933671323104,0.07344694804032743,1.0,61.0,22710644.163253542,23010713.544246256,18017476.827144522,26874453.752270773,0.5081967213114754,0.0,-0.5263141180474014,-0.16538382629131423,0.0,0.0,0.0
0.15000000000000002,0.15000000000000002,0.30000000000000004,0.1,0.30000000000000004,"(0.15, 0.15, 0.3, 0.1, 0.3)",0.06469615492806113,0.1010095889390841,0.6404951807800888,0.0601580065221875,29839567.561099946,-0.30519355938544,-0.5048096661844642,0.07051318450393264,1.0,61.0,22729912.8533669,23035928.03471721,18195368.651519492,26860311.08875457,0.5081967213114754,0.0,-0.506763648015585,-0.1594790539354144,0.0,0.0,0.0
0.25,0.15000000000000002,0.30000000000000004,0.05,0.25,"(0.25, 0.15, 0.3, 0.05, 0.25)",0.06463004023739405,0.0986694599425965,0.6550156479522057,0.0601580065221875,29828007.519817136,-0.2966527093931991,-0.485267479206686,0.06757942096753786,1.0,61.0,22747061.124697372,23058660.521185547,18373218.441643786,26843673.876776557,0.5081967213114754,0.0,-0.48743615435425236,-0.153604715062635,0.0,0.0,0.0
0.2,0.15000000000000002,0.30000000000000004,0.1,0.25,"(0.2, 0.15, 0.3, 0.1, 0.25)",0.06438806835571897,0.09956788269863655,0.6466750784547987,0.0601580065221875,29757252.309491053,-0.2993482439063845,-0.49295159540064487,0.06851023336542161,1.0,61.0,22704514.11449128,23015224.360894535,18205732.007879212,26913452.266588107,0.5081967213114754,0.0,-0.4949811637476989,-0.15781490663598435,0.0,0.0,0.0
0.30000000000000004,0.15000000000000002,0.30000000000000004,0.05,0.2,"(0.3, 0.15, 0.3, 0.05, 0.2)",0.06431306297801975,0.09727530223347672,0.6611448281461807,0.0601580065221875,29743324.26621391,-0.2907653221974562,-0.47352852919664545,0.06557646982902682,1.0,61.0,22720311.46914142,23036519.419322874,18382501.36651959,26895273.203130107,0.5081967213114754,0.0,-0.4757638115701636,-0.1519920843770831,0.0,0.0,0.0
0.25,0.1,0.30000000000000004,0.0,0.35000000000000003,"(0.25, 0.1, 0.3, 0.0, 0.35)",0.06403781435868305,0.09513809973730153,0.6731037779344593,0.0601580065221875,29649189.669719875,-0.28699886750400816,-0.4723626654375413,0.06485768427017853,1.0,61.0,22890769.675630853,23116469.597571526,18398915.165874455,26647059.8371252,0.5081967213114754,0.0,-0.47269944239165984,-0.1600287470961532,0.0,0.0,0.0
0.35000000000000003,0.15000000000000002,0.30000000000000004,0.05,0.15000000000000002,"(0.35, 0.15, 0.3, 0.05, 0.15)",0.0639869626492664,0.09594614924721116,0.6669049581593947,0.0601580065221875,29656408.945007715,-0.2848595936225915,-0.4618485869735806,0.06498266497390386,1.0,61.0,22692468.390227534,23012931.927610517,18390571.55943942,26945312.94746127,0.5081967213114754,0.0,-0.46414638290040855,-0.15040301394465028,0.0,0.0,0.0
0.2,0.1,0.30000000000000004,0.05,0.35000000000000003,"(0.2, 0.1, 0.3, 0.05, 0.35)",0.06381332261766581,0.09589957080363977,0.6654182295385606,0.0601580065221875,29583523.67671721,-0.2897171239832651,-0.48005841635722213,0.06578849666806229,1.0,61.0,22849794.876714155,23075351.384710554,18232734.296933737,26679473.95236821,0.5081967213114754,0.0,-0.4802340895130649,-0.16420191683114466,0.0,0.0,0.0
0.30000000000000004,0.1,0.30000000000000004,0.0,0.30000000000000004,"(0.3, 0.1, 0.3, 0.0, 0.3)",0.0637336725699642,0.09356291080183989,0.6811852263227247,0.0601580065221875,29568398.44187013,-0.281017969387258,-0.4604921168931915,0.06320050967027577,1.0,61.0,22865072.57360741,23095812.84303319,18409153.388139512,26661101.26139693,0.5081967213114754,0.0,-0.46093307259146415,-0.15834415768546134,0.0,0.0,0.0
0.15000000000000002,0.1,0.30000000000000004,0.1,0.35000000000000003,"(0.15, 0.1, 0.3, 0.1, 0.35)",0.06358104170616086,0.09673205774919102,0.6572902839616538,0.0601580065221875,29515917.61867317,-0.2924331318409299,-0.48781781843777167,0.06671930906594604,1.0,61.0,22808294.68461572,23033164.44552531,18067411.773470405,26750021.04647709,0.5081967213114754,0.0,-0.4878275602590301,-0.16832771484251818,0.0,0.0,0.0
0.25,0.1,0.30000000000000004,0.05,0.30000000000000004,"(0.25, 0.1, 0.3, 0.05, 0.3)",0.06350891408363357,0.09433901142215799,0.6731988508914653,0.0601580065221875,29502825.46082885,-0.28376012603094314,-0.4681264541450002,0.06396002449909162,1.0,61.0,22824347.458396498,23054675.51863771,18242841.907829974,26732585.26983464,0.5081967213114754,0.0,-0.46841146336783596,-0.16249025418103072,0.0,0.0,0.0
0.35000000000000003,0.1,0.30000000000000004,0.0,0.25,"(0.35, 0.1, 0.3, 0.0, 0.25)",0.06342040882816535,0.0920496364213605,0.6889805467330274,0.0601580065221875,29485368.561240714,-0.2750182613309844,-0.4486802517522534,0.06263351399329477,1.0,61.0,22838273.74180914,23073704.656679768,18418177.41595863,26712684.273082998,0.5081967213114754,0.0,-0.44922108314369125,-0.156683697449942,0.0,0.0,0.0
0.2,0.1,0.30000000000000004,0.1,0.30000000000000004,"(0.2, 0.1, 0.3, 0.1, 0.3)",0.06327637087442284,0.09518704497924067,0.6647582230147261,0.0601580065221875,29435318.857214957,-0.2864999792635017,-0.4758244272105758,0.06471953932790746,1.0,61.0,22783096.702024303,23012471.070676103,18077390.48771996,26803122.674005695,0.5081967213114754,0.0,-0.47594868871829327,-0.16658933820893015,0.0,0.0,0.0
0.30000000000000004,0.1,0.30000000000000004,0.05,0.25,"(0.3, 0.1, 0.3, 0.05, 0.25)",0.06319538960756543,0.09284033338695576,0.6806889559968394,0.0601580065221875,29419895.059921753,-0.27778437418444046,-0.456253392200834,0.06339302882211062,1.0,61.0,22797800.12512204,23032551.86345901,18251747.293404218,26784156.90381563,0.5081967213114754,0.0,-0.45664343961207654,-0.16080266829626408,0.0,0.0,0.0
0.35000000000000003,0.1,0.30000000000000004,0.05,0.2,"(0.35, 0.1, 0.3, 0.05, 0.2)",0.06287277985985185,0.0914065805191039,0.6878364719782016,0.0601580065221875,29334759.282863297,-0.27179005350235996,-0.4444397699703775,0.06282603314512962,1.0,61.0,22770160.360027388,23008988.674936265,18259452.072202384,26834184.397766467,0.5081967213114754,0.0,-0.4449304997696597,-0.15913882405869642,0.0,0.0,0.0
0.30000000000000004,0.05,0.30000000000000004,0.0,0.35000000000000003,"(0.3, 0.05, 0.3, 0.0, 0.35)",0.06250887679575934,0.09009921132417137,0.6937782903654537,0.0601580065221875,29218293.42199004,-0.26795526423392146,-0.442665877211246,0.06104387784150154,1.0,61.0,22931646.62864143,23077620.62712769,18268922.56931812,26704923.49782568,0.5081967213114754,0.0,-0.4413879556068544,-0.16723790102650185,0.0,0.0,0.0
0.25,0.05,0.30000000000000004,0.05,0.35000000000000003,"(0.25, 0.05, 0.3, 0.05, 0.35)",0.06229349732751177,0.09080926271960826,0.6859817540844416,0.0601580065221875,29155938.975737575,-0.2707421485864737,-0.45030719120351825,0.061803392670317384,1.0,61.0,22892242.187433533,23037734.825676844,18104722.7177751,26736892.152902637,0.5081967213114754,0.0,-0.44885212489277665,-0.17127240838444419,0.0,0.0,0.0
0.35000000000000003,0.05,0.30000000000000004,0.0,0.30000000000000004,"(0.35, 0.05, 0.3, 0.0, 0.3)",0.062199090341642504,0.08848526146692313,0.7029316443269287,0.0601580065221875,29137071.179284547,-0.2618662403407733,-0.43072118474006754,0.06047688216452054,1.0,61.0,22905063.073826686,23055543.891685892,18277570.406744972,26699022.71626672,0.5081967213114754,0.0,-0.42958198849993695,-0.16550299704696528,0.0,0.0,0.0
0.30000000000000004,0.05,0.30000000000000004,0.05,0.30000000000000004,"(0.3, 0.05, 0.3, 0.05, 0.3)",0.061983451281790725,0.08921018412160309,0.6948024140080308,0.0601580065221875,29074807.27258282,-0.2646773816334922,-0.43830051556836525,0.061236396993336384,1.0,61.0,22865909.474264443,23015642.33423922,18113256.702617373,26730923.661898732,0.5081967213114754,0.0,-0.4369895822241623,-0.16766217020196345,0.0,0.0,0.0
0.35000000000000003,0.05,0.1,0.30000000000000004,0.2,"(0.35, 0.05, 0.1, 0.3, 0.2)",0.053317600558608014,0.04649785389153478,1.1466679877953423,0.0601580065221875,26992668.70185779,-0.10842408348856925,-0.15054846550493295,0.03336593942344038,0.0,61.0,22842399.808560558,22876297.597261064,19656072.636905745,25083723.471210647,0.4918032786885246,0.9836065573770492,-0.15052665037206622,-0.07453953811453717,0.0,0.0,0.0
0.25,0.2,0.0,0.25,0.30000000000000004,"(0.25, 0.2, 0.0, 0.25, 0.3)",0.055192880833911495,0.05142940708758668,1.0731774671233414,0.0601580065221875,27618154.018767875,-0.12329287474078143,-0.15578607744634276,0.038064393497275674,0.0,61.0,23042350.524853226,22972187.49776654,19679901.939753443,25012910.931550253,0.4918032786885246,0.7377049180327869,-0.15778446846559271,-0.06053335561806191,0.0,0.0,0.0
0.25,0.05,0.1,0.35000000000000003,0.25,"(0.25, 0.05, 0.1, 0.35, 0.25)",0.053487322942876725,0.04940319405284099,1.0826693287415263,0.0601580065221875,27028149.324157115,-0.11882530528572588,-0.16686179485900846,0.03550149974649977,0.0,61.0,22840051.54707557,22935285.50070804,19480515.633238036,25132441.61391925,0.4918032786885246,0.6229508196721312,-0.1667284530380153,-0.07853575543828888,0.0,0.0,0.0
0.35000000000000003,0.1,0.1,0.25,0.2,"(0.35, 0.1, 0.1, 0.25, 0.2)",0.05526934888519364,0.05074487216673547,1.0891612595572577,0.0601580065221875,27506283.728091024,-0.1273567129195592,-0.17494413180617677,0.03519955604613343,0.0,61.0,22881879.48523845,22972468.679133207,20023212.57437496,25039913.517377634,0.4918032786885246,0.5409836065573771,-0.1756362750421568,-0.07284265101820003,0.0,0.0,0.0
0.35000000000000003,0.0,0.15000000000000002,0.30000000000000004,0.2,"(0.35, 0.0, 0.15, 0.3, 0.2)",0.05349314496099766,0.05253965933806958,1.0181479216831768,0.0601580065221875,26974760.806928173,-0.1287140041843653,-0.1887486427791425,0.03578353838170165,0.0,61.0,22808266.264869783,22917042.439797744,18891631.667822294,25563432.164661836,0.4918032786885246,0.4918032786885246,-0.18781856067123265,-0.09408892722509139,0.0,0.0,0.0
0.35000000000000003,0.2,0.05,0.35000000000000003,0.05,"(0.35, 0.2, 0.05, 0.35, 0.05)",0.05497341136600964,0.05333475451837917,1.030723997183971,0.0601580065221875,27512598.97483067,-0.13051102780394253,-0.1717052017122118,0.035057822783905505,0.0,61.0,22684758.370637465,22999162.461114254,20186240.27573064,24511664.69674704,0.4918032786885246,0.45901639344262296,-0.1743854342915838,-0.052213442999826123,0.0,0.0,0.0
0.2,0.2,0.0,0.25,0.35000000000000003,"(0.2, 0.2, 0.0, 0.25, 0.35)",0.05555458896001886,0.05330318521930059,1.0422376961424635,0.0601580065221875,27708174.854458768,-0.13000622181085164,-0.16486367639769883,0.040290794645492393,0.0,61.0,23084998.530552987,22990203.16533271,19592242.528506517,25212513.09009776,0.4918032786885246,0.4426229508196721,-0.16692722060321477,-0.06558494717300001,0.0,0.0,0.0
0.35000000000000003,0.0,0.15000000000000002,0.25,0.25,"(0.35, 0.0, 0.15, 0.25, 0.25)",0.05406074827544405,0.05334648450017309,1.0133891442325247,0.0601580065221875,27119338.009747673,-0.132231863241554,-0.19343906110567993,0.036299618307600055,0.0,61.0,22886185.9744913,22884510.459145263,19062333.243561625,25549842.964080244,0.4918032786885246,0.4426229508196721,-0.192505396213731,-0.09386823734883881,0.0,0.0,0.0
0.30000000000000004,0.0,0.15000000000000002,0.35000000000000003,0.2,"(0.3, 0.0, 0.15, 0.35, 0.2)",0.053284431192989645,0.053628010938381265,0.9935932782256945,0.0601580065221875,26918146.616629105,-0.1320683163353591,-0.1949885016254998,0.03634700593849698,0.0,61.0,22767786.766031317,22992438.639153678,18722083.262939956,25593642.83657509,0.4918032786885246,0.4426229508196721,-0.1939580587887704,-0.09809210652187922,0.0,0.0,0.0
0.30000000000000004,0.2,0.05,0.35000000000000003,0.1,"(0.3, 0.2, 0.05, 0.35, 0.1)",0.05536828318179032,0.054569864372711004,1.0146311305380225,0.0601580065221875,27610695.26996132,-0.1365627405604991,-0.18032995109748323,0.037284223932122225,0.0,61.0,22728557.678112634,22975839.393136322,20099890.704560492,24532198.491412222,0.4918032786885246,0.36065573770491804,-0.1828909961787959,-0.053594416850809005,0.0,0.0,0.0
0.30000000000000004,0.0,0.15000000000000002,0.30000000000000004,0.25,"(0.3, 0.0, 0.15, 0.3, 0.25)",0.053859886589170625,0.05427836000932229,0.9922902346334747,0.0601580065221875,27064372.995050874,-0.13556272229163513,-0.19967094355141826,0.036863085864395385,0.0,61.0,22845947.867423307,22878640.420474872,18891939.767050266,25581248.58134903,0.4918032786885246,0.36065573770491804,-0.19863601594292393,-0.09810698504064977,0.0,0.0,0.0
0.35000000000000003,0.15000000000000002,0.1,0.30000000000000004,0.1,"(0.35, 0.15, 0.1, 0.3, 0.1)",0.05596674314887573,0.05519433950748155,1.0139942546334753,0.0601580065221875,27701288.872516204,-0.14155890652769298,-0.19377362208294124,0.03698569694355548,0.0,61.0,22744389.640480086,22984490.5282872,20022978.40030145,25005221.397384904,0.4918032786885246,0.3442622950819672,-0.1952749932270402,-0.0670293733663652,0.0,0.0,0.0
0.25,0.1,0.1,0.30000000000000004,0.25,"(0.25, 0.1, 0.1, 0.3, 0.25)",0.05543282536984817,0.053527221144471504,1.035600656724424,0.0601580065221875,27540759.273053385,-0.13758774872277402,-0.19114507157675054,0.03793235688934815,0.0,61.0,22877943.266069196,22971516.769606497,19842606.692659307,25087064.42680161,0.4918032786885246,0.3442622950819672,-0.19177233576179586,-0.078173107784469,0.0,0.0,0.0
0.25,0.0,0.15000000000000002,0.35000000000000003,0.25,"(0.25, 0.0, 0.15, 0.35, 0.25)",0.05365135353507222,0.05532925970450819,0.9696741619461926,0.0601580065221875,27007631.48436434,-0.13889005113081498,-0.20596757836553373,0.037426553421190716,0.0,61.0,22805186.58091136,22953986.003032655,18722412.118270196,25611521.117777433,0.4918032786885246,0.29508196721311475,-0.2048269095158486,-0.09976677571389948,0.0,0.0,0.0
0.2,0.25,0.0,0.35000000000000003,0.2,"(0.2, 0.25, 0.0, 0.35, 0.2)",0.0556322606991404,0.0576560834617838,0.9648983655994453,0.0601580065221875,27743458.175272677,-0.14053703116986982,-0.1790172737460989,0.04113841371131484,0.0,61.0,22846830.623118967,22980339.819698192,19366912.871152285,25265299.106752764,0.4918032786885246,0.2786885245901639,-0.18276021833074216,-0.04979529845240836,0.0,0.0,0.0
0.35000000000000003,0.15000000000000002,0.1,0.25,0.15000000000000002,"(0.35, 0.15, 0.1, 0.25, 0.15)",0.05656061226270892,0.055530599026918655,1.0185485705870192,0.0601580065221875,27856185.51570544,-0.14437063309427245,-0.19702007150994946,0.03831495858596465,0.0,61.0,22829769.782285582,22954323.59322527,20205083.89276779,24994839.663435362,0.4918032786885246,0.26229508196721313,-0.19856308730864483,-0.07281102777458541,0.0,0.0,0.0
0.30000000000000004,0.15000000000000002,0.1,0.35000000000000003,0.1,"(0.3, 0.15, 0.1, 0.35, 0.1)",0.05574533150139316,0.05643538180778766,0.9877727361047235,0.0601580065221875,27639864.47003208,-0.14478243133834412,-0.19950794179118012,0.03788283644936305,0.0,61.0,22699472.630017813,22894433.04032546,19841739.65770237,25032937.416438814,0.4918032786885246,0.26229508196721313,-0.20097762598781557,-0.06626040508822559,0.0,0.0,0.0
0.35000000000000003,0.0,0.15000000000000002,0.15000000000000002,0.35000000000000003,"(0.35, 0.0, 0.15, 0.15, 0.35)",0.05514575969048763,0.055790944818008094,0.9884356658661172,0.0601580065221875,27398120.365390655,-0.13946073387038604,-0.203001334143715,0.03801397599393157,0.0,61.0,23039088.08933161,22948360.703435246,19402480.34927234,25514370.047059435,0.4918032786885246,0.26229508196721313,-0.203001334143715,-0.0994372707802792,0.0,0.0,0.0
0.25,0.0,0.15000000000000002,0.30000000000000004,0.30000000000000004,"(0.25, 0.0, 0.15, 0.3, 0.3)",0.054217975952305375,0.0561090185152627,0.9662969944405119,0.0601580065221875,27152114.369163867,-0.14239146422231153,-0.2106540060456654,0.03803056457721964,0.0,61.0,22882619.276627444,22936916.04108271,18891050.823163625,25597553.08440646,0.4918032786885246,0.21311475409836064,-0.20950892986059022,-0.09876375035504396,0.0,0.0,0.0
0.2,0.0,0.15000000000000002,0.35000000000000003,0.30000000000000004,"(0.2, 0.0, 0.15, 0.35, 0.3)",0.05400962793918018,0.05712309019296824,0.9454955562930781,0.0601580065221875,27095250.45295646,-0.14569186711338467,-0.21700763938864714,0.03864652655034223,0.0,61.0,22841577.45938907,22914508.458763313,18721555.464724947,25627886.312494162,0.4918032786885246,0.19672131147540983,-0.2157514375648753,-0.10303298688400081,0.0,0.0,0.0
0.15000000000000002,0.0,0.15000000000000002,0.35000000000000003,0.35000000000000003,"(0.15, 0.0, 0.15, 0.35, 0.35)",0.054359227945923516,0.05900105862137012,0.9213263154270704,0.0601580065221875,27180978.288491257,-0.1524735584673107,-0.22810818314062348,0.040166124900279036,0.0,61.0,22876951.410643663,22986879.049000762,18719510.682099294,25642732.064146593,0.4918032786885246,0.18032786885245902,-0.22673118951816423,-0.10366158027160934,0.0,0.0,0.0
0.35000000000000003,0.05,0.15000000000000002,0.15000000000000002,0.30000000000000004,"(0.35, 0.05, 0.15, 0.15, 0.3)",0.05659311231954001,0.057597012172695215,0.9825702789904244,0.0601580065221875,27785782.11387229,-0.15422822257716462,-0.22272452637180687,0.03863225725366753,0.0,61.0,23001206.551241364,22950507.28940331,19588820.31151307,25491867.10953397,0.4918032786885246,0.16393442622950818,-0.22257389004435638,-0.09322568000832593,0.0,0.0,0.0
0.30000000000000004,0.05,0.15000000000000002,0.2,0.30000000000000004,"(0.3, 0.05, 0.15, 0.2, 0.3)",0.05639876724366877,0.0583487416985761,0.9665806939765605,0.0601580065221875,27731176.5172495,-0.1574610211053541,-0.22895851375708212,0.03924821922679011,0.0,61.0,22960069.81771233,22876548.765268534,19414231.21106302,25524363.486917198,0.4918032786885246,0.16393442622950818,-0.22872049181338688,-0.09263511533028963,0.0,0.0,0.0
0.35000000000000003,0.0,0.2,0.35000000000000003,0.1,"(0.35, 0.0, 0.2, 0.35, 0.1)",0.05438268428239468,0.06161980152102974,0.8825520845573454,0.0601580065221875,27153914.735845916,-0.15996373849142165,-0.24618814837628872,0.04275749489262993,0.0,61.0,22655301.50767093,22987284.243585866,18156194.6795888,26020319.409703802,0.4918032786885246,0.16393442622950818,-0.24477177152916768,-0.11960809730104585,0.0,0.0,0.0
0.25,0.05,0.15000000000000002,0.25,0.30000000000000004,"(0.25, 0.05, 0.15, 0.25, 0.3)",0.05619671428696371,0.05921679796954267,0.9489995442824806,0.0601580065221875,27674740.154694058,-0.16069056275999283,-0.23525574118788395,0.0398641811999127,0.0,61.0,22918411.20567961,22801709.092593554,19240519.759919718,25555729.261407793,0.4918032786885246,0.13114754098360656,-0.23492610891719867,-0.09227126603350416,0.0,0.0,0.0
0.35000000000000003,0.0,0.2,0.25,0.2,"(0.35, 0.0, 0.2, 0.25, 0.2)",0.05556136493776109,0.062321487684010274,0.8915282192792773,0.0601580065221875,27456255.672443625,-0.16673485329254123,-0.2554169545072131,0.04211158949069236,0.0,61.0,22807187.08495122,22867017.424826175,18489140.901421886,25997796.89782558,0.4918032786885246,0.13114754098360656,-0.25399827561638216,-0.11731976762867284,0.0,0.0,0.0
0.35000000000000003,0.25,0.05,0.2,0.15000000000000002,"(0.35, 0.25, 0.05, 0.2, 0.15)",0.05792739325444374,0.06081348572573247,0.9525419002570426,0.0601580065221875,28302437.844769116,-0.16048656973578668,-0.20886659999003115,0.04255175006177376,0.0,61.0,22892287.418098956,22966003.899894934,19286107.40519213,25589858.527253624,0.4918032786885246,0.11475409836065574,-0.21235692945243873,-0.060720740221556484,0.0,0.0,0.0
0.2,0.30000000000000004,0.0,0.25,0.25,"(0.2, 0.3, 0.0, 0.25, 0.25)",0.05791637985463027,0.06546017324491,0.8847575095462138,0.0601580065221875,28362071.18761331,-0.16763729237327274,-0.21181706755636281,0.047303079346773934,0.0,61.0,22967974.783827014,22950303.245622892,18618856.124117874,26780989.83831576,0.4918032786885246,0.11475409836065574,-0.21683459205146197,-0.05630234115039371,0.0,0.0,0.0
0.30000000000000004,0.25,0.05,0.25,0.15000000000000002,"(0.3, 0.25, 0.05, 0.25, 0.15)",0.05771845318427826,0.061740753367721675,0.9348517799987474,0.0601580065221875,28242742.672349337,-0.16362258513953098,-0.2143802875220072,0.04344888956758132,0.0,61.0,22844654.948131327,22974733.331428617,19332509.87425725,25432518.968797814,0.4918032786885246,0.11475409836065574,-0.21801988002944428,-0.05997986606376121,0.0,0.0,0.0
0.25,0.30000000000000004,0.0,0.25,0.2,"(0.25, 0.3, 0.0, 0.25, 0.2)",0.057546737774911705,0.06405837949894123,0.8983483226556308,0.0601580065221875,28268115.376349013,-0.16166103714626912,-0.2035110270139956,0.04507667819855722,0.0,61.0,22924820.363498688,22942793.391234078,18701704.455220714,26567568.502247725,0.4918032786885246,0.11475409836065574,-0.2086195514871381,-0.05113579189263346,0.0,0.0,0.0
0.35000000000000003,0.30000000000000004,0.0,0.2,0.15000000000000002,"(0.35, 0.3, 0.0, 0.2, 0.15)",0.057371217585515,0.061938660412098626,0.9262586114036871,0.0601580065221875,28230423.008726105,-0.15251120363021853,-0.18999723039249145,0.04195313754453295,0.0,61.0,22930087.772379313,22960161.922543216,18738320.470780537,26517462.135529507,0.4918032786885246,0.11475409836065574,-0.19467866040583182,-0.04659936138160196,0.0,0.0,0.0
0.35000000000000003,0.25,0.05,0.25,0.1,"(0.35, 0.25, 0.05, 0.25, 0.1)",0.05733723881204833,0.06043636238100069,0.9487208785099445,0.0601580065221875,28146100.01568803,-0.1576717184275721,-0.20582186585809,0.0412224884193646,0.0,61.0,22801978.032854713,22996420.423100546,19417427.669998992,25227818.76634787,0.4918032786885246,0.11475409836065574,-0.209603038072067,-0.05489726543471341,0.0,0.0,0.0
0.30000000000000004,0.25,0.05,0.30000000000000004,0.1,"(0.3, 0.25, 0.05, 0.3, 0.1)",0.05712038662591068,0.061493489697852996,0.9288851048553356,0.0601580065221875,28084705.694355465,-0.16082708768136433,-0.2113457288663197,0.04211962792517216,0.0,61.0,22754159.34850715,22950231.917132806,19463279.577672806,25072016.560849287,0.4918032786885246,0.11475409836065574,-0.21562699387381928,-0.056715579702593596,0.0,0.0,0.0
0.35000000000000003,0.25,0.05,0.35000000000000003,0.0,"(0.35, 0.25, 0.05, 0.35, 0.0)",0.05610666058694469,0.06047330407824911,0.927792212483475,0.0601580065221875,27823139.625145152,-0.15213802779233865,-0.19976742678042583,0.038563965134546276,0.0,61.0,22618748.268748417,22772229.175027285,19676908.056317426,24607172.010931473,0.4918032786885246,0.11475409836065574,-0.2047575464308831,-0.06493270471955628,0.0,0.0,0.0
0.25,0.25,0.05,0.25,0.2,"(0.25, 0.25, 0.05, 0.25, 0.2)",0.058090944104121967,0.06314779795434938,0.9199203453795316,0.0601580065221875,28337449.24158671,-0.16956262696073598,-0.22298164126985084,0.04567529071579804,0.0,61.0,22886327.288412273,22977911.464770388,19246962.015266802,25637953.727835994,0.4918032786885246,0.09836065573770492,-0.22654984097222675,-0.06515473550018648,0.0,0.0,0.0
0.25,0.2,0.1,0.30000000000000004,0.15000000000000002,"(0.25, 0.2, 0.1, 0.3, 0.15)",0.057910887596013705,0.06391186236063184,0.9061054623826047,0.0601580065221875,28218578.11892719,-0.1747017601194466,-0.24052568338642766,0.04494464159062969,0.0,61.0,22762071.225996833,22910034.307752542,19926091.345864356,24980081.127878614,0.4918032786885246,0.09836065573770492,-0.2431893954145782,-0.07235553316897422,0.0,0.0,0.0
0.2,0.25,0.05,0.30000000000000004,0.2,"(0.2, 0.25, 0.05, 0.3, 0.2)",0.057874442146138794,0.06415463727944226,0.9021084772726804,0.0601580065221875,28275763.73900374,-0.17267155801820788,-0.22859019529722155,0.04657243022160559,0.0,61.0,22837900.89748734,22983825.593712006,19292522.52492413,25479532.106501244,0.4918032786885246,0.09836065573770492,-0.2325853742292217,-0.06438179729570159,0.0,0.0,0.0
0.35000000000000003,0.2,0.1,0.25,0.1,"(0.35, 0.2, 0.1, 0.25, 0.1)",0.05775818964138968,0.06143727837543663,0.9401163457866015,0.0601580065221875,28186180.328392886,-0.1656930790587242,-0.22578521908657315,0.04182110093660542,0.0,61.0,22768216.978713695,22876787.06359017,19967903.777470905,24935418.49721734,0.4918032786885246,0.09836065573770492,-0.2284391641600368,-0.06807334048014155,0.0,0.0,0.0
0.15000000000000002,0.30000000000000004,0.0,0.30000000000000004,0.25,"(0.15, 0.3, 0.0, 0.3, 0.25)",0.05770613763540422,0.06634065664351577,0.869845740983399,0.0601580065221875,28301740.713302422,-0.17074915779193467,-0.21719949374641107,0.0482002188525815,0.0,61.0,22917442.85892363,22956604.323477544,18663516.76750778,26615942.280794848,0.4918032786885246,0.09836065573770492,-0.22275511144353138,-0.0557022765533415,0.0,0.0,0.0
0.2,0.25,0.05,0.35000000000000003,0.15000000000000002,"(0.2, 0.25, 0.05, 0.35, 0.15)",0.05727736205361267,0.06390526393915094,0.8962855095653904,0.0601580065221875,28117823.00420998,-0.1698829510996609,-0.22556498992739948,0.04524316857919643,0.0,61.0,22747920.35708118,22994164.345325135,19423222.85476089,25118538.599302452,0.4918032786885246,0.09836065573770492,-0.23024522842166034,-0.059791262893360314,0.0,0.0,0.0
0.35000000000000003,0.0,0.2,0.1,0.35000000000000003,"(0.35, 0.0, 0.2, 0.1, 0.35)",0.05720326870325243,0.06522435833871405,0.87702309628241,0.0601580065221875,27883594.341141444,-0.17711502719470984,-0.26933473077625075,0.04143081836369982,0.0,61.0,23027456.947592385,22964399.50920915,18985538.90506219,25942744.135058243,0.4918032786885246,0.09836065573770492,-0.2679201818114534,-0.10869388744343465,0.0,0.0,0.0
0.30000000000000004,0.0,0.2,0.15000000000000002,0.35000000000000003,"(0.3, 0.0, 0.2, 0.15, 0.35)",0.057011028711233314,0.06586262586509144,0.8656051586526607,0.0601580065221875,27829502.725507587,-0.1802512520654802,-0.27599195576859825,0.04199428592049515,0.0,61.0,22988318.92296789,22972055.389157098,18816706.754044734,25976391.21925111,0.4918032786885246,0.09836065573770492,-0.2744458098658162,-0.11079843465155405,0.0,0.0,0.0
0.25,0.0,0.2,0.2,0.35000000000000003,"(0.25, 0.0, 0.2, 0.2, 0.35)",0.05681107702188859,0.06660666414380748,0.852933828051054,0.0601580065221875,27773568.531124722,-0.18338445488271227,-0.2827147337257225,0.042557753477290475,0.0,61.0,22948649.641246248,22878596.68788081,18648718.11585462,26008888.737050377,0.4918032786885246,0.09836065573770492,-0.28103229629405774,-0.11507531196085902,0.0,0.0,0.0
0.35000000000000003,0.0,0.2,0.15000000000000002,0.30000000000000004,"(0.35, 0.0, 0.2, 0.15, 0.3)",0.05667286321170084,0.06402208671939447,0.8852079979850563,0.0601580065221875,27744735.303782888,-0.17362537002815226,-0.2646870211342828,0.04146568408875479,0.0,61.0,22955059.84344043,22829718.511283267,18820535.733293876,25963932.298209947,0.4918032786885246,0.09836065573770492,-0.2632700581114538,-0.11014685606507398,0.0,0.0,0.0
0.2,0.05,0.15000000000000002,0.25,0.35000000000000003,"(0.2, 0.05, 0.15, 0.25, 0.35)",0.05654106472795761,0.061110083341103336,0.925232983440025,0.0601580065221875,27760802.408065557,-0.16740749511539388,-0.24617277303724364,0.04208663219721485,0.0,61.0,22953595.144545414,22930692.695678715,19236859.600893382,25568994.59462674,0.4918032786885246,0.09836065573770492,-0.24576347295237416,-0.09665480938596423,0.0,0.0,0.0
0.30000000000000004,0.0,0.2,0.2,0.30000000000000004,"(0.3, 0.0, 0.2, 0.2, 0.3)",0.05647269826652046,0.06479005286404732,0.8716260563179407,0.0601580065221875,27688903.143402454,-0.17678473004391648,-0.2713508541565163,0.04213903160916718,0.0,61.0,22915660.967106648,22736823.023207657,18652484.154262092,25996366.960534874,0.4918032786885246,0.09836065573770492,-0.2698030521102949,-0.11441176297290664,0.0,0.0,0.0
0.15000000000000002,0.05,0.15000000000000002,0.30000000000000004,0.35000000000000003,"(0.15, 0.05, 0.15, 0.3, 0.35)",0.0563315081392306,0.06205665401541222,0.9077432393509367,0.0601580065221875,27702431.296852745,-0.1706071954404038,-0.25258990726155955,0.04298377170302241,0.0,61.0,22911137.620452855,22854564.801339578,19064091.02346937,25599285.02770229,0.4918032786885246,0.09836065573770492,-0.2520795907896726,-0.09626669468319624,0.0,0.0,0.0
0.25,0.0,0.2,0.25,0.30000000000000004,"(0.25, 0.0, 0.2, 0.25, 0.3)",0.056264832206251336,0.06566253094207801,0.8568788226558532,0.0601580065221875,27631246.639927812,-0.17994096471535548,-0.27808020902919334,0.042812379129579574,0.0,61.0,22875732.954482146,22785294.363200385,18485282.076421525,26027648.421717152,0.4918032786885246,0.09836065573770492,-0.2763968515100537,-0.11864412181368594,0.0,0.0,0.0
0.35000000000000003,0.0,0.2,0.2,0.25,"(0.35, 0.0, 0.2, 0.2, 0.25)",0.056125541822847236,0.06305086219386234,0.8901629552705903,0.0601580065221875,27602264.93619769,-0.17016526136828747,-0.26004738870847516,0.04178863678972358,0.0,61.0,22881631.92317591,22759224.564841006,18655054.58488686,25982283.052676227,0.4918032786885246,0.09836065573770492,-0.2586290555471422,-0.11375731760726683,0.0,0.0,0.0
0.2,0.0,0.2,0.30000000000000004,0.30000000000000004,"(0.2, 0.0, 0.2, 0.3, 0.3)",0.056049271582202076,0.0666354158588778,0.8411333651898363,0.0601580065221875,27571777.88051431,-0.18309403003056623,-0.2848750649476767,0.043485726649991965,0.0,61.0,22835278.05201196,22859763.218534544,18318934.152913325,26057772.527223866,0.4918032786885246,0.09836065573770492,-0.2830513841821417,-0.12284369840555431,0.0,0.0,0.0
0.30000000000000004,0.0,0.2,0.25,0.25,"(0.3, 0.0, 0.2, 0.25, 0.25)",0.05591747136857106,0.06394989744074771,0.8743950124451876,0.0601580065221875,27544722.169163954,-0.1733476515050998,-0.26671800459024,0.04246198431013597,0.0,61.0,22841975.589503773,22826670.834937733,18487802.30441426,26013501.16629308,0.4918032786885246,0.09836065573770492,-0.26516959643702914,-0.11797753309237544,0.0,0.0,0.0
0.15000000000000002,0.0,0.2,0.35000000000000003,0.30000000000000004,"(0.15, 0.0, 0.2, 0.35, 0.3)",0.055826023033302974,0.06770437933416672,0.8245555691126558,0.0601580065221875,27510509.30175597,-0.1862438821304958,-0.2917353925542531,0.04415907417040435,0.0,61.0,22794298.537916806,22933520.841618504,18153444.894150544,26086735.267637115,0.4918032786885246,0.09836065573770492,-0.2897665698356918,-0.12701026354576897,0.0,0.0,0.0
0.25,0.0,0.2,0.30000000000000004,0.25,"(0.25, 0.0, 0.2, 0.3, 0.25)",0.055701710472881194,0.0649512216924963,0.8575929600923321,0.0601580065221875,27485373.707965154,-0.1765268131002593,-0.27345410670759074,0.04313533183054836,0.0,61.0,22801792.240282286,22901194.58995068,18321405.262006436,26043562.66681756,0.4918032786885246,0.09836065573770492,-0.2717708852168605,-0.1221650326166006,0.0,0.0,0.0
0.2,0.0,0.2,0.35000000000000003,0.25,"(0.2, 0.0, 0.2, 0.35, 0.25)",0.055478265772985536,0.0660501829928304,0.8399411365598726,0.0601580065221875,27424231.959387362,-0.17970270231479446,-0.2802556681990787,0.04380867935096075,0.0,61.0,22761084.12971137,22975005.831835307,18155867.951429084,26072463.554021504,0.4918032786885246,0.09836065573770492,-0.278432843684592,-0.12631958823258016,0.0,0.0,0.0
0.25,0.0,0.2,0.35000000000000003,0.2,"(0.25, 0.0, 0.2, 0.35, 0.2)",0.055121772260433355,0.0644804419746897,0.854860335511815,0.0601580065221875,27336023.247175623,-0.17314215018617396,-0.26883754359353623,0.04345828453151714,0.0,61.0,22726841.292039137,22931366.096823033,18157132.220879275,26056632.66490194,0.4918032786885246,0.09836065573770492,-0.26715549385799386,-0.12563727415359743,0.0,0.0,0.0
0.30000000000000004,0.0,0.2,0.35000000000000003,0.15000000000000002,"(0.3, 0.0, 0.2, 0.35, 0.15)",0.05475656949180818,0.0630014694480975,0.8691316245713648,0.0601580065221875,27245908.857923154,-0.16656242758412554,-0.25748153406544194,0.043107889712073535,0.0,61.0,22691577.804018006,22936738.618706312,18157240.229835402,26039249.064884767,0.4918032786885246,0.09836065573770492,-0.25593498366396067,-0.11990629516945717,0.0,0.0,0.0
0.2,0.1,0.15000000000000002,0.30000000000000004,0.25,"(0.2, 0.1, 0.15, 0.3, 0.25)",0.05731356132151588,0.06373992807748197,0.8991783180527876,0.0601580065221875,27976123.611322988,-0.178499259281787,-0.26092271517111754,0.04426351290544646,0.0,61.0,22824649.372317597,22957989.14910965,19238932.198167797,25544906.00315933,0.4918032786885246,0.08196721311475409,-0.2614863964709503,-0.09442119814326366,0.0,0.0,0.0
0.2,0.0,0.2,0.25,0.35000000000000003,"(0.2, 0.0, 0.2, 0.25, 0.35)",0.056603420100485025,0.06745297316100939,0.8391538200306365,0.0601580065221875,27715803.517556015,-0.18651459146302707,-0.28950304984865066,0.04316277394902318,0.0,61.0,22908451.34144911,22784395.03143616,18481577.80411478,26040232.38039673,0.4918032786885246,0.08196721311475409,-0.28767957499675556,-0.11931957796915475,0.0,0.0,0.0
0.15000000000000002,0.0,0.2,0.30000000000000004,0.35000000000000003,"(0.15, 0.0, 0.2, 0.3, 0.35)",0.05638806450008693,0.0683977567287602,0.8244139456751602,0.0601580065221875,27656219.79938617,-0.189641617774169,-0.29635688083266304,0.04383612146943557,0.0,61.0,22867726.294252533,22817300.771389693,18315290.48875497,26070417.985600166,0.4918032786885246,0.08196721311475409,-0.2943875717502884,-0.12353099722611884,0.0,0.0,0.0
0.1,0.0,0.2,0.35000000000000003,0.35000000000000003,"(0.1, 0.0, 0.2, 0.35, 0.35)",0.056165016861428496,0.06943699532789704,0.808863007337871,0.0601580065221875,27594829.842017755,-0.19276548993744425,-0.30327619480975926,0.04458252453412761,0.0,61.0,22826476.801933642,22891002.000170454,18149860.696847253,26099441.5341897,0.4918032786885246,0.08196721311475409,-0.30115620416378913,-0.12770933927581707,0.0,0.0,0.0
0.2,0.35000000000000003,0.05,0.1,0.30000000000000004,"(0.2, 0.35, 0.05, 0.1, 0.3)",0.06223206033364437,0.08027285043692857,0.7752566402577284,0.0601580065221875,29490053.5700992,-0.22567676397154046,-0.29426958075861115,0.05890176149252379,1.0,61.0,23045891.948016092,22987351.607070904,17811393.664164383,28602772.14408151,0.4918032786885246,0.06557377049180328,-0.30143709840875843,-0.07901912089106937,0.0,0.0,0.0
0.35000000000000003,0.25,0.15000000000000002,0.1,0.15000000000000002,"(0.35, 0.25, 0.15, 0.1, 0.15)",0.06203130777316601,0.07757044785227604,0.7996770611831128,0.0601580065221875,29298773.004719976,-0.22313399572274661,-0.3134651853314307,0.05341978308235527,1.0,61.0,22837516.106823154,22835075.192321118,19100629.86547375,26180824.31033576,0.4918032786885246,0.06557377049180328,-0.3182804282043307,-0.08991275371093986,0.0,0.0,0.0
0.35000000000000003,0.15000000000000002,0.2,0.05,0.25,"(0.35, 0.15, 0.2, 0.05, 0.25)",0.06168741900985153,0.07605956964884796,0.8110408630320969,0.0601580065221875,29121626.416480552,-0.2230630404375873,-0.3301813387234035,0.05235930653319489,1.0,61.0,22941784.105117977,22937719.434022445,19652973.528710537,25787360.936978858,0.4918032786885246,0.06557377049180328,-0.33234313588442466,-0.11396190231893667,0.0,0.0,0.0
0.15000000000000002,0.30000000000000004,0.1,0.25,0.2,"(0.15, 0.3, 0.1, 0.25, 0.2)",0.06134973393228971,0.08013820235966942,0.7655491653898734,0.0601580065221875,29167805.414941426,-0.2297861269036805,-0.31661741627095125,0.05773899023075384,1.0,61.0,22773611.96593932,22970697.359106634,18625355.967696987,26677347.856842343,0.4918032786885246,0.06557377049180328,-0.3237765094820228,-0.08092646104938599,0.0,0.0,0.0
0.25,0.15000000000000002,0.2,0.15000000000000002,0.25,"(0.25, 0.15, 0.2, 0.15, 0.25)",0.06125524883482547,0.07772411615726103,0.7881112306363997,0.0601580065221875,28996431.424912956,-0.2289963138083979,-0.343587896897827,0.0542209313289624,1.0,61.0,22855333.671807244,22999545.672038518,19300317.72848391,25847882.539549273,0.4918032786885246,0.06557377049180328,-0.34558669404426695,-0.11172361495907274,0.0,0.0,0.0
0.25,0.30000000000000004,0.1,0.2,0.15000000000000002,"(0.25, 0.3, 0.1, 0.2, 0.15)",0.06122645246957159,0.07783587681451996,0.7866096583645095,0.0601580065221875,29142284.813098878,-0.22365163140486688,-0.30595335294445253,0.05461544957672956,1.0,61.0,22785141.485399663,22962521.30986135,18667748.87380234,26689556.962899998,0.4918032786885246,0.06557377049180328,-0.31270991919156227,-0.07765860633107854,0.0,0.0,0.0
0.35000000000000003,0.15000000000000002,0.2,0.1,0.2,"(0.35, 0.15, 0.2, 0.1, 0.2)",0.06113495363370647,0.07531172751867929,0.8117587479127124,0.0601580065221875,28971285.989429362,-0.2196842149386644,-0.3259365332735529,0.05128716779256761,1.0,61.0,22865595.66121136,22978877.05619361,19482349.070738822,25807268.12129018,0.4918032786885246,0.06557377049180328,-0.3280400119233266,-0.10729081947088696,0.0,0.0,0.0
0.1,0.30000000000000004,0.1,0.30000000000000004,0.2,"(0.1, 0.3, 0.1, 0.3, 0.2)",0.061108834227056485,0.08121637014518993,0.7524201600959592,0.0601580065221875,29098173.286300525,-0.2324996194713589,-0.32239354738555415,0.0586361297365614,1.0,61.0,22723728.435527906,22871007.612470515,18667360.979667526,26529100.53442248,0.4918032786885246,0.06557377049180328,-0.33014659738038543,-0.08588655679438884,0.0,0.0,0.0
0.15000000000000002,0.30000000000000004,0.05,0.15000000000000002,0.35000000000000003,"(0.15, 0.3, 0.05, 0.15, 0.35)",0.06100865712218417,0.07424142482124571,0.8217603213984289,0.0601580065221875,29132265.7188997,-0.20765027669494673,-0.2728759925935976,0.05629275864769057,1.0,61.0,23072490.173560906,22996157.449845318,18328634.104042236,27603930.54681148,0.4918032786885246,0.06557377049180328,-0.27819591523442333,-0.0834909013077538,0.0,0.0,0.0
0.2,0.30000000000000004,0.1,0.25,0.15000000000000002,"(0.2, 0.3, 0.1, 0.25, 0.15)",0.06099312901090803,0.07885339881027827,0.7735003174391741,0.0601580065221875,29074687.22924466,-0.22612972551371302,-0.31121943066204794,0.055512589082537124,1.0,61.0,22736034.435204085,22828277.326015968,18710574.514808804,26542063.654939685,0.4918032786885246,0.06557377049180328,-0.3186899367354899,-0.08260934427517529,0.0,0.0,0.0
0.1,0.2,0.15000000000000002,0.25,0.30000000000000004,"(0.1, 0.2, 0.15, 0.25, 0.3)",0.06096405562323515,0.0773652542197636,0.7880030413919504,0.0601580065221875,28972300.49694843,-0.22340114078009543,-0.3230396609869798,0.057057861545570604,1.0,61.0,22843989.10738951,22945705.49805145,19551738.842460666,25428250.908285744,0.4918032786885246,0.06557377049180328,-0.32612549429792764,-0.10266580394475121,0.0,0.0,0.0
0.35000000000000003,0.2,0.15000000000000002,0.1,0.2,"(0.35, 0.2, 0.15, 0.1, 0.2)",0.06094551381588631,0.07147001310404937,0.8527424463622106,0.0601580065221875,28986661.131569307,-0.2026855232596253,-0.2850771415423269,0.0499136407317145,1.0,61.0,22911769.046535704,22953985.650889516,19595747.461518876,25320369.41863988,0.4918032786885246,0.06557377049180328,-0.28825114542976293,-0.09468888371433794,0.0,0.0,0.0
0.30000000000000004,0.30000000000000004,0.1,0.2,0.1,"(0.3, 0.3, 0.1, 0.2, 0.1)",0.060861162438341276,0.07661688219826275,0.7943570749962111,0.0601580065221875,29046959.213740405,-0.220000701705651,-0.30060925605832683,0.05238904842851285,1.0,61.0,22746236.25229456,22899583.699694026,18752220.104229543,26553293.182711173,0.4918032786885246,0.06557377049180328,-0.307668667878741,-0.07935719824994769,0.0,0.0,0.0
0.05,0.30000000000000004,0.1,0.35000000000000003,0.2,"(0.05, 0.3, 0.1, 0.35, 0.2)",0.060860167402907894,0.08237086705294897,0.7388554907863998,0.0601580065221875,29026666.824367236,-0.2353902577679955,-0.3285439081923171,0.05953326924236895,1.0,61.0,22673364.276185684,22770620.988807637,18708677.028853465,26380902.93398302,0.4918032786885246,0.06557377049180328,-0.33706740652184747,-0.090817040095297,0.0,0.0,0.0
0.2,0.2,0.15000000000000002,0.2,0.25,"(0.2, 0.2, 0.15, 0.2, 0.25)",0.060855740086594334,0.0747892085313284,0.8136968057510934,0.0601580065221875,28950544.01651976,-0.21434898845543116,-0.3066334798305889,0.053934320891546324,1.0,61.0,22856441.27678513,22903320.777652014,19598025.554445107,25390449.108509123,0.4918032786885246,0.06557377049180328,-0.3097342670409901,-0.09817623057457867,0.0,0.0,0.0
0.15000000000000002,0.30000000000000004,0.1,0.30000000000000004,0.15000000000000002,"(0.15, 0.3, 0.1, 0.3, 0.15)",0.06075203567075427,0.0799511534985793,0.7598644048560701,0.0601580065221875,29005207.889974497,-0.22861326045047825,-0.3165378127024478,0.05640972858834468,1.0,61.0,22686443.664228145,22792633.630962495,18752713.10637524,26394610.764923144,0.4918032786885246,0.06557377049180328,-0.32474502355262164,-0.08753087507978599,0.0,0.0,0.0
0.30000000000000004,0.2,0.15000000000000002,0.15000000000000002,0.2,"(0.3, 0.2, 0.15, 0.15, 0.2)",0.06073117658931415,0.07233254643985496,0.8396106535501632,0.0601580065221875,28924555.95167444,-0.2056573863214619,-0.2911961851994414,0.05081078023752206,1.0,61.0,22866776.931793034,22858435.02375746,19642677.581777245,25350076.612530746,0.4918032786885246,0.06557377049180328,-0.294329806866746,-0.0937035991010552,0.0,0.0,0.0
0.05,0.2,0.15000000000000002,0.30000000000000004,0.30000000000000004,"(0.05, 0.2, 0.15, 0.3, 0.3)",0.06072685779125098,0.07844345577923861,0.7741481706536871,0.0601580065221875,28904274.20856945,-0.22640105157722967,-0.32957742238915444,0.057955001051378165,1.0,61.0,22796928.81464785,22846828.030682,19540507.25096977,25454654.818128586,0.4918032786885246,0.06557377049180328,-0.33260416544449267,-0.10162187155429873,0.0,0.0,0.0
0.25,0.30000000000000004,0.1,0.25,0.1,"(0.25, 0.3, 0.1, 0.25, 0.1)",0.060627646109603806,0.07765270479467899,0.7807538226763506,0.0601580065221875,28979513.381187614,-0.22249159938937668,-0.30585615361027463,0.053286187934320405,1.0,61.0,22697423.86857085,22816774.91874379,18795180.99547127,26406595.46251614,0.4918032786885246,0.06557377049180328,-0.3136266530973334,-0.08426933474334143,0.0,0.0,0.0
0.35000000000000003,0.1,0.25,0.15000000000000002,0.15000000000000002,"(0.35, 0.1, 0.25, 0.15, 0.15)",0.060620930818015006,0.08009134690727943,0.7568973822876891,0.0601580065221875,28769321.69635267,-0.23437129524453604,-0.3679581469115416,0.0542509023241155,1.0,61.0,22745706.431834158,22923876.196685787,18546042.293934625,26429401.539444067,0.4918032786885246,0.06557377049180328,-0.3685700331850791,-0.13339945168616146,0.0,0.0,0.0
0.1,0.30000000000000004,0.1,0.35000000000000003,0.15000000000000002,"(0.1, 0.3, 0.1, 0.35, 0.15)",0.06050317956120588,0.08112588393938712,0.7457937790411083,0.0601580065221875,28933861.228820138,-0.23110213729077922,-0.3219085474992995,0.05730686809415223,1.0,61.0,22636372.130316235,22796280.42672583,18794159.770752992,26247206.904546075,0.4918032786885246,0.06557377049180328,-0.3308756226344235,-0.09242298783838852,0.0,0.0,0.0
0.35000000000000003,0.30000000000000004,0.1,0.2,0.05,"(0.35, 0.3, 0.1, 0.2, 0.05)",0.06048701828050218,0.07548659872840417,0.8012947900610876,0.0601580065221875,28949600.198518217,-0.21636838040879902,-0.295300184733683,0.050162647280296124,1.0,61.0,22706304.886583123,22838712.751885775,18836072.745342493,26416855.241716165,0.4918032786885246,0.06557377049180328,-0.3026510522974059,-0.08103278214751164,0.0,0.0,0.0
0.35000000000000003,0.2,0.2,0.25,0.0,"(0.35, 0.2, 0.2, 0.25, 0.0)",0.060458457048804926,0.08022074717498168,0.7536511336266887,0.0601580065221875,28804161.352223095,-0.22431374437178098,-0.332242165587586,0.05186462700867237,1.0,61.0,22553477.92292497,22849696.303602137,19111493.98616063,26221067.052839443,0.4918032786885246,0.06557377049180328,-0.33563779293276536,-0.10919339235983976,0.0,0.0,0.0
0.15000000000000002,0.30000000000000004,0.05,0.2,0.30000000000000004,"(0.15, 0.3, 0.05, 0.2, 0.3)",0.0604582094417192,0.07342981352319987,0.823346901495503,0.0601580065221875,28982115.10554305,-0.20480847175782124,-0.26996247525589334,0.05496349700528141,1.0,61.0,22984401.94788121,22983611.67896536,18458360.71764759,27216935.039099332,0.4918032786885246,0.06557377049180328,-0.27520257238663276,-0.0769601096007853,0.0,0.0,0.0
0.2,0.30000000000000004,0.1,0.30000000000000004,0.1,"(0.2, 0.3, 0.1, 0.3, 0.1)",0.0603863642562017,0.07876948738851598,0.7666212674250003,0.0601580065221875,28910192.95700296,-0.2249879385362642,-0.31115543630364,0.05418332744012796,1.0,61.0,22648127.67042545,22821374.325896397,18837451.905738518,26259937.51564809,0.4918032786885246,0.06557377049180328,-0.3196597745922893,-0.08915245623033577,0.0,0.0,0.0
0.30000000000000004,0.30000000000000004,0.1,0.25,0.05,"(0.3, 0.3, 0.1, 0.25, 0.05)",0.06025331410774215,0.0765400787263093,0.787212596464591,0.0601580065221875,28882312.04861171,-0.2188720058164384,-0.3005279605146305,0.051059786786103685,1.0,61.0,22657788.90107614,22844265.99944929,18879167.589112356,26270953.559449565,0.4918032786885246,0.06557377049180328,-0.3085870953312431,-0.08590647425049296,0.0,0.0,0.0
0.30000000000000004,0.2,0.2,0.30000000000000004,0.0,"(0.3, 0.2, 0.2, 0.3, 0.0)",0.06020498388344775,0.08145125640222407,0.7391535323426124,0.0601580065221875,28732395.42520785,-0.22682710452423416,-0.3379814881518866,0.05279543940655613,1.0,61.0,22508266.396835733,22877992.436431132,18935885.68152345,26286233.707511198,0.4918032786885246,0.06557377049180328,-0.34172332244370796,-0.11400340522221537,0.0,0.0,0.0
0.25,0.2,0.2,0.35000000000000003,0.0,"(0.25, 0.2, 0.2, 0.35, 0.0)",0.05994377386318961,0.08275348765497614,0.7243655290168917,0.0601580065221875,28658792.753681213,-0.22979164386505713,-0.34464498570914237,0.05372625180443988,0.0,61.0,22462556.496308487,22905354.698742192,18761228.716971137,26350445.7530723,0.4918032786885246,0.06557377049180328,-0.3490704170941121,-0.11878511974972797,0.0,0.0,0.0
0.15000000000000002,0.15000000000000002,0.2,0.35000000000000003,0.15000000000000002,"(0.15, 0.15, 0.2, 0.35, 0.15)",0.05960626101827282,0.07927295022510582,0.7519117283892314,0.0601580065221875,28545264.16798896,-0.22836721213304367,-0.3487851014176404,0.05393827864347535,0.0,61.0,22611536.955833666,22888283.505410254,18616216.36720363,26166828.04496277,0.4918032786885246,0.06557377049180328,-0.35049414192631756,-0.11252242918229972,0.0,0.0,0.0
0.25,0.15000000000000002,0.2,0.30000000000000004,0.1,"(0.25, 0.15, 0.2, 0.3, 0.1)",0.05949873734536526,0.07673904103991809,0.7753385569988452,0.0601580065221875,28523736.95606128,-0.21907896480728506,-0.3308954212525367,0.05100451510708056,0.0,61.0,22622285.568271536,22918188.807567686,18791960.087923523,26143334.958974496,0.4918032786885246,0.06557377049180328,-0.3327265685363002,-0.10649203712652934,0.0,0.0,0.0
0.35000000000000003,0.15000000000000002,0.2,0.25,0.05,"(0.35, 0.15, 0.2, 0.25, 0.05)",0.05937503274209699,0.0743242128215142,0.7988652753670341,0.0601580065221875,28498047.841596738,-0.2097186332145139,-0.3132390082976243,0.04807075157068577,0.0,61.0,22630942.483861078,22946361.513319783,18967528.65087802,26117469.201317348,0.4918032786885246,0.06557377049180328,-0.3151740490080311,-0.1010930674908486,0.0,0.0,0.0
0.25,0.15000000000000002,0.15000000000000002,0.2,0.25,"(0.25, 0.15, 0.15, 0.2, 0.25)",0.0593475167968327,0.06789143706851739,0.8741531975076328,0.0601580065221875,28533193.125839334,-0.19323977152516036,-0.2775206842666252,0.04820177739268884,0.0,61.0,22888835.638518766,22966731.24709347,19754412.70952135,25446210.78130792,0.4918032786885246,0.06557377049180328,-0.27933814093632975,-0.0972954872306012,0.0,0.0,0.0
0.2,0.1,0.2,0.25,0.25,"(0.2, 0.1, 0.2, 0.25, 0.25)",0.05926216420687913,0.07360006143978308,0.8051917763053132,0.0601580065221875,28442298.953771573,-0.21473457781808192,-0.3279083036108737,0.050285729548232266,0.0,61.0,22801902.323457867,22988426.41735297,18806290.19902763,25956708.262816943,0.4918032786885246,0.06557377049180328,-0.3283874920637922,-0.11288851430136172,0.0,0.0,0.0
0.2,0.15000000000000002,0.2,0.35000000000000003,0.1,"(0.2, 0.15, 0.2, 0.35, 0.1)",0.05924716315187606,0.07800625196503413,0.75951813680823,0.0601580065221875,28453138.421731636,-0.22210790219497256,-0.33770184999110237,0.05193532750496431,0.0,61.0,22577589.098859183,22724895.323591035,18619540.00012245,26208369.858956996,0.4918032786885246,0.06557377049180328,-0.339447300188095,-0.11369842874544839,0.0,0.0,0.0
0.0,0.35000000000000003,0.0,0.35000000000000003,0.30000000000000004,"(0.0, 0.35, 0.0, 0.35, 0.3)",0.059229955662025935,0.07718915399623957,0.7673352096191058,0.0601580065221875,28714102.019756477,-0.20619455029662115,-0.26537496936344646,0.05705630300546326,0.0,61.0,22873585.282275204,22905699.7370226,18059224.77384289,27680436.393976465,0.4918032786885246,0.06557377049180328,-0.27442854798796507,-0.06460118679512458,0.0,0.0,0.0
0.35000000000000003,0.15000000000000002,0.15000000000000002,0.15000000000000002,0.2,"(0.35, 0.15, 0.15, 0.15, 0.2)",0.059208697093118046,0.06537467011587815,0.905682537107556,0.0601580065221875,28503813.879134197,-0.18355872075621438,-0.26066288797915127,0.04507823673866457,0.0,61.0,22896733.31226828,22914069.24834251,19938355.203458242,25403047.69779619,0.4918032786885246,0.06557377049180328,-0.26254119338761683,-0.09291749131229934,0.0,0.0,0.0
0.25,0.30000000000000004,0.05,0.25,0.15000000000000002,"(0.25, 0.3, 0.05, 0.25, 0.15)",0.059164279639435824,0.07013007604559127,0.8436363251762821,0.0601580065221875,28640970.894139826,-0.1903992126374583,-0.2498668180477495,0.049181433066438816,0.0,61.0,22814633.61213075,22945441.51234697,18755232.197935548,26406862.67792716,0.4918032786885246,0.06557377049180328,-0.25610331501537004,-0.06139703317075844,0.0,0.0,0.0
0.30000000000000004,0.1,0.2,0.2,0.2,"(0.3, 0.1, 0.2, 0.2, 0.2)",0.05914258512901327,0.07102640904489972,0.8326844327949336,0.0601580065221875,28417710.926737864,-0.20529205740296175,-0.3100047065532864,0.04735196601183748,0.0,61.0,22811309.961996477,22991474.780278124,18982554.42534777,25915437.754405744,0.4918032786885246,0.06557377049180328,-0.310650960090394,-0.10744172503051906,0.0,0.0,0.0
0.15000000000000002,0.25,0.1,0.35000000000000003,0.15000000000000002,"(0.15, 0.25, 0.1, 0.35, 0.15)",0.05913982562700415,0.07292931697755478,0.8109197792871887,0.0601580065221875,28553795.464053184,-0.2041438168215386,-0.28344246412983765,0.05157432459529474,0.0,61.0,22680715.02646195,22956401.148577057,19378838.694247764,25234661.36531049,0.4918032786885246,0.06557377049180328,-0.2889149189803085,-0.08057286029708759,0.0,0.0,0.0
0.30000000000000004,0.15000000000000002,0.2,0.30000000000000004,0.05,"(0.3, 0.15, 0.2, 0.3, 0.05)",0.059130991506690656,0.07553575987418407,0.7828211645078044,0.0601580065221875,28429441.4041445,-0.21277585444367908,-0.31992860495700376,0.04900156396856952,0.0,61.0,22587028.404031552,22753624.040938374,18794132.72850283,26183411.87791935,0.4918032786885246,0.06557377049180328,-0.3217869229960334,-0.1083855420364487,0.0,0.0,0.0
0.05,0.1,0.2,0.35000000000000003,0.30000000000000004,"(0.05, 0.1, 0.2, 0.35, 0.3)",0.059124003026399086,0.07744256412590998,0.7634561651428836,0.0601580065221875,28394879.54791507,-0.2271054201004976,-0.353030777146029,0.054150305482510805,0.0,61.0,22746183.507840384,22977814.711685155,18459883.68037524,26021750.153506972,0.4918032786885246,0.06557377049180328,-0.3532047450914389,-0.12249286610378553,0.0,0.0,0.0
0.1,0.35000000000000003,0.0,0.30000000000000004,0.25,"(0.1, 0.35, 0.0, 0.3, 0.25)",0.059100778935949894,0.07485988005277025,0.7894853544286814,0.0601580065221875,28687908.50737163,-0.19740009968514427,-0.25144049916859756,0.053932762351438984,0.0,61.0,22885524.631644577,22948714.644714836,18099269.739185277,27633544.47824683,0.4918032786885246,0.06557377049180328,-0.2598940452413838,-0.06197787125532764,0.0,0.0,0.0
0.15000000000000002,0.1,0.2,0.30000000000000004,0.25,"(0.15, 0.1, 0.2, 0.3, 0.25)",0.05902812020969739,0.07469987650002088,0.7902037188733624,0.0601580065221875,28376417.532151476,-0.21776441479190556,-0.33477065679176027,0.051216541946116016,0.0,61.0,22758482.526534505,22950145.243010506,18635331.98226101,25984206.333215687,0.4918032786885246,0.06557377049180328,-0.3351401761648512,-0.11703127565911413,0.0,0.0,0.0
0.25,0.25,0.1,0.30000000000000004,0.1,"(0.25, 0.25, 0.1, 0.3, 0.1)",0.059008768179855675,0.07048359438277475,0.8371986232625592,0.0601580065221875,28526678.028211772,-0.19539156014904657,-0.2685211126249269,0.04845078394127047,0.0,61.0,22690057.898165915,22926946.526643515,19421855.674909905,25245488.695812017,0.4918032786885246,0.06557377049180328,-0.27356560558452375,-0.07738259212661183,0.0,0.0,0.0
0.30000000000000004,0.15000000000000002,0.15000000000000002,0.2,0.2,"(0.3, 0.15, 0.15, 0.2, 0.2)",0.05899574806758601,0.06630053021852213,0.8898231714458384,0.0601580065221875,28443057.40595158,-0.18669100629452318,-0.2669169274152691,0.04597537624447212,0.0,61.0,22852861.12454755,22987395.417728037,19758794.708023246,25432904.404737454,0.4918032786885246,0.06557377049180328,-0.26874022552124804,-0.09195124957889815,0.0,0.0,0.0
0.2,0.35000000000000003,0.0,0.25,0.2,"(0.2, 0.35, 0.0, 0.25, 0.2)",0.058955390522645645,0.07266612827069077,0.8113187247713151,0.0601580065221875,28657552.06321592,-0.18991313017440414,-0.23980672286606725,0.05080922169741471,0.0,61.0,22895351.826021895,22975196.279631596,18137794.406874605,27584837.32235164,0.4918032786885246,0.06557377049180328,-0.24796527143205102,-0.05935016436595635,0.0,0.0,0.0
0.25,0.15000000000000002,0.2,0.35000000000000003,0.05,"(0.25, 0.15, 0.2, 0.35, 0.05)",0.05887922714397642,0.07682517221182115,0.766405403968839,0.0601580065221875,28359007.84954255,-0.21582992856024452,-0.3266787590059013,0.04993237636645328,0.0,61.0,22542608.774221893,22569337.72540267,18621665.534623984,26248411.615769695,0.4918032786885246,0.06557377049180328,-0.32845622120808954,-0.1156233131408857,0.0,0.0,0.0
0.25,0.05,0.2,0.15000000000000002,0.35000000000000003,"(0.25, 0.05, 0.2, 0.15, 0.35)",0.05873872311140893,0.06995422302366879,0.8396737262242892,0.0601580065221875,28293489.844751604,-0.20103487896992345,-0.30672791389572146,0.04663318045298919,0.0,61.0,22975003.95223965,22962146.47213903,18982222.507876445,25955666.780247066,0.4918032786885246,0.06557377049180328,-0.3061237671885836,-0.12013209599299005,0.0,0.0,0.0
0.35000000000000003,0.05,0.2,0.1,0.30000000000000004,"(0.35, 0.05, 0.2, 0.1, 0.3)",0.0586071535108339,0.06741273627630169,0.8693780544765795,0.0601580065221875,28265923.08716593,-0.19143716602254235,-0.2888241499419252,0.0436994169165944,0.0,61.0,22983044.672643438,22914779.404446602,19158856.67290883,25912408.551255662,0.4918032786885246,0.06557377049180328,-0.28843182124328987,-0.11563273046586973,0.0,0.0,0.0
0.05,0.30000000000000004,0.0,0.30000000000000004,0.35000000000000003,"(0.05, 0.3, 0.0, 0.3, 0.35)",0.05841951393487266,0.06937253154852006,0.8421130472082207,0.0601580065221875,28483465.083074752,-0.18262080821920768,-0.23401711079014342,0.052653021149014934,0.0,61.0,23000088.715378724,22936997.189367104,18495729.816663474,27042256.44258371,0.4918032786885246,0.06557377049180328,-0.23934902571793976,-0.06622948621529423,0.0,0.0,0.0
0.05,0.25,0.05,0.35000000000000003,0.30000000000000004,"(0.05, 0.25, 0.05, 0.35, 0.3)",0.058369633033623636,0.06824923659393113,0.8552422846999872,0.0601580065221875,28395179.17471334,-0.18753090529434358,-0.2517509228966619,0.051922372023846586,0.0,61.0,22868079.917401325,22994186.22344565,19163842.87659801,25729111.085353356,0.4918032786885246,0.06557377049180328,-0.2559360288611959,-0.07408176606890124,0.0,0.0,0.0
0.30000000000000004,0.2,0.15000000000000002,0.35000000000000003,0.0,"(0.3, 0.2, 0.15, 0.35, 0.0)",0.05831881622262558,0.07179815267186242,0.8122606787553273,0.0601580065221875,28278907.111470435,-0.1947825412159141,-0.27906684572821566,0.0461161945872684,0.0,61.0,22534217.00034943,22725689.434585188,19384983.245084904,25739868.968263272,0.4918032786885246,0.06557377049180328,-0.2829922735730751,-0.09455298788719355,0.0,0.0,0.0
0.15000000000000002,0.25,0.05,0.30000000000000004,0.25,"(0.15, 0.25, 0.05, 0.3, 0.25)",0.05823836391085524,0.06563183020707385,0.8873493810413087,0.0601580065221875,28368369.310025748,-0.17857739327864153,-0.2372765121793747,0.04879883136982231,0.0,61.0,22878258.366094556,22987307.137562703,19206204.679108497,25684374.550468862,0.4918032786885246,0.06557377049180328,-0.24109777021310375,-0.06960868080431988,0.0,0.0,0.0
0.0,0.30000000000000004,0.0,0.35000000000000003,0.35000000000000003,"(0.0, 0.3, 0.0, 0.35, 0.35)",0.05820187958944034,0.07030482169854148,0.8278504686208141,0.0601580065221875,28421012.947242513,-0.18568248573118695,-0.2395330036197756,0.05355016065482249,0.0,61.0,22948459.926606644,22957755.874096163,18539428.286022652,26874724.582541626,0.4918032786885246,0.06557377049180328,-0.24544350828033126,-0.06557310611226182,0.0,0.0,0.0
0.1,0.30000000000000004,0.0,0.30000000000000004,0.30000000000000004,"(0.1, 0.3, 0.0, 0.3, 0.3)",0.05806721120872882,0.06781325027544383,0.856281198333238,0.0601580065221875,28393597.135375366,-0.17669076656116744,-0.22558795876994542,0.05042662000079822,0.0,61.0,22959275.580592733,22944772.761572354,18579920.62954837,26828737.689664487,0.4918032786885246,0.06557377049180328,-0.23104165040084368,-0.060923092813519555,0.0,0.0,0.0
0.15000000000000002,0.2,0.1,0.35000000000000003,0.2,"(0.15, 0.2, 0.1, 0.35, 0.2)",0.05804747042251868,0.0665239921840623,0.8725794787226493,0.0601580065221875,28246893.32715009,-0.18364978190543746,-0.25545141758548573,0.048068182244653965,0.0,61.0,22753827.88979881,22940737.463485505,19882618.112976786,25022247.61717993,0.4918032786885246,0.06557377049180328,-0.2581098157065084,-0.07665623512067667,0.0,0.0,0.0
0.2,0.15000000000000002,0.15000000000000002,0.35000000000000003,0.15000000000000002,"(0.2, 0.15, 0.15, 0.35, 0.15)",0.057949338076177304,0.06822619896796843,0.8493707542374446,0.0601580065221875,28157948.92713189,-0.18957820556358507,-0.27532909197115174,0.04644039361367808,0.0,61.0,22682042.191231962,22982393.63633535,19228626.154519204,25558407.91911656,0.4918032786885246,0.06557377049180328,-0.2769796890486969,-0.08397551893697182,0.0,0.0,0.0
0.30000000000000004,0.15000000000000002,0.15000000000000002,0.30000000000000004,0.1,"(0.3, 0.15, 0.15, 0.3, 0.1)",0.05781591403951536,0.06563389918125766,0.8808849506235827,0.0601580065221875,28130264.244091813,-0.17989354379740718,-0.25835280795412013,0.04339445788990908,0.0,61.0,22689685.616215333,22976219.289398372,19407209.934114534,25531736.079465438,0.4918032786885246,0.06557377049180328,-0.2600716680937635,-0.07979302289079791,0.0,0.0,0.0
0.2,0.2,0.1,0.35000000000000003,0.15000000000000002,"(0.2, 0.2, 0.1, 0.35, 0.15)",0.05768047404514487,0.06511464935853524,0.8858294502600144,0.0601580065221875,28153775.698543135,-0.17780361781273268,-0.24642033490044107,0.04584178109643725,0.0,61.0,22715220.451423004,22818916.979309596,19971803.46462972,25014023.69726952,0.4918032786885246,0.06557377049180328,-0.24922390342867373,-0.07154204731385017,0.0,0.0,0.0
0.1,0.1,0.15000000000000002,0.35000000000000003,0.30000000000000004,"(0.1, 0.1, 0.15, 0.35, 0.3)",0.057435346314904434,0.06657133697632436,0.8627638999548848,0.0601580065221875,28000749.50303158,-0.1882390505438607,-0.27825417689012716,0.04738705355947073,0.0,61.0,22815481.57512582,22947865.464272514,19060694.77075082,25586116.599088695,0.4918032786885246,0.06557377049180328,-0.27867970478641635,-0.09865771488661361,0.0,0.0,0.0
0.1,0.35000000000000003,0.2,0.0,0.35000000000000003,"(0.1, 0.35, 0.2, 0.0, 0.35)",0.06783603745089462,0.1073651272465785,0.6318256140571603,0.0601580065221875,30892010.193830784,-0.32496908555705406,-0.48322230111807235,0.07862170271832376,1.0,61.0,22833160.010484345,22971079.84754878,17454708.847056046,29435943.68008017,0.4918032786885246,0.04918032786885246,-0.49345302424511045,-0.13230216186182098,0.0,0.0,0.0
0.15000000000000002,0.35000000000000003,0.2,0.0,0.30000000000000004,"(0.15, 0.35, 0.2, 0.0, 0.3)",0.06753684971087837,0.10594354966127072,0.6374795815961554,0.0601580065221875,30809683.363426704,-0.3215036122903747,-0.4775344443827642,0.07661875157981274,1.0,61.0,22805149.07159171,22951280.393825307,17541906.159666933,29290292.06344448,0.4918032786885246,0.04918032786885246,-0.4877753321271131,-0.12602447566166788,0.0,0.0,0.0
0.1,0.35000000000000003,0.2,0.05,0.30000000000000004,"(0.1, 0.35, 0.2, 0.05, 0.3)",0.06729603386498217,0.10675853836919462,0.6303573924200575,0.0601580065221875,30736699.361263983,-0.3236593733274652,-0.48364427076508787,0.0775495639776965,1.0,61.0,22756119.000904948,22859045.20225848,17582151.885566674,29126611.94691921,0.4918032786885246,0.04918032786885246,-0.49383454438730534,-0.12678316948547236,0.0,0.0,0.0
0.2,0.35000000000000003,0.2,0.0,0.25,"(0.2, 0.35, 0.2, 0.0, 0.25)",0.06722839517510093,0.10458086781285365,0.642836463122542,0.0601580065221875,30724990.556355152,-0.31805372781462726,-0.4718780201884711,0.07461580044130169,1.0,61.0,22776027.165998396,22841781.681110814,17628543.92852666,29144402.08359093,0.4918032786885246,0.04918032786885246,-0.482128231449751,-0.12384778266250218,0.0,0.0,0.0
0.15000000000000002,0.35000000000000003,0.15000000000000002,0.0,0.35000000000000003,"(0.15, 0.35, 0.15, 0.0, 0.35)",0.066384211156995,0.09763016016101389,0.6799559792538765,0.0601580065221875,30534825.884616278,-0.2926966365386995,-0.41520387971763684,0.07199619566132201,1.0,61.0,22962964.31799888,22956125.416442268,17531856.300040416,29238429.507204283,0.4918032786885246,0.04918032786885246,-0.42447069268756776,-0.11712351681369937,0.0,0.0,0.0
0.1,0.35000000000000003,0.15000000000000002,0.05,0.35000000000000003,"(0.1, 0.35, 0.15, 0.05, 0.35)",0.06615870087227105,0.0983659390915941,0.6725773319834514,0.0601580065221875,30466488.0448748,-0.29492573008320266,-0.42091607261594427,0.07289333516712956,1.0,61.0,22913334.822743498,22951674.363281723,17573333.710594933,29055521.175690554,0.4918032786885246,0.04918032786885246,-0.4301496726690568,-0.11594769536333097,0.0,0.0,0.0
0.2,0.35000000000000003,0.15000000000000002,0.0,0.30000000000000004,"(0.2, 0.35, 0.15, 0.0, 0.3)",0.06607283176331546,0.09616625808002852,0.6870687607323805,0.0601580065221875,30450082.32572421,-0.28913273787428906,-0.409687079517689,0.06976979451310529,1.0,61.0,22931454.64770215,22987255.267650455,17617699.417872425,29056590.909687366,0.4918032786885246,0.04918032786885246,-0.4189478330631589,-0.11096904378538289,0.0,0.0,0.0
0.05,0.35000000000000003,0.15000000000000002,0.1,0.35000000000000003,"(0.05, 0.35, 0.15, 0.1, 0.35)",0.06592534411924844,0.09917137405042901,0.6647618302205348,0.0601580065221875,30396154.61271528,-0.2971602245624948,-0.4266796392568087,0.07379047467293713,1.0,61.0,22863218.16374023,22976983.36032887,17614164.82369284,28878744.36002895,0.4918032786885246,0.04918032786885246,-0.4358773470879961,-0.11478237744229348,0.0,0.0,0.0
0.15000000000000002,0.35000000000000003,0.15000000000000002,0.05,0.30000000000000004,"(0.15, 0.35, 0.15, 0.05, 0.3)",0.06584706823009556,0.09691501500345574,0.6794310275631451,0.0601580065221875,30381849.115353942,-0.29137447680261064,-0.4153795413858971,0.07066693401891286,1.0,61.0,22882100.49696719,22998754.71302002,17659315.830336303,28896079.37608366,0.4918032786885246,0.04918032786885246,-0.42460952144745284,-0.10984177427379352,0.0,0.0,0.0
0.30000000000000004,0.35000000000000003,0.15000000000000002,0.0,0.2,"(0.3, 0.35, 0.15, 0.0, 0.2)",0.0654226189185163,0.09343244793819433,0.7002130454913634,0.0601580065221875,30273743.04156077,-0.28205436574977094,-0.3987493239026548,0.06531699221667185,1.0,61.0,22865159.385531515,22992380.822851468,17787687.15071295,28766240.376664497,0.4918032786885246,0.04918032786885246,-0.4079949666872983,-0.10026705589850227,0.0,0.0,0.0
0.15000000000000002,0.35000000000000003,0.15000000000000002,0.1,0.25,"(0.15, 0.35, 0.15, 0.1, 0.25)",0.06529243162394627,0.0963605991131746,0.6775843262167863,0.0601580065221875,30224819.49385377,-0.2900992611223232,-0.4155991967286869,0.06933767237650369,1.0,61.0,22800209.53243655,22991223.130568244,17785835.236381274,28592241.864081122,0.4918032786885246,0.04918032786885246,-0.42482069061644895,-0.10492367087763092,0.0,0.0,0.0
0.25,0.35000000000000003,0.15000000000000002,0.05,0.2,"(0.25, 0.35, 0.15, 0.05, 0.2)",0.06519636695560482,0.09420677017671099,0.6920560680863054,0.0601580065221875,30205739.00475506,-0.284321189037949,-0.40440247001086693,0.06621413172247942,1.0,61.0,22816362.457429145,22965972.751475565,17829577.973390736,28607426.688710436,0.4918032786885246,0.04918032786885246,-0.41362225098137373,-0.10210668185563986,0.0,0.0,0.0
0.15000000000000002,0.25,0.2,0.05,0.35000000000000003,"(0.15, 0.25, 0.2, 0.05, 0.35)",0.0651631971253106,0.09291602821593388,0.7013127699978029,0.0601580065221875,30099987.166601643,-0.27522701626331325,-0.4074542908167146,0.06795886196321224,1.0,61.0,22914688.931052785,22969338.68126797,18625687.07487035,27094738.384190943,0.4918032786885246,0.04918032786885246,-0.4128771760479564,-0.12827489291044697,0.0,0.0,0.0
0.0,0.35000000000000003,0.15000000000000002,0.2,0.30000000000000004,"(0.0, 0.35, 0.15, 0.2, 0.3)",0.06512275431388392,0.0995770801810025,0.6539934108884241,0.0601580065221875,30165275.518521644,-0.29813172432521107,-0.432765794982798,0.07359237717507729,1.0,61.0,22731126.150423672,22973243.046036553,17780250.450837974,28414831.093469627,0.4918032786885246,0.04918032786885246,-0.4434388825836314,-0.10955394804779026,0.0,0.0,0.0
0.35000000000000003,0.35000000000000003,0.15000000000000002,0.0,0.15000000000000002,"(0.35, 0.35, 0.15, 0.0, 0.15)",0.0650838483464673,0.09216829412700829,0.7061414010416802,0.0601580065221875,30182203.97241961,-0.2785403978794344,-0.3933291514194074,0.06309059106845513,1.0,61.0,22830390.78092575,22938170.22059291,17871815.90561799,28620742.277661294,0.4918032786885246,0.04918032786885246,-0.40256571694458526,-0.09929950033259309,0.0,0.0,0.0
0.25,0.25,0.2,0.0,0.30000000000000004,"(0.25, 0.25, 0.2, 0.0, 0.3)",0.06507460776075447,0.09060475822484983,0.7182250583270879,0.0601580065221875,30082709.427153602,-0.2666521470805804,-0.39052450976248604,0.06502509842681745,1.0,61.0,22931013.7798009,22931124.10009396,18672484.16937537,27109186.877902076,0.4918032786885246,0.04918032786885246,-0.3959463097502405,-0.12347799765930159,0.0,0.0,0.0
0.1,0.35000000000000003,0.15000000000000002,0.15000000000000002,0.25,"(0.1, 0.35, 0.15, 0.15, 0.25)",0.0650507531158413,0.09726296548995729,0.668813178666221,0.0601580065221875,30152748.255884986,-0.2923642833943534,-0.4213750918136728,0.07028827118543189,1.0,61.0,22750161.00276336,22951706.384303506,17826280.224433646,28432669.80285042,0.4918032786885246,0.04918032786885246,-0.43153093426362427,-0.10673587235065343,0.0,0.0,0.0
0.2,0.35000000000000003,0.15000000000000002,0.1,0.2,"(0.2, 0.35, 0.15, 0.1, 0.2)",0.0649622820900797,0.09505315578088301,0.6834310923861494,0.0601580065221875,30135759.961052995,-0.2865934117450666,-0.4101072403542927,0.06716185381481969,1.0,61.0,22767077.969120834,22927608.88057209,17870813.6285442,28448653.076622196,0.4918032786885246,0.04918032786885246,-0.41976507471585023,-0.10392685706396007,0.0,0.0,0.0
0.30000000000000004,0.35000000000000003,0.15000000000000002,0.05,0.15000000000000002,"(0.3, 0.35, 0.15, 0.05, 0.15)",0.06485736099224537,0.09295509023924609,0.6977279116755919,0.0601580065221875,30114324.320393864,-0.2808196587258227,-0.39896271544774686,0.06403543644420746,1.0,61.0,22781875.59124483,22900961.095863976,17913842.101469316,28462778.446437743,0.4918032786885246,0.04918032786885246,-0.40817589059457926,-0.10112733488928857,0.0,0.0,0.0
0.05,0.35000000000000003,0.15000000000000002,0.2,0.25,"(0.05, 0.35, 0.15, 0.2, 0.25)",0.06480125140398352,0.09823287386473134,0.6596697098897478,0.0601580065221875,30078724.738517985,-0.29463451938442364,-0.42720258622758317,0.07138434750090072,1.0,61.0,22699630.9737214,22911105.510479618,17866063.49902995,28273157.114715986,0.4918032786885246,0.04918032786885246,-0.43831821050229836,-0.10878786353686286,0.0,0.0,0.0
0.15000000000000002,0.35000000000000003,0.15000000000000002,0.15000000000000002,0.2,"(0.15, 0.35, 0.15, 0.15, 0.2)",0.06472037138582598,0.09596969812422519,0.6743834007068624,0.0601580065221875,30063820.547862984,-0.28887094050173134,-0.415863667701245,0.06821513171132418,1.0,61.0,22717308.85330615,22888158.56452025,17911389.326569147,28289928.82644086,0.4918032786885246,0.04918032786885246,-0.4264534253475147,-0.10572755020456574,0.0,0.0,0.0
0.25,0.35000000000000003,0.15000000000000002,0.1,0.15000000000000002,"(0.25, 0.35, 0.15, 0.1, 0.15)",0.06462304525963725,0.09381469404023539,0.6888371370898637,0.0601580065221875,30044476.775424387,-0.2831043187216199,-0.40464798445190553,0.06508871434071196,1.0,61.0,22732872.73641456,22862663.423514307,17955210.20983225,28304853.998136967,0.4918032786885246,0.04918032786885246,-0.4147310847544279,-0.1029358696572673,0.0,0.0,0.0
0.35000000000000003,0.35000000000000003,0.15000000000000002,0.05,0.1,"(0.35, 0.35, 0.15, 0.05, 0.1)",0.06450929286366591,0.09177548194996539,0.7029033407728156,0.0601580065221875,30020708.072220746,-0.2773352049964334,-0.39355599734473107,0.06196229697009975,1.0,61.0,22746321.507759523,22847358.92713643,17997517.76374315,28317930.34913732,0.4918032786885246,0.04918032786885246,-0.40315116103527404,-0.10015379794923175,0.0,0.0,0.0
0.05,0.35000000000000003,0.1,0.15000000000000002,0.35000000000000003,"(0.05, 0.35, 0.1, 0.15, 0.35)",0.06410559014755468,0.09081122001571036,0.7059214724399078,0.0601580065221875,29939524.81182281,-0.26621618345979214,-0.3667667145416819,0.06835645816264638,1.0,61.0,22928899.222205278,22951091.780361,17720327.1477997,28681205.402166918,0.4918032786885246,0.04918032786885246,-0.37511294514136345,-0.09875391838013546,0.0,0.0,0.0
0.0,0.35000000000000003,0.1,0.2,0.35000000000000003,"(0.0, 0.35, 0.1, 0.2, 0.35)",0.06387169532072723,0.09168854668536983,0.6966158547577769,0.0601580065221875,29870032.350810967,-0.2685496810504865,-0.372225910469217,0.06925359766845392,1.0,61.0,22877519.59151421,22924472.006650507,17761216.67097795,28501106.438123256,0.4918032786885246,0.04918032786885246,-0.3814099878041649,-0.09771764764193736,0.0,0.0,0.0
0.1,0.35000000000000003,0.1,0.15000000000000002,0.30000000000000004,"(0.1, 0.35, 0.1, 0.15, 0.3)",0.06378162582689151,0.08935098194078639,0.7138323993927689,0.0601580065221875,29852967.105244778,-0.2625909098775119,-0.3613617274039526,0.06613005701442964,1.0,61.0,22894772.323422726,22924771.299000762,17805191.909695756,28454985.74681168,0.4918032786885246,0.04918032786885246,-0.3700800145430795,-0.09286756681389569,0.0,0.0,0.0
0.30000000000000004,0.2,0.2,0.0,0.30000000000000004,"(0.3, 0.2, 0.2, 0.0, 0.3)",0.063696992547698,0.08353292492586407,0.7625375575466732,0.0601580065221875,29685841.57564226,-0.24656418626501175,-0.3625655382000924,0.059228271850319814,1.0,61.0,22978999.0870366,22995633.553396825,19250177.603130855,26065105.510003246,0.4918032786885246,0.04918032786885246,-0.36629630002755403,-0.12216505479157695,0.0,0.0,0.0
0.2,0.35000000000000003,0.1,0.1,0.25,"(0.2, 0.35, 0.1, 0.1, 0.25)",0.06367514531570873,0.08712597066183886,0.7308400105274054,0.0601580065221875,29831506.51017048,-0.25662908264641715,-0.3506192220068959,0.06300651636040538,1.0,61.0,22909897.991224978,22922954.43704625,17847669.843118936,28406983.799802363,0.4918032786885246,0.04918032786885246,-0.3588895931751548,-0.08803542034917325,0.0,0.0,0.0
0.05,0.2,0.25,0.25,0.25,"(0.05, 0.2, 0.25, 0.25, 0.25)",0.06365633518852798,0.09763778757428077,0.6519641295650989,0.0601580065221875,29606530.51295663,-0.29097560844766124,-0.4630900111833459,0.06948943991839902,1.0,61.0,22620708.237656564,22844403.0232843,18447905.804136824,26588671.297693554,0.4918032786885246,0.04918032786885246,-0.46665011589146055,-0.12964767073745384,0.0,0.0,0.0
0.15000000000000002,0.2,0.25,0.2,0.2,"(0.15, 0.2, 0.25, 0.2, 0.2)",0.0635921591939681,0.09518690655173653,0.6680767502345937,0.0601580065221875,29595762.524588536,-0.2822795645215871,-0.4442980599289197,0.06655567638200423,1.0,61.0,22638095.807668637,22859181.330056928,18628394.508359764,26572000.576727174,0.4918032786885246,0.04918032786885246,-0.44798698593116426,-0.1239184948803176,0.0,0.0,0.0
0.1,0.30000000000000004,0.15000000000000002,0.2,0.25,"(0.1, 0.3, 0.15, 0.2, 0.25)",0.06358332776677544,0.09007580614676955,0.7058868578225406,0.0601580065221875,29724349.226532437,-0.26551220302228407,-0.38171574132260183,0.06539940788926131,1.0,61.0,22761779.176464424,22999850.670753382,18434954.156071402,27199982.625337582,0.4918032786885246,0.04918032786885246,-0.38855259405543696,-0.09985830506893123,0.0,0.0,0.0
0.30000000000000004,0.35000000000000003,0.1,0.05,0.2,"(0.3, 0.35, 0.1, 0.05, 0.2)",0.06355227368550342,0.08502234978656993,0.7474772673895458,0.0601580065221875,29805666.07308874,-0.2506647674239939,-0.3399988179757974,0.0598829757063811,1.0,61.0,22922895.61107776,22919025.32073054,17888642.402700886,28361486.080838908,0.4918032786885246,0.04918032786885246,-0.34817594899388404,-0.08322210494365419,0.0,0.0,0.0
0.05,0.35000000000000003,0.1,0.2,0.30000000000000004,"(0.05, 0.35, 0.1, 0.2, 0.3)",0.06354750695468625,0.0902445069021691,0.7041703604583476,0.0601580065221875,29783598.628529917,-0.2649372064039094,-0.3668016974131198,0.06702719652023721,1.0,61.0,22843678.760433696,22961245.962462034,17846217.23664203,28276355.357305825,0.4918032786885246,0.04918032786885246,-0.37635508221749964,-0.0918778219011575,0.0,0.0,0.0
0.15000000000000002,0.35000000000000003,0.1,0.15000000000000002,0.25,"(0.15, 0.35, 0.1, 0.15, 0.25)",0.06344861895836962,0.08795950942522937,0.7213389362102409,0.0601580065221875,29764208.595089618,-0.258982643005393,-0.35598903732786785,0.06390365586621294,1.0,61.0,22859574.11536731,22960314.076177537,17889486.11814297,28229527.926831916,0.4918032786885246,0.04918032786885246,-0.3650682680418779,-0.08708187101169697,0.0,0.0,0.0
0.0,0.2,0.25,0.30000000000000004,0.25,"(0.0, 0.2, 0.25, 0.3, 0.25)",0.06338889540511095,0.09878790217421889,0.6416665807248393,0.0601580065221875,29529331.764307786,-0.29372509267475344,-0.4705472393075503,0.07042025231628277,1.0,61.0,22574350.920131255,22872077.51963567,18277424.82639543,26653885.338001985,0.4918032786885246,0.04918032786885246,-0.473997255308435,-0.13394430380209182,0.0,0.0,0.0
0.25,0.35000000000000003,0.1,0.1,0.2,"(0.25, 0.35, 0.1, 0.1, 0.2)",0.06333334353207665,0.08579165448990803,0.7382226617336861,0.0601580065221875,29740445.14333034,-0.25302542282744966,-0.345298417462528,0.06078011521218866,1.0,61.0,22873346.692168057,22957266.168597724,17931249.35926343,28205887.153017923,0.4918032786885246,0.04918032786885246,-0.35392134624857163,-0.08230431763124321,0.0,0.0,0.0
0.1,0.2,0.25,0.25,0.2,"(0.1, 0.2, 0.25, 0.25, 0.2)",0.06333226227241107,0.09629084439757599,0.6577184224381502,0.0601580065221875,29520596.107858162,-0.28505547046763324,-0.4516377485964919,0.06748648877988798,1.0,61.0,22592499.99506546,22887686.124814093,18456866.086758755,26638162.600830153,0.4918032786885246,0.04918032786885246,-0.4552255657386993,-0.1282268702551178,0.0,0.0,0.0
0.2,0.2,0.25,0.2,0.15000000000000002,"(0.2, 0.2, 0.25, 0.2, 0.15)",0.06325924763742563,0.0938900006555049,0.6737591564146682,0.0601580065221875,29507493.074826587,-0.2763168907944017,-0.4329620453517886,0.0645527252434932,1.0,61.0,22608547.54324531,22901273.046911724,18636251.32492583,26619976.363499783,0.4918032786885246,0.04918032786885246,-0.43667012378077724,-0.12278088088773191,0.0,0.0,0.0
0.35000000000000003,0.35000000000000003,0.1,0.05,0.15000000000000002,"(0.35, 0.35, 0.1, 0.05, 0.15)",0.06320170065783026,0.08375003923212143,0.7546468185245927,0.0601580065221875,29712324.7174886,-0.24706611553683588,-0.33473024772271454,0.05765657455816438,1.0,61.0,22884995.848560803,22952106.436049897,17971499.06818165,28217750.28790523,0.4918032786885246,0.04918032786885246,-0.3429142582812576,-0.07946350869131565,0.0,0.0,0.0
0.30000000000000004,0.2,0.25,0.15000000000000002,0.1,"(0.3, 0.2, 0.25, 0.15, 0.1)",0.06316987047736933,0.0915929371778229,0.6896805848111228,0.0601580065221875,29490034.32293822,-0.2675092489144528,-0.41452008388195477,0.061618961707098414,1.0,61.0,22622492.245598715,22912838.31075296,18815546.272043616,26599335.58313941,0.4918032786885246,0.04918032786885246,-0.41833094225388,-0.1199875038705106,0.0,0.0,0.0
0.05,0.2,0.25,0.30000000000000004,0.2,"(0.05, 0.2, 0.25, 0.3, 0.2)",0.0630645921500852,0.09745870873390575,0.6470903726240846,0.0601580065221875,29443541.943699762,-0.2878287893180932,-0.45903687521316733,0.06841730117777174,1.0,61.0,22546403.104971588,22915252.624160286,18286268.28012111,26703352.882234722,0.4918032786885246,0.04918032786885246,-0.4625192969653604,-0.13352834655523052,0.0,0.0,0.0
0.15000000000000002,0.2,0.25,0.25,0.15000000000000002,"(0.15, 0.2, 0.25, 0.25, 0.15)",0.06299912180208223,0.09501090936676324,0.6630725063254748,0.0601580065221875,29432471.577361304,-0.27911674207487924,-0.44024384918790477,0.06548353764137696,1.0,61.0,22563214.36222894,22929669.932000883,18464616.65658358,26686113.065968398,0.4918032786885246,0.04918032786885246,-0.44385549222834514,-0.12866265802060234,0.0,0.0,0.0
0.05,0.35000000000000003,0.1,0.25,0.25,"(0.05, 0.35, 0.1, 0.25, 0.25)",0.06297214055937772,0.08985230848211197,0.7008405418088326,0.0601580065221875,29623806.908827905,-0.263706060462071,-0.36688164445438526,0.06569793487782805,1.0,61.0,22757484.96300073,22888189.921102464,17971144.904178485,27879501.898109857,0.4918032786885246,0.04918032786885246,-0.3776495387524174,-0.09138850523253716,0.0,0.0,0.0
0.25,0.2,0.25,0.2,0.1,"(0.25, 0.2, 0.25, 0.2, 0.1)",0.06291729300290738,0.09266323056528786,0.6789887706168162,0.0601580065221875,29417054.264274668,-0.27033575583271174,-0.4216846850827564,0.06254977410498216,1.0,61.0,22577927.70070059,22942063.83992139,18642888.008911777,26666410.97119244,0.4918032786885246,0.04918032786885246,-0.4254079749030862,-0.1242929179802628,0.0,0.0,0.0
0.35000000000000003,0.2,0.25,0.15000000000000002,0.05,"(0.35, 0.2, 0.25, 0.15, 0.05)",0.06281912481595398,0.09042347100376909,0.6947214491836473,0.0601580065221875,29397302.61212597,-0.26148573007496667,-0.40335932028253935,0.059616010568587376,1.0,61.0,22590542.139070414,22952434.65098868,18821048.106642704,26644255.917911556,0.4918032786885246,0.04918032786885246,-0.40717674623729083,-0.12233424797442369,0.0,0.0,0.0
0.0,0.2,0.25,0.35000000000000003,0.2,"(0.0, 0.2, 0.25, 0.35, 0.2)",0.06278915616611536,0.0986882300922217,0.6362375341764711,0.0601580065221875,29364616.00673628,-0.29059947889121407,-0.4664953178719576,0.06934811357565548,1.0,61.0,22499807.76197074,22941877.541245274,18116605.07966035,26767563.397515085,0.4918032786885246,0.04918032786885246,-0.4698680126356073,-0.14105592306095052,0.0,0.0,0.0
0.1,0.2,0.25,0.30000000000000004,0.15000000000000002,"(0.1, 0.2, 0.25, 0.3, 0.15)",0.06273122725680369,0.0961961913574587,0.6521175773342064,0.0601580065221875,29355569.12022886,-0.28191395083068316,-0.447585082551701,0.0664143500392607,1.0,61.0,22517379.83283399,22957126.89510087,18293914.15921481,26751275.985217012,0.4918032786885246,0.04918032786885246,-0.45109602926672415,-0.13619016994000496,0.0,0.0,0.0
0.2,0.2,0.25,0.25,0.1,"(0.2, 0.2, 0.25, 0.25, 0.1)",0.06265694406644684,0.09380072555211769,0.6679793114354249,0.0601580065221875,29342184.604288176,-0.27315960699991015,-0.42890881506625295,0.06348058650286592,1.0,61.0,22532859.00391091,22970351.234601952,18471159.289597396,26732518.69534623,0.4918032786885246,0.04918032786885246,-0.43254034757231713,-0.1313632637324627,0.0,0.0,0.0
0.30000000000000004,0.2,0.25,0.2,0.05,"(0.3, 0.2, 0.25, 0.2, 0.05)",0.0625663254543305,0.09150941703455431,0.6837146108220229,0.0601580065221875,29324474.162694495,-0.2643363462399121,-0.41046647313331397,0.060546822966471125,1.0,61.0,22546244.082480077,22981550.662080105,18648306.55149328,26711300.6144807,0.4918032786885246,0.04918032786885246,-0.4142009857407676,-0.12723235892382656,0.0,0.0,0.0
0.2,0.25,0.15000000000000002,0.15000000000000002,0.25,"(0.2, 0.25, 0.15, 0.15, 0.25)",0.062498985069888935,0.08127716709723862,0.7689611646419248,0.0601580065221875,29415354.81342227,-0.2369387582579514,-0.33738465482278746,0.05876972488459625,1.0,61.0,22861456.09386,22979837.11762565,18968446.302530523,26302497.552015103,0.4918032786885246,0.04918032786885246,-0.34214597520415113,-0.10006016252994537,0.0,0.0,0.0
0.15000000000000002,0.2,0.25,0.30000000000000004,0.1,"(0.15, 0.2, 0.25, 0.3, 0.1)",0.062388830913364,0.09500300830386711,0.656703740515388,0.0601580065221875,29265440.889684185,-0.27598076011724315,-0.4361923652126489,0.06441139890074966,1.0,61.0,22487288.703370243,22997697.12693043,18300364.21395936,26797650.64397144,0.4918032786885246,0.04918032786885246,-0.43972790543523077,-0.1388314173603027,0.0,0.0,0.0
0.30000000000000004,0.25,0.15000000000000002,0.1,0.2,"(0.3, 0.25, 0.15, 0.1, 0.2)",0.062381263948721344,0.07894968820050535,0.790139459326225,0.0601580065221875,29390868.008399114,-0.22844576398441874,-0.32196284777779877,0.05564618423057199,1.0,61.0,22873457.77440994,22953135.71900406,19012543.653708316,26314336.91435584,0.4918032786885246,0.04918032786885246,-0.32671712956650534,-0.09545778568864345,0.0,0.0,0.0
0.05,0.35000000000000003,0.1,0.30000000000000004,0.2,"(0.05, 0.35, 0.1, 0.3, 0.2)",0.06237955834972153,0.08963691550577049,0.6959137091872127,0.0601580065221875,29460232.336707316,-0.2625226915337482,-0.3670073713582096,0.064505127824107,1.0,61.0,22670335.28229254,22802410.06282264,18095085.2680381,27583873.567964956,0.4918032786885246,0.04918032786885246,-0.37899761933672554,-0.09804959045001824,0.0,0.0,0.0
0.05,0.25,0.15000000000000002,0.25,0.30000000000000004,"(0.05, 0.25, 0.15, 0.25, 0.3)",0.06236175298817703,0.08473220052736435,0.7359864679548508,0.0601580065221875,29366081.695269488,-0.24820125101516166,-0.3594177122524031,0.0627904050444281,1.0,61.0,22799174.866289407,22911462.67920152,18965832.630647983,26143070.7293338,0.4918032786885246,0.04918032786885246,-0.36412631436031,-0.10361484321454126,0.0,0.0,0.0
0.15000000000000002,0.25,0.15000000000000002,0.2,0.25,"(0.15, 0.25, 0.15, 0.2, 0.25)",0.06226791846971347,0.08222870699860951,0.7572527982322088,0.0601580065221875,29347948.775654275,-0.23979221786428917,-0.3437136569151061,0.05966686439040382,1.0,61.0,22814071.93456642,22888579.74213216,19012355.972807754,26157365.1123671,0.4918032786885246,0.04918032786885246,-0.34843702714677466,-0.09903046718024815,0.0,0.0,0.0
0.25,0.25,0.15000000000000002,0.15000000000000002,0.2,"(0.25, 0.25, 0.15, 0.15, 0.2)",0.062157763543943645,0.07983798038899931,0.7785487964636468,0.0601580065221875,29325507.332639612,-0.23132468626791547,-0.32819394484959047,0.05654332373637954,1.0,61.0,22826852.49431237,22863113.566975284,19057291.217042025,26169950.27087818,0.4918032786885246,0.04918032786885246,-0.33291758072719163,-0.09446282334292866,0.0,0.0,0.0
0.2,0.15000000000000002,0.2,0.1,0.35000000000000003,"(0.2, 0.15, 0.2, 0.1, 0.35)",0.062128864771016534,0.08013839626638378,0.7752696293609032,0.0601580065221875,29231002.292958047,-0.23866595220784692,-0.3588618886273075,0.05729602120810071,1.0,61.0,22962055.588714924,22993829.34561148,19460081.239759758,25835305.101563275,0.4918032786885246,0.04918032786885246,-0.360889145031862,-0.12421650928188116,0.0,0.0,0.0
0.0,0.25,0.15000000000000002,0.30000000000000004,0.30000000000000004,"(0.0, 0.25, 0.15, 0.3, 0.3)",0.06211534704733479,0.08581698167942427,0.7238118357433183,0.0601580065221875,29294737.88990493,-0.25102613120259354,-0.36589750789766967,0.06368754455023565,1.0,61.0,22750525.23393912,22818212.222994745,19008204.974813487,25997249.531501066,0.4918032786885246,0.04918032786885246,-0.3705571875256238,-0.10255962892712135,0.0,0.0,0.0
0.05,0.30000000000000004,0.1,0.25,0.30000000000000004,"(0.05, 0.3, 0.1, 0.25, 0.3)",0.0620361933017024,0.08294424946289093,0.7479263927688833,0.0601580065221875,29347763.444524497,-0.24082464499559098,-0.3341956732733194,0.062191792527187276,1.0,61.0,22845633.68815522,22983792.466230266,18453114.25071738,27082642.553442545,0.4918032786885246,0.04918032786885246,-0.34069894234363257,-0.0903063588203916,0.0,0.0,0.0
0.1,0.25,0.15000000000000002,0.25,0.25,"(0.1, 0.25, 0.15, 0.25, 0.25)",0.06202907235747901,0.08325885103306929,0.745014753240372,0.0601580065221875,29278635.98895776,-0.2426424160578743,-0.3500957563091866,0.06056400389621138,1.0,61.0,22766193.208234593,22796548.530089576,19055568.29598706,26012270.18893544,0.4918032786885246,0.04918032786885246,-0.35477765031716785,-0.09801024235156634,0.0,0.0,0.0
0.1,0.35000000000000003,0.1,0.30000000000000004,0.15000000000000002,"(0.1, 0.35, 0.1, 0.3, 0.15)",0.062027948214500084,0.08844123149322256,0.7013465005770914,0.0601580065221875,29367606.697429825,-0.25898695843536057,-0.3616434413768192,0.06243198834999928,1.0,61.0,22633896.64403555,22842267.108751208,18178602.83972416,27444299.972527795,0.4918032786885246,0.04918032786885246,-0.3739645420489841,-0.09965106185328877,0.0,0.0,0.0
0.30000000000000004,0.15000000000000002,0.2,0.05,0.30000000000000004,"(0.3, 0.15, 0.2, 0.05, 0.3)",0.06201849986708363,0.07768861795420288,0.7982958314903128,0.0601580065221875,29208313.981523626,-0.22941555165554361,-0.3410995649254426,0.05436225767170593,1.0,61.0,22974211.148999587,22950948.44575674,19645448.968866125,25796645.264588557,0.4918032786885246,0.04918032786885246,-0.34324063668172866,-0.11964783349142596,0.0,0.0,0.0
0.2,0.25,0.15000000000000002,0.2,0.2,"(0.2, 0.25, 0.15, 0.2, 0.2)",0.061926481032018144,0.08080870383569078,0.7663342943593544,0.0601580065221875,29258232.747532558,-0.23420031861158508,-0.33447827491118737,0.0574404632421871,1.0,61.0,22779749.731306694,22772309.750373285,19101343.44561441,26025592.01256472,0.4918032786885246,0.04918032786885246,-0.33916780358295784,-0.09347718463417433,0.0,0.0,0.0
0.15000000000000002,0.15000000000000002,0.2,0.15000000000000002,0.35000000000000003,"(0.15, 0.15, 0.2, 0.15, 0.35)",0.061909357820705724,0.08097454633442101,0.7645533148777769,0.0601580065221875,29167229.304437984,-0.24158098698026098,-0.36570995859082,0.05822683360598447,1.0,61.0,22918032.817459445,22974522.437466666,19284420.650574625,25865112.04935807,0.4918032786885246,0.04918032786885246,-0.36764424004411905,-0.12301316603218454,0.0,0.0,0.0
0.25,0.15000000000000002,0.2,0.1,0.30000000000000004,"(0.25, 0.15, 0.2, 0.1, 0.3)",0.061806531502922146,0.07845829108435855,0.7877629075105347,0.0601580065221875,29146565.032165512,-0.23235835882765876,-0.3478294730346329,0.05529307006958968,1.0,61.0,22930972.3615955,22957156.747203827,19468770.926817942,25827547.694352437,0.4918032786885246,0.04918032786885246,-0.34988637338688844,-0.11847957967496497,0.0,0.0,0.0
0.0,0.30000000000000004,0.1,0.30000000000000004,0.30000000000000004,"(0.0, 0.3, 0.1, 0.3, 0.3)",0.061795696597623406,0.08398210250812137,0.7358198324654655,0.0601580065221875,29277844.43524313,-0.24367446417478122,-0.34038162927549726,0.06308893203299484,1.0,61.0,22795170.348949067,22939900.774358787,18494848.389447168,26912275.70481016,0.4918032786885246,0.04918032786885246,-0.3476473958033147,-0.08934362233784919,0.0,0.0,0.0
0.1,0.30000000000000004,0.1,0.25,0.25,"(0.1, 0.3, 0.1, 0.25, 0.25)",0.061697431791843727,0.08150313786872965,0.7569945575741472,0.0601580065221875,29258840.02975716,-0.2352206521081921,-0.32522450091740923,0.059965391378970556,1.0,61.0,22810147.887122784,22972689.682553604,18539533.23376472,26867884.644238904,0.4918032786885246,0.04918032786885246,-0.3319906969403151,-0.08471659255673095,0.0,0.0,0.0
0.05,0.30000000000000004,0.1,0.30000000000000004,0.25,"(0.05, 0.3, 0.1, 0.3, 0.25)",0.0614567309344376,0.08256129628870239,0.7443770107428326,0.0601580065221875,29189061.317857113,-0.23809258834355562,-0.33136698757560323,0.06086253088477812,1.0,61.0,22759973.47804017,22981577.346982215,18581403.422377508,26698914.511174634,0.4918032786885246,0.04918032786885246,-0.338886702747893,-0.08421946066542156,0.0,0.0,0.0
0.05,0.2,0.2,0.35000000000000003,0.2,"(0.05, 0.2, 0.2, 0.35, 0.2)",0.061377235904651606,0.0874550185024824,0.7018149096030369,0.0601580065221875,29030533.698322833,-0.2544209332765851,-0.3885644400664295,0.06173805635848401,1.0,61.0,22597101.70763411,22756168.632921424,18744237.262058776,26181605.731580358,0.4918032786885246,0.04918032786885246,-0.39177844170604625,-0.11001077217122271,0.0,0.0,0.0
0.15000000000000002,0.15000000000000002,0.25,0.30000000000000004,0.15000000000000002,"(0.15, 0.15, 0.25, 0.3, 0.15)",0.06136175722295456,0.08949163364802197,0.6856703215888923,0.0601580065221875,28970202.198414233,-0.26271848532304576,-0.4190014895293661,0.06061752346276307,1.0,61.0,22573153.452719603,22973005.042519122,18173380.77127257,26699232.90863703,0.4918032786885246,0.04918032786885246,-0.42076735136756716,-0.13915544940175012,0.0,0.0,0.0
0.15000000000000002,0.2,0.2,0.30000000000000004,0.15000000000000002,"(0.15, 0.2, 0.2, 0.3, 0.15)",0.061292861521409225,0.08491781584567286,0.7217903676750361,0.0601580065221875,29014806.605815444,-0.245360410224579,-0.3705863560295008,0.05880429282208923,1.0,61.0,22611569.73072135,22767704.743257172,18924773.394112732,26161764.07742537,0.4918032786885246,0.04918032786885246,-0.37388616351654796,-0.10665796298455654,0.0,0.0,0.0
0.1,0.15000000000000002,0.2,0.25,0.30000000000000004,"(0.1, 0.15, 0.2, 0.25, 0.3)",0.06112401923851296,0.08127491387166777,0.7520650139971498,0.0601580065221875,28949871.001054335,-0.24117048786434114,-0.36838422182880654,0.058085507263240944,1.0,61.0,22798177.12058968,22992903.64563582,18944179.661882196,25913295.929215625,0.4918032786885246,0.04918032786885246,-0.37016393556542465,-0.11503327331477094,0.0,0.0,0.0
0.0,0.2,0.15000000000000002,0.30000000000000004,0.35000000000000003,"(0.0, 0.2, 0.15, 0.3, 0.35)",0.061056103915106075,0.08004915875705472,0.7627326115994343,0.0601580065221875,28989810.208284244,-0.23274295713572624,-0.34033218333489323,0.06018140219959488,1.0,61.0,22829420.80400528,22985572.742365357,19503826.18620286,25463467.746475898,0.4918032786885246,0.04918032786885246,-0.3433654082128099,-0.10717149319602508,0.0,0.0,0.0
0.1,0.2,0.2,0.35000000000000003,0.15000000000000002,"(0.1, 0.2, 0.2, 0.35, 0.15)",0.0610322363562259,0.08616138681835837,0.7083478877248269,0.0601580065221875,28940694.03619338,-0.24829164152471073,-0.3774960444188083,0.05973510521997298,1.0,61.0,22565030.661184125,22795397.015684683,18750305.373039734,26226080.322804987,0.4918032786885246,0.04918032786885246,-0.3808326062405832,-0.11146730336052614,0.0,0.0,0.0
0.2,0.15000000000000002,0.25,0.30000000000000004,0.1,"(0.2, 0.15, 0.25, 0.3, 0.1)",0.0610139797228455,0.08825888174931379,0.6913069655261056,0.0601580065221875,28879729.24123801,-0.2566773928396089,-0.4075335541292226,0.05868607863933727,1.0,61.0,22542202.182084847,22809192.588310324,18178306.531325683,26744118.715821706,0.4918032786885246,0.04918032786885246,-0.40935670335647445,-0.1417022993083586,0.0,0.0,0.0
0.2,0.2,0.2,0.30000000000000004,0.1,"(0.2, 0.2, 0.2, 0.3, 0.1)",0.060939132253422734,0.08368055722207354,0.7282352588989214,0.0601580065221875,28922721.248830847,-0.23918759181400695,-0.3596326060763895,0.05680134168357819,1.0,61.0,22578175.190668084,22805755.477919556,18929701.68697429,26204762.36601961,0.4918032786885246,0.04918032786885246,-0.3629331139485006,-0.10813008741068385,0.0,0.0,0.0
0.30000000000000004,0.15000000000000002,0.25,0.25,0.05,"(0.3, 0.15, 0.25, 0.25, 0.05)",0.060916321752144675,0.0858866909693598,0.709263811012077,0.0601580065221875,28860376.08495333,-0.2477021533751511,-0.38894315629258647,0.05735956813354043,1.0,61.0,22553963.56114725,22839238.545417655,18350936.073785055,26721579.64111789,0.4918032786885246,0.04918032786885246,-0.39092569516965997,-0.13700565757215852,0.0,0.0,0.0
0.30000000000000004,0.2,0.2,0.25,0.05,"(0.3, 0.2, 0.2, 0.25, 0.05)",0.060829775802674346,0.08131183889820745,0.7481047855629712,0.0601580065221875,28900510.019015912,-0.2300123541061393,-0.3419987450483077,0.05386757814718341,1.0,61.0,22589227.82400041,22814112.626293693,19108961.312332418,26181050.136384062,0.4918032786885246,0.04918032786885246,-0.3453591276231191,-0.10622132669133838,0.0,0.0,0.0
0.15000000000000002,0.1,0.25,0.25,0.25,"(0.15, 0.1, 0.25, 0.25, 0.25)",0.060824227060553016,0.08500094935803225,0.7155711497333456,0.0601580065221875,28810064.79603684,-0.2525501796012706,-0.4054187043030324,0.057895786765403745,1.0,61.0,22722720.292495377,22864750.926199883,18199427.439266864,26474202.984398626,0.4918032786885246,0.04918032786885246,-0.40559850372773204,-0.14449546833222401,0.0,0.0,0.0
0.25,0.1,0.25,0.2,0.2,"(0.25, 0.1, 0.25, 0.2, 0.2)",0.06073069924533736,0.08249017163187251,0.7362173946777468,0.0601580065221875,28791804.806209326,-0.2434961573056511,-0.3865678442856723,0.05557741282991234,1.0,61.0,22735267.259413585,22895179.206363797,18372808.503158364,26453008.708300583,0.4918032786885246,0.04918032786885246,-0.3869733787663641,-0.13893189843093004,0.0,0.0,0.0
0.15000000000000002,0.2,0.2,0.35000000000000003,0.1,"(0.15, 0.2, 0.2, 0.35, 0.1)",0.06067830684081077,0.08494436960245993,0.7143299447012856,0.0601580065221875,28848772.151919868,-0.24214353578682246,-0.366486351364256,0.05773215408146195,1.0,61.0,22531910.821507774,22833339.30013831,18755158.498148985,26269047.454415206,0.4918032786885246,0.04918032786885246,-0.37021132809272594,-0.11296821710046609,0.0,0.0,0.0
0.25,0.2,0.2,0.30000000000000004,0.05,"(0.25, 0.2, 0.2, 0.3, 0.05)",0.060576496731839846,0.08252389288864856,0.7340479782452477,0.0601580065221875,28828574.83907332,-0.23299609475785288,-0.348737827565736,0.05479839054506716,1.0,61.0,22543738.063387584,22842518.90911893,18933404.981913686,26246253.32327694,0.4918032786885246,0.04918032786885246,-0.35208958848555405,-0.11107223404689588,0.0,0.0,0.0
0.35000000000000003,0.15000000000000002,0.25,0.25,0.0,"(0.35, 0.15, 0.25, 0.25, 0.0)",0.060550902015301,0.08479241902210988,0.7141074958542245,0.0601580065221875,28765608.952984218,-0.24160043067681192,-0.37765463809204886,0.05679257245655943,1.0,61.0,22520647.286180027,22674551.55324994,18353556.553266462,26763417.59214307,0.4918032786885246,0.04918032786885246,-0.37968087440637704,-0.1395687411965554,0.0,0.0,0.0
0.2,0.1,0.25,0.25,0.2,"(0.2, 0.1, 0.25, 0.25, 0.2)",0.06048924357338681,0.08355822678379474,0.7239172718432804,0.0601580065221875,28723370.516320057,-0.2464127461522687,-0.3938150280763244,0.056336927658728185,1.0,61.0,22692779.886194304,22702845.53027109,18205284.153295815,26520677.24694926,0.4918032786885246,0.04918032786885246,-0.3940888107530609,-0.1429697141664676,0.0,0.0,0.0
0.2,0.2,0.2,0.35000000000000003,0.05,"(0.2, 0.2, 0.2, 0.35, 0.05)",0.06031547639820878,0.08380730461814863,0.7196923546583951,0.0601580065221875,28754795.73665379,-0.23597680592363457,-0.3555358406502602,0.05572920294295092,1.0,61.0,22497750.10531308,22869992.726205196,18758798.822520554,26310503.679612085,0.4918032786885246,0.04918032786885246,-0.3596237549283786,-0.11589467702315996,0.0,0.0,0.0
0.30000000000000004,0.2,0.30000000000000004,0.05,0.15000000000000002,"(0.3, 0.2, 0.3, 0.05, 0.15)",0.06533595210105836,0.1024105839972108,0.6379804659920484,0.0601580065221875,30044254.00552272,-0.3036191870652025,-0.4901165162881056,0.06937034526701343,1.0,61.0,22633548.76115898,22986750.8373329,18505333.664217085,26992884.15564599,0.4918032786885246,0.03278688524590164,-0.49433500929878155,-0.1430915731681304,0.0,0.0,0.0
0.25,0.15000000000000002,0.25,0.30000000000000004,0.05,"(0.25, 0.15, 0.25, 0.3, 0.05)",0.06065726556571449,0.08710261163587595,0.6963885976150328,0.0601580065221875,28787179.21643194,-0.2506180948553227,-0.3961261745317179,0.058119082962356274,1.0,61.0,22510198.73591392,22645682.12847373,18182052.18070628,26787463.042892154,0.4918032786885246,0.03278688524590164,-0.39800231335799746,-0.14422858029325142,0.0,0.0,0.0
0.30000000000000004,0.0,0.25,0.35000000000000003,0.1,"(0.3, 0.0, 0.25, 0.35, 0.1)",0.05607597541375342,0.07320771927652914,0.7659844613098299,0.0601580065221875,27540196.47211347,-0.19989400863899442,-0.3233891933176863,0.05159325920459856,0.0,61.0,22607752.36598794,22844877.86670204,17594191.56577138,26562191.576833844,0.4918032786885246,0.03278688524590164,-0.32121413300668283,-0.14565098721027747,0.0,0.0,0.0
0.2,0.2,0.30000000000000004,0.1,0.2,"(0.2, 0.2, 0.3, 0.1, 0.2)",0.06540492214328975,0.10463861317468466,0.6250553228768635,0.0601580065221875,30056627.393983446,-0.31207044321348665,-0.5093860416950221,0.0723041088034082,1.0,61.0,22616664.78936443,22971896.82561837,18326204.319586854,27010248.693002373,0.4918032786885246,0.01639344262295082,-0.5134583968859728,-0.14894976629349982,0.0,0.0,0.0
0.25,0.2,0.30000000000000004,0.1,0.15000000000000002,"(0.25, 0.2, 0.3, 0.1, 0.15)",0.06508425980889387,0.1033623058858056,0.6296711286684993,0.0601580065221875,29970366.368560135,-0.3062940694100602,-0.49772201296057905,0.07030115766489718,1.0,61.0,22589977.268230014,22982836.64082342,18335743.822246574,27061830.735548213,0.4918032786885246,0.01639344262295082,-0.5018279226918065,-0.14738483291397306,0.0,0.0,0.0
0.30000000000000004,0.2,0.30000000000000004,0.1,0.1,"(0.3, 0.2, 0.3, 0.1, 0.1)",0.06475444279869813,0.10215013568490106,0.633914408086974,0.0601580065221875,29881855.226327986,-0.3004996333370137,-0.48611676132035814,0.06829820652638614,1.0,61.0,22562197.741361227,22959229.911421224,18344071.127624586,27111834.53108661,0.4918032786885246,0.01639344262295082,-0.49025239815756616,-0.14666584074527625,0.0,0.0,0.0
0.35000000000000003,0.2,0.30000000000000004,0.1,0.05,"(0.35, 0.2, 0.3, 0.1, 0.05)",0.06441550237553195,0.10100441175691212,0.6377493938637165,0.0601580065221875,29791122.287417434,-0.2946873175513164,-0.47457079695226584,0.06733181595451293,1.0,61.0,22533333.820262834,22934183.087097093,18351188.00162932,27160255.93476192,0.4918032786885246,0.01639344262295082,-0.47873228195349854,-0.14932056337483435,0.0,0.0,0.0
0.05,0.2,0.25,0.35000000000000003,0.15000000000000002,"(0.05, 0.2, 0.25, 0.35, 0.15)",0.06245557133779922,0.0974434975872441,0.6409413956214047,0.0601580065221875,29276801.639625106,-0.2847084749001155,-0.4549856260073067,0.06734516243714446,1.0,61.0,22471046.556491088,22983640.663416166,18124147.804646734,26815457.10167807,0.4918032786885246,0.01639344262295082,-0.4584482902349081,-0.14365865460453078,0.0,0.0,0.0
0.15000000000000002,0.2,0.25,0.35000000000000003,0.05,"(0.15, 0.2, 0.25, 0.35, 0.05)",0.06176135464995425,0.09516324523231148,0.6490042925625655,0.0601580065221875,29094755.94507168,-0.2728717574309071,-0.4321445947806823,0.06333926016012238,1.0,61.0,22410333.83289797,22980317.15131238,18135683.777893446,26906584.698381603,0.4918032786885246,0.01639344262295082,-0.4365658492905541,-0.14880247080684722,0.0,0.0,0.0
0.05,0.15000000000000002,0.25,0.35000000000000003,0.2,"(0.05, 0.15, 0.25, 0.35, 0.2)",0.0614344034796106,0.09202381928743271,0.6675924120006659,0.0601580065221875,28983052.68743426,-0.2715814726957635,-0.4379482280634157,0.06355128699915785,1.0,61.0,22557978.622171134,22940034.48468998,17999532.63075212,26717816.251123596,0.4918032786885246,0.01639344262295082,-0.43952682704779134,-0.14392769527676827,0.0,0.0,0.0
0.1,0.15000000000000002,0.25,0.35000000000000003,0.15000000000000002,"(0.1, 0.15, 0.25, 0.35, 0.15)",0.061095377972731235,0.09073734148127648,0.6733212255875733,0.0601580065221875,28894839.25142378,-0.2655829684887163,-0.42636177685009996,0.06154833586064682,1.0,61.0,22528350.34784294,22777423.564387478,18005553.779910553,26764210.326487232,0.4918032786885246,0.01639344262295082,-0.42800687424121653,-0.1464371364551555,0.0,0.0,0.0
0.1,0.1,0.25,0.30000000000000004,0.25,"(0.1, 0.1, 0.25, 0.3, 0.25)",0.06057525325406421,0.086122254712917,0.7033635319463932,0.0601580065221875,28739638.531404145,-0.255439400806998,-0.4127879040554505,0.058826599163287495,1.0,61.0,22679454.69529248,22671881.020258155,18032877.480088472,26540943.8473448,0.4918032786885246,0.01639344262295082,-0.41282613807875373,-0.14851432454571417,0.0,0.0,0.0
0.30000000000000004,0.0,0.25,0.1,0.35000000000000003,"(0.3, 0.0, 0.25, 0.1, 0.35)",0.058917214990339195,0.07596296540345883,0.7756044630092405,0.0601580065221875,28284294.541412618,-0.21650532412390833,-0.34617648062353956,0.050312115191713185,0.0,61.0,22963417.846979808,22656257.912727613,18395365.400671735,26387130.064994372,0.4918032786885246,0.01639344262295082,-0.34402431927063876,-0.13304119222816452,0.0,0.0,0.0
0.2,0.2,0.35000000000000003,0.0,0.25,"(0.2, 0.2, 0.35, 0.0, 0.25)",0.06737287305465678,0.11577632352553113,0.5819227196292827,0.0601580065221875,30566929.86127084,-0.346488495893,-0.5889325572204612,0.08005549236332321,1.0,61.0,22602106.97963445,22808545.39355384,18000196.924466822,27373731.236044258,0.4918032786885246,0.0,-0.593327288449388,-0.17685168873364954,0.0,0.0,0.0
0.05,0.2,0.35000000000000003,0.1,0.30000000000000004,"(0.05, 0.2, 0.35, 0.1, 0.3)",0.06713870593719862,0.1189738489141746,0.5643148183398787,0.0601580065221875,30490510.001771074,-0.357009218438047,-0.6175979522177306,0.08392006829760176,1.0,61.0,22536108.96211151,22735267.398968983,17657174.544073336,27453894.45221431,0.4918032786885246,0.0,-0.6216279278866299,-0.1871720299706515,0.0,0.0,0.0
0.15000000000000002,0.2,0.35000000000000003,0.05,0.25,"(0.15, 0.2, 0.35, 0.05, 0.25)",0.06711471668923874,0.11667544118446273,0.5752257373780231,0.0601580065221875,30490197.694896888,-0.34899273462850655,-0.597116942215389,0.08098630476120697,1.0,61.0,22558841.40748351,22764047.313352983,17834880.98631474,27443567.535802625,0.4918032786885246,0.0,-0.6013639953573603,-0.18110084421276984,0.0,0.0,0.0
0.25,0.2,0.35000000000000003,0.0,0.2,"(0.25, 0.2, 0.35, 0.0, 0.2)",0.06707414497685216,0.11446426881434478,0.585983256361363,0.0601580065221875,30485321.623147167,-0.34091140547474985,-0.5768780586377557,0.07805254122481219,1.0,61.0,22579461.170287326,22790365.349104017,18012602.380785614,27430662.591155257,0.4918032786885246,0.0,-0.5813243401951481,-0.17505874562449897,0.0,0.0,0.0
0.1,0.2,0.35000000000000003,0.1,0.25,"(0.1, 0.2, 0.35, 0.1, 0.25)",0.0668487303911316,0.11763100662436976,0.5682917481493562,0.0601580065221875,30411499.002075005,-0.351495030310064,-0.6053618996787792,0.08191711715909072,1.0,61.0,22515063.54110693,22718503.4963495,17670452.070751607,27512403.01558443,0.4918032786885246,0.0,-0.6094565731366929,-0.1852993976104483,0.0,0.0,0.0
0.2,0.2,0.35000000000000003,0.05,0.2,"(0.2, 0.2, 0.35, 0.05, 0.2)",0.06681570136705561,0.11537517697235648,0.5791167833533589,0.0601580065221875,30408699.115059987,-0.3434381643603953,-0.5850007769425973,0.07898335362269593,1.0,61.0,22536434.909923166,22745841.56306541,17847130.642840374,27500482.223910898,0.4918032786885246,0.0,-0.5893041597068107,-0.1792803037077646,0.0,0.0,0.0
0.30000000000000004,0.2,0.35000000000000003,0.0,0.15000000000000002,"(0.3, 0.2, 0.35, 0.0, 0.15)",0.06676611373567054,0.11320926469516532,0.5897583904943589,0.0601580065221875,30401354.296983454,-0.335316466253182,-0.5648818882006093,0.07647394245250805,1.0,61.0,22555696.220302165,22770719.215059232,18023803.067402203,27485983.660402223,0.4918032786885246,0.0,-0.5693760761173597,-0.17329045739973917,0.0,0.0,0.0
0.15000000000000002,0.15000000000000002,0.35000000000000003,0.0,0.35000000000000003,"(0.15, 0.15, 0.35, 0.0, 0.35)",0.0666758142238204,0.11239980558833318,0.5932022201890819,0.0601580065221875,30350185.28902934,-0.3399351118130429,-0.5854287650340559,0.07826456806384766,1.0,61.0,22715990.97538538,22841449.645651672,17876709.343033295,27222121.60735083,0.4918032786885246,0.0,-0.5873965193175905,-0.18747683450281433,0.0,0.0,0.0
0.15000000000000002,0.2,0.35000000000000003,0.1,0.2,"(0.15, 0.2, 0.35, 0.1, 0.2)",0.06654943254326384,0.11634297462664211,0.5720107531789398,0.0601580065221875,30330116.67805044,-0.34596292781395555,-0.5931840562842079,0.07991416602057969,1.0,61.0,22492896.021139394,22700273.609672032,17682547.884006467,27569298.680363756,0.4918032786885246,0.0,-0.5973398627208089,-0.18345164325759705,0.0,0.0,0.0
0.25,0.2,0.35000000000000003,0.05,0.15000000000000002,"(0.25, 0.2, 0.35, 0.05, 0.15)",0.06650738968037806,0.11413177199500328,0.5827245868336275,0.0601580065221875,30324849.09433458,-0.3378657990638242,-0.5729431523145263,0.0772334572813239,1.0,61.0,22512911.341676734,22726173.730294067,17858187.659587752,27555782.806809705,0.4918032786885246,0.0,-0.577299229906856,-0.17748436186199698,0.0,0.0,0.0
0.35000000000000003,0.2,0.35000000000000003,0.0,0.1,"(0.35, 0.2, 0.35, 0.0, 0.1)",0.06644881203158293,0.11201322878098251,0.5932228965697357,0.0601580065221875,30315056.06707319,-0.32970385481272724,-0.5529445788299423,0.07590694677552705,1.0,61.0,22530819.457418777,22749615.19546667,18033800.333983086,27539689.702372395,0.4918032786885246,0.0,-0.5574829719878553,-0.17154648140240605,0.0,0.0,0.0
0.1,0.15000000000000002,0.35000000000000003,0.05,0.35000000000000003,"(0.1, 0.15, 0.35, 0.05, 0.35)",0.06642743548953178,0.11324742892949217,0.5865690384096004,0.0601580065221875,30276654.970410313,-0.3424585940510758,-0.5937025862488063,0.07919538046173141,1.0,61.0,22673745.46791127,22798167.110815004,17713398.524005473,27292809.814733684,0.4918032786885246,0.0,-0.5954938812094916,-0.19164388191070036,0.0,0.0,0.0
0.2,0.15000000000000002,0.35000000000000003,0.0,0.30000000000000004,"(0.2, 0.15, 0.35, 0.0, 0.3)",0.06638964473209374,0.11094109851153619,0.598422456806575,0.0601580065221875,30272535.604485665,-0.33429149743516173,-0.5731792287484178,0.07626161692533662,1.0,61.0,22694650.22209029,22824708.608306024,17889906.316082213,27280599.41352028,0.4918032786885246,0.0,-0.5752418972513555,-0.1855845252447774,0.0,0.0,0.0
0.30000000000000004,0.2,0.35000000000000003,0.05,0.1,"(0.3, 0.2, 0.35, 0.05, 0.1)",0.0661898142133508,0.1129471041131182,0.5860248895541467,0.0601580065221875,30238675.729032658,-0.33227581452674393,-0.5609446031494416,0.0766664616043429,1.0,61.0,22488277.96477509,22705051.987582568,17868053.364731226,27609464.53625097,0.4918032786885246,0.0,-0.5653496828068579,-0.17805983861705701,0.0,0.0,0.0
0.05,0.15000000000000002,0.35000000000000003,0.1,0.35000000000000003,"(0.05, 0.15, 0.35, 0.1, 0.35)",0.06617123631245714,0.11415400859960458,0.5796663395724708,0.0601580065221875,30201160.34311875,-0.34498013809625216,-0.6020387423241749,0.08012619285961516,1.0,61.0,22630980.86428641,22753833.799589332,17550953.043527734,27362511.59546271,0.4918032786885246,0.0,-0.6036486462234826,-0.1957611165190186,0.0,0.0,0.0
0.15000000000000002,0.15000000000000002,0.35000000000000003,0.05,0.30000000000000004,"(0.15, 0.15, 0.35, 0.05, 0.3)",0.06614097373370309,0.11180139686735172,0.5915934468348096,0.0601580065221875,30199098.6977845,-0.33683773287245755,-0.5813903690580657,0.07719242932322037,1.0,61.0,22652641.75915625,22781396.47100256,17726433.02916929,27351278.67540896,0.4918032786885246,0.0,-0.5832815939861338,-0.18972491988909057,0.0,0.0,0.0
0.25,0.15000000000000002,0.35000000000000003,0.0,0.25,"(0.25, 0.15, 0.35, 0.0, 0.25)",0.06609417927391603,0.10953764381755227,0.6033923769987567,0.0601580065221875,30192525.89729508,-0.32862963693965597,-0.5609878854442854,0.07488430630071481,1.0,61.0,22672183.50069461,22806499.57336867,17901908.340739504,27337487.09835524,0.4918032786885246,0.0,-0.5631416303910102,-0.1837173985591798,0.0,0.0,0.0
0.0,0.15000000000000002,0.35000000000000003,0.15000000000000002,0.35000000000000003,"(0.0, 0.15, 0.35, 0.15, 0.35)",0.06590722389052717,0.11511815172660532,0.5725180860013334,0.0601580065221875,30123717.20455239,-0.3474997016696484,-0.6104370846146537,0.0810570052574989,1.0,61.0,22587699.532842,22708456.33968537,17389377.05556555,27431218.3928213,0.4918032786885246,0.0,-0.611860622234274,-0.1998285247157419,0.0,0.0,0.0
0.1,0.15000000000000002,0.35000000000000003,0.1,0.30000000000000004,"(0.1, 0.15, 0.35, 0.1, 0.3)",0.06588448693102644,0.11272120919067856,0.5844905976795957,0.0601580065221875,30123703.826551493,-0.3393819773906208,-0.5896638332323753,0.07812324172110412,1.0,61.0,22610113.857398584,22737035.059150975,17563827.054772887,27420969.106478006,0.4918032786885246,0.0,-0.5913787068920157,-0.1938158770505757,0.0,0.0,0.0
0.2,0.15000000000000002,0.35000000000000003,0.05,0.25,"(0.2, 0.15, 0.35, 0.05, 0.25)",0.06584522275150007,0.1104105137898791,0.5963673249162603,0.0601580065221875,30119189.816085115,-0.3311986807700239,-0.569136557354017,0.07564382112953065,1.0,61.0,22630414.143328726,22763161.76267535,17738284.55639156,27408153.559430335,0.4918032786885246,0.0,-0.5711238838967476,-0.18783107845508493,0.0,0.0,0.0
0.30000000000000004,0.15000000000000002,0.35000000000000003,0.0,0.2,"(0.3, 0.15, 0.35, 0.0, 0.2)",0.0657894503151859,0.10819159171931443,0.6080828396153555,0.0601580065221875,30110183.372120775,-0.3229497067202748,-0.5488552870342527,0.07431731062373381,1.0,61.0,22648598.003293153,22786830.477125704,17912716.591687154,27392779.653128743,0.4918032786885246,0.0,-0.5510962090056584,-0.18187511574053433,0.0,0.0,0.0
0.05,0.15000000000000002,0.35000000000000003,0.15000000000000002,0.30000000000000004,"(0.05, 0.15, 0.35, 0.15, 0.3)",0.06562019151807319,0.11369909110762176,0.5771391035655726,0.0601580065221875,30046366.759052888,-0.341924188725669,-0.5979994752794676,0.07905405411898787,1.0,61.0,22567068.862961166,22691630.999657303,17402092.52666726,27489662.152139906,0.4918032786885246,0.0,-0.599533046079405,-0.1978573826796282,0.0,0.0,0.0
0.15000000000000002,0.15000000000000002,0.35000000000000003,0.1,0.25,"(0.15, 0.15, 0.35, 0.1, 0.25)",0.06558845506091782,0.11134343876027064,0.589064392039605,0.0601580065221875,30043902.242962077,-0.3337656808557895,-0.5773475412275323,0.07640333595834649,1.0,61.0,22588125.019742254,22718776.230032634,17575529.976453908,27477828.834809303,0.4918032786885246,0.0,-0.579163566135072,-0.19189569497910536,0.0,0.0,0.0
0.25,0.15000000000000002,0.35000000000000003,0.05,0.2,"(0.25, 0.15, 0.35, 0.05, 0.2)",0.0655402148930937,0.1090768893978114,0.6008625223447996,0.0601580065221875,30036955.447461154,-0.32554161334025433,-0.5569417050274079,0.07507682545254966,1.0,61.0,22607069.746970363,22743470.89176152,17748954.260798175,27463429.450333152,0.4918032786885246,0.0,-0.5590212423474776,-0.18596202268943562,0.0,0.0,0.0
0.35000000000000003,0.15000000000000002,0.35000000000000003,0.0,0.15000000000000002,"(0.35, 0.15, 0.35, 0.0, 0.15)",0.06547549005930398,0.10690511052293056,0.6124636113187484,0.0601580065221875,30025535.583406202,-0.3172518851746886,-0.5367819790388926,0.07375031494675281,1.0,61.0,22623901.004022982,22765709.437392775,17922332.432433035,27446472.285551265,0.4918032786885246,0.0,-0.5391061186038063,-0.1800573398648608,0.0,0.0,0.0
0.2,0.1,0.35000000000000003,0.0,0.35000000000000003,"(0.2, 0.1, 0.35, 0.0, 0.35)",0.06531132037599208,0.10674260610284289,0.6118580270849564,0.0601580065221875,29954965.24628516,-0.3219720340625357,-0.556715793138212,0.07329467014892158,1.0,61.0,22777967.175486498,22828002.346995868,17771761.891986556,27173708.62013034,0.4918032786885246,0.0,-0.5565810747447939,-0.19422705004617033,0.0,0.0,0.0
0.2,0.15000000000000002,0.35000000000000003,0.1,0.2,"(0.2, 0.15, 0.35, 0.1, 0.2)",0.06528317293719144,0.11002276464449919,0.5933605935838061,0.0601580065221875,29961782.63043208,-0.32813142329286127,-0.5650904221684897,0.0758363402813655,1.0,61.0,22565021.41252565,22699065.18757476,17586062.944347586,27533085.756445166,0.4918032786885246,0.0,-0.5670037164816769,-0.19000023915586456,0.0,0.0,0.0
0.30000000000000004,0.15000000000000002,0.35000000000000003,0.05,0.15000000000000002,"(0.3, 0.15, 0.35, 0.05, 0.15)",0.06522598224803167,0.10780264875021847,0.6050499037288217,0.0601580065221875,29952423.062956806,-0.31986670817812823,-0.5448063595573648,0.07450982977556866,1.0,61.0,22582615.779027995,22722331.945386194,17758443.484499462,27517101.54866497,0.4918032786885246,0.0,-0.5469741559706368,-0.1841174194193445,0.0,0.0,0.0
0.15000000000000002,0.2,0.30000000000000004,0.15000000000000002,0.2,"(0.15, 0.2, 0.3, 0.15, 0.2)",0.06514568181624636,0.10563905739912616,0.6166817786920659,0.0601580065221875,29980674.34496304,-0.31471977733913403,-0.5171113115353564,0.07323492120129196,1.0,61.0,22572331.424282596,22959291.967379298,18157647.235627275,27078236.621202346,0.4918032786885246,0.0,-0.5210619393526136,-0.15322224713469876,0.0,0.0,0.0
0.15000000000000002,0.1,0.35000000000000003,0.05,0.35000000000000003,"(0.15, 0.1, 0.35, 0.05, 0.35)",0.06507210235780292,0.10755571800799583,0.605008302329081,0.0601580065221875,29884818.645987935,-0.32456061776238376,-0.5649484837881933,0.07405418497773743,1.0,61.0,22737235.424673576,22785896.95303475,17610190.371255066,27245178.424863942,0.4918032786885246,0.0,-0.5646186966117979,-0.19825912586798478,0.0,0.0,0.0
0.25,0.1,0.35000000000000003,0.0,0.30000000000000004,"(0.25, 0.1, 0.35, 0.0, 0.3)",0.06501914481448412,0.1052483176104098,0.6177689704757169,0.0601580065221875,29876603.091333017,-0.31622476735490557,-0.5443881518200164,0.07272767447194058,1.0,61.0,22755689.582925856,22809776.19902156,17783364.871077724,27230526.607314374,0.4918032786885246,0.0,-0.5443847080183274,-0.19228705537003818,0.0,0.0,0.0
0.0,0.2,0.30000000000000004,0.25,0.25,"(0.0, 0.2, 0.3, 0.25, 0.25)",0.06491605369445153,0.10911361181767963,0.5949400135605557,0.0601580065221875,29906600.315574132,-0.32570025022057947,-0.5446436273735733,0.07709949713557052,1.0,61.0,22506984.785267923,22885491.605719578,17812920.52991234,27158149.247659326,0.4918032786885246,0.0,-0.5482857322357374,-0.1632909668924372,0.0,0.0,0.0
0.35000000000000003,0.15000000000000002,0.35000000000000003,0.05,0.1,"(0.35, 0.15, 0.35, 0.05, 0.1)",0.06490255664989242,0.1065899215964008,0.6088995627151673,0.0601580065221875,29865620.47200931,-0.31417414487710005,-0.5327310619625708,0.07394283409858766,1.0,61.0,22557059.529279374,22699753.18941546,17766753.75556397,27569165.27234383,0.4918032786885246,0.0,-0.534983106579679,-0.18229693725768353,0.0,0.0,0.0
0.1,0.2,0.30000000000000004,0.2,0.2,"(0.1, 0.2, 0.3, 0.2, 0.2)",0.06487864229256113,0.10669993058387327,0.6080476523043489,0.0601580065221875,29902796.66296527,-0.31736682598123434,-0.5248965851015217,0.07416573359917572,1.0,61.0,22527491.05741962,22912541.12612744,17990000.321700417,27145236.764685083,0.4918032786885246,0.0,-0.528721004564816,-0.157445350074433,0.0,0.0,0.0
0.1,0.1,0.35000000000000003,0.1,0.35000000000000003,"(0.1, 0.1, 0.35, 0.1, 0.35)",0.06482508303306811,0.10843142834149744,0.597844038620481,0.0601580065221875,29812724.763366915,-0.3271471621327382,-0.5732452472098251,0.07481369980655327,1.0,61.0,22695977.44652195,22742739.415844247,17449466.345069118,27315671.797066715,0.4918032786885246,0.0,-0.5727152687172097,-0.20224291234271416,0.0,0.0,0.0
0.2,0.2,0.30000000000000004,0.15000000000000002,0.15000000000000002,"(0.2, 0.2, 0.3, 0.15, 0.15)",0.06482476567887119,0.10437671435135734,0.6210653983670659,0.0601580065221875,29894545.060351733,-0.3089666545459382,-0.5053876307307004,0.07123197006278092,1.0,61.0,22545896.0154072,22937122.399251804,18167061.72287095,27129795.709783543,0.4918032786885246,0.0,-0.5093765464484044,-0.15162911403087154,0.0,0.0,0.0
0.2,0.1,0.35000000000000003,0.05,0.30000000000000004,"(0.2, 0.1, 0.35, 0.05, 0.3)",0.06477964298623218,0.106074587051329,0.6106989882023827,0.0601580065221875,29806548.70356544,-0.3188364490545086,-0.5525575727797467,0.07348718930075643,1.0,61.0,22715196.677494206,22767645.16386567,17621648.07491035,27301987.437948592,0.4918032786885246,0.0,-0.5523643346033007,-0.19629328958809333,0.0,0.0,0.0
0.30000000000000004,0.1,0.35000000000000003,0.0,0.25,"(0.3, 0.1, 0.35, 0.0, 0.25)",0.06471774535057073,0.10381131823418882,0.6234170459580662,0.0601580065221875,29795935.98076072,-0.3104592078847359,-0.5321196595968153,0.07216067879495958,1.0,61.0,22732294.08887459,22790096.713034682,17793785.498340238,27285765.202319928,0.4918032786885246,0.0,-0.5322433337304012,-0.1903720778042101,0.0,0.0,0.0
0.05,0.2,0.30000000000000004,0.25,0.2,"(0.05, 0.2, 0.3, 0.25, 0.2)",0.06460381090413714,0.10781944899879521,0.5991851331466092,0.0601580065221875,29823010.54437813,-0.3200115470763024,-0.5327417236740076,0.07509654599705948,1.0,61.0,22482146.20599148,22864749.103062615,17823267.59357732,27211240.867446568,0.4918032786885246,0.0,-0.5364354094003625,-0.16415361061758363,0.0,0.0,0.0
0.05,0.1,0.35000000000000003,0.15000000000000002,0.35000000000000003,"(0.05, 0.1, 0.35, 0.15, 0.35)",0.06457026946045197,0.1093682334387458,0.5903932744476122,0.0601580065221875,29738698.704067275,-0.32973162458039096,-0.5816059506432059,0.0755732146353691,1.0,61.0,22654195.502465412,22698536.194655877,17289594.015713528,27385180.127467465,0.4918032786885246,0.0,-0.58087061370964,-0.20617839171066363,0.0,0.0,0.0
0.15000000000000002,0.2,0.30000000000000004,0.2,0.15000000000000002,"(0.15, 0.2, 0.3, 0.2, 0.15)",0.06455747695106884,0.10545200034571071,0.612197746267738,0.0601580065221875,29816805.881606936,-0.3116369002684789,-0.5131132419372787,0.07216278246066468,1.0,61.0,22501307.466242265,22890361.721037548,17999291.507611558,27196770.72851133,0.4918032786885246,0.0,-0.5169807077102614,-0.15917080746128637,0.0,0.0,0.0
0.15000000000000002,0.1,0.35000000000000003,0.1,0.30000000000000004,"(0.15, 0.1, 0.35, 0.1, 0.3)",0.06453234440587496,0.10696411236377913,0.603308371189058,0.0601580065221875,29734553.3764492,-0.32144603815351114,-0.5607910541661622,0.07424670412957227,1.0,61.0,22674177.224054094,22724463.520644374,17460780.601704825,27372469.48411919,0.4918032786885246,0.0,-0.5604029239456795,-0.20025159929811126,0.0,0.0,0.0
0.25,0.2,0.30000000000000004,0.15000000000000002,0.1,"(0.25, 0.2, 0.3, 0.15, 0.1)",0.06449470109845401,0.103178212723894,0.6250806192102059,0.0601580065221875,29806172.894865233,-0.30319552323878407,-0.4937229397387461,0.0692290189242699,1.0,61.0,22518370.529766686,22913508.07849892,18175276.16901261,27179772.809535034,0.4918032786885246,0.0,-0.49774632235670957,-0.15422622170292752,0.0,0.0,0.0
0.0,0.15000000000000002,0.30000000000000004,0.2,0.35000000000000003,"(0.0, 0.15, 0.3, 0.2, 0.35)",0.0644887880879772,0.10444092193423035,0.6174666681761749,0.0601580065221875,29771856.08056367,-0.31631061721967024,-0.5325225782552566,0.07437776043821119,1.0,61.0,22666569.617870964,22965199.720182404,17852038.003214844,26942320.557042837,0.4918032786885246,0.0,-0.5340849266183244,-0.16955130607463625,0.0,0.0,0.0
0.25,0.1,0.35000000000000003,0.05,0.25,"(0.25, 0.1, 0.35, 0.05, 0.25)",0.06447796616432,0.10465065977578794,0.6161257492543556,0.0601580065221875,29725980.822030727,-0.31309404260716767,-0.5402260273243379,0.07292019362377543,1.0,61.0,22692041.94906353,22747943.826366503,17631935.196015432,27357213.15547039,0.4918032786885246,0.0,-0.5401651894624575,-0.19435241035374337,0.0,0.0,0.0
0.1,0.15000000000000002,0.30000000000000004,0.15000000000000002,0.30000000000000004,"(0.1, 0.15, 0.3, 0.15, 0.3)",0.06444664972123904,0.10195867062217924,0.6320860141464011,0.0601580065221875,29766766.319147114,-0.3078633065034587,-0.5126162736432894,0.0714439969018164,1.0,61.0,22686599.571375195,22991449.37188596,18028899.67354257,26929137.532998808,0.4918032786885246,0.0,-0.5144215446971402,-0.1636682996799743,0.0,0.0,0.0
0.35000000000000003,0.1,0.35000000000000003,0.0,0.2,"(0.35, 0.1, 0.35, 0.0, 0.2)",0.06440715369679206,0.1024340190499311,0.6287672229808441,0.0601580065221875,29712990.8287458,-0.3046755358606501,-0.5199108746309893,0.07159368311797859,1.0,61.0,22707787.9100818,22768971.917163227,17803025.149385355,27339419.565092754,0.4918032786885246,0.0,-0.5201574470911574,-0.1884817862688636,0.0,0.0,0.0
0.0,0.2,0.30000000000000004,0.30000000000000004,0.2,"(0.0, 0.2, 0.3, 0.3, 0.2)",0.06432119507125122,0.10899580558708281,0.590125415604745,0.0601580065221875,29741332.540767174,-0.322653898722429,-0.5406465799562853,0.07602735839494322,1.0,61.0,22436299.417989723,22815922.965183187,17657452.922084477,27276240.772253048,0.4918032786885246,0.0,-0.5442049625798027,-0.171652647706906,0.0,0.0,0.0
0.1,0.2,0.30000000000000004,0.25,0.15000000000000002,"(0.1, 0.2, 0.3, 0.25, 0.15)",0.06428240095403659,0.10658632141326402,0.6031017873747263,0.0601580065221875,29737164.992277633,-0.3143047645324535,-0.5208987103939311,0.07309359485854844,1.0,61.0,22456214.115323436,22842561.540987805,17832437.172202557,27262747.5393918,0.4918032786885246,0.0,-0.5246402254959448,-0.16667119925022808,0.0,0.0,0.0
0.1,0.1,0.35000000000000003,0.15000000000000002,0.30000000000000004,"(0.1, 0.1, 0.35, 0.15, 0.3)",0.064277256128491,0.10791532934113342,0.5956267429375378,0.0601580065221875,29660632.18735533,-0.3240534920728939,-0.5690884658942053,0.07500621895838812,1.0,61.0,22632633.46181425,22680237.72751435,17300766.63433777,27441964.138593797,0.4918032786885246,0.0,-0.5685003009403282,-0.20416196635040226,0.0,0.0,0.0
0.2,0.1,0.35000000000000003,0.1,0.25,"(0.2, 0.1, 0.35, 0.1, 0.25)",0.06423039477950065,0.1055538964077989,0.6085080415350254,0.0601580065221875,29654091.19380017,-0.31572673136000096,-0.5483964422042689,0.07367970845259127,1.0,61.0,22651262.95638197,22704741.91756381,17470935.965295088,27427680.020774692,0.4918032786885246,0.0,-0.5481460199647573,-0.19828518204383386,0.0,0.0,0.0
0.2,0.2,0.30000000000000004,0.2,0.1,"(0.2, 0.2, 0.3, 0.2, 0.1)",0.06422716939963036,0.10426759131543929,0.6159840137222006,0.0601580065221875,29728579.576574672,-0.30588901970201365,-0.5013891003767488,0.07015983132215366,1.0,61.0,22474035.742728118,22866741.541827448,18007394.725049723,27246719.011085596,0.4918032786885246,0.0,-0.5052957982801375,-0.1617270860755642,0.0,0.0,0.0
0.05,0.15000000000000002,0.30000000000000004,0.2,0.30000000000000004,"(0.05, 0.15, 0.3, 0.2, 0.3)",0.0641893547781911,0.10297134373122581,0.623371051131829,0.0601580065221875,29692042.7419065,-0.310530770781689,-0.5204846125188993,0.07237480929970014,1.0,61.0,22642772.393094026,22945917.53620078,17863318.495937355,26996990.29318917,0.4918032786885246,0.0,-0.5221364644088226,-0.1678089583801683,0.0,0.0,0.0
0.30000000000000004,0.1,0.35000000000000003,0.05,0.2,"(0.3, 0.1, 0.35, 0.05, 0.2)",0.06416710349317034,0.10328630207539027,0.6212547279147798,0.0601580065221875,29643141.836642865,-0.30733357782010073,-0.527954407604904,0.07235319794679443,1.0,61.0,22667778.39148053,22726800.93878601,17641053.08889548,27410850.729885623,0.4918032786885246,0.0,-0.5280217575700147,-0.19243616076717113,0.0,0.0,0.0
0.30000000000000004,0.2,0.30000000000000004,0.15000000000000002,0.05,"(0.3, 0.2, 0.3, 0.15, 0.05)",0.06415551923105522,0.10204580194458121,0.6286933710991526,0.0601580065221875,29715586.081034467,-0.2974065651572295,-0.4821177505614025,0.06809133078332878,1.0,61.0,22489762.513716865,22888457.559262957,18182292.31437573,27228163.77007311,0.4918032786885246,0.0,-0.48617172678538556,-0.15682102275423332,0.0,0.0,0.0
0.15000000000000002,0.15000000000000002,0.30000000000000004,0.15000000000000002,0.25,"(0.15, 0.15, 0.3, 0.15, 0.25)",0.06413830414928556,0.10053237221009045,0.637986578246166,0.0601580065221875,29684566.096586704,-0.30204148384118945,-0.5006975504888489,0.06944104576330537,1.0,61.0,22661450.503024846,22970730.00452926,18039130.875471145,26982263.163607985,0.4918032786885246,0.0,-0.5025833742158562,-0.16197690549724156,0.0,0.0,0.0
0.25,0.15000000000000002,0.30000000000000004,0.1,0.2,"(0.25, 0.15, 0.3, 0.1, 0.2)",0.06407083374944089,0.09818832162757166,0.6525300838979771,0.0601580065221875,29672684.43347004,-0.2934844591431912,-0.4811522192298472,0.06650728222691057,1.0,61.0,22678016.313734677,22993069.749339677,18214893.099853143,26965034.44254274,0.4918032786885246,0.0,-0.4832533417102775,-0.15617460909655215,0.0,0.0,0.0
0.15000000000000002,0.2,0.30000000000000004,0.25,0.1,"(0.15, 0.2, 0.3, 0.25, 0.1)",0.06395185502754286,0.10541637099579337,0.6066596148533215,0.0601580065221875,29649091.393631116,-0.30858008070009635,-0.5091151095685924,0.07109064372003741,1.0,61.0,22429195.852226086,22818937.23267733,17840430.77152921,27312664.887464613,0.4918032786885246,0.0,-0.512900647076989,-0.1691682245840809,0.0,0.0,0.0
0.0,0.15000000000000002,0.30000000000000004,0.25,0.30000000000000004,"(0.0, 0.15, 0.3, 0.25, 0.3)",0.063924277299098,0.10404575148442825,0.6143862328551211,0.0601580065221875,29615412.405852906,-0.3131959098068827,-0.5284145543166472,0.07330562169758391,1.0,61.0,22598433.775842197,22899339.30130973,17698629.229821596,27063861.050425295,0.4918032786885246,0.0,-0.5299082339860869,-0.1719010095398989,0.0,0.0,0.0
0.25,0.1,0.35000000000000003,0.1,0.2,"(0.25, 0.1, 0.35, 0.1, 0.2)",0.06391926564419248,0.1042030987613555,0.6134104110529333,0.0601580065221875,29571364.970209282,-0.3099894203449659,-0.5360619735175944,0.07311271277561027,1.0,61.0,22627241.73116274,22683582.57473459,17479933.769094065,27481298.552185353,0.4918032786885246,0.0,-0.5359450543116285,-0.19634333684917457,0.0,0.0,0.0
0.25,0.2,0.30000000000000004,0.2,0.05,"(0.25, 0.2, 0.3, 0.2, 0.05)",0.06388775068808039,0.10314889166655387,0.6193740878438935,0.0601580065221875,29638145.891198866,-0.30012336520588057,-0.48972467423642385,0.06885084561214462,1.0,61.0,22445683.36829,22841689.110159602,18014311.689003512,27295077.456662886,0.4918032786885246,0.0,-0.49366673700641966,-0.16426236529873103,0.0,0.0,0.0
0.1,0.15000000000000002,0.30000000000000004,0.2,0.25,"(0.1, 0.15, 0.3, 0.2, 0.25)",0.06388075472651011,0.10156104625622862,0.6289887420551498,0.0601580065221875,29609964.063532144,-0.30473238664096514,-0.5085052272185268,0.07037185816118911,1.0,61.0,22617872.69341149,22925184.09173081,17873419.280183278,27050098.156605765,0.4918032786885246,0.0,-0.5102426230029817,-0.16609068531965795,0.0,0.0,0.0
0.25,0.05,0.35000000000000003,0.0,0.35000000000000003,"(0.25, 0.05, 0.35, 0.0, 0.35)",0.0638495547201332,0.10167697711559304,0.6279647225108281,0.0601580065221875,29538380.685769275,-0.3036977768243947,-0.5270877721206964,0.07057104264316634,1.0,61.0,22829866.12369249,22800230.275325507,17657142.011078846,27109995.765722018,0.4918032786885246,0.0,-0.5250690412609561,-0.19683371917140038,0.0,0.0,0.0
0.35000000000000003,0.1,0.35000000000000003,0.05,0.15000000000000002,"(0.35, 0.1, 0.35, 0.05, 0.15)",0.06384708632402813,0.1019839047733176,0.6260506152019065,0.0601580065221875,29558058.919596218,-0.3015552361091556,-0.5157432673075383,0.07178620226981344,1.0,61.0,22642413.237282764,22704224.6770586,17649003.29162179,27462895.52790602,0.4918032786885246,0.0,-0.5159345304830828,-0.1905442151335219,0.0,0.0,0.0
0.2,0.15000000000000002,0.30000000000000004,0.15000000000000002,0.2,"(0.2, 0.15, 0.3, 0.15, 0.2)",0.06382081671971052,0.09916805050437161,0.6435622803424689,0.0601580065221875,29600120.268807743,-0.29620124709965334,-0.4888377348943189,0.06743809462479433,1.0,61.0,22635204.29364062,22948563.552612543,18048171.809129346,27033826.014608584,0.4918032786885246,0.0,-0.4908000855269521,-0.16030930821441072,0.0,0.0,0.0
0.35000000000000003,0.2,0.30000000000000004,0.15000000000000002,0.0,"(0.35, 0.2, 0.3, 0.15, 0.0)",0.06380725099435258,0.1009817054700086,0.6318694133493639,0.0601580065221875,29622813.160751637,-0.2915999640508139,-0.47057256878049963,0.06752433510634778,1.0,61.0,22460079.58899754,22861979.569591995,18188112.085996587,27274964.655258305,0.4918032786885246,0.0,-0.47465321461399584,-0.1593943850967346,0.0,0.0,0.0
0.30000000000000004,0.15000000000000002,0.30000000000000004,0.1,0.15000000000000002,"(0.3, 0.15, 0.3, 0.1, 0.15)",0.0637444821428752,0.09687356076088438,0.6580173335448815,0.0601580065221875,29585891.304138593,-0.2876023874837861,-0.46941206662552515,0.0657421798027197,1.0,61.0,22650426.92973073,22969472.519488502,18222853.513898436,27015053.204242676,0.4918032786885246,0.0,-0.47158065498030804,-0.15455782389217865,0.0,0.0,0.0
0.2,0.05,0.35000000000000003,0.05,0.35000000000000003,"(0.2, 0.05, 0.35, 0.05, 0.35)",0.0636194738541822,0.10244725886863562,0.6209973263975676,0.0601580065221875,29471595.997369338,-0.3063524448093523,-0.5352726584250426,0.07133055747198219,1.0,61.0,22790667.974903498,22759324.842718117,17497388.71354466,27182197.72793613,0.4918032786885246,0.0,-0.5330409525852601,-0.19743641058338288,0.0,0.0,0.0
0.05,0.15000000000000002,0.30000000000000004,0.25,0.25,"(0.05, 0.15, 0.3, 0.25, 0.25)",0.06361542728428038,0.10265197527814252,0.6197194658155388,0.0601580065221875,29533461.754084215,-0.3074209099092937,-0.516374499673551,0.07130267055907287,1.0,61.0,22573783.120274767,22878593.393743005,17708601.313677,27116948.92945749,0.4918032786885246,0.0,-0.5179587391158941,-0.1701562252445546,0.0,0.0,0.0
0.15000000000000002,0.15000000000000002,0.30000000000000004,0.2,0.2,"(0.15, 0.15, 0.3, 0.2, 0.2)",0.06356301899411143,0.10021253232509726,0.6342821353711334,0.0601580065221875,29525646.92206835,-0.298915643527922,-0.49658496149247117,0.06836890702267807,1.0,61.0,22591877.78910956,22903007.4662172,17882341.710611373,27101639.511014957,0.4918032786885246,0.0,-0.49840388241954875,-0.16439615509141134,0.0,0.0,0.0
0.30000000000000004,0.05,0.35000000000000003,0.0,0.30000000000000004,"(0.3, 0.05, 0.35, 0.0, 0.3)",0.06355151148978888,0.10015211149598198,0.6345498915650771,0.0601580065221875,29459435.453080673,-0.2978459554551668,-0.5146839707275698,0.07000404696618535,1.0,61.0,22806671.42829255,22780553.029613413,17667180.205410678,27165155.195078757,0.4918032786885246,0.0,-0.5128329614399212,-0.19259307938568562,0.0,0.0,0.0
0.30000000000000004,0.2,0.30000000000000004,0.2,0.0,"(0.3, 0.2, 0.3, 0.2, 0.0)",0.06353925162951635,0.10209806137658425,0.6223355348066266,0.0601580065221875,29545533.27737067,-0.29434011970873386,-0.4781204708933692,0.06828384993516363,1.0,61.0,22416257.9001101,22815213.121281136,18020044.29935249,27341842.124297626,0.4918032786885246,0.0,-0.48209397977975443,-0.16677634333865946,0.0,0.0,0.0
0.25,0.15000000000000002,0.30000000000000004,0.15000000000000002,0.15000000000000002,"(0.25, 0.15, 0.3, 0.15, 0.15)",0.06349421835995117,0.09786829747671268,0.6487720742772637,0.0601580065221875,29513456.124656912,-0.29034277784842855,-0.47703735771649125,0.06650169463153556,1.0,61.0,22607868.35686809,22924958.30449495,18056024.037382152,27083821.667217802,0.4918032786885246,0.0,-0.4790721528034481,-0.15866517411401185,0.0,0.0,0.0
0.35000000000000003,0.15000000000000002,0.30000000000000004,0.1,0.1,"(0.35, 0.15, 0.3, 0.1, 0.1)",0.06340904433113059,0.09562627294028227,0.6630922902404548,0.0601580065221875,29496900.612365868,-0.2817022133496583,-0.45773166014518674,0.0651751841257387,1.0,61.0,22621753.517364778,22944441.16655352,18229615.023894466,27063504.349772137,0.4918032786885246,0.0,-0.45996357185397174,-0.15296421548277078,0.0,0.0,0.0
0.0,0.15000000000000002,0.30000000000000004,0.30000000000000004,0.25,"(0.0, 0.15, 0.3, 0.3, 0.25)",0.06334232910781257,0.10380319647160136,0.6102155931695404,0.0601580065221875,29455075.0680095,-0.3101070114119229,-0.5243052332303141,0.07223348295695663,1.0,61.0,22529184.249685284,22830964.81188013,17544680.924451634,27182807.262681037,0.4918032786885246,0.0,-0.5257315432933327,-0.17417350984675126,0.0,0.0,0.0
0.1,0.1,0.30000000000000004,0.15000000000000002,0.35000000000000003,"(0.1, 0.1, 0.3, 0.15, 0.35)",0.06334097851280629,0.09763374401218189,0.6487611343154387,0.0601580065221875,29446385.685270365,-0.2951468480137327,-0.49564077397246165,0.06765012146382979,1.0,61.0,22766271.40820586,22989915.11696851,17902952.063051116,26819615.202604428,0.4918032786885246,0.0,-0.49547971062142465,-0.17240610628769443,0.0,0.0,0.0
0.1,0.15000000000000002,0.30000000000000004,0.25,0.2,"(0.1, 0.15, 0.3, 0.25, 0.2)",0.06329744776635593,0.1013197645405508,0.624729518997477,0.0601580065221875,29449279.902982317,-0.30162760604876815,-0.5043937756740197,0.06929971942056183,1.0,61.0,22548039.212089222,22856408.258542877,17717406.876586244,27168466.61881789,0.4918032786885246,0.0,-0.5060645635559476,-0.16843512851842368,0.0,0.0,0.0
0.2,0.15000000000000002,0.30000000000000004,0.2,0.15000000000000002,"(0.2, 0.15, 0.3, 0.2, 0.15)",0.06323617840275975,0.09892832852555841,0.6392120370902911,0.0601580065221875,29439118.522542853,-0.2930807221956998,-0.48472434809119935,0.06726120946035138,1.0,61.0,22564795.029050395,22879395.91669804,17890087.32672783,27151609.93139994,0.4918032786885246,0.0,-0.48662071791385136,-0.16272503767031432,0.0,0.0,0.0
0.30000000000000004,0.15000000000000002,0.30000000000000004,0.15000000000000002,0.1,"(0.3, 0.15, 0.3, 0.15, 0.1)",0.06315853976055918,0.09663571851363423,0.6535734481205127,0.0601580065221875,29424601.27195852,-0.28446625968520833,-0.46529694339659894,0.06593469895455455,1.0,61.0,22579450.18298779,22899922.723998643,18062689.308700148,27132245.91367434,0.4918032786885246,0.0,-0.46740004542430447,-0.15704417132832835,0.0,0.0,0.0
0.05,0.1,0.30000000000000004,0.2,0.35000000000000003,"(0.05, 0.1, 0.3, 0.2, 0.35)",0.06309314001483535,0.09860273120280504,0.6398721338161116,0.0601580065221875,29374942.434039257,-0.2978582295976848,-0.5035271765050924,0.06858093386171354,1.0,61.0,22723727.38836325,22945609.870176025,17739359.489999916,26888247.95590145,0.4918032786885246,0.0,-0.5031903882792111,-0.17643706175804325,0.0,0.0,0.0
0.15000000000000002,0.1,0.30000000000000004,0.15000000000000002,0.30000000000000004,"(0.15, 0.1, 0.3, 0.15, 0.3)",0.06303604982793543,0.09610510727855646,0.6559073873694161,0.0601580065221875,29365892.79310282,-0.2892374860384995,-0.4835859409740099,0.06564717032531876,1.0,61.0,22741322.59025266,22969205.83447097,17912803.576355707,26872704.91968855,0.4918032786885246,0.0,-0.4835446068153853,-0.17064137467207738,0.0,0.0,0.0
0.05,0.15000000000000002,0.30000000000000004,0.30000000000000004,0.2,"(0.05, 0.15, 0.3, 0.3, 0.2)",0.06302411031844435,0.10248771338784748,0.6149430818105993,0.0601580065221875,29371035.075863887,-0.3043370924446124,-0.512264045391744,0.07023053181844557,1.0,61.0,22503691.00616392,22808772.827761512,17553371.23630602,27234299.12197677,0.4918032786885246,0.0,-0.513781951841845,-0.17388949281706267,0.0,0.0,0.0
0.15000000000000002,0.15000000000000002,0.30000000000000004,0.25,0.15000000000000002,"(0.15, 0.15, 0.3, 0.25, 0.15)",0.06297036946195167,0.10005157857877221,0.6293790698402033,0.0601580065221875,29362893.972207535,-0.2958161781639267,-0.49247291695241546,0.06802072428916724,1.0,61.0,22521209.335571617,22832792.121185523,17725047.434929017,27218409.687429283,0.4918032786885246,0.0,-0.494226183630072,-0.16900045949829037,0.0,0.0,0.0
0.25,0.1,0.30000000000000004,0.1,0.25,"(0.25, 0.1, 0.3, 0.1, 0.25)",0.06296259011283611,0.09370385850577577,0.671931669803706,0.0601580065221875,29352494.50381525,-0.28054812873795665,-0.46389015219547225,0.06415254365092647,1.0,61.0,22756800.635118198,22990333.60086499,18086178.86610801,26854680.754610565,0.4918032786885246,0.0,-0.4641246410887815,-0.1648749847311777,0.0,0.0,0.0
0.25,0.15000000000000002,0.30000000000000004,0.2,0.1,"(0.25, 0.15, 0.3, 0.2, 0.1)",0.06290026353897216,0.09771097055201254,0.6437379874912788,0.0601580065221875,29350406.38815347,-0.2872278054201065,-0.4729239133301425,0.0666942137833704,1.0,61.0,22536631.83910923,22854357.875354204,17896657.851839513,27200005.20432107,0.4918032786885246,0.0,-0.47489359993401975,-0.16414835738548905,0.0,0.0,0.0
0.0,0.1,0.30000000000000004,0.25,0.35000000000000003,"(0.0, 0.1, 0.3, 0.25, 0.35)",0.06283753327793806,0.09963705580175435,0.6306642922384672,0.0601580065221875,29301602.785343718,-0.30056723385006356,-0.51147691078178,0.0695117462595973,1.0,61.0,22680664.997922115,22900255.308994107,17576638.23628853,26955910.934206415,0.4918032786885246,0.0,-0.5109594325640202,-0.18042055724599648,0.0,0.0,0.0
0.35000000000000003,0.15000000000000002,0.30000000000000004,0.15000000000000002,0.05,"(0.35, 0.15, 0.3, 0.15, 0.05)",0.06281381137930064,0.0954729153519765,0.6579228375684064,0.0601580065221875,29333583.627233457,-0.278571878235638,-0.4536170099142639,0.06536770327757355,1.0,61.0,22549957.337347094,22873465.447929755,18068169.556063488,27179094.75751707,0.4918032786885246,0.0,-0.4557842279313958,-0.15933387541627636,0.0,0.0,0.0
0.1,0.1,0.30000000000000004,0.2,0.30000000000000004,"(0.1, 0.1, 0.3, 0.2, 0.3)",0.06278795791832836,0.09709121183474141,0.6466904339931353,0.0601580065221875,29294561.797005422,-0.29197260346823184,-0.49141089158067064,0.0665779827232025,1.0,61.0,22699027.4410353,22924886.279245425,17749085.479153328,26941323.544063017,0.4918032786885246,0.0,-0.4911990675246504,-0.17464633386979667,0.0,0.0,0.0
0.2,0.1,0.30000000000000004,0.15000000000000002,0.25,"(0.2, 0.1, 0.3, 0.15, 0.25)",0.06272201722666093,0.09463821824037437,0.6627556857352433,0.0601580065221875,29283181.026166108,-0.2833094819623091,-0.4715904391979871,0.06491205847974231,1.0,61.0,22715277.53447507,22947056.202160068,17921476.563650195,26924247.273422066,0.4918032786885246,0.0,-0.471664547916479,-0.1689006114148396,0.0,0.0,0.0
0.30000000000000004,0.1,0.30000000000000004,0.1,0.2,"(0.3, 0.1, 0.3, 0.1, 0.2)",0.06263972998726652,0.09228547934189973,0.6787604120817157,0.0601580065221875,29267471.291070454,-0.27457776449631055,-0.4520155348118929,0.06358554797394546,1.0,61.0,22729413.90241299,22966760.261853486,18093778.5035203,26904690.824848868,0.4918032786885246,0.0,-0.45235590005004034,-0.1631843229436537,0.0,0.0,0.0
0.35000000000000003,0.1,0.30000000000000004,0.1,0.15000000000000002,"(0.35, 0.1, 0.3, 0.1, 0.15)",0.06230782083068531,0.09093494008004435,0.6851912012680673,0.0601580065221875,29180276.27011983,-0.2685890728221615,-0.44020111004596574,0.06301855229696447,1.0,61.0,22700943.998316612,22941759.454144362,18100191.179974683,26953148.62872173,0.4918032786885246,0.0,-0.4406429434952802,-0.16151702318077493,0.0,0.0,0.0
0.2,0.05,0.30000000000000004,0.1,0.35000000000000003,"(0.2, 0.05, 0.3, 0.1, 0.35)",0.062070348128093755,0.09159514270687562,0.6776598222760826,0.0601580065221875,29091665.124985278,-0.27352667742451076,-0.4580138240009701,0.06256290749913324,1.0,61.0,22852305.803275235,22996780.160124402,17941362.00859155,26767662.03804485,0.4918032786885246,0.0,-0.4563765941464704,-0.1726108435008769,0.0,0.0,0.0
0.0,0.1,0.25,0.30000000000000004,0.35000000000000003,"(0.0, 0.1, 0.25, 0.3, 0.35)",0.06121874861106069,0.08917264058542272,0.686519410092116,0.0601580065221875,28906404.370982092,-0.26760852999887874,-0.4362931791050076,0.06283250144030957,1.0,61.0,22735603.161615785,22993572.52287962,18017813.9560261,26443490.9954221,0.4918032786885246,0.0,-0.43611976805888325,-0.15168716540917507,0.0,0.0,0.0
0.05,0.1,0.25,0.30000000000000004,0.30000000000000004,"(0.05, 0.1, 0.25, 0.3, 0.3)",0.06090149535269851,0.08761405581957224,0.6951110159552005,0.0601580065221875,28824088.095938236,-0.2615334649399744,-0.42451080719892204,0.060829550301798534,1.0,61.0,22708065.97499952,22832597.226152603,18025932.65791171,26492974.834679417,0.4918032786885246,0.0,-0.42444542169841754,-0.1500892694974908,0.0,0.0,0.0
0.0,0.1,0.25,0.35000000000000003,0.30000000000000004,"(0.0, 0.1, 0.25, 0.35, 0.3)",0.06064500730783129,0.08878421402421949,0.6830606991833921,0.0601580065221875,28751677.815989885,-0.2643954442829637,-0.43200216071572756,0.06176036269968228,1.0,61.0,22664026.823892806,22662034.850375976,17860370.15661377,26558780.239899833,0.4918032786885246,0.0,-0.43178530004238547,-0.1540883871143092,0.0,0.0,0.0
0.30000000000000004,0.05,0.1,0.35000000000000003,0.2,"(0.3, 0.05, 0.1, 0.35, 0.2)",0.0531147767139204,0.047600784181885354,1.1158382708773402,0.0601580065221875,26937300.791493617,-0.11185536319185052,-0.15637680857819775,0.03398190139656296,0.0,61.0,22800222.11051336,22801152.772943977,19479992.132863652,25114025.30379176,0.47540983606557374,0.819672131147541,-0.15629536056706103,-0.0742764255097496,0.0,0.0,0.0
0.35000000000000003,0.1,0.1,0.35000000000000003,0.1,"(0.35, 0.1, 0.1, 0.35, 0.1)",0.05409148697988164,0.04983081454702519,1.085502765138139,0.0601580065221875,27203311.91301583,-0.12030414810965517,-0.16602372273901353,0.033392283292504994,0.0,61.0,22713473.825774632,22628387.86075129,19663218.70942107,25060711.23107891,0.47540983606557374,0.6229508196721312,-0.16665238098052393,-0.06532010577312587,0.0,0.0,0.0
0.35000000000000003,0.1,0.1,0.30000000000000004,0.15000000000000002,"(0.35, 0.1, 0.1, 0.3, 0.15)",0.05468875051867106,0.0501307249167777,1.090922794542871,0.0601580065221875,27356482.70680269,-0.1238150568477493,-0.1704775705565539,0.03429591966931921,0.0,61.0,22798134.76994628,22870839.9673363,19843399.49260767,25051667.23002754,0.47540983606557374,0.5901639344262295,-0.17113749553262278,-0.06906841752697279,0.0,0.0,0.0
0.30000000000000004,0.1,0.1,0.35000000000000003,0.15000000000000002,"(0.3, 0.1, 0.1, 0.35, 0.15)",0.05447665160734361,0.05132494815242787,1.0614068512169874,0.0601580065221875,27298099.947559703,-0.12719342617460394,-0.17632258186810731,0.0349118816424418,0.0,61.0,22754578.805748634,22776887.52783775,19664714.72401348,25080685.850430243,0.47540983606557374,0.5409836065573771,-0.1769373330421336,-0.06985618783483592,0.0,0.0,0.0
0.30000000000000004,0.25,0.0,0.30000000000000004,0.15000000000000002,"(0.3, 0.25, 0.0, 0.3, 0.15)",0.05545806448316437,0.0552639964010952,1.003511654869486,0.0601580065221875,27706651.97009669,-0.1312040900454976,-0.1654009828583538,0.038014873057290566,0.0,61.0,22851263.741217006,22989897.780528642,19404771.218738046,25217821.71505323,0.47540983606557374,0.4426229508196721,-0.16878312920892735,-0.04543885597573717,0.0,0.0,0.0
0.25,0.1,0.1,0.35000000000000003,0.2,"(0.25, 0.1, 0.1, 0.35, 0.2)",0.05485319051301407,0.052931536523910735,1.0363045192960774,0.0601580065221875,27391039.772963095,-0.13406272953498655,-0.18668078969282823,0.03660309524693899,0.0,61.0,22794691.2563846,22924915.660700258,19664968.995718643,25099184.973880664,0.47540983606557374,0.4262295081967213,-0.1872768166430195,-0.0743977081583343,0.0,0.0,0.0
0.35000000000000003,0.15000000000000002,0.1,0.35000000000000003,0.05,"(0.35, 0.15, 0.1, 0.35, 0.05)",0.05535616385617992,0.05514667503413899,1.003798757076673,0.0601580065221875,27543007.47974538,-0.13877989910368949,-0.19054083663887716,0.03565643530114632,0.0,61.0,22658102.08034368,22785088.222243447,19840508.649937205,25012887.11435861,0.47540983606557374,0.3442622950819672,-0.1920013736046443,-0.06142061988648172,0.0,0.0,0.0
0.35000000000000003,0.05,0.15000000000000002,0.35000000000000003,0.1,"(0.35, 0.05, 0.15, 0.35, 0.1)",0.05430346429621169,0.054869154154824296,0.9896902026771471,0.0601580065221875,27193956.35273956,-0.14028529684656432,-0.2045184664304211,0.03569570275692346,0.0,61.0,22684847.6586463,22442223.177396063,18897887.927334573,25546279.285525326,0.47540983606557374,0.3442622950819672,-0.20430273258717088,-0.0902942610045568,0.0,0.0,0.0
0.35000000000000003,0.05,0.15000000000000002,0.30000000000000004,0.15000000000000002,"(0.35, 0.05, 0.15, 0.3, 0.15)",0.05490098669507559,0.055130414098228955,0.9958384603688161,0.0601580065221875,27347060.254345097,-0.1437256193235823,-0.20905289157259754,0.03621178268282186,0.0,61.0,22765381.250046138,22501920.074529756,19071200.034822088,25536836.003757812,0.47540983606557374,0.2459016393442623,-0.2088519716778977,-0.08650750974072495,0.0,0.0,0.0
0.30000000000000004,0.15000000000000002,0.1,0.30000000000000004,0.15000000000000002,"(0.3, 0.15, 0.1, 0.3, 0.15)",0.05634708067752281,0.056629761056706765,0.9950082717301086,0.0601580065221875,27796424.56298063,-0.14757464281224952,-0.20274254932308777,0.03921209809177221,0.0,61.0,22785061.074471917,22986237.518819798,20022927.63145899,25023732.989369668,0.47540983606557374,0.21311475409836064,-0.20425325440100456,-0.07199504534350087,0.0,0.0,0.0
0.35000000000000003,0.05,0.15000000000000002,0.25,0.2,"(0.35, 0.05, 0.15, 0.25, 0.2)",0.05548180822548465,0.055678308234837735,0.9964707977741656,0.0601580065221875,27496781.685305025,-0.14719631543138945,-0.21359943462141645,0.036824984500039085,0.0,61.0,22844961.79884723,22652629.76028581,19244156.745710403,25524620.6503389,0.47540983606557374,0.19672131147540983,-0.21341429237929482,-0.08362754323372762,0.0,0.0,0.0
0.30000000000000004,0.05,0.15000000000000002,0.35000000000000003,0.15000000000000002,"(0.3, 0.05, 0.15, 0.35, 0.15)",0.054682984153656244,0.056323057413858506,0.9708809618030658,0.0601580065221875,27287396.715640455,-0.14702830320065818,-0.21530781886998418,0.03677525023961718,0.0,61.0,22723532.549903903,22407621.518615212,18899151.56633411,25565745.62342498,0.47540983606557374,0.19672131147540983,-0.21502215137973882,-0.09084749329866221,0.0,0.0,0.0
0.35000000000000003,0.05,0.15000000000000002,0.2,0.25,"(0.35, 0.05, 0.15, 0.2, 0.25)",0.05604586989107729,0.05650449916086386,0.9918833141325457,0.0601580065221875,27643046.672881786,-0.1506972341203221,-0.21815700944323257,0.037728620876853296,0.0,61.0,22923575.04076476,22746434.857230436,19416712.299730577,25509631.39713781,0.47540983606557374,0.18032786885245902,-0.217988623511832,-0.08826812976997615,0.0,0.0,0.0
0.30000000000000004,0.05,0.15000000000000002,0.30000000000000004,0.2,"(0.3, 0.05, 0.15, 0.3, 0.2)",0.055271672223701884,0.056725157105325406,0.9743767147453688,0.0601580065221875,27438773.51665038,-0.15047581180257052,-0.21984720346741937,0.03744094647316167,0.0,61.0,22803346.83479455,22647365.46712726,19071242.779980496,25554729.41274754,0.47540983606557374,0.18032786885245902,-0.2195764288434943,-0.08705770434631677,0.0,0.0,0.0
0.30000000000000004,0.05,0.15000000000000002,0.25,0.25,"(0.3, 0.05, 0.15, 0.25, 0.25)",0.05584361971947227,0.057403598049930345,0.972824380640719,0.0601580065221875,27586724.660293024,-0.15395343505102688,-0.22439779761698075,0.03834458284997589,0.0,61.0,22882197.3797546,22672010.456357118,19242951.303237468,25540935.85856467,0.47540983606557374,0.16393442622950818,-0.22414289981428265,-0.08792874644758676,0.0,0.0,0.0
0.25,0.05,0.15000000000000002,0.30000000000000004,0.25,"(0.25, 0.05, 0.15, 0.3, 0.25)",0.055633672294258085,0.05841644777037366,0.9523631514354614,0.0601580065221875,27528590.36853208,-0.15720627476938775,-0.23070180299162493,0.03896054482309848,0.0,61.0,22840300.167977978,22686966.343709532,19070073.939963046,25571106.319315974,0.47540983606557374,0.16393442622950818,-0.2303561472981245,-0.08761815817270614,0.0,0.0,0.0
0.25,0.05,0.15000000000000002,0.35000000000000003,0.2,"(0.25, 0.05, 0.15, 0.35, 0.2)",0.055053849688070144,0.05788183261375736,0.9511421322030661,0.0601580065221875,27378971.95851406,-0.15375184271887188,-0.2261581622950004,0.03805690844628426,0.0,61.0,22761214.644548994,22552468.37121589,18899218.173279855,25583700.99538479,0.47540983606557374,0.16393442622950818,-0.22579748789390755,-0.09141067636444668,0.0,0.0,0.0
0.35000000000000003,0.0,0.2,0.30000000000000004,0.15000000000000002,"(0.35, 0.0, 0.2, 0.3, 0.15)",0.05498039255476472,0.06184252096399481,0.889038669474272,0.0601580065221875,27306780.864837475,-0.16333429613712447,-0.25079683632865546,0.04243454219166115,0.0,61.0,22731739.078336943,22913605.14896649,18322839.52231992,26010475.04367278,0.47540983606557374,0.14754098360655737,-0.24937881626787056,-0.1180391975135498,0.0,0.0,0.0
0.35000000000000003,0.1,0.15000000000000002,0.30000000000000004,0.1,"(0.35, 0.1, 0.15, 0.3, 0.1)",0.056215923034190096,0.059165832054880976,0.9501416794416986,0.0601580065221875,27700597.26901088,-0.15860080290449774,-0.22874561686026076,0.037597631313411435,0.0,61.0,22713004.320652284,22454606.25444329,19243309.92643513,25495592.68427157,0.47540983606557374,0.13114754098360656,-0.22943008093064776,-0.08310047680844139,0.0,0.0,0.0
0.2,0.05,0.15000000000000002,0.35000000000000003,0.25,"(0.2, 0.05, 0.15, 0.35, 0.25)",0.055416034223598754,0.059537243205514206,0.9307793112339848,0.0601580065221875,27468655.953820467,-0.16045570940423093,-0.2370690134228795,0.039576506796221066,0.0,61.0,22797885.815130714,22696812.903206315,18898084.935453318,25600138.774647854,0.47540983606557374,0.13114754098360656,-0.23662830266314663,-0.09198387926910238,0.0,0.0,0.0
0.30000000000000004,0.30000000000000004,0.0,0.25,0.15000000000000002,"(0.3, 0.3, 0.0, 0.25, 0.15)",0.057168375841093244,0.06275567478969861,0.9109674309561798,0.0601580065221875,28172219.84398308,-0.1556735841815452,-0.195246498393571,0.0428502770503405,0.0,61.0,22880662.695483014,22949692.45518555,18783944.232640352,26354895.63527955,0.47540983606557374,0.11475409836065574,-0.20042627017053444,-0.0479745454015202,0.0,0.0,0.0
0.25,0.25,0.05,0.35000000000000003,0.1,"(0.25, 0.25, 0.05, 0.35, 0.1)",0.05689580619817991,0.0626517223224166,0.9081283656558434,0.0601580065221875,28021483.984859988,-0.1639784842456561,-0.21692200859269334,0.043016767430979715,0.0,61.0,22705852.697352465,22938129.247709032,19508427.754999343,24916450.22903776,0.47540983606557374,0.11475409836065574,-0.22172607325002447,-0.06152759402336201,0.0,0.0,0.0
0.35000000000000003,0.25,0.05,0.30000000000000004,0.05,"(0.35, 0.25, 0.05, 0.3, 0.05)",0.05673030792194633,0.06032247274321962,0.9404506370857111,0.0601580065221875,27986307.959479716,-0.1548888536571813,-0.2027885402344815,0.03989322677695544,0.0,61.0,22710792.90646227,22886438.47333046,19547703.16923556,24871591.252610847,0.47540983606557374,0.11475409836065574,-0.2071820439431446,-0.05846704905879435,0.0,0.0,0.0
0.35000000000000003,0.2,0.1,0.35000000000000003,0.0,"(0.35, 0.2, 0.1, 0.35, 0.0)",0.056527126034916275,0.06149380314344055,0.9192328843779756,0.0601580065221875,27862853.054878026,-0.1602023163761559,-0.21959367932444915,0.0391625776517871,0.0,61.0,22593361.84654789,22757927.620911907,20009870.896716688,25119611.245373286,0.47540983606557374,0.11475409836065574,-0.22299293890669486,-0.07396126690935344,0.0,0.0,0.0
0.30000000000000004,0.25,0.05,0.35000000000000003,0.05,"(0.3, 0.25, 0.05, 0.35, 0.05)",0.05650556331769985,0.06150569804742597,0.9187045283857992,0.0601580065221875,27923246.975496892,-0.15806344256081561,-0.20832266291249957,0.040790366282762995,0.0,61.0,22662792.38967637,22798151.366220623,19592992.06677356,24735491.794696596,0.47540983606557374,0.11475409836065574,-0.21323000710045711,-0.06324139486723641,0.0,0.0,0.0
0.30000000000000004,0.2,0.1,0.30000000000000004,0.1,"(0.3, 0.2, 0.1, 0.3, 0.1)",0.05753532233433489,0.06257154358962257,0.9195125936429204,0.0601580065221875,28123358.75994811,-0.16882192293515574,-0.23158220978932229,0.04271824044241298,0.0,61.0,22722157.16484181,22786929.214936852,20014486.02811875,24986351.67070814,0.47540983606557374,0.09836065573770492,-0.23421551118671852,-0.06729132928894233,0.0,0.0,0.0
0.35000000000000003,0.15000000000000002,0.15000000000000002,0.30000000000000004,0.05,"(0.35, 0.15, 0.15, 0.3, 0.05)",0.05743740792447816,0.06437480233502035,0.8922343190362201,0.0601580065221875,28034481.426713258,-0.17333828176725696,-0.2478152229773063,0.04139150675139804,0.0,61.0,22651205.804326754,22902618.967697863,19407727.64840033,25568678.639272258,0.47540983606557374,0.09836065573770492,-0.24953593850641637,-0.07676936055073141,0.0,0.0,0.0
0.25,0.2,0.1,0.35000000000000003,0.1,"(0.25, 0.2, 0.1, 0.35, 0.1)",0.05730473288354587,0.06380243426052101,0.8981590365276123,0.0601580065221875,28058711.535859443,-0.1719468515649648,-0.23743334940457592,0.04361537994822053,0.0,61.0,22675601.29113322,22731066.25560393,20010511.592551056,25050641.647139493,0.47540983606557374,0.09836065573770492,-0.24045684948458645,-0.07069821389685944,0.0,0.0,0.0
0.30000000000000004,0.1,0.15000000000000002,0.25,0.2,"(0.3, 0.1, 0.15, 0.25, 0.2)",0.05717567917184052,0.06102739028753557,0.9368855345518234,0.0601580065221875,27947437.974818934,-0.1686838732660345,-0.2438233867945909,0.041139972251422186,0.0,61.0,22831713.15716444,22962418.028183874,19416964.59999681,25501139.814762734,0.47540983606557374,0.09836065573770492,-0.2445065999452633,-0.09020119367729894,0.0,0.0,0.0
0.35000000000000003,0.2,0.1,0.30000000000000004,0.05,"(0.35, 0.2, 0.1, 0.3, 0.05)",0.05715103519776399,0.06133536512873321,0.931779489333976,0.0601580065221875,28026214.67295962,-0.1629316604323623,-0.22268322427794357,0.04049183929419626,0.0,61.0,22681238.386345636,22704983.588927876,20102227.32820443,25021580.58012212,0.47540983606557374,0.09836065573770492,-0.22540447646811376,-0.06760415676219658,0.0,0.0,0.0
0.25,0.1,0.15000000000000002,0.30000000000000004,0.2,"(0.25, 0.1, 0.15, 0.3, 0.2)",0.056956418750043536,0.06212106848963464,0.9168615436733374,0.0601580065221875,27886219.9921046,-0.17188606095285786,-0.25013753264521127,0.04203711175722974,0.0,61.0,22788453.69100085,22820738.531209406,19241618.992416535,25529992.917005077,0.47540983606557374,0.09836065573770492,-0.2507461983283195,-0.0892626343948897,0.0,0.0,0.0
0.30000000000000004,0.2,0.1,0.35000000000000003,0.05,"(0.3, 0.2, 0.1, 0.35, 0.05)",0.05692027443997749,0.06259345577258467,0.9093646250620984,0.0601580065221875,27961728.14092274,-0.16607968376998228,-0.2284909649105844,0.04138897880000381,0.0,61.0,22634978.90511274,22740346.48464587,20010826.41456433,25085838.366446666,0.47540983606557374,0.09836065573770492,-0.23171301673465636,-0.0723409046229567,0.0,0.0,0.0
0.35000000000000003,0.15000000000000002,0.15000000000000002,0.35000000000000003,0.0,"(0.35, 0.15, 0.15, 0.35, 0.0)",0.056813311688742374,0.06453539344055656,0.8803434620891095,0.0601580065221875,27871108.835027598,-0.16999061199477816,-0.24355316026381735,0.04031936801077077,0.0,61.0,22567471.057212412,22788916.996400416,19230090.85668422,25669131.15430081,0.47540983606557374,0.09836065573770492,-0.24522339909733812,-0.08514102318131345,0.0,0.0,0.0
0.35000000000000003,0.1,0.15000000000000002,0.25,0.15000000000000002,"(0.35, 0.1, 0.15, 0.25, 0.15)",0.05680997867230597,0.059469210319982986,0.9552838917253379,0.0601580065221875,27855450.258781284,-0.16202465890641804,-0.2331530195070863,0.038913571103205466,0.0,61.0,22794211.58632325,22777841.618194804,19418463.023651894,25484761.720112506,0.47540983606557374,0.09836065573770492,-0.23387160763323142,-0.0850912270846845,0.0,0.0,0.0
0.2,0.1,0.15000000000000002,0.35000000000000003,0.2,"(0.2, 0.1, 0.15, 0.35, 0.2)",0.056729452824028526,0.06331354983456142,0.8960080894573569,0.0601580065221875,27823186.659550317,-0.17508490720646863,-0.2565133129992473,0.0429342512630373,0.0,61.0,22744683.424202945,22679273.527946044,19067185.265807636,25557704.602440223,0.47540983606557374,0.09836065573770492,-0.2570433381349817,-0.08938781421733254,0.0,0.0,0.0
0.30000000000000004,0.1,0.15000000000000002,0.30000000000000004,0.15000000000000002,"(0.3, 0.1, 0.15, 0.3, 0.15)",0.05659053020936078,0.06059400053444632,0.9339295922075708,0.0601580065221875,27794369.01304836,-0.1652531745841489,-0.23941167452203543,0.03981071060901303,0.0,61.0,22751235.939219743,22637341.245557543,19243077.342862062,25513552.96802447,0.47540983606557374,0.09836065573770492,-0.24006061515500107,-0.08419247451998066,0.0,0.0,0.0
0.25,0.1,0.15000000000000002,0.35000000000000003,0.15000000000000002,"(0.25, 0.1, 0.15, 0.35, 0.15)",0.05636338042189304,0.06181886833991315,0.9117504402050369,0.0601580065221875,27731479.29194199,-0.16847828896561556,-0.24573194928763123,0.04070785011482058,0.0,61.0,22707749.394700307,22497053.247583553,19068604.586021725,25541203.642657228,0.47540983606557374,0.09836065573770492,-0.24630717864234186,-0.08829801795041643,0.0,0.0,0.0
0.1,0.05,0.15000000000000002,0.35000000000000003,0.35000000000000003,"(0.1, 0.05, 0.15, 0.35, 0.35)",0.05611425270566461,0.06310711518199422,0.8891905856231436,0.0601580065221875,27642246.928493064,-0.1738036111248149,-0.259070273759083,0.04388091120882997,0.0,61.0,22868163.17476782,22777571.29673748,18892208.5761628,25628435.980251998,0.47540983606557374,0.09836065573770492,-0.2584545852692156,-0.09668273233726579,0.0,0.0,0.0
0.30000000000000004,0.05,0.2,0.35000000000000003,0.1,"(0.3, 0.05, 0.2, 0.35, 0.1)",0.05609862104497898,0.06614909184409323,0.8480633593156168,0.0601580065221875,27604615.043769877,-0.18101939841021353,-0.27753929105972996,0.0444750525087433,0.0,61.0,22639311.264071386,22488614.051555756,18319781.13517852,26043842.280528065,0.47540983606557374,0.09836065573770492,-0.27695526707805795,-0.11449118596663098,0.0,0.0,0.0
0.2,0.05,0.15000000000000002,0.30000000000000004,0.30000000000000004,"(0.2, 0.05, 0.15, 0.3, 0.3)",0.05598695997156211,0.060196148739741134,0.9300754474114696,0.0601580065221875,27616484.860143345,-0.16391680349918303,-0.24161620230996214,0.040757370554805696,0.0,61.0,22876233.119576648,22725998.63310153,19067690.848784618,25585960.277169112,0.47540983606557374,0.09836065573770492,-0.2411906839007309,-0.09190781891877266,0.0,0.0,0.0
0.15000000000000002,0.05,0.15000000000000002,0.35000000000000003,0.30000000000000004,"(0.15, 0.05, 0.15, 0.35, 0.3)",0.055769510907172526,0.06128145838507246,0.910055216975016,0.0601580065221875,27556422.819576766,-0.16713969942694018,-0.2480398825830159,0.04165451006061325,0.0,61.0,22833537.993986618,22719473.19151477,18895749.22020193,25615052.520517197,0.47540983606557374,0.09836065573770492,-0.247514151446608,-0.09256716778990626,0.0,0.0,0.0
0.35000000000000003,0.05,0.2,0.35000000000000003,0.05,"(0.35, 0.05, 0.2, 0.35, 0.05)",0.05572083156630936,0.06489114585696085,0.858681578672296,0.0601580065221875,27510551.209123597,-0.17451605801602788,-0.26637628696084664,0.0441246576892997,0.0,61.0,22602769.33320896,22538087.199384972,18318986.903447032,26081072.5451525,0.47540983606557374,0.09836065573770492,-0.26588607746183585,-0.11381863949960201,0.0,0.0,0.0
0.30000000000000004,0.0,0.2,0.30000000000000004,0.2,"(0.3, 0.0, 0.2, 0.3, 0.2)",0.055345408437075916,0.06335140711549604,0.873625558721618,0.0601580065221875,27397032.782216,-0.16994016756031727,-0.26209452602928834,0.04278493701110475,0.0,61.0,22767276.635565635,22941593.268380884,18322706.198663764,26027794.682125255,0.47540983606557374,0.09836065573770492,-0.2605465418540856,-0.12149495818937983,0.0,0.0,0.0
0.35000000000000003,0.05,0.2,0.2,0.2,"(0.35, 0.05, 0.2, 0.2, 0.2)",0.05750327818961276,0.06568950925970951,0.8753799326201124,0.0601580065221875,27974383.409263033,-0.1845804977245563,-0.2798179467103028,0.04332662052249231,0.0,61.0,22833951.154707614,22445077.488494907,18824156.889622852,25949201.23726845,0.47540983606557374,0.08196721311475409,-0.2793833437657499,-0.10814640066628459,0.0,0.0,0.0
0.30000000000000004,0.15000000000000002,0.15000000000000002,0.35000000000000003,0.05,"(0.3, 0.15, 0.15, 0.35, 0.05)",0.05720071590674802,0.06566423974574946,0.8711090865930676,0.0601580065221875,27968642.08497867,-0.17653886343387704,-0.25408531512310706,0.0423223191492818,0.0,61.0,22606669.487872306,22863639.827143352,19230828.15475745,25633680.342745263,0.47540983606557374,0.08196721311475409,-0.2557535129292427,-0.08378164204857229,0.0,0.0,0.0
0.15000000000000002,0.1,0.15000000000000002,0.35000000000000003,0.25,"(0.15, 0.1, 0.15, 0.35, 0.25)",0.057086783933454344,0.06489989009222405,0.8796129523845553,0.0601580065221875,27912952.15245239,-0.1816718942966017,-0.2673542169142993,0.04516065241125402,0.0,61.0,22780596.84404486,22832478.133210015,19064549.48052644,25572677.69905366,0.47540983606557374,0.08196721311475409,-0.2678343267707423,-0.093450938956972,0.0,0.0,0.0
0.35000000000000003,0.35000000000000003,0.1,0.15000000000000002,0.05,"(0.35, 0.35, 0.1, 0.15, 0.05)",0.06202676969696164,0.08314778957697615,0.745982184403577,0.0601580065221875,29387727.011514187,-0.24472474985553017,-0.33482883721473916,0.05512587571227036,1.0,61.0,22708240.654971942,22892748.050662067,18220801.68724245,27623537.923155088,0.47540983606557374,0.06557377049180328,-0.3452417912100378,-0.08805100201157935,0.0,0.0,0.0
0.30000000000000004,0.25,0.15000000000000002,0.15000000000000002,0.15000000000000002,"(0.3, 0.25, 0.15, 0.15, 0.15)",0.06180759243113365,0.07847665490666204,0.7875920871582242,0.0601580065221875,29233542.903466735,-0.22569980018796598,-0.31904548114901304,0.05431692258816282,1.0,61.0,22791194.150433026,22745506.51546517,19145521.735187624,26037212.97100569,0.47540983606557374,0.06557377049180328,-0.3237281107461842,-0.0889612940556407,0.0,0.0,0.0
0.35000000000000003,0.35000000000000003,0.05,0.05,0.2,"(0.35, 0.35, 0.05, 0.05, 0.2)",0.06173838036658985,0.07682683430452175,0.80360437763028,0.0601580065221875,29367064.821316928,-0.21580211492423806,-0.2790279381671351,0.05355181969028279,1.0,61.0,23016829.394596167,22943489.419877656,17932284.8702981,28324379.587936398,0.47540983606557374,0.06557377049180328,-0.28611713221318213,-0.0685258823983125,0.0,0.0,0.0
0.35000000000000003,0.35000000000000003,0.1,0.2,0.0,"(0.35, 0.35, 0.1, 0.2, 0.0)",0.06141365286357425,0.08313397190094624,0.7387311283135654,0.0601580065221875,29219896.03918536,-0.24362691251505653,-0.33494898532744355,0.05410601413466713,1.0,61.0,22618480.97145399,22890191.67327791,18343941.476211455,27328719.1575334,0.47540983606557374,0.06557377049180328,-0.34648738487711755,-0.09460228780248926,0.0,0.0,0.0
0.35000000000000003,0.2,0.2,0.2,0.05,"(0.35, 0.2, 0.2, 0.2, 0.05)",0.061075306445723676,0.08017437901157622,0.761780848179755,0.0601580065221875,28970586.353591368,-0.22709054403599627,-0.33544273086977067,0.052936765749299654,1.0,61.0,22634216.787862994,22784777.251394574,19285463.6046651,26114902.087085404,0.47540983606557374,0.06557377049180328,-0.3388452498751672,-0.10134216590459313,0.0,0.0,0.0
0.25,0.30000000000000004,0.05,0.1,0.30000000000000004,"(0.25, 0.3, 0.05, 0.1, 0.3)",0.06086993388056494,0.07195466263734693,0.8459484298793915,0.0601580065221875,29102974.38583964,-0.198856135457133,-0.2586171580876232,0.05316921799366629,1.0,61.0,23083317.296139468,22961874.00621404,18368751.81385022,27555088.488007817,0.47540983606557374,0.06557377049180328,-0.2638376758777226,-0.0787285811782113,0.0,0.0,0.0
0.35000000000000003,0.30000000000000004,0.05,0.05,0.25,"(0.35, 0.3, 0.05, 0.05, 0.25)",0.06071495213804923,0.06981179127122807,0.869694804165153,0.0601580065221875,29069454.066561062,-0.19000127948730494,-0.24453496379304449,0.05004567733964202,1.0,61.0,23092008.96419492,22963927.970566217,18407320.876931537,27504441.486696813,0.47540983606557374,0.06557377049180328,-0.2496430879653982,-0.07398654128743895,0.0,0.0,0.0
0.15000000000000002,0.2,0.15000000000000002,0.25,0.25,"(0.15, 0.2, 0.15, 0.25, 0.25)",0.06062608905978917,0.07580822111862101,0.7997297412496254,0.0601580065221875,28884527.54370771,-0.21729132340608048,-0.3129065924781971,0.054831460397353884,1.0,61.0,22810160.29583673,22805738.62647136,19643382.074162368,25417939.312596463,0.47540983606557374,0.06557377049180328,-0.3159557856070981,-0.09716639506650716,0.0,0.0,0.0
0.30000000000000004,0.30000000000000004,0.05,0.1,0.25,"(0.3, 0.3, 0.05, 0.1, 0.25)",0.06052056461549826,0.07041973355201155,0.8594262085754439,0.0601580065221875,29012015.74434558,-0.19300551579602143,-0.25008825887760583,0.05094281684544958,1.0,61.0,23043587.72193507,22990301.135745585,18453266.020699866,27336398.51485584,0.47540983606557374,0.06557377049180328,-0.25521397192703454,-0.07313212950308125,0.0,0.0,0.0
0.25,0.2,0.15000000000000002,0.2,0.2,"(0.25, 0.2, 0.15, 0.2, 0.2)",0.060509075898428355,0.07328659791003732,0.8256499499772938,0.0601580065221875,28860555.48011426,-0.20862579010552174,-0.29736989000268116,0.05170791974332961,1.0,61.0,22821280.020304985,22762154.846253894,19688897.10885498,25388003.617686354,0.47540983606557374,0.06557377049180328,-0.3004595644972196,-0.09272746382448574,0.0,0.0,0.0
0.0,0.2,0.15000000000000002,0.35000000000000003,0.30000000000000004,"(0.0, 0.2, 0.15, 0.35, 0.3)",0.06048190865816516,0.07960064450783678,0.7598168209832854,0.0601580065221875,28834380.35495347,-0.22939798078663587,-0.33617370679372816,0.05885214055718571,1.0,61.0,22749372.14785974,22860192.010139182,19361652.020205747,25497150.716327623,0.47540983606557374,0.06557377049180328,-0.33913754168235716,-0.10058731333606132,0.0,0.0,0.0
0.1,0.2,0.15000000000000002,0.30000000000000004,0.25,"(0.1, 0.2, 0.15, 0.3, 0.25)",0.06038868401741615,0.07691060214931278,0.7851802265203789,0.0601580065221875,28816636.061418764,-0.22023019581511893,-0.31923414609465395,0.05572859990316144,1.0,61.0,22763380.014319263,22842178.440983534,19547609.624394547,25476844.661444448,0.47540983606557374,0.06557377049180328,-0.3222280698395456,-0.09616578715041528,0.0,0.0,0.0
0.30000000000000004,0.1,0.25,0.2,0.15000000000000002,"(0.3, 0.1, 0.25, 0.2, 0.15)",0.06038699697346117,0.08110141909451997,0.7445861940231022,0.0601580065221875,28702886.45979898,-0.23731537685115422,-0.3750834735216989,0.05501041715293135,1.0,61.0,22704001.739149146,22732094.92715968,18377556.9193032,26497989.744465906,0.47540983606557374,0.06557377049180328,-0.3755733218268785,-0.1374554490236731,0.0,0.0,0.0
0.35000000000000003,0.2,0.15000000000000002,0.15000000000000002,0.15000000000000002,"(0.35, 0.2, 0.15, 0.15, 0.15)",0.060375837679414124,0.07089071086371336,0.8516748801614648,0.0601580065221875,28832374.1001932,-0.19990077483445756,-0.2820205984096769,0.04858437908930534,1.0,61.0,22830287.942253135,22730736.392052088,19732768.64295128,25362178.02980484,0.47540983606557374,0.06557377049180328,-0.28513551803846887,-0.08830589193990847,0.0,0.0,0.0
0.2,0.05,0.25,0.15000000000000002,0.35000000000000003,"(0.2, 0.05, 0.25, 0.15, 0.35)",0.0603732705836908,0.08099946612664405,0.7453539322011846,0.0601580065221875,28678620.28750771,-0.23945322504031463,-0.3841140439839212,0.05424323767016066,1.0,61.0,22899960.38536642,22942319.158264995,18379804.52333808,26386856.6135486,0.47540983606557374,0.06557377049180328,-0.38297732717210053,-0.14679715619323092,0.0,0.0,0.0
0.25,0.30000000000000004,0.05,0.15000000000000002,0.25,"(0.25, 0.3, 0.05, 0.15, 0.25)",0.060318390602466465,0.0711272465652088,0.848034944627965,0.0601580065221875,28952658.898964748,-0.19600627281303828,-0.25569283970975837,0.051839956351257134,1.0,61.0,22994674.18065944,22961775.271097977,18498551.67536097,27168588.347097177,0.47540983606557374,0.06557377049180328,-0.26083327946681695,-0.07228682064372012,0.0,0.0,0.0
0.2,0.2,0.15000000000000002,0.25,0.2,"(0.2, 0.2, 0.15, 0.25, 0.2)",0.06027921857457308,0.07432864353231612,0.8109823576743369,0.0601580065221875,28794673.096628346,-0.21159070186150453,-0.303598163836087,0.052605059249137165,1.0,61.0,22775280.974812284,22822120.108466584,19733440.46545162,25454212.984849714,0.47540983606557374,0.06557377049180328,-0.3066402816015455,-0.09176041361992392,0.0,0.0,0.0
0.30000000000000004,0.05,0.25,0.1,0.30000000000000004,"(0.3, 0.05, 0.25, 0.1, 0.3)",0.06026767555623014,0.07850784987776584,0.7676643246511647,0.0601580065221875,28657279.07420648,-0.23024987259890428,-0.3652549050678989,0.05246874702048741,1.0,61.0,22911174.033877514,22942498.46531186,18553666.660065055,26347321.301056083,0.47540983606557374,0.06557377049180328,-0.36439139925864217,-0.14118453291721042,0.0,0.0,0.0
0.35000000000000003,0.30000000000000004,0.05,0.1,0.2,"(0.35, 0.3, 0.05, 0.1, 0.2)",0.06016233965113127,0.06896927796723326,0.8723063576178643,0.0601580065221875,28919001.091958128,-0.18714355703756624,-0.24160013756847692,0.04871641569723286,1.0,61.0,23002821.04801417,22950173.88360287,18537185.242977317,27118463.28246755,0.47540983606557374,0.06557377049180328,-0.24662783031443403,-0.06763380244004003,0.0,0.0,0.0
0.30000000000000004,0.2,0.15000000000000002,0.2,0.15000000000000002,"(0.3, 0.2, 0.15, 0.2, 0.15)",0.06015353150067959,0.07186641903709787,0.8370186285423236,0.0601580065221875,28768506.658708286,-0.20289184335841148,-0.2881495467879238,0.04948151859511289,0.0,61.0,22785074.7689875,22797852.632749133,19779137.03386177,25429265.404970687,0.47540983606557374,0.06557377049180328,-0.2912245399726898,-0.08737200329092848,0.0,0.0,0.0
0.25,0.1,0.25,0.25,0.15000000000000002,"(0.25, 0.1, 0.25, 0.25, 0.15)",0.06014532421352725,0.08218972056310132,0.7317864545767686,0.0601580065221875,28634589.564506415,-0.2402566340651302,-0.38227165517645184,0.05576993198174719,0.0,61.0,22661778.759640504,22545799.248053625,18209958.98220852,26565632.34809063,0.47540983606557374,0.06557377049180328,-0.3826349013859365,-0.14146630779669186,0.0,0.0,0.0
0.05,0.2,0.15000000000000002,0.35000000000000003,0.25,"(0.05, 0.2, 0.15, 0.35, 0.25)",0.06014353196865896,0.07809282114345044,0.7701544276160797,0.0601580065221875,28746883.70132746,-0.22316557306431206,-0.32561603065426215,0.056625739408969,0.0,61.0,22716103.176056,22814197.885210875,19368658.441070467,25541255.1965635,0.47540983606557374,0.06557377049180328,-0.3285509661275796,-0.09517434275310403,0.0,0.0,0.0
0.15000000000000002,0.30000000000000004,0.1,0.35000000000000003,0.1,"(0.15, 0.3, 0.1, 0.35, 0.1)",0.060137323988313396,0.0799638379665616,0.7520564985069996,0.0601580065221875,28839012.33622309,-0.227489619926455,-0.31650715361595094,0.05508046694593551,0.0,61.0,22598350.589890875,22824945.973517243,18879027.944092795,26113327.911468502,0.47540983606557374,0.06557377049180328,-0.32576847682917054,-0.09400635329677434,0.0,0.0,0.0
0.2,0.30000000000000004,0.05,0.2,0.25,"(0.2, 0.3, 0.05, 0.2, 0.25)",0.06010843678818811,0.07193139225493027,0.8356356648173761,0.0601580065221875,28891395.97345801,-0.199003518285921,-0.26134864020700005,0.05273709585706469,0.0,61.0,22945271.329910416,22951143.964207985,18543172.6507895,27001019.575076103,0.47540983606557374,0.06557377049180328,-0.2666559308319185,-0.07145054077671241,0.0,0.0,0.0
0.15000000000000002,0.2,0.15000000000000002,0.30000000000000004,0.2,"(0.15, 0.2, 0.15, 0.3, 0.2)",0.060041611537035244,0.07545503775662486,0.7957270093839912,0.0601580065221875,28726922.541848473,-0.21455208897340472,-0.3098809067270582,0.053502198754944726,0.0,61.0,22728782.48616976,22768008.364498347,19553449.393043216,25519515.61298731,0.47540983606557374,0.06557377049180328,-0.3128718139220203,-0.09080238410006236,0.0,0.0,0.0
0.35000000000000003,0.1,0.25,0.2,0.1,"(0.35, 0.1, 0.25, 0.2, 0.1)",0.0600343824819205,0.07979103316750229,0.7523951012877926,0.0601580065221875,28611902.268730003,-0.23111605523389622,-0.3636597008184507,0.054443421475950354,0.0,61.0,22671681.605075963,22569309.207770187,18381113.841840066,26541451.658668183,0.47540983606557374,0.06557377049180328,-0.36422928935090887,-0.13600106221666952,0.0,0.0,0.0
0.05,0.30000000000000004,0.05,0.30000000000000004,0.30000000000000004,"(0.05, 0.3, 0.05, 0.3, 0.3)",0.060015375972424234,0.07527267885721288,0.7973062322688063,0.0601580065221875,28853655.46569192,-0.2107468817947008,-0.2815122975884078,0.05675777601689653,0.0,61.0,22883541.583680935,22893644.982395962,18545302.08890466,26879791.00867099,0.47540983606557374,0.06557377049180328,-0.2879055386953842,-0.07522828828507021,0.0,0.0,0.0
0.30000000000000004,0.30000000000000004,0.05,0.15000000000000002,0.2,"(0.3, 0.3, 0.05, 0.15, 0.2)",0.05995996672336412,0.06969410859916798,0.8603304917523535,0.0601580065221875,28859765.93281309,-0.19016720524508768,-0.24716235105318907,0.049613555203040414,0.0,61.0,22954208.78329832,22949130.191575956,18582619.8724507,26952036.179228574,0.47540983606557374,0.06557377049180328,-0.2522082463195235,-0.06683126875983447,0.0,0.0,0.0
0.25,0.2,0.15000000000000002,0.25,0.15000000000000002,"(0.25, 0.2, 0.15, 0.25, 0.15)",0.05992347299822898,0.07293123570214481,0.821643462109428,0.0601580065221875,28702764.29342217,-0.20587935755135855,-0.2943330888865946,0.050378658100920445,0.0,61.0,22739359.35956861,22719353.893785447,19738092.07470772,25495452.24303657,0.47540983606557374,0.06557377049180328,-0.2973645682546029,-0.08644699650668518,0.0,0.0,0.0
0.1,0.2,0.15000000000000002,0.35000000000000003,0.2,"(0.1, 0.2, 0.15, 0.35, 0.2)",0.05979626179291353,0.07666206267591663,0.7799980812634527,0.0601580065221875,28657317.912559196,-0.21750991896093952,-0.31621801080676315,0.05439933826075228,0.0,61.0,22681787.273247264,22804654.812163983,19374414.732868355,25583903.575104695,0.47540983606557374,0.06557377049180328,-0.3191540096359255,-0.08985331076797595,0.0,0.0,0.0
0.30000000000000004,0.1,0.25,0.25,0.1,"(0.3, 0.1, 0.25, 0.25, 0.1)",0.05979249795034702,0.08089919715752801,0.7390987803490591,0.0601580065221875,28543748.95909879,-0.23408203496816293,-0.37078909949439764,0.05520293630476619,0.0,61.0,22629724.599771243,22477818.914010324,18213454.07802896,26609064.582180362,0.47540983606557374,0.06557377049180328,-0.3712372373659447,-0.13998492496452522,0.0,0.0,0.0
0.15000000000000002,0.2,0.15000000000000002,0.35000000000000003,0.15000000000000002,"(0.15, 0.2, 0.15, 0.35, 0.15)",0.05944012677929211,0.07531276136759756,0.7892437576305035,0.0601580065221875,28565709.970508967,-0.2118435931726259,-0.3068635550303981,0.05217293711253556,0.0,61.0,22646432.523437575,22856000.641573083,19378922.98446957,25625092.351306014,0.47540983606557374,0.06557377049180328,-0.3099453407265728,-0.08996421369706632,0.0,0.0,0.0
0.05,0.30000000000000004,0.05,0.35000000000000003,0.25,"(0.05, 0.3, 0.05, 0.35, 0.25)",0.059431964748837496,0.07489063425638812,0.7935834078447265,0.0601580065221875,28696300.679725986,-0.20797386470898205,-0.2786225899520156,0.055428514374487356,0.0,61.0,22794157.18510907,22858838.398214325,18672996.61103814,26499846.30989006,0.47540983606557374,0.06557377049180328,-0.28585956864021655,-0.06899513513353404,0.0,0.0,0.0
0.35000000000000003,0.1,0.25,0.25,0.05,"(0.35, 0.1, 0.25, 0.25, 0.05)",0.05943079354594727,0.07969044526621613,0.7457706296835348,0.0601580065221875,28450875.998108428,-0.22788914256551152,-0.35936786842434687,0.0546359406277852,0.0,61.0,22596625.16257538,22418381.03057334,18215771.773350105,26650970.445885904,0.47540983606557374,0.06557377049180328,-0.35989627557449727,-0.13990170564698656,0.0,0.0,0.0
0.30000000000000004,0.30000000000000004,0.05,0.2,0.15000000000000002,"(0.3, 0.3, 0.05, 0.2, 0.15)",0.05938238242624938,0.06919228021682772,0.8582226548996928,0.0601580065221875,28703849.953434303,-0.18770698146149145,-0.24480136555919962,0.048284293560631256,0.0,61.0,22863918.480201922,22957803.088582426,18710995.892599482,26571430.515363496,0.47540983606557374,0.06557377049180328,-0.2505971680507724,-0.06072026368494166,0.0,0.0,0.0
0.15000000000000002,0.30000000000000004,0.05,0.30000000000000004,0.2,"(0.15, 0.3, 0.05, 0.3, 0.2)",0.05930622190111601,0.07244413798233482,0.8186476304760169,0.0601580065221875,28670717.852789007,-0.19921657903043266,-0.26415610736607886,0.05230497372046309,0.0,61.0,22805448.14173558,22903192.80565674,18714897.98928766,26454222.603694715,0.47540983606557374,0.06557377049180328,-0.27088184255268655,-0.06455932217235097,0.0,0.0,0.0
0.35000000000000003,0.0,0.25,0.05,0.35000000000000003,"(0.35, 0.0, 0.25, 0.05, 0.35)",0.05911652160669312,0.07531811432332006,0.7848911531815848,0.0601580065221875,28340889.815861218,-0.2135114187852326,-0.3390646962152175,0.04955260036289734,0.0,61.0,23001912.98445594,22748450.04150983,18560900.670218784,26353648.477639135,0.47540983606557374,0.06557377049180328,-0.3370739189299933,-0.1292302780172417,0.0,0.0,0.0
0.2,0.2,0.15000000000000002,0.35000000000000003,0.1,"(0.2, 0.2, 0.15, 0.35, 0.1)",0.059075155376711264,0.07404937020260552,0.7977806592422934,0.0601580065221875,28472087.132161167,-0.20616679058562626,-0.29755319366032257,0.05012209686429047,0.0,61.0,22610047.075821742,22870897.733108383,19382185.47578083,25664818.21837792,0.47540983606557374,0.06557377049180328,-0.3009379612265043,-0.09151607621211434,0.0,0.0,0.0
0.35000000000000003,0.30000000000000004,0.05,0.2,0.1,"(0.35, 0.3, 0.05, 0.2, 0.1)",0.0590061576766725,0.06796197770661648,0.8682230810203146,0.0601580065221875,28607078.317566358,-0.18395619056254253,-0.23962956995103468,0.046057892412414536,0.0,61.0,22821714.059050795,22985575.90929721,18793991.79162996,26357776.65058321,0.47540983606557374,0.06557377049180328,-0.24564756218200362,-0.05826069662770194,0.0,0.0,0.0
0.30000000000000004,0.2,0.15000000000000002,0.30000000000000004,0.05,"(0.3, 0.2, 0.15, 0.3, 0.05)",0.05894728824901785,0.07159798119727181,0.8233093624050951,0.0601580065221875,28445601.72333515,-0.1974543692648516,-0.282084052445636,0.04718833332789568,0.0,61.0,22618779.352482304,22839055.44351819,19563415.212394457,25638779.26234989,0.47540983606557374,0.06557377049180328,-0.2851418015453801,-0.08830767964032935,0.0,0.0,0.0
0.2,0.30000000000000004,0.05,0.30000000000000004,0.15000000000000002,"(0.2, 0.3, 0.05, 0.3, 0.15)",0.058938419219740634,0.07116022166976255,0.8282495168896415,0.0601580065221875,28576225.861224778,-0.19343477426809919,-0.25554030569242686,0.05007857257224638,0.0,61.0,22764865.40592014,22932068.404927026,18798787.869330954,26242548.149704654,0.47540983606557374,0.06557377049180328,-0.2624019894388728,-0.06631747691559316,0.0,0.0,0.0
0.25,0.1,0.2,0.25,0.2,"(0.25, 0.1, 0.2, 0.25, 0.2)",0.05891606070719968,0.07206469849599345,0.8175439839032312,0.0601580065221875,28353807.64789774,-0.20835034417178477,-0.31674733207447664,0.048282778409721235,0.0,61.0,22768677.324174106,22919967.065139025,18810628.410597343,25944037.877518196,0.47540983606557374,0.06557377049180328,-0.3172933002029848,-0.11160141508853373,0.0,0.0,0.0
0.35000000000000003,0.25,0.1,0.25,0.05,"(0.35, 0.25, 0.1, 0.25, 0.05)",0.058861547061093145,0.06817416878038007,0.8633995560798532,0.0601580065221875,28495423.26122667,-0.18720294936671633,-0.25482544312524713,0.045327243287246195,0.0,61.0,22697306.881486997,22894936.20554335,19463250.0463573,25254666.46955199,0.47540983606557374,0.06557377049180328,-0.25959925977657217,-0.07421741234121472,0.0,0.0,0.0
0.30000000000000004,0.30000000000000004,0.05,0.25,0.1,"(0.3, 0.3, 0.05, 0.25, 0.1)",0.05878787407689123,0.06891913724104841,0.8529978236854223,0.0601580065221875,28544346.100554362,-0.18654130204249564,-0.2444815254944894,0.04695503191822209,0.0,61.0,22772733.894632723,22946173.37026897,18838368.676774405,26194576.155532524,0.47540983606557374,0.06557377049180328,-0.2510931159275305,-0.06317068076002143,0.0,0.0,0.0
0.35000000000000003,0.1,0.2,0.2,0.15000000000000002,"(0.35, 0.1, 0.2, 0.2, 0.15)",0.05878784347580068,0.06954925160629612,0.8452692461535959,0.0601580065221875,28327065.15638675,-0.1988631030767084,-0.29896068042272433,0.04548325235126654,0.0,61.0,22776768.04155487,22887292.28581984,18985738.829310924,25901259.66868752,0.47540983606557374,0.06557377049180328,-0.29966407613902785,-0.10620414750561925,0.0,0.0,0.0
0.1,0.1,0.2,0.35000000000000003,0.25,"(0.1, 0.1, 0.2, 0.35, 0.25)",0.058786354410186537,0.07588193270910952,0.7747081856170134,0.0601580065221875,28308700.161886193,-0.22079121826062886,-0.3416952377638198,0.05214735434399977,0.0,61.0,22714550.87631772,22890805.43317002,18465276.36665793,26010535.6763183,0.47540983606557374,0.06557377049180328,-0.3419506695080799,-0.12112905406609799,0.0,0.0,0.0
0.2,0.25,0.1,0.35000000000000003,0.1,"(0.2, 0.25, 0.1, 0.35, 0.1)",0.05876896861514691,0.071697314954969,0.8196815829443262,0.0601580065221875,28458776.458648298,-0.1984202893521012,-0.2744821335523669,0.04934792344707802,0.0,61.0,22641881.40290359,22834486.466007445,19465539.32293304,25111746.37421037,0.47540983606557374,0.06557377049180328,-0.2801564907215258,-0.08219786092461377,0.0,0.0,0.0
0.35000000000000003,0.15000000000000002,0.2,0.30000000000000004,0.0,"(0.35, 0.15, 0.2, 0.3, 0.0)",0.05875443074059472,0.07442297126101495,0.7894663400972289,0.0601580065221875,28333162.543691643,-0.20645422289822857,-0.3090222114154365,0.04802492248371047,0.0,61.0,22550745.24642158,22589377.845304843,18795097.881881185,26221989.249387216,0.47540983606557374,0.06557377049180328,-0.31090325863983914,-0.11108300673846114,0.0,0.0,0.0
0.0,0.25,0.05,0.35000000000000003,0.35000000000000003,"(0.0, 0.25, 0.05, 0.35, 0.35)",0.058716165436384804,0.06987153118999849,0.8403446215701298,0.0601580065221875,28483654.534261003,-0.19339108216056122,-0.26056359349572245,0.054148773172063305,0.0,61.0,22906089.737513777,22982585.556889962,19076154.174309585,25934039.64392608,0.47540983606557374,0.06557377049180328,-0.2645423297163958,-0.07945369027692308,0.0,0.0,0.0
0.25,0.2,0.15000000000000002,0.35000000000000003,0.05,"(0.25, 0.2, 0.15, 0.35, 0.05)",0.05870137583790758,0.07287635735611135,0.8054927272374836,0.0601580065221875,28376476.919848636,-0.20047970741784094,-0.2882874510903309,0.04811914572577944,0.0,61.0,22572639.14319168,22798907.63358098,19384204.676541444,25703078.06356032,0.47540983606557374,0.06557377049180328,-0.29195342270437896,-0.0930456520024149,0.0,0.0,0.0
0.2,0.1,0.2,0.30000000000000004,0.2,"(0.2, 0.1, 0.2, 0.3, 0.2)",0.05868181183583454,0.0731900567986963,0.8017730058228321,0.0601580065221875,28288061.421007436,-0.21140558255384378,-0.32355223248571946,0.049213590807604984,0.0,61.0,22725530.191506367,22850835.040010653,18639601.85354771,25985707.859833192,0.47540983606557374,0.06557377049180328,-0.3239935732389132,-0.1157165128920341,0.0,0.0,0.0
0.30000000000000004,0.25,0.1,0.30000000000000004,0.05,"(0.3, 0.25, 0.1, 0.3, 0.05)",0.05862930855326809,0.06932353616095152,0.8457345340426061,0.0601580065221875,28429524.924654808,-0.18980374572194203,-0.2599329403490025,0.04622438279305375,0.0,61.0,22649915.576062504,22803734.5388158,19507782.47558397,25115609.928850316,0.47540983606557374,0.06557377049180328,-0.26530261751459205,-0.07902292507805406,0.0,0.0,0.0
0.35000000000000003,0.0,0.25,0.1,0.30000000000000004,"(0.35, 0.0, 0.25, 0.1, 0.3)",0.058590202333465013,0.07423891985579416,0.789211406190633,0.0601580065221875,28201066.786941916,-0.21010905538770341,-0.33448802483190576,0.04974511951473219,0.0,61.0,22933165.77166027,22682765.468887944,18400800.02798153,26377017.25447806,0.47540983606557374,0.06557377049180328,-0.3324898254308471,-0.13227369282780607,0.0,0.0,0.0
0.35000000000000003,0.2,0.15000000000000002,0.30000000000000004,0.0,"(0.35, 0.2, 0.15, 0.3, 0.0)",0.058564906344157786,0.07049766689346453,0.8307353835221324,0.0601580065221875,28347860.02837427,-0.19173465295608927,-0.272907796379964,0.04518538218938465,0.0,61.0,22580069.048228174,22765742.268297825,19564227.66351049,25675607.04733826,0.47540983606557374,0.06557377049180328,-0.27623389029303486,-0.0898524660360153,0.0,0.0,0.0
0.30000000000000004,0.1,0.2,0.25,0.15000000000000002,"(0.3, 0.1, 0.2, 0.25, 0.15)",0.058561114950912874,0.0706118228500039,0.8293386657827887,0.0601580065221875,28263296.09877103,-0.20194690539117632,-0.3056460838871507,0.046279827271210196,0.0,61.0,22734409.76742418,22809363.193325635,18813755.188043594,25960644.144736134,0.47540983606557374,0.06557377049180328,-0.30625420779586315,-0.1103357943133569,0.0,0.0,0.0
0.2,0.05,0.2,0.2,0.35000000000000003,"(0.2, 0.05, 0.2, 0.2, 0.35)",0.058529694547672095,0.07077549636436742,0.8269768147770902,0.0601580065221875,28234346.747721247,-0.20409340312883983,-0.31351910929397636,0.04756399285087294,0.0,61.0,22933696.638602287,22828822.170984566,18811906.635735262,25986900.183186423,0.47540983606557374,0.06557377049180328,-0.31279094466189417,-0.11927536225648183,0.0,0.0,0.0
0.30000000000000004,0.15000000000000002,0.2,0.35000000000000003,0.0,"(0.3, 0.15, 0.2, 0.35, 0.0)",0.058502481211736956,0.075733716775442,0.7724760344880819,0.0601580065221875,28262900.058230326,-0.2095334871919492,-0.3157163075141942,0.04878443731252631,0.0,61.0,22506603.969413992,22497588.97080913,18622595.521934636,26286950.203386437,0.47540983606557374,0.06557377049180328,-0.31752134012669575,-0.11826309090821382,0.0,0.0,0.0
0.30000000000000004,0.05,0.2,0.15000000000000002,0.30000000000000004,"(0.3, 0.05, 0.2, 0.15, 0.3)",0.058405633806352775,0.0681580667372696,0.8569144725229701,0.0601580065221875,28208746.52329826,-0.1945244316239848,-0.295492969850214,0.04463022931447816,0.0,61.0,22942532.98368169,22821379.897145946,18987595.848264087,25944733.539801408,0.47540983606557374,0.06557377049180328,-0.29498632032888467,-0.11465885746123083,0.0,0.0,0.0
0.25,0.25,0.1,0.35000000000000003,0.05,"(0.25, 0.25, 0.1, 0.35, 0.05)",0.05838933393905377,0.07055977395226462,0.8275158871477615,0.0601580065221875,28361789.963418644,-0.1926863103591563,-0.2655655002953168,0.0471215222988613,0.0,61.0,22602035.523502886,22711767.83189621,19551601.41233859,25148237.127933912,0.47540983606557374,0.06557377049180328,-0.2714208028046559,-0.08380040489166872,0.0,0.0,0.0
0.15000000000000002,0.05,0.2,0.25,0.35000000000000003,"(0.15, 0.05, 0.2, 0.25, 0.35)",0.05831294123924691,0.07169129730848024,0.8133893991111968,0.0601580065221875,28173349.276581943,-0.20714897952684785,-0.32037426263787616,0.0484948052487567,0.0,61.0,22891866.383016694,22674879.83707185,18642460.452827584,26016975.062058005,0.47540983606557374,0.06557377049180328,-0.31951752176191883,-0.12220416174183031,0.0,0.0,0.0
0.25,0.05,0.2,0.2,0.30000000000000004,"(0.25, 0.05, 0.2, 0.2, 0.3)",0.058196386942301226,0.06900333881660302,0.8433850874517175,0.0601580065221875,28149709.703495536,-0.19760873480325725,-0.30222576211684443,0.04556104171236191,0.0,61.0,22901495.878901996,22668040.153778836,18817201.256686155,25975904.783408903,0.47540983606557374,0.06557377049180328,-0.3016003122333661,-0.11704397695038675,0.0,0.0,0.0
0.1,0.05,0.2,0.30000000000000004,0.35000000000000003,"(0.1, 0.05, 0.2, 0.3, 0.35)",0.05808846987223393,0.07269805355919891,0.7990374848885298,0.0601580065221875,28110510.203583095,-0.21020156443672222,-0.3272933336197111,0.04942561764664045,0.0,61.0,22849515.570006292,22675844.324455608,18473888.58584831,26045887.404236637,0.47540983606557374,0.06557377049180328,-0.3263034087481447,-0.1229120700628,0.0,0.0,0.0
0.35000000000000003,0.05,0.2,0.15000000000000002,0.25,"(0.35, 0.05, 0.2, 0.15, 0.25)",0.058063699004889724,0.066436494755385,0.8739729454221902,0.0601580065221875,28121971.684597906,-0.18799422704694768,-0.28431726303402294,0.04313410137065745,0.0,61.0,22909010.13223739,22680016.551172614,18991745.35696426,25932228.45821061,0.47540983606557374,0.06557377049180328,-0.2839032669178183,-0.11187678778756016,0.0,0.0,0.0
0.2,0.05,0.2,0.25,0.30000000000000004,"(0.2, 0.05, 0.2, 0.25, 0.3)",0.057979419514931685,0.06994492927788731,0.828929560920459,0.0601580065221875,28088825.01471132,-0.20069003170315403,-0.3090224973187368,0.04649185411024566,0.0,61.0,22859935.68748003,22632368.97723556,18647677.653348804,26005918.13301382,0.47540983606557374,0.06557377049180328,-0.3082737173406798,-0.11775582997485551,0.0,0.0,0.0
0.05,0.05,0.2,0.35000000000000003,0.35000000000000003,"(0.05, 0.05, 0.2, 0.35, 0.35)",0.05785628722052172,0.07379204245846785,0.7840450717038331,0.0601580065221875,28045842.654554423,-0.21325111428528754,-0.33427627346200434,0.050356430044524204,0.0,61.0,22806646.61493111,22578976.037443,18306195.516383205,26073633.34354648,0.47540983606557374,0.06557377049180328,-0.3331485077934445,-0.12362411919239763,0.0,0.0,0.0
0.30000000000000004,0.05,0.2,0.2,0.25,"(0.3, 0.05, 0.2, 0.2, 0.25)",0.0578542388085983,0.06730607462598408,0.8595693498705863,0.0601580065221875,28063046.584743015,-0.19110436691974864,-0.2909918711219523,0.0438936161994733,0.0,61.0,22868244.747426715,22586442.323382385,18821283.918310747,25963336.408933923,0.47540983606557374,0.06557377049180328,-0.29046429187351425,-0.1125925936249536,0.0,0.0,0.0
0.15000000000000002,0.05,0.2,0.30000000000000004,0.30000000000000004,"(0.15, 0.05, 0.2, 0.3, 0.3)",0.05775473820837318,0.07097900501494316,0.8136876277177191,0.0601580065221875,28026105.200501084,-0.20376827861741975,-0.31588313762768316,0.047422666508129416,0.0,61.0,22817854.769669246,22536782.607332833,18479029.647574328,26034769.585080266,0.47540983606557374,0.06557377049180328,-0.31500644799359867,-0.11847182226524398,0.0,0.0,0.0
0.25,0.05,0.2,0.25,0.25,"(0.25, 0.05, 0.2, 0.25, 0.25)",0.0576370622364375,0.06827372250806092,0.8442056492471525,0.0601580065221875,28002280.23718141,-0.1942114418945603,-0.2977304061753119,0.044653131028289154,0.0,61.0,22826956.14758931,22492144.127127748,18651694.69026551,25993287.156268667,0.47540983606557374,0.06557377049180328,-0.2970847430317286,-0.11331253713612238,0.0,0.0,0.0
0.25,0.15000000000000002,0.15000000000000002,0.35000000000000003,0.1,"(0.25, 0.15, 0.15, 0.35, 0.1)",0.057579400525104685,0.06689637350223396,0.8607252906345044,0.0601580065221875,28064264.582767893,-0.18306812861587474,-0.2646774456103115,0.04432527028779283,0.0,61.0,22644862.622535694,22937148.450746574,19230340.86627041,25596771.666280307,0.47540983606557374,0.06557377049180328,-0.2663390832637505,-0.08241467132818864,0.0,0.0,0.0
0.1,0.05,0.2,0.35000000000000003,0.30000000000000004,"(0.1, 0.05, 0.2, 0.35, 0.3)",0.057522349794496996,0.07210158688619078,0.7977958915840996,0.0601580065221875,27961563.356613077,-0.20684343199315214,-0.3228076367558181,0.04835347890601317,0.0,61.0,22775255.516738538,22440492.397113636,18311261.703703683,26062455.282420244,0.47540983606557374,0.06557377049180328,-0.32179840845329666,-0.11919194339278548,0.0,0.0,0.0
0.2,0.05,0.2,0.30000000000000004,0.25,"(0.2, 0.05, 0.2, 0.3, 0.25)",0.057412175970648516,0.06933533259478747,0.828036353502178,0.0601580065221875,27939685.35573524,-0.19731540828654515,-0.304532832831729,0.045419715369618384,0.0,61.0,22785146.668740213,22397134.424967498,18482982.26479659,26022076.705901228,0.47540983606557374,0.06557377049180328,-0.30376453480758103,-0.11403660789524919,0.0,0.0,0.0
0.05,0.35000000000000003,0.2,0.05,0.35000000000000003,"(0.05, 0.35, 0.2, 0.05, 0.35)",0.06759549213634064,0.10816773645071451,0.6249136235474412,0.0601580065221875,30818922.040810447,-0.3271123589524694,-0.48935210607639495,0.07955910658840007,1.0,61.0,22783866.04192997,22967109.736595742,17494821.448635355,29271400.627786014,0.47540983606557374,0.04918032786885246,-0.49952975424272156,-0.13101501621213596,0.0,0.0,0.0
0.0,0.35000000000000003,0.2,0.1,0.35000000000000003,"(0.0, 0.35, 0.2, 0.1, 0.35)",0.06734708782328513,0.1090327543742769,0.6176775796390751,0.0601580065221875,30743828.22812437,-0.32926079267695174,-0.4955338729649621,0.08065916333733213,1.0,61.0,22734085.089245815,22873682.619049273,17534282.973176,29106920.92595486,0.47540983606557374,0.04918032786885246,-0.5056555282372271,-0.1297387807069224,0.0,0.0,0.0
0.05,0.35000000000000003,0.2,0.1,0.30000000000000004,"(0.05, 0.35, 0.2, 0.1, 0.3)",0.06704736365180275,0.10763655964400008,0.6229051158226993,0.0601580065221875,30661716.336655263,-0.32582029267842383,-0.4898061480726546,0.07848037637558024,1.0,61.0,22706601.728058577,22766038.13567984,17621743.491158746,28962994.347104885,0.47540983606557374,0.04918032786885246,-0.4999428970291683,-0.1285549438154267,0.0,0.0,0.0
0.15000000000000002,0.35000000000000003,0.2,0.05,0.25,"(0.15, 0.35, 0.2, 0.05, 0.25)",0.0669873153023881,0.10540810619722592,0.6355044001744057,0.0601580065221875,30652117.951194994,-0.3202219105902627,-0.47796791069173006,0.07554661283918544,1.0,61.0,22727263.30390132,22749967.51262657,17668921.63538859,28981585.652629286,0.47540983606557374,0.04918032786885246,-0.48816998176922916,-0.125628733226273,0.0,0.0,0.0
0.25,0.35000000000000003,0.2,0.0,0.2,"(0.25, 0.35, 0.2, 0.0, 0.2)",0.06691070636419139,0.10327941296140439,0.6478610252093123,0.0601580065221875,30637960.018295195,-0.3146196804778144,-0.46625343726487994,0.07261284930279066,1.0,61.0,22745802.414019827,22731288.317156825,17714614.016154803,28998285.031052507,0.47540983606557374,0.04918032786885246,-0.47651211460134385,-0.12271090518327947,0.0,0.0,0.0
0.2,0.35000000000000003,0.2,0.05,0.2,"(0.2, 0.35, 0.2, 0.05, 0.2)",0.06666936885676766,0.10411872656226552,0.6403206325895444,0.0601580065221875,30565205.972310744,-0.3168002183772899,-0.4723234359307494,0.0735436617006744,1.0,61.0,22697307.00136756,22639900.31634593,17755122.54332422,28836332.97441044,0.47540983606557374,0.04918032786885246,-0.4825364597051576,-0.1244806484275777,0.0,0.0,0.0
0.15000000000000002,0.30000000000000004,0.2,0.0,0.35000000000000003,"(0.15, 0.3, 0.2, 0.0, 0.35)",0.06665985538559172,0.09959353598504087,0.6693190951228416,0.0601580065221875,30540763.345013704,-0.29690251598211215,-0.43770659170144094,0.07282487614182613,1.0,61.0,22901983.79358218,22981317.91135828,18013873.52615195,28324547.354596093,0.47540983606557374,0.04918032786885246,-0.445360138662271,-0.13092990805241694,0.0,0.0,0.0
0.30000000000000004,0.35000000000000003,0.2,0.0,0.15000000000000002,"(0.3, 0.35, 0.2, 0.0, 0.15)",0.06658381554246207,0.1020415278321446,0.6525168424760411,0.0601580065221875,30548620.335662264,-0.3112017175431807,-0.4606610995336173,0.07060989816427962,1.0,61.0,22714483.01091399,22619824.02274869,17800108.340035345,28851952.143363055,0.47540983606557374,0.04918032786885246,-0.4709273701064775,-0.12158037024296758,0.0,0.0,0.0
0.1,0.30000000000000004,0.2,0.05,0.35000000000000003,"(0.1, 0.3, 0.2, 0.05, 0.35)",0.06642849683036522,0.10037353100267239,0.6618128919724524,0.0601580065221875,30470996.34558724,-0.29912700410710913,-0.44366678194276865,0.07375568853970987,1.0,61.0,22854232.488690794,22886924.116289593,18056010.389957074,28167528.25656983,0.47540983606557374,0.04918032786885246,-0.4512592192406942,-0.12965820002170528,0.0,0.0,0.0
0.2,0.30000000000000004,0.2,0.0,0.30000000000000004,"(0.2, 0.3, 0.2, 0.0, 0.3)",0.06635480197224886,0.09810530533922986,0.6763630340154013,0.0601580065221875,30457666.66240994,-0.29333120639419585,-0.43196054560286345,0.07082192500331509,1.0,61.0,22873037.85106612,22905632.638986696,18102980.0154734,28184126.93934609,0.47540983606557374,0.04918032786885246,-0.4396317491218785,-0.12476452673125019,0.0,0.0,0.0
0.35000000000000003,0.35000000000000003,0.2,0.0,0.1,"(0.35, 0.35, 0.2, 0.0, 0.1)",0.06624775472248023,0.10086955286154325,0.6567666143361813,0.0601580065221875,30457000.42479984,-0.30780008516832247,-0.4551014060661954,0.06860694702576858,1.0,61.0,22682077.22515397,22544461.87838834,17885018.873637684,28705414.60417466,0.47540983606557374,0.04918032786885246,-0.4653743825864546,-0.1204561845831066,0.0,0.0,0.0
0.05,0.30000000000000004,0.2,0.1,0.35000000000000003,"(0.05, 0.3, 0.2, 0.1, 0.35)",0.0661892978494174,0.10122110797288364,0.6539080550980435,0.0601580065221875,30399237.99564677,-0.3013568123320296,-0.44968003923703215,0.07468650093759363,1.0,61.0,22805986.0596373,22791113.4411731,18097481.01458028,28010556.112085387,0.47540983606557374,0.04918032786885246,-0.4572083825990537,-0.12839719104000905,0.0,0.0,0.0
0.15000000000000002,0.30000000000000004,0.2,0.05,0.30000000000000004,"(0.15, 0.3, 0.2, 0.05, 0.3)",0.06612318055237698,0.09889886445932405,0.6685939309199316,0.0601580065221875,30388001.929385077,-0.2955684755985034,-0.4379004909674093,0.07175273740119885,1.0,61.0,22825552.243107524,22773684.532734446,18145257.572077226,28027933.1953888,0.47540983606557374,0.04918032786885246,-0.4455131461262473,-0.12354154509294965,0.0,0.0,0.0
0.25,0.30000000000000004,0.2,0.0,0.25,"(0.25, 0.3, 0.2, 0.0, 0.25)",0.06604055252721097,0.09667877995148008,0.6830925313740468,0.0601580065221875,30372255.601219278,-0.289776082349836,-0.42624710596963183,0.06881897386480407,1.0,61.0,22842988.922226742,22844682.797409955,18191511.63688562,28043479.22112411,0.47540983606557374,0.04918032786885246,-0.43393486993863767,-0.11870141620176802,0.0,0.0,0.0
0.0,0.30000000000000004,0.2,0.15000000000000002,0.35000000000000003,"(0.0, 0.3, 0.2, 0.15, 0.35)",0.06594226554511318,0.10213458439698485,0.6456409054234119,0.0601580065221875,30325503.32356853,-0.30366920718564394,-0.455913161890563,0.07561731333547739,1.0,61.0,22757247.351824526,22698521.56318405,18138280.57111397,27853640.048852824,0.47540983606557374,0.04918032786885246,-0.4632720634105959,-0.12714681495041877,0.0,0.0,0.0
0.30000000000000004,0.2,0.30000000000000004,0.0,0.2,"(0.3, 0.2, 0.3, 0.0, 0.2)",0.06589997632253941,0.10282596061856611,0.6408885064249097,0.0601580065221875,30202696.61649036,-0.30676508756188214,-0.49411602543318767,0.07044248400764071,1.0,61.0,22703800.59962366,22907822.249519423,18666032.203968037,26871342.991115957,0.47540983606557374,0.04918032786885246,-0.4984185720615894,-0.140256767284705,0.0,0.0,0.0
0.35000000000000003,0.2,0.30000000000000004,0.0,0.15000000000000002,"(0.35, 0.2, 0.3, 0.0, 0.15)",0.06557983540389856,0.10152331165127355,0.6459583945523895,0.0601580065221875,30116192.53518218,-0.300942049872887,-0.4825712598918465,0.06843953286912967,1.0,61.0,22676608.061744355,22955760.92860765,18675826.96051323,26922964.41587401,0.47540983606557374,0.04918032786885246,-0.48689797103388543,-0.13874936340117164,0.0,0.0,0.0
0.1,0.2,0.25,0.1,0.35000000000000003,"(0.1, 0.2, 0.25, 0.1, 0.35)",0.06503128996134433,0.0975624055351278,0.6665609524964974,0.0601580065221875,29992611.512380455,-0.2946390774750025,-0.4638026614913119,0.07070290500176983,1.0,61.0,22811466.92408143,22691462.97090581,18942518.102926873,26283571.49265698,0.47540983606557374,0.04918032786885246,-0.46762826554061615,-0.1396687879941507,0.0,0.0,0.0
0.2,0.2,0.25,0.05,0.30000000000000004,"(0.2, 0.2, 0.25, 0.05, 0.3)",0.06496222983827926,0.09517057507287711,0.6825873416077844,0.0601580065221875,29980427.15971183,-0.28594981075974424,-0.4451336473499497,0.06776914146537505,1.0,61.0,22829263.316621494,22679385.934775133,19128372.162300628,26267113.098476816,0.47540983606557374,0.04918032786885246,-0.44907838950072604,-0.13499114291283942,0.0,0.0,0.0
0.1,0.25,0.2,0.1,0.35000000000000003,"(0.1, 0.25, 0.2, 0.1, 0.35)",0.06493318022044692,0.09374027911459147,0.6926924139096095,0.0601580065221875,30031553.03634261,-0.27800232671923564,-0.41434038028534254,0.06888967436109598,1.0,61.0,22868000.629941367,22871712.910136335,18669230.565410443,26944997.95289108,0.47540983606557374,0.04918032786885246,-0.41970339050623257,-0.12702944949824901,0.0,0.0,0.0
0.30000000000000004,0.2,0.25,0.0,0.25,"(0.3, 0.2, 0.25, 0.0, 0.25)",0.06487672500647101,0.0928815490562088,0.6984888351421636,0.0601580065221875,29963800.282238558,-0.27719106040605934,-0.42669774724221976,0.06483537792898025,1.0,61.0,22844931.03812287,22692051.00835042,19258998.36735143,26248220.135313597,0.47540983606557374,0.04918032786885246,-0.43074452619327397,-0.13032788360012384,0.0,0.0,0.0
0.2,0.25,0.2,0.05,0.30000000000000004,"(0.2, 0.25, 0.2, 0.05, 0.3)",0.06485215685473222,0.0913703525459286,0.7097724266975262,0.0601580065221875,30016350.218785092,-0.2691197558350984,-0.3966288904260958,0.0659559108247012,1.0,61.0,22885095.5760845,22834772.81567113,18716857.470469687,26960203.71672254,0.47540983606557374,0.04918032786885246,-0.40201494905120816,-0.12226964170334095,0.0,0.0,0.0
0.05,0.2,0.25,0.15000000000000002,0.35000000000000003,"(0.05, 0.2, 0.25, 0.15, 0.35)",0.06478771069766553,0.09848315478225592,0.6578557606212934,0.0601580065221875,29920914.293474276,-0.2973481984306843,-0.4711979826441488,0.07163371739965359,1.0,61.0,22766103.30065457,22716311.230677374,18769543.699846826,26351693.788381346,0.47540983606557374,0.04918032786885246,-0.47491708149718825,-0.13834551216920754,0.0,0.0,0.0
0.15000000000000002,0.2,0.25,0.1,0.30000000000000004,"(0.15, 0.2, 0.25, 0.1, 0.3)",0.06472619830925308,0.09603861017368838,0.6739601728116851,0.0601580065221875,29910787.59786366,-0.2886851676862593,-0.452410697889162,0.06869995386325879,1.0,61.0,22784665.26161239,22710885.531745143,18954336.832493298,26336168.245468803,0.47540983606557374,0.04918032786885246,-0.45625774124556906,-0.1337047463141868,0.0,0.0,0.0
0.25,0.2,0.25,0.05,0.25,"(0.25, 0.2, 0.25, 0.05, 0.25)",0.06464824532756186,0.09369325440926343,0.6899989303943966,0.0601580065221875,29896226.570627097,-0.2799527782859007,-0.4338566713924114,0.06576619032686401,1.0,61.0,22801103.561619606,22724373.44531579,19139077.140102208,26318200.288605146,0.47540983606557374,0.04918032786885246,-0.4378144660154498,-0.12907797240884872,0.0,0.0,0.0
0.35000000000000003,0.2,0.25,0.0,0.2,"(0.35, 0.2, 0.25, 0.0, 0.2)",0.06455387117672862,0.09145471889947297,0.7058560996473701,0.0601580065221875,29877243.680351343,-0.27115091892906995,-0.41553583056891275,0.06283242679046921,1.0,61.0,22815416.835416663,22722567.05605501,19323729.333113767,26297798.8438825,0.47540983606557374,0.04918032786885246,-0.4195872411541655,-0.12446605034899298,0.0,0.0,0.0
0.0,0.35000000000000003,0.15000000000000002,0.25,0.25,"(0.0, 0.35, 0.15, 0.25, 0.25)",0.06454393373181033,0.09926834448564528,0.6501965361288333,0.0601580065221875,30002764.35925594,-0.29690987618142206,-0.43308169924935863,0.0724844042498328,1.0,61.0,22648622.45435362,22867239.013237584,17905180.420925975,28113713.002213884,0.47540983606557374,0.04918032786885246,-0.44518294155069066,-0.11384839495460068,0.0,0.0,0.0
0.0,0.2,0.25,0.2,0.35000000000000003,"(0.0, 0.2, 0.25, 0.2, 0.35)",0.06453633033828088,0.09947026809707385,0.6488002050552366,0.0601580065221875,29847278.5953217,-0.30005498294084343,-0.47865299505050707,0.07256452979753734,1.0,61.0,22720234.20286827,22725133.62290631,18597486.196635135,26418867.09956752,0.47540983606557374,0.04918032786885246,-0.4822613166619291,-0.13703277946368314,0.0,0.0,0.0
0.1,0.2,0.25,0.15000000000000002,0.30000000000000004,"(0.1, 0.2, 0.25, 0.15, 0.3)",0.06448236309706856,0.09697569069544258,0.6649332697157984,0.0601580065221875,29839201.083093308,-0.29141817569275386,-0.45974753086943326,0.06963076626114255,1.0,61.0,22739558.880506653,22741460.816847127,18781215.77282238,26404280.530534975,0.47540983606557374,0.04918032786885246,-0.4634926740257674,-0.13242872156448227,0.0,0.0,0.0
0.2,0.2,0.25,0.1,0.25,"(0.2, 0.2, 0.25, 0.1, 0.25)",0.06441195947333034,0.09457675901557383,0.68105483993931,0.0601580065221875,29826697.989905618,-0.2827121347795406,-0.4410754550937201,0.06669700272474777,1.0,61.0,22756764.999497626,22755773.543808408,18964905.807263244,26387243.835919313,0.47540983606557374,0.04918032786885246,-0.44494013610119515,-0.12783826608893006,0.0,0.0,0.0
0.2,0.35000000000000003,0.15000000000000002,0.15000000000000002,0.15000000000000002,"(0.2, 0.35, 0.15, 0.15, 0.15)",0.06438090821000109,0.09474512384134869,0.6795168511026206,0.0601580065221875,29972675.940999378,-0.28539428421475177,-0.41038499225685143,0.06614199223721645,1.0,61.0,22683385.123465724,22826631.691076495,17995915.42788327,28146978.17358462,0.47540983606557374,0.04918032786885246,-0.4213976216242005,-0.10691493876085659,0.0,0.0,0.0
0.30000000000000004,0.2,0.25,0.05,0.2,"(0.3, 0.2, 0.25, 0.05, 0.2)",0.0643251386852417,0.0922809325668043,0.6970577441734808,0.0601580065221875,29809780.86628607,-0.2739367482962173,-0.42263671527942603,0.06376323918835297,1.0,61.0,22771850.981848925,22768071.672176085,19148521.330720995,26367765.71074353,0.47540983606557374,0.04918032786885246,-0.4266037050088404,-0.12326226881882403,0.0,0.0,0.0
0.1,0.25,0.25,0.25,0.15000000000000002,"(0.1, 0.25, 0.25, 0.25, 0.15)",0.06428078618631439,0.10217126968741497,0.6291473756074133,0.0601580065221875,29799811.671668053,-0.29854517908092904,-0.46898263081696484,0.07128036421787458,1.0,61.0,22499134.747176047,22539395.762280993,18577196.678951375,26723945.57925408,0.47540983606557374,0.04918032786885246,-0.47458389923653194,-0.13990388730678108,0.0,0.0,0.0
0.30000000000000004,0.35000000000000003,0.15000000000000002,0.1,0.1,"(0.3, 0.35, 0.15, 0.1, 0.1)",0.06427475201103006,0.09264798024417176,0.6937523283468817,0.0601580065221875,29950998.5738141,-0.27963223171460294,-0.3992218158985985,0.06301557486660425,1.0,61.0,22697602.292616665,22853662.423370466,18039017.09954046,28160855.61411004,0.47540983606557374,0.04918032786885246,-0.4097191601749505,-0.10348461954879988,0.0,0.0,0.0
0.05,0.2,0.25,0.2,0.30000000000000004,"(0.05, 0.2, 0.25, 0.2, 0.3)",0.0642307312820154,0.09797983560404427,0.6555505108376011,0.0601580065221875,29765682.580364145,-0.29414879208493583,-0.4671440444697363,0.0705615786590263,1.0,61.0,22693946.755808387,22771108.151788127,18609013.460078817,26471441.642299093,0.47540983606557374,0.04918032786885246,-0.4707830405945693,-0.1311630095021584,0.0,0.0,0.0
0.2,0.25,0.25,0.2,0.1,"(0.2, 0.25, 0.25, 0.2, 0.1)",0.06421374384528056,0.09986160946947875,0.643027327382567,0.0601580065221875,29788249.766147006,-0.2927938131420338,-0.4567036033660511,0.06834660068147981,1.0,61.0,22516255.8538715,22553619.919185903,18758955.524050884,26706557.435442127,0.47540983606557374,0.04918032786885246,-0.4624477460939483,-0.13786935841518413,0.0,0.0,0.0
0.15000000000000002,0.2,0.25,0.15000000000000002,0.25,"(0.15, 0.2, 0.25, 0.15, 0.25)",0.06416787443249006,0.09553007080157441,0.6717034112303046,0.0601580065221875,29755229.103645388,-0.28546908706066865,-0.44835400724667496,0.06762781512263152,1.0,61.0,22711917.88067342,22786247.57181185,18791650.52736835,26455342.377161898,0.47540983606557374,0.04918032786885246,-0.45212139920362354,-0.12660870523703407,0.0,0.0,0.0
0.30000000000000004,0.25,0.25,0.15000000000000002,0.05,"(0.3, 0.25, 0.25, 0.15, 0.05)",0.06413028987461322,0.09765368478254302,0.6567114186978167,0.0601580065221875,29772281.014023185,-0.2870389244684832,-0.44455557949557484,0.065412837145085,1.0,61.0,22531280.108278975,22565846.43290201,18940643.213851497,26686696.258312482,0.47540983606557374,0.04918032786885246,-0.45043244409679023,-0.1358512157756115,0.0,0.0,0.0
0.25,0.15000000000000002,0.25,0.0,0.35000000000000003,"(0.25, 0.15, 0.25, 0.0, 0.35)",0.0640926171945575,0.08957215097598141,0.7155417894535524,0.0601580065221875,29726496.61343877,-0.2700362648169876,-0.4211814151455079,0.06304445362950468,1.0,61.0,22950653.09110268,22954265.51373032,19165248.45500735,26183017.41244219,0.47540983606557374,0.04918032786885246,-0.42342507745867575,-0.1406033344175528,0.0,0.0,0.0
0.25,0.2,0.25,0.1,0.2,"(0.25, 0.2, 0.25, 0.1, 0.2)",0.06408860451895859,0.09317976754204461,0.6877952822756346,0.0601580065221875,29740369.98607223,-0.2767201608614095,-0.42979744222199234,0.06469405158623671,1.0,61.0,22727773.85103731,22799370.545772232,18974226.49254685,26436793.871720143,0.47540983606557374,0.04918032786885246,-0.43367590852215243,-0.12206846978346818,0.0,0.0,0.0
0.15000000000000002,0.35000000000000003,0.1,0.1,0.30000000000000004,"(0.15, 0.35, 0.1, 0.1, 0.3)",0.06400792936235034,0.08853258484265976,0.7229872422239261,0.0601580065221875,29920388.59907738,-0.260250077178824,-0.3559726543249246,0.06523291750862209,1.0,61.0,22945384.50800589,22950713.812978372,17763513.166412946,28633907.4220149,0.47540983606557374,0.04918032786885246,-0.3641781200357872,-0.0938670590063288,0.0,0.0,0.0
0.35000000000000003,0.2,0.25,0.05,0.15000000000000002,"(0.35, 0.2, 0.25, 0.05, 0.15)",0.06399294084357066,0.09093663805366074,0.7037091123360982,0.0601580065221875,29721117.74775702,-0.26790190578168027,-0.41147428011063675,0.06176028804984194,1.0,61.0,22741513.431713596,22810477.22073533,19156706.419503953,26415805.184444066,0.47540983606557374,0.04918032786885246,-0.41544655918289164,-0.11770498663963522,0.0,0.0,0.0
0.0,0.2,0.25,0.25,0.30000000000000004,"(0.0, 0.2, 0.25, 0.25, 0.3)",0.06397131003285361,0.09904900525248025,0.645855148870884,0.0601580065221875,29690247.42080062,-0.2968769743243298,-0.4746001285573565,0.07149239105691005,1.0,61.0,22647831.499585383,22799824.005596746,18437734.221237462,26537643.361676697,0.47540983606557374,0.04918032786885246,-0.47812868575794537,-0.13109145620429144,0.0,0.0,0.0
0.1,0.2,0.25,0.2,0.25,"(0.1, 0.2, 0.25, 0.2, 0.25)",0.06391599728232045,0.09655112203486106,0.6619912429318298,0.0601580065221875,29681834.84527812,-0.2882235924560518,-0.45569222849557695,0.06855862752051527,1.0,61.0,22666564.7638936,22815791.904180437,18619315.757272493,26522487.603260808,0.47540983606557374,0.04918032786885246,-0.4593581101663657,-0.12538923022296322,0.0,0.0,0.0
0.25,0.35000000000000003,0.1,0.05,0.25,"(0.25, 0.35, 0.1, 0.05, 0.25)",0.06389385376404588,0.08637064250415831,0.7397635575186293,0.0601580065221875,29896850.256258465,-0.25428108238185687,-0.34530033800704196,0.06210937685459782,1.0,61.0,22959737.33666139,22947791.131624084,17805202.078604016,28584719.331158757,0.47540983606557374,0.04918032786885246,-0.35349948451204866,-0.08899856802462021,0.0,0.0,0.0
0.25,0.25,0.25,0.2,0.05,"(0.25, 0.25, 0.25, 0.2, 0.05)",0.06386823042311573,0.09874627483353092,0.6467912894009064,0.0601580065221875,29696085.799618214,-0.2893496111734155,-0.45081407860185413,0.06634364954296876,1.0,61.0,22485448.33312838,22593676.76140338,18765949.638168484,26752927.254610006,0.47540983606557374,0.04918032786885246,-0.45660621203847684,-0.14078468160925722,0.0,0.0,0.0
0.2,0.2,0.25,0.15000000000000002,0.2,"(0.2, 0.2, 0.25, 0.15, 0.2)",0.06384427566374007,0.09414914391725919,0.6781184937788509,0.0601580065221875,29669025.571960267,-0.2795011138204526,-0.437017922739453,0.06562486398412047,1.0,61.0,22683187.947974727,22829741.63567208,18800849.40609706,26504874.92916987,0.47540983606557374,0.04918032786885246,-0.44080371652164146,-0.12223489351907744,0.0,0.0,0.0
0.35000000000000003,0.25,0.25,0.15000000000000002,0.0,"(0.35, 0.25, 0.25, 0.15, 0.0)",0.06377594978753409,0.09659567169949534,0.6602361023580654,0.0601580065221875,29677791.372811187,-0.2835991958218973,-0.4387219455872896,0.06340988600657398,1.0,61.0,22499141.48882901,22604722.08133402,18946495.223409507,26731541.276184663,0.47540983606557374,0.04918032786885246,-0.4446427757001354,-0.13877129241285224,0.0,0.0,0.0
0.35000000000000003,0.35000000000000003,0.1,0.0,0.2,"(0.35, 0.35, 0.1, 0.0, 0.2)",0.06376338345343924,0.08433436786812874,0.7560782758595431,0.0601580065221875,29868926.21162105,-0.24830976916421588,-0.33475017473067925,0.058985836200573544,1.0,61.0,22971956.938771434,22915742.5045611,17845385.996156108,28533651.713276193,0.47540983606557374,0.04918032786885246,-0.34293459600903986,-0.08414934604271812,0.0,0.0,0.0
0.30000000000000004,0.2,0.25,0.1,0.15000000000000002,"(0.3, 0.2, 0.25, 0.1, 0.15)",0.06375616427393793,0.09185059522938493,0.6941290267604167,0.0601580065221875,29651831.207516283,-0.270709430094905,-0.41857716221014185,0.06269110044772569,1.0,61.0,22697699.604339723,22841673.146912485,18982300.54886177,26484814.166008547,0.47540983606557374,0.04918032786885246,-0.42246551228681267,-0.11941605161560409,0.0,0.0,0.0
0.15000000000000002,0.2,0.2,0.1,0.35000000000000003,"(0.15, 0.2, 0.2, 0.1, 0.35)",0.06357945879036153,0.08667596676190836,0.7335304256254677,0.0601580065221875,29641788.924668748,-0.2585028926096299,-0.3870300258053899,0.06309284778459835,1.0,61.0,22920045.906717062,22940229.09327382,19249292.26438889,25909892.386733677,0.47540983606557374,0.04918032786885246,-0.39062573309978055,-0.12563579097277774,0.0,0.0,0.0
0.25,0.2,0.25,0.15000000000000002,0.15000000000000002,"(0.25, 0.2, 0.25, 0.15, 0.15)",0.06351159751469049,0.09283579700123788,0.6841283165139802,0.0601580065221875,29580618.027673036,-0.27351443930910235,-0.42573978211143404,0.06362191284560945,1.0,61.0,22653376.80442039,22871939.621742025,18808814.04493906,26552873.9934458,0.47540983606557374,0.04918032786885246,-0.4295400808215007,-0.12110802491540028,0.0,0.0,0.0
0.2,0.30000000000000004,0.15000000000000002,0.15000000000000002,0.2,"(0.2, 0.3, 0.15, 0.15, 0.2)",0.06348773394085772,0.08775058408421726,0.7235021237001266,0.0601580065221875,29705604.432727892,-0.2595571407580929,-0.37048928928577857,0.06227586723523704,1.0,61.0,22777008.257669587,22977057.858231455,18480113.557016872,27214592.464745954,0.47540983606557374,0.04918032786885246,-0.3772871595311871,-0.0967404627041411,0.0,0.0,0.0
0.25,0.2,0.2,0.05,0.30000000000000004,"(0.25, 0.2, 0.2, 0.05, 0.3)",0.06348368631772061,0.08426181409035409,0.7534099164972515,0.0601580065221875,29622766.638046965,-0.24943743973031318,-0.36928919743843996,0.06015908424820356,1.0,61.0,22934669.517012235,22900303.376755476,19296710.83557004,25923063.847250335,0.47540983606557374,0.04918032786885246,-0.372953598682845,-0.12097166524843478,0.0,0.0,0.0
0.35000000000000003,0.2,0.25,0.1,0.1,"(0.35, 0.2, 0.25, 0.1, 0.1)",0.06341466933261675,0.09059222726204744,0.7000012169828127,0.0601580065221875,29561109.588659946,-0.26468012869938684,-0.40741511176924533,0.06068814930921466,1.0,61.0,22666550.120699916,22882678.123651326,18989129.83081908,26531300.737629678,0.47540983606557374,0.04918032786885246,-0.411309396495585,-0.11830640798217472,0.0,0.0,0.0
0.30000000000000004,0.30000000000000004,0.15000000000000002,0.1,0.15000000000000002,"(0.3, 0.3, 0.15, 0.1, 0.15)",0.06337576670017331,0.08554067787158072,0.7408845508018672,0.0601580065221875,29682491.687154673,-0.25359924053920635,-0.35938884690153,0.05915232658121276,1.0,61.0,22790121.171129204,22951664.651494257,18523722.404297456,27227424.354303416,0.47540983606557374,0.04918032786885246,-0.36622674783423564,-0.09400150487161966,0.0,0.0,0.0
0.35000000000000003,0.2,0.2,0.0,0.25,"(0.35, 0.2, 0.2, 0.0, 0.25)",0.06337155064186284,0.08196286856229917,0.7731738987843593,0.0601580065221875,29599384.36691669,-0.2403000819650395,-0.3517769229299513,0.057225320711808775,1.0,61.0,22947160.35265889,22857855.222787358,19342514.342867993,25934538.645702507,0.47540983606557374,0.04918032786885246,-0.3554933209554071,-0.11632361234660778,0.0,0.0,0.0
0.1,0.2,0.2,0.15000000000000002,0.35000000000000003,"(0.1, 0.2, 0.2, 0.15, 0.35)",0.0633508029610339,0.08754686262959525,0.7236216245585726,0.0601580065221875,29574717.171304014,-0.26134633006965946,-0.39392908408327565,0.0640236601824821,1.0,61.0,22874430.022902388,22842881.765004627,19294270.951030847,25795305.640580446,0.47540983606557374,0.04918032786885246,-0.3974461543055531,-0.1244164510557221,0.0,0.0,0.0
0.05,0.30000000000000004,0.15000000000000002,0.25,0.25,"(0.05, 0.3, 0.15, 0.25, 0.25)",0.06333525882530999,0.09111060431108167,0.6951469513807912,0.0601580065221875,29651719.33451834,-0.26787268268023134,-0.3874283783755518,0.06629654739506888,1.0,61.0,22712324.027580246,22906098.268303502,18476086.71050278,27047848.29683964,0.47540983606557374,0.04918032786885246,-0.3951082048540399,-0.10127511403278655,0.0,0.0,0.0
0.0,0.35000000000000003,0.1,0.25,0.30000000000000004,"(0.0, 0.35, 0.1, 0.25, 0.3)",0.06330557982491403,0.09121095184034361,0.6940567831780182,0.0601580065221875,29712297.64423404,-0.26728887122666345,-0.37229260439720335,0.06792433602604477,1.0,61.0,22792106.911266968,22943164.269857984,17886584.387506675,28098025.04464124,0.47540983606557374,0.04918032786885246,-0.3827050113558525,-0.09089775000684647,0.0,0.0,0.0
0.2,0.2,0.2,0.1,0.30000000000000004,"(0.2, 0.2, 0.2, 0.1, 0.3)",0.06326258185054323,0.08507203264468104,0.7436354802379181,0.0601580065221875,29557741.670269288,-0.2523081633415136,-0.37607222236440147,0.06108989664608731,1.0,61.0,22889829.55761072,22810458.279123385,19342544.4191418,25781039.48299026,0.47540983606557374,0.04918032786885246,-0.37966639443011085,-0.11978832502339139,0.0,0.0,0.0
0.15000000000000002,0.30000000000000004,0.15000000000000002,0.2,0.2,"(0.15, 0.3, 0.15, 0.2, 0.2)",0.06324724125172576,0.08873062523383834,0.7128005813668692,0.0601580065221875,29635032.643779937,-0.26192513721764366,-0.376129559146087,0.06317300674104459,1.0,61.0,22728320.29091445,22884529.736604422,18522063.040651575,27063215.655994818,0.47540983606557374,0.04918032786885246,-0.38337658951337616,-0.0985339413359219,0.0,0.0,0.0
0.1,0.35000000000000003,0.1,0.2,0.25,"(0.1, 0.35, 0.1, 0.2, 0.25)",0.06321428168064402,0.08886905811506808,0.7113193615576962,0.0601580065221875,29694970.580657646,-0.26134166755156607,-0.36140983110957364,0.06480079537202048,1.0,61.0,22808768.75062649,22934712.341684386,17930646.062893625,28052360.524893753,0.47540983606557374,0.04918032786885246,-0.3713214393126886,-0.08674557904244731,0.0,0.0,0.0
0.25,0.30000000000000004,0.15000000000000002,0.15000000000000002,0.15000000000000002,"(0.25, 0.3, 0.15, 0.15, 0.15)",0.06314285407629194,0.0864617481914553,0.7302981422081878,0.0601580065221875,29613985.2935169,-0.2559745873298672,-0.36495666821217454,0.06004946608702032,1.0,61.0,22742205.528414164,22860369.05866519,18566488.7396643,27076815.877914734,0.47540983606557374,0.04918032786885246,-0.3717889199270633,-0.09580231886533254,0.0,0.0,0.0
0.05,0.2,0.2,0.2,0.35000000000000003,"(0.05, 0.2, 0.2, 0.2, 0.35)",0.06311435823976241,0.08849337125362515,0.7132100104862591,0.0601580065221875,29505716.474103387,-0.2641872081240554,-0.40088739008460295,0.06495447258036587,1.0,61.0,22828309.185096715,22828317.940183237,19243678.309656058,25843143.4962255,0.47540983606557374,0.04918032786885246,-0.40432183461163956,-0.12320725985626793,0.0,0.0,0.0
0.2,0.35000000000000003,0.1,0.15000000000000002,0.2,"(0.2, 0.35, 0.1, 0.15, 0.2)",0.06310659989127454,0.08664011573384808,0.7283762187614484,0.0601580065221875,29673277.08329316,-0.2553916390960236,-0.35064902737666914,0.061677254717996205,1.0,61.0,22823313.172392916,22923655.325341497,17973201.944440886,28050317.299427185,0.47540983606557374,0.04918032786885246,-0.36007814058233034,-0.08403583902711897,0.0,0.0,0.0
0.0,0.30000000000000004,0.15000000000000002,0.30000000000000004,0.25,"(0.0, 0.3, 0.15, 0.3, 0.25)",0.06307939922550165,0.09221457173485927,0.6840502323957133,0.0601580065221875,29577181.757756338,-0.2702383490299155,-0.3931937783555589,0.06719368690087643,1.0,61.0,22662385.08661601,22811588.790574178,18516532.61702737,26895775.212715887,0.47540983606557374,0.04918032786885246,-0.4017412833094162,-0.1062454337641634,0.0,0.0,0.0
0.30000000000000004,0.35000000000000003,0.1,0.1,0.15000000000000002,"(0.3, 0.35, 0.1, 0.1, 0.15)",0.06298255423693844,0.0845330599704471,0.7450641708576176,0.0601580065221875,29647232.680117477,-0.2494393535031797,-0.34001061770360236,0.058553714063971946,1.0,61.0,22835739.320389483,22909999.25922256,18014243.959334515,28062985.1242314,0.47540983606557374,0.04918032786885246,-0.34897506820559937,-0.08133651891508636,0.0,0.0,0.0
0.15000000000000002,0.35000000000000003,0.1,0.2,0.2,"(0.15, 0.35, 0.1, 0.2, 0.2)",0.06287204974952942,0.08756543259760867,0.7180007896317571,0.0601580065221875,29604175.929593116,-0.2577633200305818,-0.35605069591239485,0.06257439422380377,1.0,61.0,22772798.066884473,22864789.975138802,18014495.30384898,27894785.68944331,0.47540983606557374,0.04918032786885246,-0.3663094960065066,-0.08802361254954234,0.0,0.0,0.0
0.25,0.35000000000000003,0.1,0.15000000000000002,0.15000000000000002,"(0.25, 0.35, 0.1, 0.15, 0.15)",0.0627555987537578,0.08539614184449708,0.73487627658909,0.0601580065221875,29580200.67284696,-0.2518181532228656,-0.34534207584963966,0.05945085356977949,1.0,61.0,22785998.134707768,22839341.24954326,18056331.615754675,27908248.41709655,0.47540983606557374,0.04918032786885246,-0.355110065081978,-0.08468373429853945,0.0,0.0,0.0
0.0,0.35000000000000003,0.1,0.30000000000000004,0.25,"(0.0, 0.35, 0.1, 0.3, 0.25)",0.06272220275951601,0.09090686908172997,0.6899610930734564,0.0601580065221875,29550732.388875898,-0.266075726004249,-0.37240451237668304,0.06659507438363561,1.0,61.0,22705725.842808437,22935635.020673357,18010977.937238615,27723243.616217,0.47540983606557374,0.04918032786885246,-0.3840529944429284,-0.09642525898940116,0.0,0.0,0.0
0.1,0.35000000000000003,0.1,0.25,0.2,"(0.1, 0.35, 0.1, 0.25, 0.2)",0.0626297001814562,0.08856519618343896,0.7071592779147199,0.0601580065221875,29533156.089649178,-0.2601403695173444,-0.3615034652206337,0.06347153372961133,1.0,61.0,22721804.415421516,22897081.0714435,18055124.650978025,27739301.430588704,0.47540983606557374,0.04918032786885246,-0.3726158457454356,-0.09305181779851765,0.0,0.0,0.0
0.35000000000000003,0.35000000000000003,0.1,0.1,0.1,"(0.35, 0.35, 0.1, 0.1, 0.1)",0.06262280743694615,0.08335361724197671,0.7512908198710954,0.0601580065221875,29551897.59349007,-0.24587112924782784,-0.334756194950789,0.056327312915755226,1.0,61.0,22797084.649156217,22844698.79864155,18096645.944554422,27919888.057316296,0.47540983606557374,0.04918032786885246,-0.34405118792829764,-0.08136924725346578,0.0,0.0,0.0
0.05,0.2,0.2,0.25,0.30000000000000004,"(0.05, 0.2, 0.2, 0.25, 0.3)",0.06255254770950702,0.08796706745160979,0.711090519687005,0.0601580065221875,29351104.928108305,-0.2609047234845908,-0.3967768334379053,0.06388233383973857,1.0,61.0,22752273.536416214,22770022.67172755,19077729.448028732,25958429.106482454,0.47540983606557374,0.04918032786885246,-0.4001366386330424,-0.11629799018678007,0.0,0.0,0.0
0.2,0.35000000000000003,0.1,0.2,0.15000000000000002,"(0.2, 0.35, 0.1, 0.2, 0.15)",0.06252084119263612,0.086336883851901,0.724149846546257,0.0601580065221875,29511242.69811468,-0.2542024182054693,-0.3507246714003051,0.06034799307558705,1.0,61.0,22735775.280256487,22855997.999653764,18097757.16958931,27753549.29106459,0.47540983606557374,0.04918032786885246,-0.36131968718061597,-0.08970293505841494,0.0,0.0,0.0
0.15000000000000002,0.2,0.2,0.2,0.25,"(0.15, 0.2, 0.2, 0.2, 0.25)",0.06247061747138294,0.08542794270322437,0.731266790403757,0.0601580065221875,29335892.97338799,-0.25187694321919674,-0.3788014496798358,0.06094857030334379,1.0,61.0,22767870.657545254,22755406.49500613,19262624.8099622,25939696.01235673,0.47540983606557374,0.04918032786885246,-0.38224693526409276,-0.11179139044609107,0.0,0.0,0.0
0.30000000000000004,0.35000000000000003,0.1,0.15000000000000002,0.1,"(0.3, 0.35, 0.1, 0.15, 0.1)",0.06239564545661325,0.08423092936077362,0.740768811767034,0.0601580065221875,29485007.757510435,-0.24826243925892078,-0.340068556243519,0.05722445242156278,1.0,61.0,22747637.706650067,22855252.795234576,18138867.416087255,27765985.028181124,0.47540983606557374,0.04918032786885246,-0.35016447238398263,-0.08637899162811868,0.0,0.0,0.0
0.1,0.35000000000000003,0.05,0.15000000000000002,0.35000000000000003,"(0.1, 0.35, 0.05, 0.15, 0.35)",0.06235645466888062,0.08248681655454985,0.7559566155355663,0.0601580065221875,29515826.60632435,-0.2333920251071625,-0.3071697155235178,0.062025302146548056,1.0,61.0,23032575.50941382,22936397.67071259,17770988.66331379,28651893.53342585,0.47540983606557374,0.04918032786885246,-0.31445136617367425,-0.08388437790449957,0.0,0.0,0.0
0.0,0.2,0.2,0.30000000000000004,0.30000000000000004,"(0.0, 0.2, 0.2, 0.3, 0.3)",0.0623003194190026,0.08907848791951985,0.6993868090272184,0.0601580065221875,29278420.0255619,-0.26376489686030224,-0.4037966230221544,0.06481314623762234,1.0,61.0,22705418.356324594,22840192.586250175,18902617.321542766,26023760.653554793,0.47540983606557374,0.04918032786885246,-0.40707025845159756,-0.11515423612554702,0.0,0.0,0.0
0.15000000000000002,0.35000000000000003,0.1,0.25,0.15000000000000002,"(0.15, 0.35, 0.1, 0.25, 0.15)",0.06227828862605511,0.08735277695620644,0.712951445805527,0.0601580065221875,29440373.127633434,-0.2565920520469187,-0.35615844754594855,0.0613787104534948,1.0,61.0,22685073.770608727,22834675.7400559,18138515.821142834,27598896.80920476,0.47540983606557374,0.04918032786885246,-0.3676043691752158,-0.09469211496638051,0.0,0.0,0.0
0.1,0.2,0.2,0.25,0.25,"(0.1, 0.2, 0.2, 0.25, 0.25)",0.0622259340233724,0.08648799298644792,0.7194748296809567,0.0601580065221875,29265231.447026603,-0.25476447613278574,-0.3857056204590837,0.06187938270122754,1.0,61.0,22721784.938608382,22826409.385081492,19086458.785626266,26005946.377620075,0.47540983606557374,0.04918032786885246,-0.38907354003448125,-0.11068260807055587,0.0,0.0,0.0
0.25,0.35000000000000003,0.1,0.2,0.1,"(0.25, 0.35, 0.1, 0.2, 0.1)",0.062160685825360495,0.08518666017640461,0.7296997639846203,0.0601580065221875,29416199.199121553,-0.2506592152468382,-0.34543213233818837,0.05825229308288257,1.0,61.0,22697709.026333995,22864790.10701781,18180423.92713524,27612118.923402946,0.47540983606557374,0.04918032786885246,-0.3563524456339789,-0.09135912658382435,0.0,0.0,0.0
0.2,0.2,0.2,0.2,0.2,"(0.2, 0.2, 0.2, 0.2, 0.2)",0.0621352238553452,0.08399938845668498,0.7397104311942196,0.0601580065221875,29247732.620985266,-0.2456926792560601,-0.36784388967175535,0.058945619164832756,1.0,61.0,22736042.304332964,22810554.405570988,19270213.3772882,25985740.575394467,0.47540983606557374,0.04918032786885246,-0.37128898256596965,-0.10622591820808439,0.0,0.0,0.0
0.0,0.35000000000000003,0.1,0.35000000000000003,0.2,"(0.0, 0.35, 0.1, 0.35, 0.2)",0.06212163150490957,0.09077804208694508,0.6843244255632979,0.0601580065221875,29385419.8047558,-0.2649101901542561,-0.37256244423776635,0.0655584057206115,1.0,61.0,22618393.75615621,22809075.03641454,18134372.506793156,27428511.083698757,0.47540983606557374,0.04918032786885246,-0.3854552425372739,-0.10301672035788434,0.0,0.0,0.0
0.30000000000000004,0.2,0.2,0.15000000000000002,0.15000000000000002,"(0.3, 0.2, 0.2, 0.15, 0.15)",0.06202820804588738,0.08162199458998559,0.7599447717184037,0.0601580065221875,29225937.006375775,-0.2365493955009358,-0.35021134026802747,0.05601185562843797,1.0,61.0,22748189.603195064,22791140.589329008,19453845.828623157,25963152.541751895,0.47540983606557374,0.04918032786885246,-0.35371656672822127,-0.10178499198325992,0.0,0.0,0.0
0.05,0.2,0.2,0.30000000000000004,0.25,"(0.05, 0.2, 0.2, 0.3, 0.25)",0.06197348455399054,0.08762023809894187,0.7072964636778242,0.0601580065221875,29192683.34081436,-0.2576492503448713,-0.3926688518928068,0.06281019509911129,1.0,61.0,22675199.191857252,22804823.911178917,18911233.142898347,26071259.477516755,0.47540983606557374,0.04918032786885246,-0.3959551771187377,-0.1095834112838513,0.0,0.0,0.0
0.2,0.35000000000000003,0.1,0.25,0.1,"(0.2, 0.35, 0.1, 0.25, 0.1)",0.06191793561363168,0.08621820190895754,0.7181538728795825,0.0601580065221875,29345486.25317398,-0.25306136051785333,-0.35084696745532873,0.05930557097938707,1.0,61.0,22647301.5955921,22873309.267540444,18221310.664950088,27458298.761538967,0.47540983606557374,0.04918032786885246,-0.36261554379107036,-0.09630943797852119,0.0,0.0,0.0
0.15000000000000002,0.2,0.2,0.25,0.2,"(0.15, 0.2, 0.2, 0.25, 0.2)",0.06189032044352505,0.08507936258056335,0.7274422206080806,0.0601580065221875,29177207.787853397,-0.24860492707920412,-0.37469171950046576,0.05987643156271651,1.0,61.0,22690228.124869045,22780093.204841726,19093944.68198448,26051970.854719963,0.47540983606557374,0.04918032786885246,-0.3780637993044965,-0.10516115091377641,0.0,0.0,0.0
0.30000000000000004,0.35000000000000003,0.1,0.2,0.05,"(0.3, 0.35, 0.1, 0.2, 0.05)",0.06179161325085225,0.08411797466812387,0.7345827511259363,0.0601580065221875,29319074.02536691,-0.2471339631102245,-0.3401734486391567,0.05617915360877485,1.0,61.0,22658608.00354462,22902196.1535222,18262487.901413072,27470505.319211043,0.47540983606557374,0.04918032786885246,-0.35140820203552686,-0.09299222946119992,0.0,0.0,0.0
0.25,0.2,0.2,0.2,0.15000000000000002,"(0.25, 0.2, 0.2, 0.2, 0.15)",0.06179085449186328,0.08264513391115072,0.7476647634002597,0.0601580065221875,29157442.91528879,-0.23948924457872656,-0.3569439211136339,0.056942668026321724,1.0,61.0,22703151.834507402,22752849.74202239,19276547.944446385,26030292.164616905,0.47540983606557374,0.04918032786885246,-0.36038461822597184,-0.10129003420250511,0.0,0.0,0.0
0.05,0.25,0.15000000000000002,0.30000000000000004,0.25,"(0.05, 0.25, 0.15, 0.3, 0.25)",0.06178245379020897,0.08436471983835066,0.7323257151637431,0.0601580065221875,29207430.89457519,-0.24548932031618387,-0.35653083321134144,0.06146114340201893,1.0,61.0,22717822.739157036,22703755.83233704,19098078.26876425,25867221.266750377,0.47540983606557374,0.04918032786885246,-0.3613153579821653,-0.09699942128076984,0.0,0.0,0.0
0.0,0.2,0.2,0.35000000000000003,0.25,"(0.0, 0.2, 0.2, 0.35, 0.25)",0.061713276237796544,0.08882191720279176,0.6947978402323525,0.0601580065221875,29118263.729281686,-0.2605312232512351,-0.399691052285612,0.06374100749699506,1.0,61.0,22628116.11272605,22763173.628191587,18736952.166930612,26135627.32883757,0.47540983606557374,0.04918032786885246,-0.40289170880358316,-0.10853195633564952,0.0,0.0,0.0
0.15000000000000002,0.25,0.15000000000000002,0.25,0.2,"(0.15, 0.25, 0.15, 0.25, 0.2)",0.061687423379657824,0.08185892606177689,0.7535821241180695,0.0601580065221875,29189058.29706902,-0.23707262849523258,-0.3408157280841888,0.058337602747994655,1.0,61.0,22732152.25731888,22680736.497873064,19144695.250158336,25881270.64075695,0.47540983606557374,0.04918032786885246,-0.3454676446595523,-0.09250080247260734,0.0,0.0,0.0
0.35000000000000003,0.2,0.2,0.15000000000000002,0.1,"(0.35, 0.2, 0.2, 0.15, 0.1)",0.06167510591716585,0.0803272481213348,0.7677980680230104,0.0601580065221875,29133403.106350552,-0.23030209640803212,-0.33942534972289823,0.054008904489926936,1.0,61.0,22713969.806729786,22723104.852801304,19459007.707114544,26006233.052193005,0.47540983606557374,0.04918032786885246,-0.34291760312685554,-0.0985890029356846,0.0,0.0,0.0
0.1,0.2,0.2,0.30000000000000004,0.2,"(0.1, 0.2, 0.2, 0.3, 0.2)",0.06163765540261945,0.08623219973134043,0.7147870006175631,0.0601580065221875,29104803.13415964,-0.25151435927979093,-0.38159859939625923,0.06080724396060026,1.0,61.0,22643913.702181403,22739585.74923099,18918617.88822745,26117261.900125127,0.47540983606557374,0.04918032786885246,-0.3848936642443496,-0.10571398908288736,0.0,0.0,0.0
0.25,0.35000000000000003,0.1,0.25,0.05,"(0.25, 0.35, 0.1, 0.25, 0.05)",0.061548670653809756,0.08516458225324704,0.7227026661246039,0.0601580065221875,29248523.97588439,-0.24954854618870614,-0.3455693961106876,0.057232431505279346,1.0,61.0,22608496.520654995,22910624.699170034,18303501.49068549,27317517.962633193,0.47540983606557374,0.04918032786885246,-0.3576498022037519,-0.09790382985380582,0.0,0.0,0.0
0.2,0.2,0.2,0.25,0.15000000000000002,"(0.2, 0.2, 0.2, 0.25, 0.15)",0.061545736623149994,0.08374473102774502,0.7349207032829278,0.0601580065221875,29087061.232546616,-0.24242626372331255,-0.36373561929356557,0.057873480424205474,1.0,61.0,22657611.00426731,22739082.951567497,19100189.000247866,26096498.699209236,0.47540983606557374,0.04918032786885246,-0.3671078591078443,-0.10301072509442684,0.0,0.0,0.0
0.30000000000000004,0.2,0.2,0.2,0.1,"(0.3, 0.2, 0.2, 0.2, 0.1)",0.06143753891490267,0.08136888894897304,0.7550494999806443,0.0601580065221875,29065051.51265324,-0.23326682951485955,-0.34610202478752905,0.054939716887810686,1.0,61.0,22669207.291940726,22747798.175170932,19281630.59494728,26073347.146468602,0.47540983606557374,0.04918032786885246,-0.3495342792234783,-0.10031692014434788,0.0,0.0,0.0
0.2,0.25,0.2,0.35000000000000003,0.0,"(0.2, 0.25, 0.2, 0.35, 0.0)",0.06128892894968785,0.09024765724332295,0.6791193347484082,0.0601580065221875,29034446.22423952,-0.2594179927035166,-0.3922597449359606,0.05952307838093752,1.0,61.0,22408741.64242026,22524010.39174933,18890074.877911918,26399306.493573856,0.47540983606557374,0.04918032786885246,-0.4005033645110362,-0.13191936491181452,0.0,0.0,0.0
0.0,0.30000000000000004,0.1,0.35000000000000003,0.25,"(0.0, 0.3, 0.1, 0.35, 0.25)",0.06120825861355805,0.08369508626356494,0.7313243984336976,0.0601580065221875,29117401.376748014,-0.24096114338116603,-0.3375606908178712,0.061759670390585664,1.0,61.0,22709318.588404004,22911226.98279218,18622587.632045213,26530232.690121416,0.47540983606557374,0.04918032786885246,-0.34585998451828026,-0.08918846867725688,0.0,0.0,0.0
0.25,0.2,0.2,0.25,0.1,"(0.25, 0.2, 0.2, 0.25, 0.1)",0.06119221200053371,0.08248769025865042,0.7418344701937696,0.0601580065221875,28994819.35660308,-0.23622867554536786,-0.35283780237571566,0.05587052928569444,1.0,61.0,22623941.555241894,22777240.64041895,19105193.795247853,26139526.272536933,0.47540983606557374,0.04918032786885246,-0.3562061574471657,-0.10332905133949365,0.0,0.0,0.0
0.2,0.1,0.25,0.30000000000000004,0.15000000000000002,"(0.2, 0.1, 0.25, 0.3, 0.15)",0.05989591951417528,0.08335318716587457,0.7185798354054675,0.0601580065221875,28564445.239847913,-0.24319502393840098,-0.38952261222407075,0.05652944681056304,0.0,61.0,22619039.850058414,22506503.723375075,18043252.715059157,26632321.133739166,0.47540983606557374,0.04918032786885246,-0.38975464399230564,-0.14543199184854205,0.0,0.0,0.0
0.25,0.1,0.25,0.30000000000000004,0.1,"(0.25, 0.1, 0.25, 0.3, 0.1)",0.059542885833226755,0.08208315835115415,0.7253971098248991,0.0601580065221875,28473755.10205956,-0.23704509068928759,-0.3779812615092498,0.055962451133582045,0.0,61.0,22587251.46104105,22446572.997012384,18046687.194303617,26675721.7840573,0.47540983606557374,0.04918032786885246,-0.3783033639811203,-0.14450759491763016,0.0,0.0,0.0
0.0,0.25,0.25,0.30000000000000004,0.2,"(0.0, 0.25, 0.25, 0.3, 0.2)",0.06433139784134112,0.10457592487145236,0.6151645124862063,0.0601580065221875,29806955.613266367,-0.3065908450268222,-0.48663578435170507,0.07421412775426939,1.0,61.0,22479918.37745727,22523174.119262528,18395401.26154925,26738851.856515907,0.47540983606557374,0.03278688524590164,-0.4926475686312794,-0.14195459579370936,0.0,0.0,0.0
0.15000000000000002,0.25,0.25,0.25,0.1,"(0.15, 0.25, 0.25, 0.25, 0.1)",0.0639441227832902,0.10100226831808846,0.633095908122674,0.0601580065221875,29709994.925048016,-0.29509688926951794,-0.4630376303314513,0.06927741307936357,1.0,61.0,22469662.173500795,22580632.33366984,18585311.6095576,26771841.76384875,0.47540983606557374,0.03278688524590164,-0.4691461989689637,-0.1428142861376471,0.0,0.0,0.0
0.35000000000000003,0.0,0.25,0.30000000000000004,0.1,"(0.35, 0.0, 0.25, 0.3, 0.1)",0.0563148873116639,0.07201071037451987,0.7820348809055806,0.0601580065221875,27605339.65757306,-0.19678808449376806,-0.31624815127513745,0.05091991168418618,0.0,61.0,22647583.02344413,22888745.142801516,17755781.895524684,26495144.565759823,0.47540983606557374,0.03278688524590164,-0.31423131883508465,-0.14404126017655908,0.0,0.0,0.0
0.35000000000000003,0.0,0.25,0.35000000000000003,0.05,"(0.35, 0.0, 0.25, 0.35, 0.05)",0.055703859210658235,0.07200004254271412,0.7736642541233478,0.0601580065221875,27447676.96841986,-0.19353069545426171,-0.3117104536573752,0.051242864385154956,0.0,61.0,22573606.35253509,22812180.499234177,17593594.943249382,26601096.581179734,0.47540983606557374,0.03278688524590164,-0.30969162642143977,-0.14108189714464878,0.0,0.0,0.0
0.25,0.25,0.30000000000000004,0.05,0.15000000000000002,"(0.25, 0.25, 0.3, 0.05, 0.15)",0.06658735316940989,0.10933502609108392,0.6090212400364532,0.0601580065221875,30409925.13701304,-0.3220576146402706,-0.517478396558805,0.07516717184351106,1.0,61.0,22564748.237888403,22591996.47643823,18610013.226958156,27025206.04306586,0.47540983606557374,0.01639344262295082,-0.5238198065990408,-0.14955438829965517,0.0,0.0,0.0
0.35000000000000003,0.25,0.30000000000000004,0.0,0.1,"(0.35, 0.25, 0.3, 0.0, 0.1)",0.06651691370088053,0.10722563118743424,0.6203452753251374,0.0601580065221875,30397070.540098593,-0.31637653867965154,-0.5046791222942268,0.07223340830711628,1.0,61.0,22581952.354556803,22602412.401507862,18792502.95296138,27007722.5477001,0.47540983606557374,0.01639344262295082,-0.5112256956840079,-0.14659065491162984,0.0,0.0,0.0
0.15000000000000002,0.2,0.30000000000000004,0.05,0.30000000000000004,"(0.15, 0.2, 0.3, 0.05, 0.3)",0.06626955444862048,0.10646361582967802,0.6224619925988559,0.0601580065221875,30296528.21507151,-0.32096315158862443,-0.5251033100824009,0.07537919868254653,1.0,61.0,22711056.393968713,22847784.777854994,18472655.38770591,26833369.940789785,0.47540983606557374,0.01639344262295082,-0.5292239735722807,-0.14896495496685347,0.0,0.0,0.0
0.25,0.2,0.30000000000000004,0.0,0.25,"(0.25, 0.2, 0.3, 0.0, 0.25)",0.06621091837462778,0.10419083729927263,0.6354773614540288,0.0601580065221875,30286908.310007676,-0.3125697730110838,-0.5057186270805781,0.07244543514615175,1.0,61.0,22729889.65352398,22847349.2701264,18654999.0623517,26818155.295162264,0.47540983606557374,0.01639344262295082,-0.5099932215613677,-0.1442919891949387,0.0,0.0,0.0
0.2,0.2,0.30000000000000004,0.05,0.25,"(0.2, 0.2, 0.3, 0.05, 0.25)",0.06596756743502752,0.10505214516483136,0.6279506937390146,0.0601580065221875,30214740.628387533,-0.3152002471133126,-0.513383344019877,0.07337624754403549,1.0,61.0,22686327.051513504,22895415.788635645,18484775.122247063,26888108.40684368,0.47540983606557374,0.01639344262295082,-0.517540362614703,-0.14618799769349894,0.0,0.0,0.0
0.25,0.2,0.30000000000000004,0.05,0.2,"(0.25, 0.2, 0.3, 0.05, 0.2)",0.06565635603029962,0.10370034688196388,0.6331353559022562,0.0601580065221875,30130639.97434377,-0.30941886582744527,-0.501720905764202,0.07137329640552446,1.0,61.0,22660488.666296206,22941739.036353476,18495667.411889646,26941281.333328124,0.47540983606557374,0.01639344262295082,-0.5059105521579228,-0.1446279302434882,0.0,0.0,0.0
0.05,0.25,0.25,0.30000000000000004,0.15000000000000002,"(0.05, 0.25, 0.25, 0.3, 0.15)",0.064003607726689,0.10335675123946395,0.6192494148582621,0.0601580065221875,29719506.665839657,-0.30084048775143324,-0.4753920498911455,0.07221117661575834,1.0,61.0,22451784.260540377,22565588.67904739,18404615.685207114,26788275.603777036,0.47540983606557374,0.01639344262295082,-0.4819387378514643,-0.14485990153600214,0.0,0.0,0.0
0.0,0.25,0.25,0.35000000000000003,0.15000000000000002,"(0.0, 0.25, 0.25, 0.35, 0.15)",0.06371864999143173,0.10460000650758729,0.60916487597742,0.0601580065221875,29637323.4446054,-0.3035085186715575,-0.4826964276919036,0.0731419890136421,1.0,61.0,22403943.003988393,22590850.08090653,18232990.605611686,26851614.578350842,0.47540983606557374,0.01639344262295082,-0.4902057594448874,-0.14978484920532048,0.0,0.0,0.0
0.1,0.25,0.25,0.30000000000000004,0.1,"(0.1, 0.25, 0.25, 0.3, 0.1)",0.06366671953854852,0.10220307736235984,0.6229432731542799,0.0601580065221875,29629852.156955462,-0.2974048209531399,-0.46942695599501105,0.07020822547724731,1.0,61.0,22422574.737967163,22606714.777833905,18412621.313286487,26836140.964006327,0.47540983606557374,0.01639344262295082,-0.47651389643197173,-0.14772853400117014,0.0,0.0,0.0
0.2,0.25,0.25,0.25,0.05,"(0.2, 0.25, 0.25, 0.25, 0.05)",0.06359838597759904,0.09990147692983871,0.6366110685457081,0.0601580065221875,29617993.495594498,-0.2916652436644659,-0.45712796367491515,0.06727446194085251,1.0,61.0,22439119.908412922,22620578.790192854,18592207.190143287,26818179.18277313,0.47540983606557374,0.01639344262295082,-0.46376708684012957,-0.14568785383204888,0.0,0.0,0.0
0.30000000000000004,0.25,0.25,0.2,0.0,"(0.3, 0.25, 0.25, 0.2, 0.0)",0.0635136682454629,0.09770194252248547,0.6500757979386708,0.0601580065221875,29601758.629426986,-0.2859223710152704,-0.44496025980434506,0.06434069840445773,1.0,61.0,22453577.05456593,22632442.038298193,18771714.005856298,26797738.198397744,0.47540983606557374,0.01639344262295082,-0.4511711599510997,-0.14366301704961745,0.0,0.0,0.0
0.25,0.25,0.25,0.25,0.0,"(0.25, 0.25, 0.25, 0.25, 0.0)",0.06324360628309766,0.09887117381537627,0.6396566748685867,0.0601580065221875,29523835.977265492,-0.2882504893673795,-0.4512540507317293,0.06527151080234148,1.0,61.0,22407515.74413598,22659232.18824541,18597885.377810735,26862954.10894902,0.47540983606557374,0.01639344262295082,-0.45841178209166167,-0.14852462576708259,0.0,0.0,0.0
0.15000000000000002,0.15000000000000002,0.25,0.35000000000000003,0.1,"(0.15, 0.15, 0.25, 0.35, 0.1)",0.06074739206920854,0.08952376217204445,0.6785616533012293,0.0601580065221875,28804527.96050412,-0.2595661240737692,-0.4148355910891566,0.05954538472213579,1.0,61.0,22497663.960115224,22615100.090006083,18010404.513896946,26809062.96451409,0.47540983606557374,0.01639344262295082,-0.41654294323204355,-0.14892643492120236,0.0,0.0,0.0
0.15000000000000002,0.1,0.25,0.30000000000000004,0.2,"(0.15, 0.1, 0.25, 0.3, 0.2)",0.060240051612942436,0.08470076604152578,0.7112102337233748,0.0601580065221875,28653082.029273845,-0.24932652423715407,-0.401124998323015,0.05709644248754404,1.0,61.0,22649776.802725717,22573149.504627693,18038650.184724316,26587393.918037426,0.47540983606557374,0.01639344262295082,-0.401262389629198,-0.14696200618773905,0.0,0.0,0.0
0.25,0.0,0.25,0.15000000000000002,0.35000000000000003,"(0.25, 0.0, 0.25, 0.15, 0.35)",0.05871017743057716,0.07669954066307293,0.7654567018657941,0.0601580065221875,28225828.457061283,-0.21949649256833503,-0.3533545533127998,0.05107163002052903,0.0,61.0,22924387.977552764,22650326.345303975,18230662.177255478,26419439.220271416,0.47540983606557374,0.01639344262295082,-0.3510360523549933,-0.13682409519428346,0.0,0.0,0.0
0.2,0.0,0.25,0.2,0.35000000000000003,"(0.2, 0.0, 0.25, 0.2, 0.35)",0.0584954154676105,0.07752522570324191,0.7545339589403397,0.0601580065221875,28165503.862262648,-0.22248488016337375,-0.3605988753557365,0.05183114484934488,0.0,61.0,22884825.539191227,22675168.532513212,18066795.681673337,26450571.640804596,0.47540983606557374,0.01639344262295082,-0.3581090290430333,-0.14057875330645944,0.0,0.0,0.0
0.30000000000000004,0.0,0.25,0.15000000000000002,0.30000000000000004,"(0.3, 0.0, 0.25, 0.15, 0.3)",0.05838293452918153,0.07499483839634397,0.7784927039995825,0.0601580065221875,28142699.304435845,-0.21312557135188315,-0.34160536065192293,0.05050463434354803,0.0,61.0,22894397.022124432,22708467.80562721,18236017.113515604,26409261.40423441,0.47540983606557374,0.01639344262295082,-0.33944639414761607,-0.13604663488669216,0.0,0.0,0.0
0.15000000000000002,0.0,0.25,0.25,0.35000000000000003,"(0.15, 0.0, 0.25, 0.25, 0.35)",0.058272935729740905,0.07843720647832729,0.7429246698866321,0.0601580065221875,28103333.41587497,-0.2254704431092991,-0.3679093990939719,0.05259065967816073,0.0,61.0,22844732.72749459,22743521.921561267,17903770.454209212,26480523.17165637,0.47540983606557374,0.01639344262295082,-0.36524315188707906,-0.14430493730209995,0.0,0.0,0.0
0.25,0.0,0.25,0.2,0.30000000000000004,"(0.25, 0.0, 0.25, 0.2, 0.3)",0.05816794652481261,0.07584146628464795,0.7669675887659774,0.0601580065221875,28082479.747015096,-0.21613924899691295,-0.3487889299678968,0.05126414917236388,0.0,61.0,22855095.533069152,22733234.133478794,18072072.22790499,26440329.420775063,0.47540983606557374,0.01639344262295082,-0.34646421915239656,-0.13979138326693616,0.0,0.0,0.0
0.35000000000000003,0.0,0.25,0.15000000000000002,0.25,"(0.35, 0.0, 0.25, 0.15, 0.25)",0.05804681680419299,0.07336204104142968,0.7912377570222217,0.0601580065221875,28057525.5950786,-0.20673539194983703,-0.32991691774854726,0.04995105358127982,0.0,61.0,22863345.53262312,22765386.59905547,18240192.935304478,26397476.36952769,0.47540983606557374,0.01639344262295082,-0.32791242150074246,-0.1352772240900362,0.0,0.0,0.0
0.1,0.0,0.25,0.30000000000000004,0.35000000000000003,"(0.1, 0.0, 0.25, 0.3, 0.35)",0.058042744933231694,0.0794325107074038,0.7307177428526328,0.0601580065221875,28039330.131771997,-0.22845313776405496,-0.37528606808191123,0.05335017450697658,0.0,61.0,22804111.77060356,22816357.91819938,17741590.894558996,26509289.806468625,0.47540983606557374,0.01639344262295082,-0.37243831509027814,-0.14800242227643728,0.0,0.0,0.0
0.2,0.0,0.25,0.25,0.30000000000000004,"(0.2, 0.0, 0.25, 0.25, 0.3)",0.057945244946536745,0.07677580274858717,0.7547331694633835,0.0601580065221875,28020420.746281132,-0.21915004454045217,-0.35603868769269087,0.05202366400117973,0.0,61.0,22815263.476508845,22787952.795451377,17908969.894280266,26470217.15862062,0.47540983606557374,0.01639344262295082,-0.35354320514873827,-0.1435077098558299,0.0,0.0,0.0
0.30000000000000004,0.0,0.25,0.2,0.25,"(0.3, 0.0, 0.25, 0.2, 0.25)",0.05783160786838626,0.07422972738448849,0.7790895899271633,0.0601580065221875,27997416.672144335,-0.20977441605346214,-0.33703995712949625,0.05069715349538289,0.0,61.0,22824306.47405254,22790075.52544241,18076181.137074824,26428478.882752072,0.47540983606557374,0.01639344262295082,-0.33487531830921624,-0.1390118491426102,0.0,0.0,0.0
0.15000000000000002,0.0,0.25,0.30000000000000004,0.30000000000000004,"(0.15, 0.0, 0.25, 0.3, 0.3)",0.057714836508453216,0.07779468763705823,0.7418866025623093,0.0601580065221875,27956535.287470624,-0.22215791435720544,-0.3633545799624605,0.05278317882999558,0.0,61.0,22774903.05717606,22815348.70851036,17746714.49530724,26498920.62077225,0.47540983606557374,0.01639344262295082,-0.36068324849633376,-0.14719539088610953,0.0,0.0,0.0
0.25,0.0,0.25,0.25,0.25,"(0.25, 0.0, 0.25, 0.25, 0.25)",0.05760868956523901,0.07518649776894434,0.7662105733701854,0.0601580065221875,27935474.83039391,-0.21281050050619876,-0.34422917063756886,0.05145666832419873,0.0,61.0,22784736.67058652,22813823.32751437,17913013.10010424,26458301.79019417,0.47540983606557374,0.01639344262295082,-0.3418993903558954,-0.1427181062590542,0.0,0.0,0.0
0.35000000000000003,0.0,0.25,0.2,0.2,"(0.35, 0.0, 0.25, 0.2, 0.2)",0.05748642770418355,0.07269479952822532,0.790791474455655,0.0601580065221875,27910340.433099285,-0.2033905776339231,-0.32535249341801575,0.0502740062822486,0.0,61.0,22792465.974138483,22799979.687906288,18079124.584605403,26415026.21588773,0.47540983606557374,0.01639344262295082,-0.32334280604563714,-0.1382401346409739,0.0,0.0,0.0
0.2,0.0,0.25,0.35000000000000003,0.2,"(0.2, 0.0, 0.25, 0.35, 0.2)",0.05679394915836444,0.07588919110926069,0.7483799514557472,0.0601580065221875,27719456.522911206,-0.21256569796991498,-0.3469374453931153,0.052408702304849425,0.0,61.0,22672963.579580132,22906194.794442665,17592009.430617686,26500744.938920833,0.47540983606557374,0.01639344262295082,-0.34443411339463437,-0.14946771390496194,0.0,0.0,0.0
0.25,0.0,0.25,0.35000000000000003,0.15000000000000002,"(0.25, 0.0, 0.25, 0.35, 0.15)",0.05643934784935212,0.07450564561624069,0.7575177341601279,0.0601580065221875,27630798.451516,-0.20623907614950865,-0.3351316980749023,0.05194365402404216,0.0,61.0,22640873.98479397,22876218.94516562,17593663.929917272,26521777.441520657,0.47540983606557374,0.01639344262295082,-0.33279511806592327,-0.14872335427424996,0.0,0.0,0.0
0.0,0.2,0.35000000000000003,0.1,0.35000000000000003,"(0.0, 0.2, 0.35, 0.1, 0.35)",0.06741932617795054,0.1203696671215239,0.5601022898059919,0.0601580065221875,30567122.3797576,-0.3625053211555669,-0.6298916644569799,0.08592301943611279,1.0,61.0,22556025.255486578,22750557.5429247,17642714.37265995,27393778.186113022,0.47540983606557374,0.0,-0.6338534395407945,-0.18906987891867735,0.0,0.0,0.0
0.1,0.2,0.35000000000000003,0.05,0.30000000000000004,"(0.1, 0.2, 0.35, 0.05, 0.3)",0.06740440279576743,0.11803068550711197,0.571075246290135,0.0601580065221875,30569317.08780896,-0.35452933606111436,-0.609291106940439,0.082989255899718,1.0,61.0,22580123.65511744,22780782.99083226,17821437.550999902,27385043.71083353,0.47540983606557374,0.0,-0.6134782552412322,-0.1829463240435581,0.0,0.0,0.0
0.0,0.2,0.35000000000000003,0.15000000000000002,0.30000000000000004,"(0.0, 0.2, 0.35, 0.15, 0.3)",0.06686518175816536,0.11997168160445132,0.5573413730968697,0.0601580065221875,30409746.380926292,-0.35948716809207515,-0.6259652191385693,0.0848508806954855,1.0,61.0,22491584.77510601,22688711.34396948,17493800.60102424,27521738.284103937,0.47540983606557374,0.0,-0.6298332540410915,-0.1913467394297686,0.0,0.0,0.0
0.15000000000000002,0.2,0.30000000000000004,0.0,0.35000000000000003,"(0.15, 0.2, 0.3, 0.0, 0.35)",0.06680507771036392,0.10709764923479212,0.6237772555017145,0.0601580065221875,30448343.535741635,-0.3241233686385524,-0.5290952561023011,0.07645133742317381,1.0,61.0,22778727.031776823,22722741.01506399,18629212.099857148,26707099.531730466,0.47540983606557374,0.0,-0.5333027972911385,-0.15654124032316274,0.0,0.0,0.0
0.15000000000000002,0.25,0.30000000000000004,0.1,0.2,"(0.15, 0.25, 0.3, 0.1, 0.2)",0.06664126439476603,0.11154141960101506,0.5974575600090316,0.0601580065221875,30418251.294605915,-0.3303372057406566,-0.5367056044502005,0.07810093537990585,1.0,61.0,22545434.077174917,22575309.08424146,18427486.351229127,27040165.482421055,0.47540983606557374,0.0,-0.542951910426344,-0.15252559396367146,0.0,0.0,0.0
0.05,0.2,0.35000000000000003,0.15000000000000002,0.25,"(0.05, 0.2, 0.35, 0.15, 0.25)",0.06657492149041278,0.11864165592534916,0.5611428883991856,0.0601580065221875,30330850.21221947,-0.35399534100518026,-0.6136672708647307,0.08284792955697448,1.0,61.0,22470775.80947011,22671920.73419314,17506914.238852073,27580229.181982428,0.47540983606557374,0.0,-0.6176048197542876,-0.18944733885060333,0.0,0.0,0.0
0.1,0.2,0.30000000000000004,0.05,0.35000000000000003,"(0.1, 0.2, 0.3, 0.05, 0.35)",0.06656228494947891,0.10793241783092337,0.616703362040393,0.0601580065221875,30375975.32439347,-0.32670740194039793,-0.5368802767337785,0.07738214982105757,1.0,61.0,22734669.250246353,22795091.81107474,18459306.99437746,26777070.712010574,0.47540983606557374,0.0,-0.5409609132593686,-0.1550903793292112,0.0,0.0,0.0
0.2,0.2,0.30000000000000004,0.0,0.30000000000000004,"(0.2, 0.2, 0.3, 0.0, 0.3)",0.06651262958216742,0.10561552920200411,0.6297618360170589,0.0601580065221875,30368799.780395932,-0.31835592607594065,-0.5173785457427228,0.07444838628466277,1.0,61.0,22754867.634278715,22785653.49642972,18642726.105753202,26763405.885608897,0.47540983606557374,0.0,-0.521621453527072,-0.15036683435763418,0.0,0.0,0.0
0.05,0.2,0.30000000000000004,0.1,0.35000000000000003,"(0.05, 0.2, 0.3, 0.1, 0.35)",0.06631166477234518,0.1088292277993941,0.6093185269547081,0.0601580065221875,30301631.441541255,-0.3292893956705921,-0.5447255936160899,0.07831296221894131,1.0,61.0,22690100.36174351,22829319.30772169,18290297.820358522,26846077.73151829,0.47540983606557374,0.0,-0.5486748593839146,-0.1537879140343122,0.0,0.0,0.0
0.0,0.2,0.35000000000000003,0.2,0.25,"(0.0, 0.2, 0.35, 0.2, 0.25)",0.06629329740596024,0.11970599391562764,0.5538009855436791,0.0601580065221875,30248268.119101543,-0.35649362494383685,-0.6220328882800357,0.08377874195485822,1.0,61.0,22425980.67318684,22624305.948366795,17344271.408369593,27647037.641474295,0.47540983606557374,0.0,-0.6258085248797594,-0.19354466347889188,0.0,0.0,0.0
0.1,0.2,0.35000000000000003,0.15000000000000002,0.2,"(0.1, 0.2, 0.35, 0.15, 0.2)",0.06627534583156791,0.11736625445979494,0.5646882584488647,0.0601580065221875,30249590.708727133,-0.348485653919285,-0.6014277405247976,0.08084497841846344,1.0,61.0,22448846.91079151,22653668.27911943,17518858.14455044,27637103.470156427,0.47540983606557374,0.0,-0.6054312494094221,-0.18822310888097415,0.0,0.0,0.0
0.30000000000000004,0.25,0.30000000000000004,0.05,0.1,"(0.3, 0.25, 0.3, 0.05, 0.1)",0.06626354914101484,0.10814646260284097,0.6127204491594173,0.0601580065221875,30321890.824033897,-0.31857124403271375,-0.5112347703789049,0.07316422070500003,1.0,61.0,22537629.90783242,22636237.5774774,18620068.224536195,27076787.989112027,0.47540983606557374,0.0,-0.5176792383613369,-0.15011851525459563,0.0,0.0,0.0
0.2,0.2,0.35000000000000003,0.1,0.15000000000000002,"(0.2, 0.2, 0.35, 0.1, 0.15)",0.06624084512713435,0.11511159282188636,0.5754489491742996,0.0601580065221875,30246390.687095203,-0.34041308396753756,-0.5810649651331947,0.07799297211013972,1.0,61.0,22469613.515606135,22680585.697872017,17693463.10344009,27624576.47098519,0.47540983606557374,0.0,-0.585278279332769,-0.18312271472285357,0.0,0.0,0.0
0.0,0.2,0.30000000000000004,0.15000000000000002,0.35000000000000003,"(0.0, 0.2, 0.3, 0.15, 0.35)",0.06605322434427685,0.10978655876458064,0.6016512867109463,0.0601580065221875,30225327.449239295,-0.33186930739246945,-0.5526310774490671,0.07924377461682507,1.0,61.0,22645022.890843287,22858853.10635374,18122188.947766405,26914112.134350397,0.47540983606557374,0.0,-0.5564444623251472,-0.15814467387523193,0.0,0.0,0.0
0.1,0.2,0.30000000000000004,0.1,0.30000000000000004,"(0.1, 0.2, 0.3, 0.1, 0.3)",0.0660186565074301,0.10737437608578722,0.6148455424288959,0.0601580065221875,30222287.427845422,-0.3235682838615811,-0.5328883579997209,0.07631001108043028,1.0,61.0,22666733.752952907,22878151.99890498,18303482.608222608,26902367.5131611,0.47540983606557374,0.0,-0.5368823357497404,-0.15215096069857456,0.0,0.0,0.0
0.05,0.2,0.35000000000000003,0.2,0.2,"(0.05, 0.2, 0.35, 0.2, 0.2)",0.06599344864682322,0.11844357848461055,0.5571720264716401,0.0601580065221875,30167137.966612425,-0.3510063009222475,-0.609731664790177,0.08177579081634719,1.0,61.0,22404290.017575517,22606032.49115103,17356065.321537506,27703888.203096047,0.47540983606557374,0.0,-0.6135781116540914,-0.19574751951962274,0.0,0.0,0.0
0.15000000000000002,0.2,0.35000000000000003,0.15000000000000002,0.15000000000000002,"(0.15, 0.2, 0.35, 0.15, 0.15)",0.0659664873981829,0.11614727669057519,0.5679555240362839,0.0601580065221875,30165995.437652346,-0.34295827906486054,-0.5892471731145873,0.0788420272799524,1.0,61.0,22425805.126852967,22633961.906069204,17529633.418522455,27692356.16603183,0.47540983606557374,0.0,-0.5933130267626621,-0.19064933262500686,0.0,0.0,0.0
0.25,0.2,0.35000000000000003,0.1,0.1,"(0.25, 0.2, 0.35, 0.1, 0.1)",0.06592300061118106,0.11393869794986831,0.5785830608682785,0.0601580065221875,30160349.03594757,-0.3348456737641604,-0.5690051629315294,0.07742597643315874,1.0,61.0,22445223.221049868,22659447.901753847,17703199.03595778,27678231.632549997,0.47540983606557374,0.0,-0.5732723008855302,-0.18558776949853925,0.0,0.0,0.0
0.35000000000000003,0.2,0.35000000000000003,0.05,0.05,"(0.35, 0.2, 0.35, 0.05, 0.05)",0.06586300728789896,0.1118230401476503,0.588993173508196,0.0601580065221875,30150207.45500396,-0.32666838851796476,-0.5490056578440528,0.0760994659273619,1.0,61.0,22462542.122447975,22682484.687202282,17876729.27457142,27661522.884423085,0.47540983606557374,0.0,-0.553455990444227,-0.18056356560166076,0.0,0.0,0.0
0.05,0.2,0.30000000000000004,0.15000000000000002,0.30000000000000004,"(0.05, 0.2, 0.3, 0.15, 0.3)",0.06575994292025311,0.10834622947508514,0.6069426064833664,0.0601580065221875,30146092.95128549,-0.32617128047636956,-0.5407335627434597,0.07724082347831403,1.0,61.0,22621902.212750886,22907581.68832278,18135212.116718326,26970390.148734182,0.47540983606557374,0.0,-0.5445963688786908,-0.15647968473220597,0.0,0.0,0.0
0.15000000000000002,0.2,0.30000000000000004,0.1,0.25,"(0.15, 0.2, 0.3, 0.1, 0.25)",0.0657163982947444,0.1059767403146324,0.6201020912668214,0.0601580065221875,30140610.303155165,-0.31782857420589383,-0.5211083309896543,0.07430705994191925,1.0,61.0,22642252.769848112,22925679.12164888,18315451.043406483,26957092.761732914,0.47540983606557374,0.0,-0.5251433572966276,-0.15053836048528427,0.0,0.0,0.0
0.0,0.2,0.35000000000000003,0.25,0.2,"(0.0, 0.2, 0.35, 0.25, 0.2)",0.06570374849250515,0.1195734859403697,0.5494842604594723,0.0601580065221875,30082775.56842705,-0.353524827232485,-0.6180956554303585,0.08270660321423094,1.0,61.0,22359227.81196756,22557373.293493956,17194173.169795685,27769644.590716448,0.47540983606557374,0.0,-0.6217802330191955,-0.2032098943248776,0.0,0.0,0.0
0.1,0.2,0.35000000000000003,0.2,0.15000000000000002,"(0.1, 0.2, 0.35, 0.2, 0.15)",0.06568432390449219,0.11723734311496153,0.5602679330602275,0.0601580065221875,30083680.06984486,-0.3455013426178726,-0.5974896139912589,0.07977283967783616,1.0,61.0,22381488.59221121,22586309.272419848,17366702.48132257,27759113.50549255,0.47540983606557374,0.0,-0.6014032662797422,-0.19811452256325468,0.0,0.0,0.0
0.2,0.2,0.35000000000000003,0.15000000000000002,0.1,"(0.2, 0.2, 0.35, 0.15, 0.1)",0.06564837854360372,0.11498651708289985,0.5709224021132351,0.0601580065221875,30080092.314583864,-0.3374133906425435,-0.5771261072174677,0.07818549126197458,1.0,61.0,22401657.58893253,22612809.72387524,17539241.34662614,27745982.50824443,0.47540983606557374,0.0,-0.5812506307765206,-0.19305488350405192,0.0,0.0,0.0
0.30000000000000004,0.2,0.35000000000000003,0.1,0.05,"(0.3, 0.2, 0.35, 0.1, 0.05)",0.06559593120348972,0.11282611404517215,0.5813896167444631,0.0601580065221875,30072020.069983028,-0.3292608741726888,-0.5570051799440854,0.07685898075617774,1.0,61.0,22419732.41557722,22636868.541508775,17711757.174744092,27730259.631165102,0.47540983606557374,0.0,-0.5613224004670588,-0.1880317169482559,0.0,0.0,0.0
0.0,0.2,0.30000000000000004,0.2,0.30000000000000004,"(0.0, 0.2, 0.3, 0.2, 0.3)",0.06549342093747823,0.10937754751545886,0.598783044831223,0.0601580065221875,30067960.686986122,-0.3287720991733589,-0.5486387890476828,0.07817163587619778,1.0,61.0,22576564.305418815,22936070.333078343,17967848.11549003,27037429.488676086,0.47540983606557374,0.0,-0.5523658936662922,-0.16075827469471987,0.0,0.0,0.0
0.1,0.2,0.30000000000000004,0.15000000000000002,0.25,"(0.1, 0.2, 0.3, 0.15, 0.25)",0.06545741811191075,0.10696298158274287,0.6119632899469538,0.0601580065221875,30064532.83603958,-0.32045471188898333,-0.5288934637753554,0.075237872339803,1.0,61.0,22597669.28700622,22955003.08861779,18147031.154779218,27025099.90816321,0.47540983606557374,0.0,-0.5328020365752468,-0.15483899023624095,0.0,0.0,0.0
0.05,0.2,0.35000000000000003,0.25,0.15000000000000002,"(0.05, 0.2, 0.35, 0.25, 0.15)",0.06539436214561478,0.11838028981230926,0.5524092080640863,0.0601580065221875,29999461.663263656,-0.3480422330519741,-0.6057921167308143,0.08070365207571992,1.0,61.0,22336666.360448066,22537634.84215408,17204674.02621866,27824840.20491146,0.47540983606557374,0.0,-0.6095487836565612,-0.2055180899991149,0.0,0.0,0.0
0.15000000000000002,0.2,0.35000000000000003,0.2,0.1,"(0.15, 0.2, 0.35, 0.2, 0.1)",0.06536595541783474,0.11608903905439837,0.5630674174777586,0.0601580065221875,29997922.251679853,-0.3399789234405193,-0.5853072763341494,0.07894500609079043,1.0,61.0,22357583.46333346,22565144.36880581,17376184.152756806,27812708.781019963,0.47540983606557374,0.0,-0.589284468754646,-0.20046098040732202,0.0,0.0,0.0
0.0,0.15000000000000002,0.35000000000000003,0.2,0.30000000000000004,"(0.0, 0.15, 0.35, 0.2, 0.3)",0.0653480947776155,0.1147335578345009,0.569563918447276,0.0601580065221875,29967103.628803104,-0.3444643247767152,-0.6063971403265416,0.07998486651687162,1.0,61.0,22523509.1542914,22645191.050212197,17241233.43704224,27557349.35552435,0.47540983606557374,0.0,-0.6077444132482289,-0.20184942824670818,0.0,0.0,0.0
0.1,0.15000000000000002,0.35000000000000003,0.15000000000000002,0.25,"(0.1, 0.15, 0.35, 0.15, 0.25)",0.06532388339239636,0.11233492249497538,0.5815100232549519,0.0601580065221875,29966678.915680185,-0.3363305949482447,-0.5856206937140932,0.07716285078716234,1.0,61.0,22545318.453908306,22673349.601084106,17413648.714600276,27546504.372446127,0.47540983606557374,0.0,-0.5872604894419187,-0.19591123365678947,0.0,0.0,0.0
0.25,0.2,0.35000000000000003,0.15000000000000002,0.05,"(0.25, 0.2, 0.35, 0.15, 0.05)",0.06532105136267652,0.113885755784375,0.5735664738121578,0.0601580065221875,29991909.592828825,-0.3318511648231346,-0.5650650749566538,0.07761849558499359,1.0,61.0,22376411.510232076,22590220.020409714,17547683.399164476,27797977.956998736,0.47540983606557374,0.0,-0.5692445355755911,-0.195439459741372,0.0,0.0,0.0
0.05,0.2,0.30000000000000004,0.2,0.25,"(0.05, 0.2, 0.3, 0.2, 0.25)",0.06519063413335324,0.10800918029407623,0.6035656779901386,0.0601580065221875,29986524.096357197,-0.3230786179210047,-0.5367386096583409,0.07616868473768676,1.0,61.0,22552579.112192545,22933271.41152535,17979519.638313062,27092121.489894513,0.47540983606557374,0.0,-0.5405162233126579,-0.15908986461289,0.0,0.0,0.0
0.0,0.2,0.35000000000000003,0.30000000000000004,0.15000000000000002,"(0.0, 0.2, 0.35, 0.3, 0.15)",0.0650966097095409,0.11957460043341302,0.5444016494605889,0.0601580065221875,29913357.647449315,-0.35058090895763916,-0.6141545014976845,0.08163446447360366,1.0,61.0,22291340.91224169,22487945.786611315,17043551.64645914,27889528.083380472,0.47540983606557374,0.0,-0.6177493563300015,-0.2128598473594406,0.0,0.0,0.0
0.1,0.2,0.35000000000000003,0.25,0.1,"(0.1, 0.2, 0.35, 0.25, 0.1)",0.0650757387296339,0.11724472066436155,0.5550419529415515,0.0601580065221875,29913855.88826117,-0.34254223059957667,-0.5935485018544423,0.07970452091960628,1.0,61.0,22313003.27132802,22516458.878807917,17214031.168394625,27878402.170833822,0.47540983606557374,0.0,-0.5973736027905207,-0.20780586692317016,0.0,0.0,0.0
0.05,0.15000000000000002,0.35000000000000003,0.2,0.25,"(0.05, 0.15, 0.35, 0.2, 0.25)",0.06505151502488626,0.11338342879942832,0.5737303564876338,0.0601580065221875,29887535.935821727,-0.33889338096131305,-0.5939558625929741,0.07798191537836059,1.0,61.0,22501996.80229344,22626888.63197593,17252644.743033826,27614171.718291324,0.47540983606557374,0.0,-0.5954144577490832,-0.19987768549579424,0.0,0.0,0.0
0.15000000000000002,0.15000000000000002,0.35000000000000003,0.15000000000000002,0.2,"(0.15, 0.15, 0.35, 0.15, 0.2)",0.06501833163405646,0.11102766923928586,0.5856047603226681,0.0601580065221875,29884680.626911107,-0.3307190943449986,-0.5733012977352853,0.07659585511018135,1.0,61.0,22522455.301780555,22653619.98849171,17424046.735998113,27601740.022373516,0.47540983606557374,0.0,-0.5750434459594511,-0.19398975025310575,0.0,0.0,0.0
0.25,0.15000000000000002,0.35000000000000003,0.1,0.15000000000000002,"(0.25, 0.15, 0.35, 0.1, 0.15)",0.06496867253614047,0.10876126680293348,0.5973511935444664,0.0601580065221875,29877372.37503362,-0.3224793814960185,-0.5528930254829973,0.0752693446043845,1.0,61.0,22540810.179719873,22677909.987974867,17595427.279385597,27586735.06495536,0.47540983606557374,0.0,-0.554899645673889,-0.18812918014377955,0.0,0.0,0.0
0.0,0.15000000000000002,0.35000000000000003,0.25,0.25,"(0.0, 0.15, 0.35, 0.25, 0.25)",0.06477135732592276,0.11448739100027942,0.5657510120548094,0.0601580065221875,29806489.76329282,-0.34145399697334167,-0.6023528867311096,0.07891272777624433,1.0,61.0,22458162.45380624,22579400.207827576,17092521.893418916,27680822.517859153,0.47540983606557374,0.0,-0.6036252665553788,-0.20379504694987832,0.0,0.0,0.0
0.1,0.15000000000000002,0.35000000000000003,0.2,0.2,"(0.1, 0.15, 0.35, 0.2, 0.2)",0.06474569825895138,0.11209001557128358,0.5776223504739938,0.0601580065221875,29805665.50516499,-0.3333045844257284,-0.5815741821465937,0.07735536993899719,1.0,61.0,22479373.749238797,22607142.048655253,17262909.588062495,27669383.797298804,0.47540983606557374,0.0,-0.5831402369342291,-0.1979305465386545,0.0,0.0,0.0
0.2,0.15000000000000002,0.35000000000000003,0.15000000000000002,0.15000000000000002,"(0.2, 0.15, 0.35, 0.15, 0.15)",0.06470356810668787,0.10977936460449983,0.5893964529654027,0.0601580065221875,29800399.192288823,-0.3250898629112122,-0.5610418387093504,0.07602885943320035,1.0,61.0,22498486.48579058,22632450.18691684,17433287.890832048,27655364.28869984,0.47540983606557374,0.0,-0.5628824044696454,-0.19251770339047972,0.0,0.0,0.0
0.30000000000000004,0.15000000000000002,0.35000000000000003,0.1,0.1,"(0.3, 0.15, 0.35, 0.1, 0.1)",0.06464498557990206,0.1075610273502545,0.6010075133384184,0.0601580065221875,29790699.200360302,-0.3168097342525247,-0.540755894118713,0.0747023489274035,1.0,61.0,22515498.546494674,22655318.86584109,17603624.486641865,27638772.171850774,0.47540983606557374,0.0,-0.5428518366216681,-0.18754763500496868,0.0,0.0,0.0
0.05,0.15000000000000002,0.35000000000000003,0.25,0.2,"(0.05, 0.15, 0.35, 0.25, 0.2)",0.06446528017568509,0.11320818655117593,0.5694400920956671,0.0601580065221875,29724753.690359674,-0.3358878516280831,-0.5899089169197526,0.07811488476781303,1.0,61.0,22435779.122037176,22559638.250896733,17102655.312436536,27736008.73023987,0.47540983606557374,0.0,-0.591293887132762,-0.2048075511173314,0.0,0.0,0.0
0.15000000000000002,0.15000000000000002,0.35000000000000003,0.2,0.15000000000000002,"(0.15, 0.15, 0.35, 0.2, 0.15)",0.0644306762313771,0.11085530337665159,0.5812141978671228,0.0601580065221875,29721519.548306447,-0.32769811036824237,-0.5692526522820714,0.0767883742620162,1.0,61.0,22455647.0098017,22585959.29389579,17272029.251356322,27722980.772719044,0.47540983606557374,0.0,-0.5709222407226396,-0.19980330116161227,0.0,0.0,0.0
0.25,0.15000000000000002,0.35000000000000003,0.15000000000000002,0.1,"(0.25, 0.15, 0.35, 0.15, 0.1)",0.06437962442156508,0.10859204151654231,0.5928576673066585,0.0601580065221875,29713862.247987825,-0.3194430786298529,-0.5488428615029817,0.07546186375621936,1.0,61.0,22473419.166712355,22609848.39946913,17441373.661411628,27707372.576708775,0.47540983606557374,0.0,-0.550777848964912,-0.19483445183616255,0.0,0.0,0.0
0.35000000000000003,0.15000000000000002,0.35000000000000003,0.1,0.05,"(0.35, 0.15, 0.35, 0.1, 0.05)",0.0643121435409526,0.10642411890266609,0.6043004556116789,0.0601580065221875,29701791.15703466,-0.3111226623426375,-0.5286795644951634,0.07413535325042252,1.0,61.0,22489093.817658164,22631300.231724728,17610656.2542849,27689192.706906326,0.47540983606557374,0.0,-0.5308607673583858,-0.18990171711645212,0.0,0.0,0.0
0.0,0.1,0.35000000000000003,0.2,0.35000000000000003,"(0.0, 0.1, 0.35, 0.2, 0.35)",0.06430766878733363,0.11036457754288564,0.582683957290054,0.0601580065221875,29662755.93934987,-0.33231396267579494,-0.5900304523177091,0.07633272946418496,1.0,61.0,22611891.88686524,22653293.88034086,17130577.445672944,27453694.902322594,0.47540983606557374,0.0,-0.5890845457182222,-0.21006555162996116,0.0,0.0,0.0
0.05,0.2,0.30000000000000004,0.30000000000000004,0.15000000000000002,"(0.05, 0.2, 0.3, 0.3, 0.15)",0.06399954510465711,0.10777781360411987,0.5938100149232447,0.0601580065221875,29655638.906046025,-0.31697020545368937,-0.5287438913477736,0.0740244072564322,1.0,61.0,22410618.488206528,22793728.92273074,17666502.567566734,27327717.989117164,0.47540983606557374,0.0,-0.5323549106727867,-0.1741112591137557,0.0,0.0,0.0
0.15000000000000002,0.1,0.35000000000000003,0.15000000000000002,0.25,"(0.15, 0.1, 0.35, 0.15, 0.25)",0.0639750382477342,0.10651940273772607,0.6005951648570041,0.0601580065221875,29580282.143852916,-0.31835723157873785,-0.5566307768135046,0.07443922328140712,1.0,61.0,22609959.32783511,22660497.443264596,17310791.969722856,27497157.193454817,0.47540983606557374,0.0,-0.5561856523679823,-0.20217037434711516,0.0,0.0,0.0
0.0,0.2,0.30000000000000004,0.35000000000000003,0.15000000000000002,"(0.0, 0.2, 0.3, 0.35, 0.15)",0.06370891690800162,0.10902460252406383,0.5843535810546967,0.0601580065221875,29572244.484709434,-0.3196331813109561,-0.5366486314393609,0.07495521965431595,1.0,61.0,22364523.141341753,22743871.05712659,17501491.400804527,27391674.02492776,0.47540983606557374,0.0,-0.5401245659300082,-0.18149079024272805,0.0,0.0,0.0
0.1,0.2,0.30000000000000004,0.30000000000000004,0.1,"(0.1, 0.2, 0.3, 0.3, 0.1)",0.06366876539579702,0.10662263177437963,0.5971411916611122,0.0601580065221875,29567724.82047403,-0.3112686643669548,-0.516900825092585,0.07202145611792116,1.0,61.0,22383853.36139919,22770102.210844696,17674388.13957215,27377602.289687663,0.47540983606557374,0.0,-0.5205606817512044,-0.17654943483354316,0.0,0.0,0.0
0.2,0.2,0.30000000000000004,0.25,0.05,"(0.2, 0.2, 0.3, 0.25, 0.05)",0.06361220406880252,0.10431172353545486,0.6098279456304944,0.0601580065221875,29558817.800983243,-0.3028376756896598,-0.4973914368195244,0.06961036044096047,1.0,61.0,22401098.83337769,22793884.66706714,17847250.08145979,27360988.750725653,0.47540983606557374,0.0,-0.5012171358860071,-0.1716443831039727,0.0,0.0,0.0
0.15000000000000002,0.05,0.35000000000000003,0.1,0.35000000000000003,"(0.15, 0.05, 0.35, 0.1, 0.35)",0.06338161102107764,0.10328391782558685,0.6136638922635438,0.0601580065221875,29402882.987854198,-0.309004970802085,-0.5435233494717593,0.07209007230079803,1.0,61.0,22750936.858254366,22717366.58593404,17338464.773853224,27253433.69749375,0.47540983606557374,0.0,-0.5410733479348322,-0.19804324200334184,0.0,0.0,0.0
0.05,0.25,0.25,0.35000000000000003,0.1,"(0.05, 0.25, 0.25, 0.35, 0.1)",0.06338154158201914,0.10346194226210335,0.6126073046401228,0.0601580065221875,29547838.03875831,-0.2997175153335947,-0.475871578519959,0.07113903787513105,1.0,61.0,22374996.228952967,22631864.136254035,18240888.523650166,26899447.08157292,0.47540983606557374,0.0,-0.48396440536202284,-0.1526118975123136,0.0,0.0,0.0
0.05,0.2,0.30000000000000004,0.35000000000000003,0.1,"(0.05, 0.2, 0.3, 0.35, 0.1)",0.0633779080061454,0.10788444557228846,0.587461034535129,0.0601580065221875,29484496.678208597,-0.31395472899894783,-0.52474609613094,0.07295226851580491,1.0,61.0,22338010.804473326,22720243.663064327,17509270.516618114,27441523.169574965,0.47540983606557374,0.0,-0.5288015616430678,-0.18387052129068496,0.0,0.0,0.0
0.15000000000000002,0.2,0.30000000000000004,0.30000000000000004,0.05,"(0.15, 0.2, 0.3, 0.3, 0.05)",0.06332888678366388,0.10553232272251376,0.6000899549058595,0.0601580065221875,29477618.244242128,-0.30554945476094775,-0.5051178986076301,0.07036987526977632,1.0,61.0,22356011.38972263,22745051.285491526,17681111.30316537,27425889.507998228,0.47540983606557374,0.0,-0.5088227385544255,-0.17896687510193016,0.0,0.0,0.0
0.25,0.05,0.35000000000000003,0.05,0.30000000000000004,"(0.25, 0.05, 0.35, 0.05, 0.3)",0.06332115480443679,0.10093581996068317,0.6273407679167003,0.0601580065221875,29392741.30306374,-0.3005240680347602,-0.5228050050176805,0.0707635617950012,1.0,61.0,22767713.65350996,22739625.668258186,17507298.35577093,27237348.025938973,0.47540983606557374,0.0,-0.5207465550486385,-0.19320366335625108,0.0,0.0,0.0
0.15000000000000002,0.25,0.25,0.30000000000000004,0.05,"(0.15, 0.25, 0.25, 0.3, 0.05)",0.06332076391799335,0.10111714518023089,0.6262119426446485,0.0601580065221875,29538020.287881456,-0.2939857286920815,-0.46349724080543053,0.06820527433873629,1.0,61.0,22392297.463274516,22646549.3096028,18419419.887397118,26882443.994794685,0.47540983606557374,0.0,-0.47111247349053953,-0.15056052615210622,0.0,0.0,0.0
0.25,0.2,0.30000000000000004,0.25,0.0,"(0.25, 0.2, 0.3, 0.25, 0.0)",0.06326347878685734,0.10327447453971811,0.6125761381872437,0.0601580065221875,29466372.574622154,-0.29707773161080975,-0.4857282013096027,0.06904336476397947,1.0,61.0,22371930.551606275,22767412.506350305,17852896.974978253,27407715.18358436,0.47540983606557374,0.0,-0.48959014881124324,-0.17409937673471743,0.0,0.0,0.0
0.35000000000000003,0.05,0.35000000000000003,0.0,0.25,"(0.35, 0.05, 0.35, 0.0, 0.25)",0.06324431512022488,0.09868657573523201,0.6408603667625897,0.0601580065221875,29378240.91704655,-0.2919757981747032,-0.5023402804001046,0.06943705128920435,1.0,61.0,22782367.366827086,22759437.78678689,17676049.266729146,27218746.645715576,0.47540983606557374,0.0,-0.5006525112411301,-0.18835721117097098,0.0,0.0,0.0
0.2,0.25,0.25,0.30000000000000004,0.0,"(0.2, 0.25, 0.25, 0.3, 0.0)",0.06296577127754599,0.10010115937373835,0.6290213986678872,0.0601580065221875,29444039.560169235,-0.29058345735534086,-0.4576033255297163,0.06620232320022523,1.0,61.0,22360960.163421627,22685089.33583862,18425013.336909782,26927180.964695424,0.47540983606557374,0.0,-0.4657349419981175,-0.15335591390285538,0.0,0.0,0.0
0.15000000000000002,0.25,0.25,0.35000000000000003,0.0,"(0.15, 0.25, 0.25, 0.35, 0.0)",0.06268017069393017,0.10138968814270863,0.6182105088015084,0.0601580065221875,29362385.869161487,-0.2929211815748145,-0.46400808449574,0.067133135598109,1.0,61.0,22313912.947946277,22710010.39448802,18253101.731810987,26990410.821114447,0.47540983606557374,0.0,-0.47314107144263096,-0.1581566801804983,0.0,0.0,0.0
0.2,0.15000000000000002,0.30000000000000004,0.25,0.1,"(0.2, 0.15, 0.3, 0.25, 0.1)",0.06263422285407083,0.09884988162440611,0.6336297203881163,0.0601580065221875,29274331.398765083,-0.2899868082106043,-0.48061245168870026,0.06745372861218625,1.0,61.0,22493300.85239431,22807753.381962862,17731524.687092856,27266773.916341558,0.47540983606557374,0.0,-0.48244407084185237,-0.17140655278002243,0.0,0.0,0.0
0.30000000000000004,0.15000000000000002,0.30000000000000004,0.2,0.05,"(0.3, 0.15, 0.3, 0.2, 0.05)",0.06255530475807936,0.09656298658945366,0.6478186618651196,0.0601580065221875,29259538.35001847,-0.2813570779994795,-0.46118417704345843,0.0661272181063894,1.0,61.0,22507395.720615856,22827901.94703878,17902055.191971958,27246821.328195836,0.47540983606557374,0.0,-0.4632229940778466,-0.1665916243350986,0.0,0.0,0.0
0.05,0.1,0.30000000000000004,0.25,0.30000000000000004,"(0.05, 0.1, 0.3, 0.25, 0.3)",0.06253210220817595,0.09814330768538086,0.6371509548937951,0.0601580065221875,29221340.758872848,-0.29470528882573055,-0.4992991663888689,0.06750879512108626,1.0,61.0,22656213.604467873,22879519.006651767,17586240.359290745,27008970.17726186,0.47540983606557374,0.0,-0.49891191237012317,-0.17860419146523274,0.0,0.0,0.0
0.15000000000000002,0.1,0.30000000000000004,0.2,0.25,"(0.15, 0.1, 0.3, 0.2, 0.25)",0.06247367792023706,0.09564133657539473,0.6532079136199506,0.0601580065221875,29211969.125230078,-0.2860683909864453,-0.4793541519422997,0.06567157330855816,1.0,61.0,22673233.1182446,22902726.13421979,17757644.672600083,26992847.999868207,0.47540983606557374,0.0,-0.4792630121367752,-0.1728795183663327,0.0,0.0,0.0
0.25,0.1,0.30000000000000004,0.15000000000000002,0.2,"(0.25, 0.1, 0.3, 0.15, 0.2)",0.06239891117084917,0.09323599138694191,0.669257764545939,0.0601580065221875,29198277.039229076,-0.2773630191925105,-0.45965481202797137,0.06434506280276132,1.0,61.0,22688143.594963383,22923474.41554874,17928972.596389882,26974237.79363673,0.47540983606557374,0.0,-0.4598400177461923,-0.1671834886884023,0.0,0.0,0.0
0.0,0.1,0.30000000000000004,0.30000000000000004,0.30000000000000004,"(0.0, 0.1, 0.3, 0.3, 0.3)",0.06226848984833255,0.09925929643458577,0.627331565757863,0.0601580065221875,29146244.92498398,-0.2974354995467273,-0.5072506439227618,0.06843960751897,1.0,61.0,22612883.462733783,22715857.936348114,17424272.238614324,27075636.5439092,0.47540983606557374,0.0,-0.5066829745010729,-0.18251492845222148,0.0,0.0,0.0
0.1,0.1,0.30000000000000004,0.25,0.25,"(0.1, 0.1, 0.3, 0.25, 0.25)",0.06221757925313676,0.09671107397561082,0.6433345913295013,0.0601580065221875,29138873.65928454,-0.28882481309950847,-0.48718118038595964,0.066431088137374,1.0,61.0,22630669.71380551,22749854.96739616,17594687.337409582,27060474.56678209,0.47540983606557374,0.0,-0.4869198774556298,-0.17681168093138022,0.0,0.0,0.0
0.35000000000000003,0.15000000000000002,0.30000000000000004,0.2,0.0,"(0.35, 0.15, 0.3, 0.2, 0.0)",0.06220133218818824,0.09548687880246715,0.6514123507677279,0.0601580065221875,29166542.536912233,-0.2754687267544659,-0.4495056525387708,0.0655602224294084,1.0,61.0,22477094.24880101,22745656.772456158,17906281.434753466,27292054.513542924,0.47540983606557374,0.0,-0.4516093610502823,-0.16901391557551113,0.0,0.0,0.0
0.2,0.1,0.30000000000000004,0.2,0.2,"(0.2, 0.1, 0.3, 0.2, 0.2)",0.06215033037894724,0.09425595015605401,0.6593783233424374,0.0601580065221875,29127190.994112145,-0.2801457747369298,-0.4673575029279312,0.06510457763157716,1.0,61.0,22646351.70985444,22782136.898675237,17765038.61859392,27042816.846596844,0.47540983606557374,0.0,-0.4673827070651733,-0.17113629104343284,0.0,0.0,0.0
0.30000000000000004,0.1,0.30000000000000004,0.15000000000000002,0.15000000000000002,"(0.3, 0.1, 0.3, 0.15, 0.15)",0.062066761891074185,0.09190138660326286,0.6753626271061135,0.0601580065221875,29111207.804840397,-0.27139828318253656,-0.4477795963943363,0.06377806712578031,1.0,61.0,22659928.20208526,22812697.464571405,17935293.42937684,27022672.218170382,0.47540983606557374,0.0,-0.4480714953262272,-0.1654896804311205,0.0,0.0,0.0
0.05,0.1,0.30000000000000004,0.30000000000000004,0.25,"(0.05, 0.1, 0.3, 0.3, 0.25)",0.06195372837317081,0.0978452454362353,0.6331807753862235,0.0601580065221875,29063909.841533627,-0.2915787057528234,-0.49507140566293006,0.06719060296618985,1.0,61.0,22587589.68081153,22556235.000644773,17432608.561320726,27127118.701749627,0.47540983606557374,0.0,-0.49463497921001975,-0.18069707974953267,0.0,0.0,0.0
0.15000000000000002,0.1,0.30000000000000004,0.25,0.2,"(0.15, 0.1, 0.3, 0.25, 0.2)",0.061893994668241525,0.09534312690020236,0.6491710171518421,0.0601580065221875,29054227.981080502,-0.28292598843518624,-0.4751235000554847,0.06586409246039301,1.0,61.0,22604040.551772494,22589033.017711148,17601980.695924964,27110419.619669195,0.47540983606557374,0.0,-0.4749838138842955,-0.17504270504877117,0.0,0.0,0.0
0.2,0.2,0.25,0.35000000000000003,0.0,"(0.2, 0.2, 0.25, 0.35, 0.0)",0.061400782304591006,0.09413279344072872,0.6522783406321876,0.0601580065221875,29000580.519347794,-0.2669264142007287,-0.4208142476048718,0.06133630902161136,1.0,61.0,22378397.603291765,22901360.674779914,18139681.025988422,26949811.20111664,0.47540983606557374,0.0,-0.4256757857505545,-0.1513429510639554,0.0,0.0,0.0
0.2,0.15000000000000002,0.25,0.35000000000000003,0.05,"(0.2, 0.15, 0.25, 0.35, 0.05)",0.060390474981637965,0.08838608419478192,0.6832577269579192,0.0601580065221875,28712146.296646733,-0.25353112748667617,-0.40337017599671043,0.05887859779117212,1.0,61.0,22465927.081409637,22453074.611215606,18014086.92659647,26852370.511060774,0.47540983606557374,0.0,-0.4051354882733561,-0.1513952949664423,0.0,0.0,0.0
0.05,0.1,0.25,0.35000000000000003,0.25,"(0.05, 0.1, 0.25, 0.35, 0.25)",0.060318545883105035,0.0873144763442997,0.6908195342689347,0.0601580065221875,28667366.06659738,-0.258325824907392,-0.4202198070669441,0.05975741156117125,1.0,61.0,22635676.0587345,22598019.372130916,17867220.659846086,26606726.708461106,0.47540983606557374,0.0,-0.42011176228622515,-0.15248727639118043,0.0,0.0,0.0
0.1,0.1,0.25,0.35000000000000003,0.2,"(0.1, 0.1, 0.25, 0.35, 0.2)",0.0599831304302485,0.08591481787307373,0.6981697909069026,0.0601580065221875,28580953.959374316,-0.2522374487514589,-0.40849766427112205,0.05785595731635988,0.0,61.0,22606260.420588817,22532721.066291187,17872910.704445645,26653150.593606237,0.47540983606557374,0.0,-0.40849397722951675,-0.1509087437754441,0.0,0.0,0.0
0.35000000000000003,0.1,0.15000000000000002,0.35000000000000003,0.05,"(0.35, 0.1, 0.15, 0.35, 0.05)",0.05560512056211375,0.05913186414857442,0.9403579840202672,0.0601580065221875,27542345.27000478,-0.15520696854218163,-0.22434974747305508,0.03710064068208728,0.0,61.0,22630852.129385874,22358158.943329528,19067804.586523034,25550285.201547224,0.45901639344262296,0.16393442622950818,-0.22500108246328682,-0.08840900201652158,0.0,0.0,0.0
0.35000000000000003,0.35000000000000003,0.0,0.2,0.1,"(0.35, 0.35, 0.0, 0.2, 0.1)",0.0584116540883004,0.06949129751420219,0.8405607058403622,0.0601580065221875,28525099.410662223,-0.1798553945711403,-0.22519277444457014,0.04545927989517371,0.0,61.0,22858370.000825714,22922683.231279776,18254538.64591861,27313151.148956046,0.45901639344262296,0.11475409836065574,-0.23308339410547996,-0.05629490240952704,0.0,0.0,0.0
0.35000000000000003,0.05,0.2,0.25,0.15000000000000002,"(0.35, 0.05, 0.2, 0.25, 0.15)",0.056925952640487054,0.06517966236837756,0.8733698606592528,0.0601580065221875,27823233.203461275,-0.18119612795261553,-0.2753272892647512,0.043519139674327155,0.0,61.0,22757881.989568904,22393365.066259988,18656137.41305375,25963327.939735826,0.45901639344262296,0.09836065573770492,-0.27487312528968644,-0.10750089141534848,0.0,0.0,0.0
0.35000000000000003,0.05,0.2,0.30000000000000004,0.1,"(0.35, 0.05, 0.2, 0.3, 0.1)",0.05633178351505541,0.06491254204238958,0.8678104684033062,0.0601580065221875,27668596.907282397,-0.1778412659028652,-0.27084637562165326,0.043801704988330914,0.0,61.0,22680816.733399637,22466884.66608281,18487732.45096963,25977450.212190337,0.45901639344262296,0.09836065573770492,-0.270373681282184,-0.11068071116168693,0.0,0.0,0.0
0.30000000000000004,0.1,0.15000000000000002,0.35000000000000003,0.1,"(0.3, 0.1, 0.15, 0.35, 0.1)",0.05598859397803935,0.06042264810900661,0.926616024458777,0.0601580065221875,27637856.572501156,-0.1618522414146516,-0.23501060361583842,0.03852844371129519,0.0,61.0,22669802.89620036,22317528.290436536,19068810.08435714,25523181.341838546,0.45901639344262296,0.09836065573770492,-0.23562628332867247,-0.08732411156327609,0.0,0.0,0.0
0.30000000000000004,0.05,0.2,0.25,0.2,"(0.3, 0.05, 0.2, 0.25, 0.2)",0.05728589735808143,0.0666833282764894,0.8590737570949765,0.0601580065221875,27913740.893102445,-0.18771340747442855,-0.28649850151965334,0.04408613535130815,0.0,61.0,22792935.610708944,22351354.34036921,18654513.802987885,25979088.30301304,0.45901639344262296,0.08196721311475409,-0.2859510601611587,-0.10887442903440601,0.0,0.0,0.0
0.25,0.05,0.2,0.30000000000000004,0.2,"(0.25, 0.05, 0.2, 0.3, 0.2)",0.05706081102504501,0.06777252076359243,0.8419461218520623,0.0601580065221875,27851276.548171353,-0.1908431499465384,-0.29324293344600993,0.04484565018012401,0.0,61.0,22751399.051579308,22364111.500853293,18485748.64758407,26007814.931349855,0.45901639344262296,0.08196721311475409,-0.2925781316459117,-0.11203038641988486,0.0,0.0,0.0
0.35000000000000003,0.1,0.2,0.35000000000000003,0.0,"(0.35, 0.1, 0.2, 0.35, 0.0)",0.056965766630902026,0.069332590104438,0.8216304416882824,0.0601580065221875,27847813.623396896,-0.18893480878910585,-0.28592229691470433,0.04606080980677109,0.0,61.0,22540836.12063052,22465818.99271623,18474437.39479412,26209006.961605206,0.45901639344262296,0.08196721311475409,-0.286515481759292,-0.11137199459018682,0.0,0.0,0.0
0.2,0.05,0.2,0.35000000000000003,0.2,"(0.2, 0.05, 0.2, 0.35, 0.2)",0.05682802595859404,0.06895256723752935,0.8241611333024278,0.0601580065221875,27787003.406895645,-0.19396968162984163,-0.3000512011398019,0.045605165008939845,0.0,61.0,22709343.820498947,22386006.808602642,18317865.853337724,26035377.2834472,0.45901639344262296,0.08196721311475409,-0.29926446662503065,-0.11586270394789572,0.0,0.0,0.0
0.30000000000000004,0.05,0.2,0.30000000000000004,0.15000000000000002,"(0.3, 0.05, 0.2, 0.3, 0.15)",0.05670067104510834,0.06629628818249655,0.8552616232303389,0.0601580065221875,27760904.927986406,-0.1843517022307034,-0.2820139472654766,0.044278654503143,0.0,61.0,22716619.768331036,22416105.767907895,18487331.186409358,25991990.621638402,0.45901639344262296,0.08196721311475409,-0.28144769618537113,-0.11135102335816704,0.0,0.0,0.0
0.25,0.05,0.2,0.35000000000000003,0.15000000000000002,"(0.25, 0.05, 0.2, 0.35, 0.15)",0.05646769491361736,0.0675048214905461,0.8364986924900696,0.0601580065221875,27696774.640087754,-0.18750400695086633,-0.28876442800514524,0.04503816933195885,0.0,61.0,22674838.73169289,22437918.81862653,18319408.356320173,26019489.85719239,0.45901639344262296,0.08196721311475409,-0.28808154648927103,-0.11517252647355633,0.0,0.0,0.0
0.15000000000000002,0.35000000000000003,0.05,0.15000000000000002,0.30000000000000004,"(0.15, 0.35, 0.05, 0.15, 0.3)",0.062020946838295066,0.08099710520900254,0.7657180670624962,0.0601580065221875,29427389.990456723,-0.22810790490858268,-0.29926456415582053,0.059798900998331336,1.0,61.0,22995032.329790436,22890475.61722418,17854419.867188092,28425856.47247361,0.45901639344262296,0.06557377049180328,-0.3069293648663362,-0.07812486994684611,0.0,0.0,0.0
0.25,0.35000000000000003,0.05,0.1,0.25,"(0.25, 0.35, 0.05, 0.1, 0.25)",0.061887817525926536,0.07884277110812155,0.7849523381294687,0.0601580065221875,29399368.838889286,-0.2219558359269227,-0.2890856980750192,0.05667536034430707,1.0,61.0,23006996.347351782,22896491.22564032,17894108.54226032,28376048.16081029,0.45901639344262296,0.06557377049180328,-0.2963410490344904,-0.07331509586683929,0.0,0.0,0.0
0.1,0.35000000000000003,0.05,0.2,0.30000000000000004,"(0.1, 0.35, 0.05, 0.2, 0.3)",0.061802030707695854,0.08180602205571344,0.755470430595024,0.0601580065221875,29362795.311856877,-0.23059140463362726,-0.30438976280020386,0.060696040504138904,1.0,61.0,22943691.190723196,22865939.257042535,17896798.69394752,28249209.17006222,0.45901639344262296,0.06557377049180328,-0.31268907720533407,-0.07724001379280496,0.0,0.0,0.0
0.25,0.25,0.15000000000000002,0.2,0.15000000000000002,"(0.25, 0.25, 0.15, 0.2, 0.15)",0.061576099359939684,0.0794662822085499,0.7748707709559189,0.0601580065221875,29166405.92904653,-0.228597631338893,-0.32528524426079064,0.05521406209397038,1.0,61.0,22744374.607318766,22655160.650732275,19189715.226947185,25893629.434083086,0.45901639344262296,0.06557377049180328,-0.3299376159288755,-0.08886504194540013,0.0,0.0,0.0
0.35000000000000003,0.25,0.15000000000000002,0.15000000000000002,0.1,"(0.35, 0.25, 0.15, 0.15, 0.1)",0.06144850117828038,0.07719730985978532,0.7959927786329635,0.0601580065221875,29139489.442094494,-0.22192453083290842,-0.3133070235003895,0.05219567384925309,1.0,61.0,22754489.472184055,22627039.312559087,19233129.695773568,25904295.786594983,0.45901639344262296,0.06557377049180328,-0.3180910455809219,-0.08620370478940383,0.0,0.0,0.0
0.30000000000000004,0.25,0.15000000000000002,0.2,0.1,"(0.3, 0.25, 0.15, 0.2, 0.1)",0.06121680280620345,0.07820543735570246,0.7827691382604326,0.0601580065221875,29072496.158137955,-0.2244061821017811,-0.3187341228197958,0.05312648624713685,1.0,61.0,22707954.905889113,22537155.670165703,19277463.13763729,25761487.4570854,0.45901639344262296,0.06557377049180328,-0.32347723637332293,-0.08891506458053448,0.0,0.0,0.0
0.25,0.25,0.15000000000000002,0.25,0.1,"(0.25, 0.25, 0.15, 0.25, 0.1)",0.060977338050089314,0.07929470267160739,0.7689963641407679,0.0601580065221875,29003617.128960785,-0.2268932805990146,-0.32421531530699754,0.054057298645020596,1.0,61.0,22660925.38536072,22532147.383598983,19321090.060797878,25618714.7708017,0.45901639344262296,0.06557377049180328,-0.32935276470784264,-0.09378675432590747,0.0,0.0,0.0
0.35000000000000003,0.25,0.15000000000000002,0.2,0.05,"(0.35, 0.25, 0.15, 0.2, 0.05)",0.06084862051528761,0.07703017517471841,0.789932261964508,0.0601580065221875,28976531.549953397,-0.22076490645363966,-0.31319922132188477,0.051123535108625814,1.0,61.0,22670499.034481637,22509973.84470712,19364579.05830663,25629176.112235647,0.45901639344262296,0.06557377049180328,-0.31799424442414714,-0.09051617215099703,0.0,0.0,0.0
0.2,0.25,0.15000000000000002,0.30000000000000004,0.1,"(0.2, 0.25, 0.15, 0.3, 0.1)",0.06073011396043393,0.08046181062425495,0.7547694178053587,0.0601580065221875,28932866.688130185,-0.22938572732912754,-0.3297506527141488,0.05498811104290435,1.0,61.0,22613403.65952173,22584521.95150267,19364005.42057452,25655088.14111879,0.45901639344262296,0.06557377049180328,-0.33560683363837956,-0.0986292722644808,0.0,0.0,0.0
0.30000000000000004,0.25,0.15000000000000002,0.25,0.05,"(0.3, 0.25, 0.15, 0.25, 0.05)",0.06060896000962046,0.07813813708381552,0.7756642565538484,0.0601580065221875,28907809.445459727,-0.22326487760748714,-0.3186607806487305,0.05205434750650957,1.0,61.0,22623756.082493957,22536151.329898424,19408341.58337995,25630257.651894115,0.45901639344262296,0.06557377049180328,-0.32414865280281546,-0.09534960296596028,0.0,0.0,0.0
0.15000000000000002,0.25,0.15000000000000002,0.35000000000000003,0.1,"(0.15, 0.25, 0.15, 0.35, 0.1)",0.0604751376755448,0.08170342540837093,0.7401787302463431,0.0601580065221875,28860259.52379704,-0.23188342340344237,-0.3353401803533549,0.0559189234407881,1.0,61.0,22565392.50478044,22503231.629342277,19406204.24580595,25718670.28845555,0.45901639344262296,0.06557377049180328,-0.3419386034731447,-0.1034424124043234,0.0,0.0,0.0
0.25,0.25,0.15000000000000002,0.30000000000000004,0.05,"(0.25, 0.25, 0.15, 0.3, 0.05)",0.06036154455406795,0.0793245403628878,0.7609441451274801,0.0601580065221875,28837223.124437913,-0.22577019677680066,-0.3241765698080208,0.05298515990439333,1.0,61.0,22576520.80116435,22480092.57168705,19451389.514313992,25694736.49369718,0.45901639344262296,0.06557377049180328,-0.33038038191471975,-0.1001540551572945,0.0,0.0,0.0
0.0,0.30000000000000004,0.05,0.30000000000000004,0.35000000000000003,"(0.0, 0.3, 0.05, 0.3, 0.35)",0.06035667036372927,0.0768077031082483,0.7858153273854068,0.0601580065221875,28942046.665339254,-0.21649499325390476,-0.29025171097269614,0.05898417716511325,1.0,61.0,22921034.86828209,22954493.048637167,18459611.664294716,27093665.09699409,0.45901639344262296,0.06557377049180328,-0.2964483439391001,-0.08074775889581443,0.0,0.0,0.0
0.35000000000000003,0.25,0.15000000000000002,0.25,0.0,"(0.35, 0.25, 0.15, 0.25, 0.0)",0.060231730251531834,0.07707038402384518,0.7815158963382931,0.0601580065221875,28809981.341725733,-0.21965505487057357,-0.3131426553814171,0.05005139636799854,1.0,61.0,22585560.71985162,22459032.563332744,19494951.72905476,25668464.765286513,0.45901639344262296,0.06557377049180328,-0.3189690516432662,-0.09688981835334334,0.0,0.0,0.0
0.2,0.25,0.15000000000000002,0.35000000000000003,0.05,"(0.2, 0.25, 0.15, 0.35, 0.05)",0.06010638128489454,0.08058592059417455,0.7458670303909086,0.0601580065221875,28764787.23534962,-0.22828076478010917,-0.32974663517716424,0.05391597230227707,0.0,61.0,22528795.942009557,22548301.71100297,19493717.866732985,25758285.840074874,0.45901639344262296,0.06557377049180328,-0.33668988405497374,-0.10492932419975289,0.0,0.0,0.0
0.25,0.05,0.25,0.15000000000000002,0.30000000000000004,"(0.25, 0.05, 0.25, 0.15, 0.3)",0.06005130968311567,0.07933036241833877,0.7569776294030095,0.0601580065221875,28595658.412283402,-0.23319395334028048,-0.37243681019905106,0.05322826184930326,0.0,61.0,22870794.843360662,22800989.73069154,18386687.1370523,26378270.94897624,0.45901639344262296,0.06557377049180328,-0.3714261272510725,-0.1429199027285992,0.0,0.0,0.0
0.30000000000000004,0.25,0.15000000000000002,0.30000000000000004,0.0,"(0.3, 0.25, 0.15, 0.3, 0.0)",0.05998412851556445,0.078275280070637,0.7663227581100152,0.0601580065221875,28739565.287452526,-0.2221731705850153,-0.31863895413687393,0.05098220876588229,0.0,61.0,22538613.53859951,22528047.441746242,19538130.923375312,25732908.97617803,0.45901639344262296,0.06557377049180328,-0.32517853304746375,-0.10165636205386991,0.0,0.0,0.0
0.35000000000000003,0.05,0.25,0.1,0.25,"(0.35, 0.05, 0.25, 0.1, 0.25)",0.05993700569971283,0.07688869405092864,0.7795295061197483,0.0601580065221875,28572110.449127924,-0.2239463491849566,-0.3536974221455604,0.05190175134350642,0.0,61.0,22880676.1488685,22799949.395118676,18559438.606350165,26337183.377654918,0.45901639344262296,0.06557377049180328,-0.3529498809597869,-0.13786122222927502,0.0,0.0,0.0
0.15000000000000002,0.30000000000000004,0.05,0.25,0.25,"(0.15, 0.3, 0.05, 0.25, 0.25)",0.059890709949857124,0.07282896976403141,0.8223473453476723,0.0601580065221875,28828239.781532925,-0.20199722008112997,-0.2670555870418669,0.05363423536287225,0.0,61.0,22895382.183877245,22929166.448786475,18587123.82387612,26833700.70789572,0.45901639344262296,0.06557377049180328,-0.2729820861199635,-0.07062321591923593,0.0,0.0,0.0
0.35000000000000003,0.2,0.15000000000000002,0.2,0.1,"(0.35, 0.2, 0.15, 0.2, 0.1)",0.05978913561234145,0.07053365132124735,0.8476682334227995,0.0601580065221875,28674425.04254866,-0.1971473454359578,-0.2789729739865456,0.04732965967063921,0.0,61.0,22747833.867915425,22692854.232938264,19868737.018291622,25469075.142352384,0.45901639344262296,0.06557377049180328,-0.2820296789149609,-0.0821089787787112,0.0,0.0,0.0
0.0,0.30000000000000004,0.05,0.35000000000000003,0.30000000000000004,"(0.0, 0.3, 0.05, 0.35, 0.3)",0.05978231057296668,0.07632388880648763,0.7832712864584161,0.0601580065221875,28786608.766528115,-0.21371078415766076,-0.2873636869965241,0.057654915522704075,0.0,61.0,22832389.69974667,22904416.8309515,18587759.89102443,26711618.701340023,0.45901639344262296,0.06557377049180328,-0.2944333491280886,-0.07437593752225964,0.0,0.0,0.0
0.25,0.30000000000000004,0.05,0.2,0.2,"(0.25, 0.3, 0.05, 0.2, 0.2)",0.05974981825739056,0.07051716032936009,0.847308910034392,0.0601580065221875,28798631.757838923,-0.19318727962059434,-0.25277579927109883,0.050510694708847975,0.0,61.0,22905107.2151734,22928707.67046923,18627386.953737635,26785848.08306689,0.45901639344262296,0.06557377049180328,-0.2582569935619922,-0.06603756024694007,0.0,0.0,0.0
0.25,0.25,0.15000000000000002,0.35000000000000003,0.0,"(0.25, 0.25, 0.15, 0.35, 0.0)",0.059728783353292236,0.07955556865526937,0.7507806727158136,0.0601580065221875,28667306.93158551,-0.22469653474275086,-0.3241896135742145,0.05191302116376604,0.0,61.0,22491176.645995222,22596265.38386392,19482706.662400454,25796421.981693026,0.45901639344262296,0.06557377049180328,-0.3314658589899654,-0.10639391646946945,0.0,0.0,0.0
0.30000000000000004,0.05,0.25,0.15000000000000002,0.25,"(0.3, 0.05, 0.25, 0.15, 0.25)",0.05972040909987375,0.07773066525864739,0.7682992150029229,0.0601580065221875,28510597.80819437,-0.2269154661773296,-0.36081936306811474,0.052661266172322266,0.0,61.0,22840559.126815397,22663978.65071859,18392375.20725724,26368067.433757033,0.45901639344262296,0.06557377049180328,-0.3599299755802378,-0.13854404621501598,0.0,0.0,0.0
0.2,0.2,0.15000000000000002,0.30000000000000004,0.15000000000000002,"(0.2, 0.2, 0.15, 0.3, 0.15)",0.05968566908939965,0.0740813185239085,0.805677737365556,0.0601580065221875,28635160.71043075,-0.20886328493670858,-0.30057112687460996,0.051275797606728006,0.0,61.0,22693144.37973862,22785719.53330609,19558028.674801856,25560730.53304114,0.45901639344262296,0.06557377049180328,-0.3035554604053903,-0.08553080677113517,0.0,0.0,0.0
0.1,0.30000000000000004,0.05,0.30000000000000004,0.25,"(0.1, 0.3, 0.05, 0.3, 0.25)",0.059665216952497824,0.07381657089990488,0.8082902825898501,0.0601580065221875,28763203.50310496,-0.2049873461857169,-0.2728135996021177,0.05453137486867981,0.0,61.0,22845009.781256303,22940821.594190072,18630400.13942456,26666640.171801772,0.45901639344262296,0.06557377049180328,-0.2793831982429146,-0.06980477205213015,0.0,0.0,0.0
0.30000000000000004,0.2,0.15000000000000002,0.25,0.1,"(0.3, 0.2, 0.15, 0.25, 0.1)",0.05955888095931128,0.07162080748101617,0.8315862813344848,0.0601580065221875,28608828.548179932,-0.20015748691719026,-0.28511189361498235,0.04826047206852297,0.0,61.0,22702403.729721233,22764741.65272177,19741473.00916509,25535235.787146833,0.45901639344262296,0.06557377049180328,-0.2881291325416321,-0.08193654373429302,0.0,0.0,0.0
0.2,0.30000000000000004,0.05,0.25,0.2,"(0.2, 0.3, 0.05, 0.25, 0.2)",0.059531901028837986,0.07143503822196541,0.833371165055703,0.0601580065221875,28735611.34895525,-0.19620374817292696,-0.25844041090677183,0.05140783421465553,0.0,61.0,22855519.33072717,22961798.33829415,18671481.34917344,26619907.437452786,0.45901639344262296,0.06557377049180328,-0.26453199057892174,-0.06525260246820086,0.0,0.0,0.0
0.35000000000000003,0.05,0.25,0.15000000000000002,0.2,"(0.35, 0.05, 0.25, 0.15, 0.2)",0.0593805977678159,0.07620474573923926,0.7792244064563516,0.0601580065221875,28423464.70766428,-0.22061795669790818,-0.3492622313814387,0.052094270495341266,0.0,61.0,22809260.91224155,22712084.15829718,18396870.759329315,26356252.141962826,0.45901639344262296,0.06557377049180328,-0.348489345918887,-0.1341732856502269,0.0,0.0,0.0
0.25,0.2,0.15000000000000002,0.30000000000000004,0.1,"(0.25, 0.2, 0.15, 0.3, 0.1)",0.05932088521303869,0.0727940781735107,0.8149136125007649,0.0601580065221875,28541377.903497584,-0.20316397936804276,-0.29130533470092385,0.049191284466406714,0.0,61.0,22656473.909344416,22835838.250982624,19561349.780440453,25600486.119147055,0.45901639344262296,0.06557377049180328,-0.29427949778286056,-0.08674049735588374,0.0,0.0,0.0
0.35000000000000003,0.2,0.15000000000000002,0.25,0.05,"(0.35, 0.2, 0.15, 0.25, 0.05)",0.059185470887615166,0.07040221600863893,0.8406762491730747,0.0601580065221875,28512893.541538216,-0.19442528773776246,-0.2759350981000457,0.04625752093001193,0.0,61.0,22664422.42763699,22813634.002398796,19743585.804249115,25573560.51216259,0.45901639344262296,0.06557377049180328,-0.2789344568562907,-0.08354152060284921,0.0,0.0,0.0
0.30000000000000004,0.05,0.25,0.2,0.2,"(0.3, 0.05, 0.25, 0.2, 0.2)",0.059156044609965264,0.07715311477153099,0.7667356630401845,0.0601580065221875,28360204.362465117,-0.22360932748159434,-0.35638900453458067,0.05285378532415712,0.0,61.0,22768880.658004925,22605811.13965387,18230596.398589935,26385890.365918823,0.45901639344262296,0.06557377049180328,-0.35547487670675976,-0.1348682528214466,0.0,0.0,0.0
0.1,0.30000000000000004,0.05,0.35000000000000003,0.2,"(0.1, 0.3, 0.05, 0.35, 0.2)",0.05907278782528658,0.07354070456289087,0.8032665470966279,0.0601580065221875,28603964.77611611,-0.20222574044264263,-0.2699228027373505,0.05320211322627064,0.0,61.0,22754896.684523597,22888920.966686215,18757631.873692542,26288801.860648364,0.45901639344262296,0.06557377049180328,-0.2773068524002379,-0.06948979440017458,0.0,0.0,0.0
0.05,0.35000000000000003,0.0,0.35000000000000003,0.25,"(0.05, 0.35, 0.0, 0.35, 0.25)",0.0588736058758339,0.07584167116950767,0.7762698918415207,0.0601580065221875,28622540.455441397,-0.20041201407817388,-0.25697546293132834,0.054829901857246545,0.0,61.0,22832859.049991474,22929783.66833269,18141166.064081352,27461202.409305464,0.45901639344262296,0.06557377049180328,-0.26610454787963833,-0.0641547336817154,0.0,0.0,0.0
0.35000000000000003,0.05,0.25,0.2,0.15000000000000002,"(0.35, 0.05, 0.25, 0.2, 0.15)",0.05880713522535452,0.07572600769736887,0.7765777836905272,0.0601580065221875,28271151.56175866,-0.2173180808355164,-0.34483317393220714,0.05228678964717612,0.0,61.0,22736792.726288315,22490869.33065939,18233842.43525003,26415033.821689725,0.45901639344262296,0.06557377049180328,-0.3440360622825362,-0.1305107400813171,0.0,0.0,0.0
0.15000000000000002,0.35000000000000003,0.0,0.30000000000000004,0.2,"(0.15, 0.35, 0.0, 0.3, 0.2)",0.05873580400366318,0.07357846916352341,0.7982743412767482,0.0601580065221875,28594193.171110462,-0.19248016494748144,-0.2445316383865811,0.051706361203222265,0.0,61.0,22843469.302554578,22899594.254122246,18180487.252220236,27413645.10789621,0.45901639344262296,0.06557377049180328,-0.2533250176691388,-0.061538961712474416,0.0,0.0,0.0
0.15000000000000002,0.1,0.2,0.35000000000000003,0.2,"(0.15, 0.1, 0.2, 0.35, 0.2)",0.0584398454165882,0.0743985330261778,0.7854972811900149,0.0601580065221875,28220485.94197108,-0.21445772934682206,-0.3304193499581673,0.05014440320548874,0.0,61.0,22681871.018449068,22707743.30079922,18469479.1331424,26051505.7635657,0.45901639344262296,0.06557377049180328,-0.33075167251510196,-0.11978697187204514,0.0,0.0,0.0
0.25,0.1,0.2,0.30000000000000004,0.15000000000000002,"(0.25, 0.1, 0.2, 0.3, 0.15)",0.05832666623893701,0.07176248539994771,0.8127737760735292,0.0601580065221875,28197690.937031478,-0.2050276011160177,-0.31239374810046394,0.04721063966909395,0.0,61.0,22691536.851658296,22667231.315113712,18642672.179235194,26027342.77446098,0.45901639344262296,0.06557377049180328,-0.3129022867223163,-0.11442319191911092,0.0,0.0,0.0
0.35000000000000003,0.25,0.1,0.30000000000000004,0.0,"(0.35, 0.25, 0.1, 0.3, 0.0)",0.05824109443946046,0.06826364542056984,0.853178790564717,0.0601580065221875,28330426.50570862,-0.1861073793602257,-0.25457153044897296,0.04399798164483703,0.0,61.0,22608767.998170923,22679737.900309727,19593064.153073072,25119773.97849069,0.45901639344262296,0.06557377049180328,-0.2601922075338848,-0.08064068933824699,0.0,0.0,0.0
0.35000000000000003,0.1,0.2,0.25,0.1,"(0.35, 0.1, 0.2, 0.25, 0.1)",0.05819735511352864,0.069246626737954,0.8404359584729163,0.0601580065221875,28170791.173738446,-0.19552445903264093,-0.29460505294472494,0.045675771503101384,0.0,61.0,22699107.636414543,22625233.506465122,18815672.95922423,26000827.540627897,0.45901639344262296,0.06557377049180328,-0.2952706620931178,-0.10909132104248802,0.0,0.0,0.0
0.2,0.1,0.2,0.35000000000000003,0.15000000000000002,"(0.2, 0.1, 0.2, 0.35, 0.15)",0.05808450423956346,0.0729970735901653,0.7957100385376138,0.0601580065221875,28130263.332447,-0.2081051470711276,-0.31920361766281496,0.0481414520669777,0.0,61.0,22648151.72468651,22525330.02795364,18472494.16407458,26093112.307549875,0.45901639344262296,0.06557377049180328,-0.31960820827994063,-0.1184662936446137,0.0,0.0,0.0
0.30000000000000004,0.25,0.1,0.35000000000000003,0.0,"(0.3, 0.25, 0.1, 0.35, 0.0)",0.05800094950269097,0.06952133097216016,0.8342899753446531,0.0601580065221875,28262863.89534666,-0.1887266349575104,-0.25971349988493053,0.04489512115064458,0.0,61.0,22561185.94887883,22588268.398161568,19637017.039481312,25183293.48188116,0.45901639344262296,0.06557377049180328,-0.26594862069213765,-0.08538053583388776,0.0,0.0,0.0
0.30000000000000004,0.1,0.2,0.30000000000000004,0.1,"(0.3, 0.1, 0.2, 0.3, 0.1)",0.057962711505686215,0.07042216440058004,0.8230748372909822,0.0601580065221875,28105332.87254296,-0.19863066716493616,-0.3012956993550565,0.046435286331917236,0.0,61.0,22656510.42697877,22484289.552323386,18644545.355766047,26067495.933258817,0.45901639344262296,0.06557377049180328,-0.3018667649374505,-0.11315098529962699,0.0,0.0,0.0
0.25,0.1,0.2,0.35000000000000003,0.1,"(0.25, 0.1, 0.2, 0.35, 0.1)",0.057720358877364486,0.07168236059528206,0.805224024404736,0.0601580065221875,28038059.0490432,-0.20173366725213027,-0.3080485384112193,0.04719480116073308,0.0,61.0,22613400.85196716,22427489.570083015,18474323.82475991,26133233.440913267,0.45901639344262296,0.06557377049180328,-0.30852072618383997,-0.11789190496093034,0.0,0.0,0.0
0.35000000000000003,0.1,0.2,0.30000000000000004,0.05,"(0.35, 0.1, 0.2, 0.3, 0.05)",0.05758997552898193,0.06917416568669431,0.8325358890459216,0.0601580065221875,28011014.282345876,-0.1922149794988539,-0.2902585755451746,0.045868290654936236,0.0,61.0,22620458.901984878,22396612.5870195,18645223.96119197,26106164.162318967,0.45901639344262296,0.06557377049180328,-0.29088745139327643,-0.11202110992994614,0.0,0.0,0.0
0.30000000000000004,0.1,0.2,0.35000000000000003,0.05,"(0.3, 0.1, 0.2, 0.35, 0.05)",0.057347437135713886,0.07045925006554768,0.813909274969064,0.0601580065221875,27943900.069379244,-0.19534348781460764,-0.2969546032935619,0.04662780548375208,0.0,61.0,22577626.322178606,22470289.270971317,18474970.66038301,26171865.986043356,0.45901639344262296,0.06557377049180328,-0.2974896707811538,-0.11546278604602855,0.0,0.0,0.0
0.15000000000000002,0.05,0.2,0.35000000000000003,0.25,"(0.15, 0.05, 0.2, 0.35, 0.25)",0.05717958678117152,0.07048665947769701,0.8112114718567981,0.0601580065221875,27875275.005013835,-0.20041622256350888,-0.31139910727934955,0.046350527767502134,0.0,61.0,22742818.6780874,22334448.70282676,18315151.08902554,26049701.209758203,0.45901639344262296,0.06557377049180328,-0.31050357353966784,-0.11656175801534495,0.0,0.0,0.0
0.15000000000000002,0.30000000000000004,0.25,0.0,0.30000000000000004,"(0.15, 0.3, 0.25, 0.0, 0.3)",0.06771390834340663,0.10861873413673441,0.6234091096860432,0.0601580065221875,30790258.17472001,-0.3256971843964499,-0.5025826522864459,0.07843198222048657,1.0,61.0,22745215.34945192,22476655.852979947,18013823.103156485,28402563.096727464,0.45901639344262296,0.04918032786885246,-0.5109542609416724,-0.13947468423883266,0.0,0.0,0.0
0.1,0.30000000000000004,0.25,0.05,0.30000000000000004,"(0.1, 0.3, 0.25, 0.05, 0.3)",0.0674673220037052,0.10946754186058115,0.61632261816596,0.0601580065221875,30715896.978079736,-0.3278477711830087,-0.5089530506297447,0.07936279461837031,1.0,61.0,22698050.00912627,22320484.741612814,18054678.687514912,28243335.19375754,0.45901639344262296,0.04918032786885246,-0.5172439353547843,-0.14017480606471955,0.0,0.0,0.0
0.2,0.30000000000000004,0.25,0.0,0.25,"(0.2, 0.3, 0.25, 0.0, 0.25)",0.06741182401878043,0.10724098614231636,0.6286013066806396,0.0601580065221875,30707305.900680747,-0.3222410758636637,-0.496695328616663,0.07642903108197553,1.0,61.0,22718642.719906677,22424677.09347927,18103697.03903845,28261157.254591983,0.45901639344262296,0.04918032786885246,-0.5051006998926519,-0.13719917525714057,0.0,0.0,0.0
0.05,0.30000000000000004,0.25,0.1,0.30000000000000004,"(0.05, 0.3, 0.25, 0.1, 0.3)",0.06721288755680743,0.11037730606380328,0.6089375611138328,0.0601580065221875,30639543.053443197,-0.3300034388294083,-0.515377175323471,0.08029360701625407,1.0,61.0,22650389.2223836,22280555.92270052,18094860.44461616,28084174.027466007,0.45901639344262296,0.04918032786885246,-0.5235841156680031,-0.14188792678142256,0.0,0.0,0.0
0.15000000000000002,0.30000000000000004,0.25,0.05,0.25,"(0.15, 0.3, 0.25, 0.05, 0.25)",0.06716496370247782,0.10810228288064692,0.6213093924818683,0.0601580065221875,30633053.244826104,-0.3244042123106521,-0.5030452883600496,0.0773598434798593,1.0,61.0,22671733.85797681,22269868.92956071,18144685.944392554,28102769.82745539,0.45901639344262296,0.04918032786885246,-0.5113725274706572,-0.13892201463553497,0.0,0.0,0.0
0.25,0.30000000000000004,0.25,0.0,0.2,"(0.25, 0.3, 0.25, 0.0, 0.2)",0.06710047104890293,0.10592254643648676,0.633486196341944,0.0601580065221875,30621996.576660316,-0.31880060577605096,-0.4908406124797598,0.0744260799434645,1.0,61.0,22690959.128515944,22371453.03455922,18192992.096233826,28119530.74789633,0.45901639344262296,0.04918032786885246,-0.49927879539665165,-0.13596388662956863,0.0,0.0,0.0
0.1,0.30000000000000004,0.25,0.1,0.25,"(0.1, 0.3, 0.25, 0.1, 0.25)",0.06691025993893529,0.10902509654483801,0.6137142920246584,0.0601580065221875,30556814.53431853,-0.32657242679747156,-0.5094490677940032,0.07829065587774305,1.0,61.0,22624329.296530653,22335596.302855287,18184997.878718108,27944448.296104927,0.45901639344262296,0.04918032786885246,-0.5176949609420852,-0.14062448483330053,0.0,0.0,0.0
0.2,0.30000000000000004,0.25,0.05,0.2,"(0.2, 0.3, 0.25, 0.05, 0.2)",0.0668533433211338,0.10679616771457687,0.6259900963844119,0.0601580065221875,30547859.82223555,-0.3209762258572205,-0.4971701768191436,0.07535689234134825,1.0,61.0,22644308.95158793,22304380.330051295,18234113.151428238,27961984.46660209,0.45901639344262296,0.04918032786885246,-0.5055328330535204,-0.1376759324359782,0.0,0.0,0.0
0.0,0.35000000000000003,0.2,0.15000000000000002,0.30000000000000004,"(0.0, 0.35, 0.2, 0.15, 0.3)",0.06679084630988452,0.10857608432172759,0.6151524686778443,0.0601580065221875,30584749.965907425,-0.327986280376787,-0.4960200845126791,0.07955119041208765,1.0,61.0,22656600.17812115,22672271.727637358,17660676.347643092,28799448.6871411,0.45901639344262296,0.04918032786885246,-0.5066588325011132,-0.13030629505482108,0.0,0.0,0.0
0.30000000000000004,0.30000000000000004,0.25,0.0,0.15000000000000002,"(0.3, 0.3, 0.25, 0.0, 0.15)",0.06677988192995477,0.10466565630571563,0.6380305086407605,0.0601580065221875,30534358.569989268,-0.31537602226473793,-0.48501892758163767,0.07242312880495347,1.0,61.0,22662172.45488907,22309716.699947465,18281699.877007253,27977694.47803684,0.45901639344262296,0.04918032786885246,-0.4934889521093412,-0.1347353021262646,0.0,0.0,0.0
0.1,0.35000000000000003,0.2,0.1,0.25,"(0.1, 0.35, 0.2, 0.1, 0.25)",0.06673838569195056,0.10629898141118131,0.6278365493813709,0.0601580065221875,30577253.09086492,-0.32239524978356526,-0.4841099397258003,0.07647742523706921,1.0,61.0,22678012.03485297,22657385.780410197,17708642.196781334,28818830.91060581,0.45901639344262296,0.04918032786885246,-0.4942609677409842,-0.12738944055833273,0.0,0.0,0.0
0.15000000000000002,0.30000000000000004,0.25,0.1,0.2,"(0.15, 0.3, 0.25, 0.1, 0.2)",0.06659837680429481,0.10773184622396152,0.618186535723567,0.0601580065221875,30471743.81509419,-0.32315692127723183,-0.5035536527435234,0.076287704739232,1.0,61.0,22597162.835990973,22224558.941399813,18274554.110612728,27804503.24606118,0.45901639344262296,0.04918032786885246,-0.5118375754404066,-0.13936776595204592,0.0,0.0,0.0
0.1,0.25,0.25,0.05,0.35000000000000003,"(0.1, 0.25, 0.25, 0.05, 0.35)",0.06656283383548356,0.10359872268081805,0.6425063177715036,0.0601580065221875,30440811.5035412,-0.3107083716320923,-0.4836430584503286,0.07556891918038372,1.0,61.0,22794753.19164099,22562309.203365922,18535724.71461654,27312911.18392115,0.45901639344262296,0.04918032786885246,-0.489569002340377,-0.14270262465658845,0.0,0.0,0.0
0.25,0.30000000000000004,0.25,0.05,0.15000000000000002,"(0.25, 0.3, 0.25, 0.05, 0.15)",0.06653249324274779,0.10555139195925342,0.6303326939395711,0.0601580065221875,30460344.991958324,-0.3175640592373645,-0.4913281410882684,0.07335394120283721,1.0,61.0,22615783.101204727,22186717.329896055,18322951.893364884,27820989.953500874,0.45901639344262296,0.04918032786885246,-0.4997252577000008,-0.13643656939291313,0.0,0.0,0.0
0.2,0.25,0.25,0.0,0.30000000000000004,"(0.2, 0.25, 0.25, 0.0, 0.3)",0.06650121032625012,0.10129271711664053,0.6565250910356435,0.0601580065221875,30430562.22679864,-0.30216990109597486,-0.46512815319271944,0.07263515564398892,1.0,61.0,22814251.58292414,22549737.98403259,18585350.03968067,27329557.672546584,0.45901639344262296,0.04918032786885246,-0.47111579769700246,-0.13789400404399074,0.0,0.0,0.0
0.05,0.35000000000000003,0.2,0.15000000000000002,0.25,"(0.05, 0.35, 0.2, 0.15, 0.25)",0.06648161357902449,0.10725190769117633,0.6198641591574596,0.0601580065221875,30500411.619347185,-0.32457365515405634,-0.49030411657596046,0.07740823763495296,1.0,61.0,22628276.25915657,22611525.45316328,17747700.97099815,28656147.235585395,0.45901639344262296,0.04918032786885246,-0.5014754880015643,-0.12912988126241726,0.0,0.0,0.0
0.35000000000000003,0.30000000000000004,0.25,0.0,0.1,"(0.35, 0.3, 0.25, 0.0, 0.1)",0.06645008890076776,0.10347255871836737,0.6422001129945212,0.0601580065221875,30444420.585454997,-0.31196757238063666,-0.4792306926525146,0.07042017766644243,1.0,61.0,22632290.654971268,22261324.159455057,18369812.04029514,27835659.29417784,0.45901639344262296,0.04918032786885246,-0.4877315707008528,-0.1335134305809517,0.0,0.0,0.0
0.15000000000000002,0.35000000000000003,0.2,0.1,0.2,"(0.15, 0.35, 0.2, 0.1, 0.2)",0.06642018624011237,0.10502225934351371,0.6324391291455733,0.0601580065221875,30490466.566865463,-0.3189859109162829,-0.47844565933456024,0.07447447409855816,1.0,61.0,22648323.990428492,22591698.786364254,17794970.918223888,28674441.784930874,0.45901639344262296,0.04918032786885246,-0.4890741663750679,-0.12623030428832252,0.0,0.0,0.0
0.25,0.35000000000000003,0.2,0.05,0.15000000000000002,"(0.25, 0.35, 0.2, 0.05, 0.15)",0.06634222668182566,0.10289269469361403,0.6447710100252932,0.0601580065221875,30475991.92623594,-0.31339454324638594,-0.4667112517376782,0.07154071056216339,1.0,61.0,22666258.21907004,22569340.91384777,17840746.509654287,28690865.089104902,0.45901639344262296,0.04918032786885246,-0.476934367639338,-0.12333892289031215,0.0,0.0,0.0
0.1,0.30000000000000004,0.25,0.15000000000000002,0.2,"(0.1, 0.3, 0.25, 0.15, 0.2)",0.06633557876098117,0.10872797984189479,0.6101058702409636,0.0601580065221875,30393664.448907558,-0.3253426018354586,-0.5099910450477617,0.07721851713711575,1.0,61.0,22549523.49834577,22143921.143456724,18314310.24463552,27647096.12528095,0.45901639344262296,0.04918032786885246,-0.518192985584383,-0.14103936759272384,0.0,0.0,0.0
0.05,0.25,0.25,0.1,0.35000000000000003,"(0.05, 0.25, 0.25, 0.1, 0.35)",0.06631788038513342,0.1044764367216149,0.6347639952714147,0.0601580065221875,30367714.623821497,-0.3133517579637517,-0.4910185658119491,0.07649973157826748,1.0,61.0,22748356.53338274,22539716.395066008,18577808.89972535,27160214.546203803,0.45901639344262296,0.04918032786885246,-0.4968587129310862,-0.14135013663083026,0.0,0.0,0.0
0.2,0.30000000000000004,0.25,0.1,0.15000000000000002,"(0.2, 0.3, 0.25, 0.1, 0.15)",0.06627727042345266,0.10649970298803013,0.6223235235773549,0.0601580065221875,30384359.09011903,-0.31975716896596673,-0.49769135661919645,0.07428475360072097,1.0,61.0,22568897.583862808,22107293.473925825,18363520.707783446,27664349.660563644,0.45901639344262296,0.04918032786885246,-0.5060123656892453,-0.13871632286686822,0.0,0.0,0.0
0.15000000000000002,0.25,0.25,0.05,0.30000000000000004,"(0.15, 0.25, 0.25, 0.05, 0.3)",0.06626381837931916,0.10211910943671032,0.6488875465603923,0.0601580065221875,30359549.647894852,-0.30483906797189997,-0.4723875065117708,0.07356596804187267,1.0,61.0,22768614.12928994,22502893.274907906,18628262.611587018,27177612.824180704,0.45901639344262296,0.04918032786885246,-0.47829768824344066,-0.13657949629512595,0.0,0.0,0.0
0.0,0.35000000000000003,0.2,0.2,0.25,"(0.0, 0.35, 0.2, 0.2, 0.25)",0.06621700628751426,0.10826524657114799,0.6116183021298423,0.0601580065221875,30421609.55504458,-0.3267570365512721,-0.49655044414204047,0.07844321748684316,1.0,61.0,22578058.903341908,22569836.88486413,17786093.38568912,28493543.939182807,0.45901639344262296,0.04918032786885246,-0.508815789773619,-0.13182528977485622,0.0,0.0,0.0
0.30000000000000004,0.30000000000000004,0.25,0.05,0.1,"(0.3, 0.3, 0.25, 0.05, 0.1)",0.06620244559486754,0.10437015034029205,0.6343044000513441,0.0601580065221875,30370537.3722715,-0.31416795879165593,-0.4855196012619076,0.07135099006432619,1.0,61.0,22586164.194785338,22106260.324143015,18411193.81171221,27679797.0785653,0.45901639344262296,0.04918032786885246,-0.4939502030123187,-0.13665745170074556,0.0,0.0,0.0
0.25,0.25,0.25,0.0,0.25,"(0.25, 0.25, 0.25, 0.0, 0.25)",0.06619323767527407,0.09985903866814168,0.6628667625697051,0.0601580065221875,30346868.283188008,-0.2962577799117486,-0.45398586142533026,0.0706322045054779,1.0,61.0,22786745.507223696,22463566.7962543,18677159.731157057,27193235.262423232,0.45901639344262296,0.04918032786885246,-0.4599499130928403,-0.13182292547165333,0.0,0.0,0.0
0.1,0.35000000000000003,0.2,0.15000000000000002,0.2,"(0.1, 0.35, 0.2, 0.15, 0.2)",0.06616316574628045,0.10598836894517064,0.6242493058885323,0.0601580065221875,30413757.412276547,-0.321176667580791,-0.4846201178310505,0.07540528649644192,1.0,61.0,22598856.25674785,22551137.197888248,17834154.486365326,28512620.795533538,0.45901639344262296,0.04918032786885246,-0.4963130086160296,-0.12824086887539157,0.0,0.0,0.0
0.2,0.35000000000000003,0.2,0.1,0.15000000000000002,"(0.2, 0.35, 0.2, 0.1, 0.15)",0.06609279733996609,0.10380863883936217,0.6366791634966031,0.0601580065221875,30401385.179848764,-0.31559252192804543,-0.4728137134795131,0.07247152296004714,1.0,61.0,22617545.651272908,22529908.933184978,17880721.5388156,28529838.086247757,0.45901639344262296,0.04918032786885246,-0.48395481667948226,-0.12524503384070326,0.0,0.0,0.0
0.0,0.25,0.25,0.15000000000000002,0.35000000000000003,"(0.0, 0.25, 0.25, 0.15, 0.35)",0.06606509999203136,0.10541750317839575,0.6266995328112717,0.0601580065221875,30292648.35039811,-0.3159929572634359,-0.4984522303316835,0.07743054397615122,1.0,61.0,22701459.448028788,22459293.643543527,18619201.98870612,27007578.144251507,0.45901639344262296,0.04918032786885246,-0.5042025186151337,-0.1400084765823852,0.0,0.0,0.0
0.1,0.25,0.25,0.1,0.30000000000000004,"(0.1, 0.25, 0.25, 0.1, 0.3)",0.06601859693531531,0.10301118454223697,0.640887659225452,0.0601580065221875,30286558.91983217,-0.3075060357411641,-0.4797051139336849,0.07449678043975644,1.0,61.0,22722473.32037343,22423691.70635607,18670485.779053345,27025718.629375514,0.45901639344262296,0.04918032786885246,-0.4855338403425883,-0.13527564001776712,0.0,0.0,0.0
0.30000000000000004,0.35000000000000003,0.2,0.05,0.1,"(0.3, 0.35, 0.2, 0.05, 0.1)",0.06600592068129485,0.10173230093329269,0.6488196971439373,0.0601580065221875,30384504.643737487,-0.3100051306559548,-0.4611317585069351,0.06953775942365234,1.0,61.0,22634125.15637599,22506161.769225974,17925785.49074074,28545193.120024376,0.45901639344262296,0.04918032786885246,-0.4717412294729232,-0.12322688466572802,0.0,0.0,0.0
0.2,0.25,0.25,0.05,0.25,"(0.2, 0.25, 0.25, 0.05, 0.25)",0.06595557955065146,0.10069899063396759,0.6549775636817897,0.0601580065221875,30275962.359764315,-0.2989506404363683,-0.46118753423785896,0.07156301690336166,1.0,61.0,22741366.27998655,22385591.724313557,18720213.285618626,27042094.28206493,0.45901639344262296,0.04918032786885246,-0.4670784461995531,-0.1305564732806571,0.0,0.0,0.0
0.05,0.35000000000000003,0.2,0.2,0.2,"(0.05, 0.35, 0.2, 0.2, 0.2)",0.06589831469595242,0.10701536059403763,0.6157836999301197,0.0601580065221875,30335094.491783865,-0.32337239794788175,-0.4908468153828525,0.07633609889432567,1.0,61.0,22548906.702289097,22509514.423098423,17872668.662915558,28350879.273069736,0.45901639344262296,0.04918032786885246,-0.5036314963135589,-0.13328203867316288,0.0,0.0,0.0
0.1,0.30000000000000004,0.2,0.1,0.30000000000000004,"(0.1, 0.3, 0.2, 0.1, 0.3)",0.06588372325680014,0.09976078139407742,0.6604170730835065,0.0601580065221875,30316352.490794398,-0.29781106333270113,-0.44389359393769917,0.0726835497990826,1.0,61.0,22777571.315832887,22682281.94719306,18186865.795495126,27871785.677919045,0.45901639344262296,0.04918032786885246,-0.45144472446874406,-0.1223290258134945,0.0,0.0,0.0
0.30000000000000004,0.25,0.25,0.0,0.2,"(0.3, 0.25, 0.25, 0.0, 0.2)",0.06587606726350193,0.09848755098022471,0.6688770977433398,0.0601580065221875,30260869.60198441,-0.2906715607881364,-0.4436412125905624,0.06862925336696685,1.0,61.0,22758136.339483816,22351527.850742906,18768374.822360165,27056702.538973592,0.45901639344262296,0.04918032786885246,-0.4496376797682821,-0.1264204906024937,0.0,0.0,0.0
0.35000000000000003,0.30000000000000004,0.25,0.05,0.05,"(0.35, 0.3, 0.25, 0.05, 0.05)",0.06586323225405599,0.10325462338838721,0.6378719915166865,0.0601580065221875,30278465.907291997,-0.31078816976579904,-0.47974497240398056,0.06934803892581515,1.0,61.0,22555460.195329413,22128128.246992357,18498830.605802786,27538416.579479355,0.45901639344262296,0.04918032786885246,-0.4882080665574198,-0.13967437923555842,0.0,0.0,0.0
0.15000000000000002,0.35000000000000003,0.2,0.15000000000000002,0.15000000000000002,"(0.15, 0.35, 0.2, 0.15, 0.15)",0.06583553474587989,0.10478766163734124,0.6282756358637867,0.0601580065221875,30324815.671828434,-0.31779556280114574,-0.4789684961746203,0.07340233535793088,1.0,61.0,22568348.158320125,22489413.249120824,17920028.76037564,28368880.422498852,0.45901639344262296,0.04918032786885246,-0.49117184833830035,-0.13037871019688807,0.0,0.0,0.0
0.2,0.30000000000000004,0.2,0.05,0.25,"(0.2, 0.3, 0.2, 0.05, 0.25)",0.06580867446815941,0.09748580454736146,0.6750590485837108,0.0601580065221875,30302699.997201674,-0.2920260646603735,-0.4321668541156058,0.06974978626268781,1.0,61.0,22795771.17843548,22714962.864308603,18233928.682855535,27888111.533865623,0.45901639344262296,0.04918032786885246,-0.4397986430509941,-0.11752633900972415,0.0,0.0,0.0
0.05,0.25,0.25,0.15000000000000002,0.30000000000000004,"(0.05, 0.25, 0.25, 0.15, 0.3)",0.065765553124286,0.10396725170367689,0.6325602730341303,0.0601580065221875,30211605.31827289,-0.31017076186891923,-0.4870808666932924,0.0754275928376402,1.0,61.0,22675831.815878477,22403619.83696581,18712014.621969156,26873883.8866056,0.45901639344262296,0.04918032786885246,-0.4928241005041968,-0.13398237350000772,0.0,0.0,0.0
0.25,0.35000000000000003,0.2,0.1,0.1,"(0.25, 0.35, 0.2, 0.1, 0.1)",0.06575625078697311,0.10266035782739757,0.6405223221365429,0.0601580065221875,30310037.673344374,-0.31221532757707515,-0.4672145038692699,0.07046857182153611,1.0,61.0,22585685.147855703,22466795.650531158,17965885.998061303,28385030.877544135,0.45901639344262296,0.04918032786885246,-0.4788571607816484,-0.12834857745912465,0.0,0.0,0.0
0.30000000000000004,0.30000000000000004,0.2,0.0,0.2,"(0.3, 0.3, 0.2, 0.0, 0.2)",0.06571713883228014,0.09531673033425556,0.6894606917570931,0.0601580065221875,30284558.135527454,-0.2862373981548516,-0.42056668623400106,0.06681602272629303,1.0,61.0,22811845.15078355,22782382.937963147,18279460.11762007,27902615.077964786,0.45901639344262296,0.04918032786885246,-0.42826989756608735,-0.11333040692422601,0.0,0.0,0.0
0.15000000000000002,0.25,0.25,0.1,0.25,"(0.15, 0.25, 0.25, 0.1, 0.25)",0.06571009650714776,0.10160531227769194,0.6467191038944803,0.0601580065221875,30203084.965891454,-0.30164124711818907,-0.4684474460428444,0.0724938293012454,1.0,61.0,22695483.467211504,22393232.739200097,18762574.240038954,26891003.219299432,0.45901639344262296,0.04918032786885246,-0.47426125127317986,-0.13104530700620678,0.0,0.0,0.0
0.35000000000000003,0.35000000000000003,0.2,0.05,0.05,"(0.35, 0.35, 0.2, 0.05, 0.05)",0.06566048251335532,0.10063981576172562,0.6524304721385101,0.0601580065221875,30290773.273931388,-0.30663222494423503,-0.45558535173044107,0.06753480828514132,1.0,61.0,22600916.08454315,22441671.711412705,18010231.500041835,28399328.13608465,0.45901639344262296,0.04918032786885246,-0.4666874378735324,-0.12633558734117137,0.0,0.0,0.0
0.25,0.25,0.25,0.05,0.2,"(0.25, 0.25, 0.25, 0.05, 0.2)",0.06563814924555644,0.09934091779702997,0.6607362877366012,0.0601580065221875,30190077.30667204,-0.2930432680452859,-0.4500436428840974,0.06956006576485062,1.0,61.0,22713017.403320692,22382429.966625478,18811568.126784887,26906366.05328205,0.45901639344262296,0.04918032786885246,-0.455911728675168,-0.12814820029667454,0.0,0.0,0.0
0.05,0.30000000000000004,0.2,0.15000000000000002,0.30000000000000004,"(0.05, 0.3, 0.2, 0.15, 0.3)",0.06563643718475243,0.10068930069646417,0.6518710203641064,0.0601580065221875,30242733.344996218,-0.3000588770875987,-0.44993988044982197,0.07361436219696635,1.0,61.0,22729097.88983398,22590115.051561836,18227799.843044706,27715693.471106123,0.45901639344262296,0.04918032786885246,-0.4574264683367473,-0.12112690225473544,0.0,0.0,0.0
0.0,0.35000000000000003,0.2,0.25,0.2,"(0.0, 0.35, 0.2, 0.25, 0.2)",0.065625640498296,0.10810149911938831,0.6070742869700486,0.0601580065221875,30254494.15606189,-0.32557301169107544,-0.4971257495119847,0.07733524456159868,1.0,61.0,22498478.25531826,22367887.346711062,17910508.933513388,28189226.417770837,0.45901639344262296,0.04918032786885246,-0.5110300425942195,-0.1382905782673959,0.0,0.0,0.0
0.1,0.35000000000000003,0.2,0.2,0.15000000000000002,"(0.1, 0.35, 0.2, 0.2, 0.15)",0.06557044621714514,0.10582801246615012,0.6195944220167448,0.0601580065221875,30246299.34890866,-0.3200035751707925,-0.48517560483985167,0.07433314775581464,1.0,61.0,22518668.617618058,22447859.856297158,17958663.577143215,28208001.319878444,0.45901639344262296,0.04918032786885246,-0.4984685966305023,-0.13548109240676834,0.0,0.0,0.0
0.15000000000000002,0.30000000000000004,0.2,0.1,0.25,"(0.15, 0.3, 0.2, 0.1, 0.25)",0.06556896508318988,0.0983619405103363,0.6666091045275749,0.0601580065221875,30231166.461142506,-0.2942813640512125,-0.4381398490057356,0.07068059866057157,1.0,61.0,22748057.933989193,22572472.131649032,18275673.320102796,27732789.35183277,0.45901639344262296,0.04918032786885246,-0.44571269492599164,-0.1179713319549128,0.0,0.0,0.0
0.35000000000000003,0.25,0.25,0.0,0.15000000000000002,"(0.35, 0.25, 0.25, 0.0, 0.15)",0.06554973084649673,0.09718088713292655,0.6745125793803066,0.0601580065221875,30172594.268505197,-0.28714337180093563,-0.43776341244332967,0.06662630222845582,1.0,61.0,22728431.983137514,22394571.767236575,18858986.778307054,26919970.005106907,0.45901639344262296,0.04918032786885246,-0.44379937724847035,-0.12525974650334132,0.0,0.0,0.0
0.0,0.25,0.25,0.2,0.30000000000000004,"(0.0, 0.25, 0.25, 0.2, 0.3)",0.06550469416497018,0.1049855626751104,0.6239400208548846,0.0601580065221875,30134704.491264485,-0.31283320397415415,-0.49451464786803373,0.07635840523552394,1.0,61.0,22628692.30427217,22472372.579256967,18718644.7802539,26722117.332753144,0.45901639344262296,0.04918032786885246,-0.5001683074190265,-0.13564023616826182,0.0,0.0,0.0
0.2,0.35000000000000003,0.2,0.15000000000000002,0.1,"(0.2, 0.35, 0.2, 0.15, 0.1)",0.06549875226557189,0.10365196931409221,0.6319103505606707,0.0601580065221875,30233615.052650385,-0.3144305848721951,-0.4733496546206586,0.07139938421941985,1.0,61.0,22536760.02565604,22426369.36458053,18005315.71592847,28224937.119164567,0.45901639344262296,0.04918032786885246,-0.4860524591133249,-0.13343937442170745,0.0,0.0,0.0
0.2,0.2,0.25,0.0,0.35000000000000003,"(0.2, 0.2, 0.25, 0.0, 0.35)",0.06549501695655802,0.09592750565812404,0.682755342247464,0.0601580065221875,30130130.904326387,-0.289213997241188,-0.4491915018641932,0.06884128020600233,1.0,61.0,22900667.352205165,22678377.259327058,19070895.246810857,26418014.317149457,0.45901639344262296,0.04918032786885246,-0.45321748071983375,-0.14234720344533047,0.0,0.0,0.0
0.25,0.30000000000000004,0.2,0.05,0.2,"(0.25, 0.3, 0.2, 0.05, 0.2)",0.06548501025123654,0.09613706785965687,0.681162965640195,0.0601580065221875,30215118.442796677,-0.28850002487485626,-0.42646628619274496,0.06774683512417677,1.0,61.0,22764897.36945223,22659136.185113113,18322015.43156306,27748074.091688924,0.45901639344262296,0.04918032786885246,-0.4341161074197756,-0.11511438493881788,0.0,0.0,0.0
0.1,0.25,0.25,0.15000000000000002,0.25,"(0.1, 0.25, 0.25, 0.15, 0.25)",0.06545679567154528,0.10257624436860431,0.6381282145242954,0.0601580065221875,30128251.34612658,-0.3043295574446766,-0.4757654905098056,0.07342464169912914,1.0,61.0,22649099.7046842,22462816.87063385,18804237.660511836,26739970.83042951,0.45901639344262296,0.04918032786885246,-0.48149817689730184,-0.13274426954434687,0.0,0.0,0.0
0.30000000000000004,0.35000000000000003,0.2,0.1,0.05,"(0.3, 0.35, 0.2, 0.1, 0.05)",0.06541057813275386,0.10157963217260034,0.6439339928068516,0.0601580065221875,30216453.10845902,-0.3088545715076606,-0.4616484272989221,0.06846562068302506,1.0,61.0,22552750.68292779,22397552.812981762,18050456.292659014,28240031.1677666,0.45901639344262296,0.04918032786885246,-0.4737816465496001,-0.13141441478558152,0.0,0.0,0.0
0.2,0.25,0.25,0.1,0.2,"(0.2, 0.25, 0.25, 0.1, 0.2)",0.06539241088657244,0.10026131784892461,0.6522197422649759,0.0601580065221875,30117320.34673913,-0.29575757030407424,-0.4572460652104827,0.07049087816273437,1.0,61.0,22667394.665872224,22451195.253153257,18854065.65472879,26756078.75488794,0.45901639344262296,0.04918032786885246,-0.46304139924673365,-0.12985619617967556,0.0,0.0,0.0
0.35000000000000003,0.30000000000000004,0.2,0.0,0.15000000000000002,"(0.35, 0.3, 0.2, 0.0, 0.15)",0.06538459242348438,0.09402195861511807,0.695418319151788,0.0601580065221875,30194602.568787817,-0.28271540700032205,-0.4149196949312246,0.06481307158778199,1.0,61.0,22779614.753386714,22718748.94341276,18366817.240901772,27761545.336725965,0.45901639344262296,0.04918032786885246,-0.42263722453942976,-0.11226666833292921,0.0,0.0,0.0
0.0,0.30000000000000004,0.2,0.2,0.30000000000000004,"(0.0, 0.3, 0.2, 0.2, 0.3)",0.06538132952410525,0.10168259783513589,0.6429942872831783,0.0601580065221875,30167159.86565899,-0.30231182444396365,-0.4560393700191085,0.0745451745948501,1.0,61.0,22680134.81268816,22497196.237511486,18268054.942102615,27559665.596120987,0.45901639344262296,0.04918032786885246,-0.46345835561422943,-0.12258414430275684,0.0,0.0,0.0
0.1,0.30000000000000004,0.2,0.15000000000000002,0.25,"(0.1, 0.3, 0.2, 0.15, 0.25)",0.06532143146852798,0.09930535862200204,0.6577835514110454,0.0601580065221875,30157669.96009127,-0.2965418877315119,-0.44416611768215397,0.07161141105845531,1.0,61.0,22699851.98467794,22480735.277787473,18316740.69229934,27577521.715584576,0.45901639344262296,0.04918032786885246,-0.45167701051684384,-0.11972722275142247,0.0,0.0,0.0
0.30000000000000004,0.25,0.25,0.05,0.15000000000000002,"(0.3, 0.25, 0.25, 0.05, 0.15)",0.0653115591106539,0.09804746918873497,0.6661218249798311,0.0601580065221875,30101922.491951272,-0.28941345890992076,-0.4438969193984624,0.06755711462633956,1.0,61.0,22683575.335279435,22437514.321703184,18902318.5819064,26770438.58425559,0.45901639344262296,0.04918032786885246,-0.4498525756468177,-0.12697646140626342,0.0,0.0,0.0
0.05,0.35000000000000003,0.2,0.25,0.15000000000000002,"(0.05, 0.35, 0.2, 0.25, 0.15)",0.0652975391597832,0.10692790127474802,0.6106688561295441,0.0601580065221875,30165852.523756076,-0.3222164684396053,-0.491435038044818,0.0752639601536984,1.0,61.0,22468509.93306884,22312695.81263046,17996621.46269791,28047209.934170075,0.45901639344262296,0.04918032786885246,-0.5058454761191364,-0.1405519658586143,0.0,0.0,0.0
0.15000000000000002,0.2,0.25,0.05,0.35000000000000003,"(0.15, 0.2, 0.25, 0.05, 0.35)",0.06526706104589852,0.09670991587789027,0.6748745509023839,0.0601580065221875,30062355.25682153,-0.2919276627887428,-0.45646713589074817,0.06977209260388607,1.0,61.0,22856322.46687159,22633112.701882113,19115778.974578343,26272316.337496422,0.45901639344262296,0.04918032786885246,-0.46039501813941613,-0.14100266561691338,0.0,0.0,0.0
0.2,0.30000000000000004,0.2,0.1,0.2,"(0.2, 0.3, 0.2, 0.1, 0.2)",0.06524505489439125,0.09702724467418554,0.6724405615503368,0.0601580065221875,30143707.71850222,-0.2907679673450322,-0.4324192206106157,0.06867764752206053,1.0,61.0,22717453.920148246,22501875.2627571,18363895.27996991,27593577.89518157,0.45901639344262296,0.04918032786885246,-0.44001269231596113,-0.11687877824492193,0.0,0.0,0.0
0.15000000000000002,0.35000000000000003,0.2,0.2,0.1,"(0.15, 0.35, 0.2, 0.2, 0.1)",0.06523343243168567,0.10470532972825523,0.623019215936647,0.0601580065221875,30155252.690556485,-0.31665081157498753,-0.4795372168234982,0.0723301966173036,1.0,61.0,22487352.642638445,22357124.42817928,18044070.034919284,28064921.022010416,0.45901639344262296,0.04918032786885246,-0.49332754464960366,-0.13849905909943724,0.0,0.0,0.0
0.05,0.25,0.25,0.2,0.25,"(0.05, 0.25, 0.25, 0.2, 0.25)",0.0651956842592758,0.10360997052340512,0.629241413060226,0.0601580065221875,30051477.11595451,-0.307015529056507,-0.4831415531612026,0.07435545409701291,1.0,61.0,22602217.65714293,22455259.06042253,18730575.81064409,26589005.81051907,0.45901639344262296,0.04918032786885246,-0.4887890638423235,-0.1344233192358133,0.0,0.0,0.0
0.25,0.2,0.25,0.0,0.30000000000000004,"(0.25, 0.2, 0.25, 0.0, 0.3)",0.06519045069246499,0.09437349062466388,0.6907707901971775,0.0601580065221875,30048105.17498799,-0.2832121477612135,-0.4379164728061685,0.06683832906749128,1.0,61.0,22873350.492674127,22646965.770903245,19165247.6645995,26286854.978117555,0.45901639344262296,0.04918032786885246,-0.441954758122754,-0.13628797027350445,0.0,0.0,0.0
0.25,0.35000000000000003,0.2,0.15000000000000002,0.05,"(0.25, 0.35, 0.2, 0.15, 0.05)",0.0651528497509628,0.10258345132359513,0.6351204693380895,0.0601580065221875,30140184.52617771,-0.3110819767432851,-0.46776399125875284,0.06939643308090883,1.0,61.0,22504099.99320575,22316848.753775742,18090007.333211713,28080801.83452693,0.45901639344262296,0.04918032786885246,-0.4809552907873413,-0.1364625259360936,0.0,0.0,0.0
0.30000000000000004,0.30000000000000004,0.2,0.05,0.15000000000000002,"(0.3, 0.3, 0.2, 0.05, 0.15)",0.06515221933107562,0.09485539824681287,0.6868583184011325,0.0601580065221875,30125285.488536853,-0.2849906087156512,-0.42079919709593494,0.06574388398566575,1.0,61.0,22732938.96425404,22602087.064829346,18409509.58356236,27607831.637703367,0.45901639344262296,0.04918032786885246,-0.42846593271010536,-0.11403924978611991,0.0,0.0,0.0
0.15000000000000002,0.25,0.25,0.15000000000000002,0.2,"(0.15, 0.25, 0.25, 0.15, 0.2)",0.06513885931019003,0.10124692302595098,0.6433663104358642,0.0601580065221875,30042613.93433107,-0.298469521391305,-0.46450660665867644,0.0714216905606181,1.0,61.0,22621270.739020508,22441491.31048017,18895862.458622042,26605849.35785714,0.45901639344262296,0.04918032786885246,-0.47022520236257875,-0.13154445455280028,0.0,0.0,0.0
0.05,0.30000000000000004,0.2,0.2,0.25,"(0.05, 0.3, 0.2, 0.2, 0.25)",0.06506608080899423,0.10031416060807598,0.6486230898467585,0.0601580065221875,30082225.834932294,-0.29880754300144785,-0.4502456807593465,0.07254222345633907,1.0,61.0,22651156.1534664,22388250.724753086,18357126.013480056,27422317.60304379,0.45901639344262296,0.04918032786885246,-0.457719701909635,-0.12146332321447197,0.0,0.0,0.0
0.25,0.25,0.25,0.1,0.15000000000000002,"(0.25, 0.25, 0.25, 0.1, 0.15)",0.06506557161182802,0.09898172185844305,0.6573493609747504,0.0601580065221875,30029292.982104734,-0.2916887761570468,-0.4500855739203795,0.06848792702422334,1.0,61.0,22638214.68510271,22455259.75922874,18944951.45201186,26620955.626092557,0.45901639344262296,0.04918032786885246,-0.455957649509783,-0.12867361563354834,0.0,0.0,0.0
0.35000000000000003,0.35000000000000003,0.2,0.1,0.0,"(0.35, 0.35, 0.2, 0.1, 0.0)",0.06505581068935751,0.10056863977848937,0.6468796916478957,0.0601580065221875,30120660.853102658,-0.3055104962295877,-0.45611587560933375,0.06646266954451403,1.0,61.0,22518750.529827885,22274107.823572457,18134424.477508623,28094849.91097281,0.45901639344262296,0.04918032786885246,-0.4687287197114637,-0.13444257491464293,0.0,0.0,0.0
0.15000000000000002,0.30000000000000004,0.2,0.15000000000000002,0.2,"(0.15, 0.3, 0.2, 0.15, 0.2)",0.06499727985508197,0.09798535736960493,0.6633366617208882,0.0601580065221875,30070340.89710901,-0.29304113249340624,-0.4384255176267088,0.06960845991994428,1.0,61.0,22669517.573872212,22370405.44251257,18405094.792997476,27439135.48532534,0.45901639344262296,0.04918032786885246,-0.4459596379660438,-0.11862355933300095,0.0,0.0,0.0
0.35000000000000003,0.25,0.25,0.05,0.1,"(0.35, 0.25, 0.25, 0.05, 0.1)",0.06497584054751582,0.0968212348164332,0.6710908063784334,0.0601580065221875,30011526.244187184,-0.28591464840253245,-0.43803323060082994,0.06555416348782854,1.0,61.0,22653047.986592546,22467035.63080048,18992456.155627735,26634322.271301858,0.45901639344262296,0.04918032786885246,-0.44402986036537545,-0.1258112437898175,0.0,0.0,0.0
0.0,0.25,0.25,0.25,0.25,"(0.0, 0.25, 0.25, 0.25, 0.25)",0.06492676957428345,0.10470463090201435,0.6200945365543938,0.0601580065221875,29972778.25642426,-0.3096991197496438,-0.4905755113302548,0.07528626649489667,1.0,61.0,22554840.018189646,22453064.885501977,18557301.888469983,26623492.873263787,0.45901639344262296,0.04918032786885246,-0.49613374503598073,-0.13608243656846095,0.0,0.0,0.0
0.25,0.30000000000000004,0.2,0.1,0.15000000000000002,"(0.25, 0.3, 0.2, 0.1, 0.15)",0.0649120240138572,0.0957593760875294,0.6778659872901011,0.0601580065221875,30054004.402512863,-0.2872711249694665,-0.4267321200023914,0.0666746963835495,1.0,61.0,22685767.354053922,22445128.505552392,18451523.422850844,27454162.01880891,0.45901639344262296,0.04918032786885246,-0.4343451110476104,-0.11579239859429934,0.0,0.0,0.0
0.1,0.25,0.25,0.2,0.2,"(0.1, 0.25, 0.25, 0.2, 0.2)",0.06487750172865714,0.10229584862063326,0.6342144144016733,0.0601580065221875,29965973.651043594,-0.30117907896975415,-0.4718251551840349,0.07235250295850186,1.0,61.0,22574648.26378844,22469643.500064213,18741270.30759831,26609156.271070965,0.45901639344262296,0.04918032786885246,-0.47746298086286876,-0.13321295377334705,0.0,0.0,0.0
0.2,0.25,0.25,0.15000000000000002,0.15000000000000002,"(0.2, 0.25, 0.25, 0.15, 0.15)",0.06481177547063699,0.09998174817026033,0.6482360696501136,0.0601580065221875,29954720.917407554,-0.29396923052758817,-0.45632940015102325,0.06941873942210709,1.0,61.0,22592352.620603334,22484228.010693174,18925210.625678126,26592344.31291995,0.45901639344262296,0.04918032786885246,-0.4621145796452535,-0.13035118543549626,0.0,0.0,0.0
0.35000000000000003,0.30000000000000004,0.2,0.05,0.1,"(0.35, 0.3, 0.2, 0.05, 0.1)",0.0648103328973777,0.0936435495267772,0.6920960730866498,0.0601580065221875,30033229.67482701,-0.28149806752682494,-0.41516599177139624,0.06374093284715471,1.0,61.0,22699904.182562273,22543829.50313067,18496402.96134304,27467394.889062386,0.45901639344262296,0.04918032786885246,-0.422848508432236,-0.11297027598870298,0.0,0.0,0.0
0.0,0.30000000000000004,0.2,0.25,0.25,"(0.0, 0.3, 0.2, 0.25, 0.25)",0.06480292037786684,0.10138639476445652,0.6391678146601292,0.0601580065221875,30004849.795103624,-0.3010782372577361,-0.4563785523731419,0.07347303585422282,1.0,61.0,22601973.290385947,22295030.851097617,18396824.568892453,27267185.928951353,0.45901639344262296,0.04918032786885246,-0.4648254633922883,-0.12385580235406156,0.0,0.0,0.0
0.30000000000000004,0.35000000000000003,0.2,0.15000000000000002,0.0,"(0.3, 0.35, 0.2, 0.15, 0.0)",0.06479785840974372,0.10158422741614274,0.6378732216399836,0.0601580065221875,30044553.369892724,-0.30774998023550726,-0.4622118992132267,0.06739348194239778,1.0,61.0,22470376.266403098,22193830.044862192,18174095.650713116,27936485.46305131,0.45901639344262296,0.04918032786885246,-0.47588079105828557,-0.13944819440248504,0.0,0.0,0.0
0.30000000000000004,0.25,0.2,0.0,0.25,"(0.3, 0.25, 0.2, 0.0, 0.25)",0.06475469659910305,0.08910876011779327,0.7266928247402783,0.0601580065221875,29996710.536126856,-0.26155307175786846,-0.3818793249044503,0.06302214728830641,1.0,61.0,22900058.67776031,22795298.357870486,18762915.808108106,26973646.49546489,0.45901639344262296,0.04918032786885246,-0.38728485491069325,-0.11752564456467682,0.0,0.0,0.0
0.1,0.30000000000000004,0.2,0.2,0.2,"(0.1, 0.3, 0.2, 0.2, 0.2)",0.06474169231519511,0.09900943372228245,0.653894178374891,0.0601580065221875,29995033.285422027,-0.29531942734007877,-0.444485198945714,0.07053927231782804,1.0,61.0,22621091.128987342,22278360.091199078,18445609.171468206,27284755.796727423,0.45901639344262296,0.04918032786885246,-0.4524573548539902,-0.12034870276137462,0.0,0.0,0.0
0.30000000000000004,0.25,0.25,0.1,0.1,"(0.3, 0.25, 0.25, 0.1, 0.1)",0.06472960997781674,0.09776905286860751,0.6620664523037498,0.0601580065221875,29939031.116180196,-0.288202599569079,-0.4442014186840995,0.0664849758857123,1.0,61.0,22607951.368777435,22496818.182449467,19035223.11869998,26573065.70043341,0.45901639344262296,0.04918032786885246,-0.450117208261727,-0.12788829853025885,0.0,0.0,0.0
0.05,0.25,0.2,0.15000000000000002,0.35000000000000003,"(0.05, 0.25, 0.2, 0.15, 0.35)",0.06469534864066251,0.09463606719909556,0.6836225400676921,0.0601580065221875,29961158.25737935,-0.2807752320050295,-0.4212842118706507,0.06982048675897974,1.0,61.0,22820812.18813531,22773368.288938988,18712087.637303233,26795298.11763223,0.45901639344262296,0.04918032786885246,-0.4265835635962805,-0.12579442831743798,0.0,0.0,0.0
0.2,0.30000000000000004,0.2,0.15000000000000002,0.15000000000000002,"(0.2, 0.3, 0.2, 0.15, 0.15)",0.06466401356239238,0.09673191457919791,0.6684868571421649,0.0601580065221875,29980774.211335577,-0.289556862409206,-0.4327184928774774,0.06760550878143325,1.0,61.0,22638102.669012696,22288502.300394524,18492853.875541423,27300545.43318489,0.45901639344262296,0.04918032786885246,-0.44027474601379785,-0.11752608722475316,0.0,0.0,0.0
0.15000000000000002,0.25,0.2,0.1,0.30000000000000004,"(0.15, 0.25, 0.2, 0.1, 0.3)",0.06462188878173358,0.092210379530311,0.700809270180819,0.0601580065221875,29948022.65687946,-0.27191946478638795,-0.4034588280111508,0.06688672322258496,1.0,61.0,22838674.321477555,22737694.657944266,18760546.25657265,26811251.729415473,0.45901639344262296,0.04918032786885246,-0.40878924833415653,-0.12107154276883995,0.0,0.0,0.0
0.05,0.25,0.25,0.25,0.2,"(0.05, 0.25, 0.25, 0.25, 0.2)",0.06460834544269134,0.10340616773278621,0.624801661827822,0.0601580065221875,29887415.442573987,-0.30388620085686835,-0.4792015905629419,0.07328331535638563,1.0,61.0,22527529.910253346,22496872.186889537,18567860.630838666,26674494.56649215,0.45901639344262296,0.04918032786885246,-0.48475456975087067,-0.13695662493000593,0.0,0.0,0.0
0.30000000000000004,0.30000000000000004,0.2,0.1,0.1,"(0.3, 0.3, 0.2, 0.1, 0.1)",0.06456990352693581,0.0945610228359699,0.6828384633586491,0.0601580065221875,29962084.97010401,-0.2837910875565055,-0.42107895346891655,0.06467174524503846,1.0,61.0,22653006.38746845,22387183.481030047,18538549.5537263,27314552.38220269,0.45901639344262296,0.04918032786885246,-0.4287103415536326,-0.11471219872663066,0.0,0.0,0.0
0.15000000000000002,0.25,0.25,0.2,0.15000000000000002,"(0.15, 0.25, 0.25, 0.2, 0.15)",0.0645501778962625,0.10104559530070302,0.6388222831897492,0.0601580065221875,29878221.844256427,-0.2962547291059162,-0.46262841554491657,0.07034955181999084,1.0,61.0,22545991.759105198,22512274.46021408,18750729.67840046,26658632.463449985,0.45901639344262296,0.04918032786885246,-0.4683233403235742,-0.13491701262774525,0.0,0.0,0.0
0.25,0.25,0.2,0.05,0.25,"(0.25, 0.25, 0.2, 0.05, 0.25)",0.06453199600794468,0.08988910601854733,0.7179067505091155,0.0601580065221875,29930457.7381929,-0.26366213021881446,-0.38719215461268275,0.06395295968619016,1.0,61.0,22854409.716404643,22699493.99020509,18807436.283629313,26825453.06341425,0.45901639344262296,0.04918032786885246,-0.3925306782876953,-0.11636405944886845,0.0,0.0,0.0
0.05,0.30000000000000004,0.2,0.25,0.2,"(0.05, 0.3, 0.2, 0.25, 0.2)",0.06447829954503215,0.10009744917098444,0.6441552714784132,0.0601580065221875,29917800.5573199,-0.29760275900275623,-0.4505982797867985,0.07147008471571178,1.0,61.0,22572177.411114223,22325345.55628377,18485433.687721223,27130447.701177258,0.45901639344262296,0.04918032786885246,-0.45954091682670867,-0.1253207467990472,0.0,0.0,0.0
0.25,0.25,0.25,0.15000000000000002,0.1,"(0.25, 0.25, 0.25, 0.15, 0.1)",0.06447557534166104,0.09878318451863743,0.6526978822949003,0.0601580065221875,29864600.45353241,-0.2904956855463362,-0.45042487008693566,0.06741578828359604,1.0,61.0,22562353.12665578,22525680.758219782,18933549.019065723,26640296.031264238,0.45901639344262296,0.04918032786885246,-0.4562565118323908,-0.1328939587607177,0.0,0.0,0.0
0.1,0.35000000000000003,0.15000000000000002,0.2,0.2,"(0.1, 0.35, 0.15, 0.2, 0.2)",0.06447064199520747,0.09695440758200698,0.6649583407611072,0.0601580065221875,29989935.77738008,-0.2911536820242713,-0.4216717786269277,0.06926840960782867,1.0,61.0,22667058.068267174,22847627.667790674,17951300.346239585,28131263.1605332,0.45901639344262296,0.04918032786885246,-0.43321887683279936,-0.1103696636460293,0.0,0.0,0.0
0.0,0.25,0.2,0.2,0.35000000000000003,"(0.0, 0.25, 0.2, 0.2, 0.35)",0.0644497094385037,0.0956013815732538,0.6741503980161586,0.0601580065221875,29888817.556254048,-0.28354568932322577,-0.4282856981543857,0.0707512991568635,1.0,61.0,22773126.37202597,22674317.821251575,18754253.31365362,26645647.613587055,0.45901639344262296,0.04918032786885246,-0.4335175627239841,-0.12456976590181805,0.0,0.0,0.0
0.35000000000000003,0.25,0.2,0.0,0.2,"(0.35, 0.25, 0.2, 0.0, 0.2)",0.06442568997152254,0.08768053990470556,0.7347775235136867,0.0601580065221875,29908477.302629042,-0.256926583015175,-0.3742063627284014,0.061019196149795375,1.0,61.0,22868017.207308527,22658781.61404405,18852748.72172197,26837899.946315967,0.45901639344262296,0.04918032786885246,-0.3796857943751922,-0.11167285189371536,0.0,0.0,0.0
0.15000000000000002,0.30000000000000004,0.2,0.2,0.15000000000000002,"(0.15, 0.3, 0.2, 0.2, 0.15)",0.06440819515574892,0.0977709678023825,0.6587660591223012,0.0601580065221875,29905610.186451565,-0.2918477277754338,-0.4387583385070372,0.068536321179317,1.0,61.0,22589947.682906263,22311219.78360179,18533496.129374556,27146990.772059802,0.45901639344262296,0.04918032786885246,-0.4472170610776978,-0.12182444426866662,0.0,0.0,0.0
0.35000000000000003,0.25,0.25,0.1,0.05,"(0.35, 0.25, 0.25, 0.1, 0.05)",0.06438455704036028,0.09662583074463194,0.6663286260432713,0.0601580065221875,29846563.30707402,-0.28473327691132255,-0.43835245346021445,0.06448202474720127,1.0,61.0,22576612.634259436,22537091.122368585,19116283.74941387,26619494.338773742,0.45901639344262296,0.04918032786885246,-0.44431070576756093,-0.13088766602825042,0.0,0.0,0.0
0.1,0.25,0.2,0.15000000000000002,0.30000000000000004,"(0.1, 0.25, 0.2, 0.15, 0.3)",0.06438381050286757,0.09312282491018857,0.6913859256842984,0.0601580065221875,29877741.063300427,-0.2747167123772387,-0.4103464930101865,0.0678175356204687,1.0,61.0,22791752.7298186,22639902.510574773,18803545.46553593,26662339.668728366,0.45901639344262296,0.04918032786885246,-0.4156175175652564,-0.11988363710508475,0.0,0.0,0.0
0.25,0.30000000000000004,0.2,0.15000000000000002,0.1,"(0.25, 0.3, 0.2, 0.15, 0.1)",0.06432166357198144,0.09554764973021884,0.6731893851245452,0.0601580065221875,29888998.274581943,-0.2860893273978131,-0.4270454510550855,0.06560255764292221,1.0,61.0,22605615.35410198,22295065.86050116,18580009.727657143,27161762.161000185,0.45901639344262296,0.04918032786885246,-0.43503968015015476,-0.11973742080800048,0.0,0.0,0.0
0.2,0.25,0.2,0.1,0.25,"(0.2, 0.25, 0.2, 0.1, 0.25)",0.06430148272282521,0.09074483615760062,0.708596603900964,0.0601580065221875,29862243.359708745,-0.26633232650291405,-0.3936700416338231,0.06488377208407392,1.0,61.0,22808257.546997804,22602967.686278604,18851269.119024534,26677290.18352617,0.45901639344262296,0.04918032786885246,-0.39894125687347726,-0.11521250645315648,0.0,0.0,0.0
0.35000000000000003,0.30000000000000004,0.2,0.1,0.05,"(0.35, 0.3, 0.2, 0.1, 0.05)",0.0642187242850163,0.09343485967453499,0.6873101164673623,0.0601580065221875,29867978.18494188,-0.280328104593787,-0.41546012229390983,0.06266879410652744,1.0,61.0,22619179.24249552,22328054.155982632,18624965.535833105,27174759.59266562,0.45901639344262296,0.04918032786885246,-0.4231087702509997,-0.11777185224634946,0.0,0.0,0.0
0.05,0.35000000000000003,0.15000000000000002,0.25,0.2,"(0.05, 0.35, 0.15, 0.25, 0.2)",0.06421310115893375,0.09800522944452443,0.6552007634988639,0.0601580065221875,29914121.031407505,-0.29344154312038306,-0.42753159346332176,0.07032168750433317,1.0,61.0,22616328.597743608,22806022.196284886,17990542.03554472,27972665.237026364,0.45901639344262296,0.04918032786885246,-0.44006185284414223,-0.11539096216802568,0.0,0.0,0.0
0.0,0.30000000000000004,0.2,0.30000000000000004,0.2,"(0.0, 0.3, 0.2, 0.3, 0.2)",0.06420710890317105,0.10124734244631566,0.6341609305668005,0.0601580065221875,29838658.7483796,-0.2998910347022321,-0.45676476883333406,0.07240089711359554,1.0,61.0,22522779.27302223,22388453.07554487,18524563.686452232,26976220.00711386,0.45901639344262296,0.04918032786885246,-0.46670455920808596,-0.13026632962613408,0.0,0.0,0.0
0.30000000000000004,0.25,0.2,0.05,0.2,"(0.3, 0.25, 0.2, 0.05, 0.2)",0.06420274554578498,0.0884755246876971,0.7256554371664851,0.0601580065221875,29842337.32655746,-0.25927365032092364,-0.37992978770743147,0.06195000854767913,1.0,61.0,22822639.444671217,22563528.261250116,18897415.087942548,26690496.845462583,0.45901639344262296,0.04918032786885246,-0.38534944856891246,-0.11055724343020241,0.0,0.0,0.0
0.1,0.30000000000000004,0.2,0.25,0.15000000000000002,"(0.1, 0.3, 0.2, 0.25, 0.15)",0.06414457606136459,0.09887443880621882,0.6487478142564197,0.0601580065221875,29828527.964881737,-0.29414362790738025,-0.44485167318465,0.06946713357720076,1.0,61.0,22541305.19695736,22364259.804655056,18573445.443910155,26993506.86420691,0.45901639344262296,0.04918032786885246,-0.4542785019035068,-0.12676293989682466,0.0,0.0,0.0
0.05,0.25,0.2,0.2,0.30000000000000004,"(0.05, 0.25, 0.2, 0.2, 0.3)",0.0641379290677988,0.09410558220826332,0.6815528639507946,0.0601580065221875,29805520.13413227,-0.2775114558349232,-0.4172918003823277,0.06874834801835246,1.0,61.0,22744333.542847827,22556231.63621586,18845850.10623873,26513476.228073027,0.45901639344262296,0.04918032786885246,-0.42249962617719755,-0.11870586076551655,0.0,0.0,0.0
0.2,0.30000000000000004,0.2,0.2,0.1,"(0.2, 0.3, 0.2, 0.2, 0.1)",0.06406562020887452,0.09660131135510162,0.6631961751882692,0.0601580065221875,29813984.823085412,-0.2883926935123351,-0.43306550838774815,0.06653337004080596,1.0,61.0,22557733.83166849,22323703.83414296,18620778.657926355,27009033.073243722,0.45901639344262296,0.04918032786885246,-0.4419992788507069,-0.12476275798563556,0.0,0.0,0.0
0.15000000000000002,0.25,0.2,0.15000000000000002,0.25,"(0.15, 0.25, 0.2, 0.15, 0.25)",0.06406316370212917,0.09167383953505408,0.6988161947513152,0.0601580065221875,29792081.692304514,-0.2690741671028599,-0.40035026600354473,0.06581458448195768,1.0,61.0,22761604.858555,22541433.386959903,18894409.237745315,26529166.56637871,0.45901639344262296,0.04918032786885246,-0.4055650106908714,-0.11407092133995518,0.0,0.0,0.0
0.25,0.35000000000000003,0.15000000000000002,0.15000000000000002,0.1,"(0.25, 0.35, 0.15, 0.15, 0.1)",0.06403239436520791,0.09359193905926612,0.6841656985508129,0.0601580065221875,29879342.98804573,-0.28193456349454205,-0.4049394536490763,0.06406885276310874,1.0,61.0,22648398.202687673,22843795.691228773,18079850.630742136,28003828.770568315,0.45901639344262296,0.04918032786885246,-0.41636396451104224,-0.10848973942442632,0.0,0.0,0.0
0.25,0.25,0.2,0.1,0.2,"(0.25, 0.25, 0.2, 0.1, 0.2)",0.06397199290075029,0.0893468159305012,0.7159963366854748,0.0601580065221875,29774242.6682527,-0.26162619873768833,-0.38570764295217935,0.06288082094556288,1.0,61.0,22776758.33137611,22524590.76101169,18941390.707983665,26543123.680676702,0.45901639344262296,0.04918032786885246,-0.3910645045874843,-0.10945144570331275,0.0,0.0,0.0
0.30000000000000004,0.30000000000000004,0.2,0.15000000000000002,0.05,"(0.3, 0.3, 0.2, 0.15, 0.05)",0.06397026063302036,0.09443516543789839,0.677398724684693,0.0601580065221875,29795041.764661964,-0.28263877624010914,-0.42140679476468285,0.06359960650441118,1.0,61.0,22572063.783882327,22280689.813882086,18666554.195427075,27022796.218762137,0.45901639344262296,0.04918032786885246,-0.42986689613924733,-0.1227849149706641,0.0,0.0,0.0
0.35000000000000003,0.35000000000000003,0.15000000000000002,0.1,0.05,"(0.35, 0.35, 0.15, 0.1, 0.05)",0.06391743299371977,0.09155575733010568,0.6981257635526348,0.0601580065221875,29855354.292237293,-0.27617739921639184,-0.3938291166981285,0.06094243539249653,1.0,61.0,22661275.163175367,22818370.433505893,18122226.4744411,28016668.856206667,0.45901639344262296,0.04918032786885246,-0.4047297383171049,-0.10507543784125936,0.0,0.0,0.0
0.0,0.25,0.2,0.25,0.30000000000000004,"(0.0, 0.25, 0.2, 0.25, 0.3)",0.06388425161461053,0.09515647294657203,0.6713600203580468,0.0601580065221875,29731374.93460731,-0.2803036525368313,-0.42429465712828895,0.06967916041623622,1.0,61.0,22696419.530106954,22622145.239710383,18887455.25947043,26364670.04098766,0.45901639344262296,0.04918032786885246,-0.42943543594609346,-0.117538149621491,0.0,0.0,0.0
0.05,0.30000000000000004,0.2,0.30000000000000004,0.15000000000000002,"(0.05, 0.3, 0.2, 0.3, 0.15)",0.0638731636349088,0.10004019597565687,0.6384749950954842,0.0601580065221875,29749543.543861616,-0.2964444697484355,-0.4509985066612611,0.07039794597508452,1.0,61.0,22492178.03972954,22281677.629636038,18612697.151369244,26840102.475414284,0.45901639344262296,0.04918032786885246,-0.4614200979665861,-0.13176414149077403,0.0,0.0,0.0
0.35000000000000003,0.25,0.2,0.05,0.15000000000000002,"(0.35, 0.25, 0.2, 0.05, 0.15)",0.06386443619498183,0.08713290186959373,0.7329543126035636,0.0601580065221875,29752016.903024122,-0.25565816176520595,-0.37420777225087126,0.05994705740916811,1.0,61.0,22789792.92488024,22505711.70507851,18986785.51412514,26555345.43498157,0.45901639344262296,0.04918032786885246,-0.37965133147677615,-0.1049304663278622,0.0,0.0,0.0
0.1,0.25,0.2,0.2,0.25,"(0.1, 0.25, 0.2, 0.2, 0.25)",0.06381704599275229,0.09267391260921723,0.6886193125551184,0.0601580065221875,29719987.400360044,-0.27181299629426336,-0.40708388496549347,0.06674539687984142,1.0,61.0,22714454.368178558,22608171.785060838,18936851.634578466,26381090.863557085,0.45901639344262296,0.04918032786885246,-0.41223843618169137,-0.11293923969737461,0.0,0.0,0.0
0.15000000000000002,0.30000000000000004,0.2,0.25,0.1,"(0.15, 0.3, 0.2, 0.25, 0.1)",0.06380178070229858,0.09771983933395974,0.6529050921200819,0.0601580065221875,29737060.214496113,-0.29070109246138476,-0.439139142825881,0.06746418243868972,1.0,61.0,22509364.597008705,22242357.299164165,18660851.591445122,26856373.90462949,0.45901639344262296,0.04918032786885246,-0.4490386789021229,-0.12975782306426495,0.0,0.0,0.0
0.2,0.25,0.2,0.15000000000000002,0.2,"(0.2, 0.25, 0.2, 0.15, 0.2)",0.06373343899218975,0.09029220466046528,0.7058576012386996,0.0601580065221875,29704207.587898962,-0.2639841325838609,-0.391539974754288,0.06381163334344664,1.0,61.0,22730376.531632505,22592146.748761766,18984670.491033427,26395789.120304473,0.45901639344262296,0.04918032786885246,-0.3968309650573306,-0.10947492268616438,0.0,0.0,0.0
0.25,0.30000000000000004,0.2,0.2,0.05,"(0.25, 0.3, 0.2, 0.2, 0.05)",0.06371399812203382,0.09550299261038554,0.6671413783017434,0.0601580065221875,29720185.785640463,-0.28495457262389634,-0.4274071125056189,0.06453041890229494,1.0,61.0,22524457.662852343,22200583.952836018,18707448.58630573,26870893.192974918,0.45901639344262296,0.04918032786885246,-0.43680446431372916,-0.12776809547903595,0.0,0.0,0.0
0.30000000000000004,0.25,0.2,0.1,0.15000000000000002,"(0.3, 0.25, 0.2, 0.1, 0.15)",0.06363344994004283,0.08801953633183508,0.7229468887468765,0.0601580065221875,29684048.422623813,-0.25802357582139857,-0.37996536072494647,0.06087786980705185,1.0,61.0,22744184.77121991,22557181.346154418,19030902.635891385,26408762.537556525,0.45901639344262296,0.04918032786885246,-0.38534882353323074,-0.10669612289597984,0.0,0.0,0.0
0.35000000000000003,0.30000000000000004,0.2,0.15000000000000002,0.0,"(0.35, 0.3, 0.2, 0.15, 0.0)",0.06360983526633346,0.09339702674657893,0.6810691676398943,0.0601580065221875,29698933.654858686,-0.27920545655808615,-0.41580292155470966,0.06159665536590014,1.0,61.0,22537456.182175186,22156374.037332203,18752479.18431353,26883658.103801675,0.45901639344262296,0.04918032786885246,-0.4247174487906761,-0.125795157707602,0.0,0.0,0.0
0.0,0.30000000000000004,0.2,0.35000000000000003,0.15000000000000002,"(0.0, 0.3, 0.2, 0.35, 0.15)",0.06359396532014472,0.1012660882518125,0.627988761272276,0.0601580065221875,29668673.275376797,-0.2987501603515811,-0.45719884209564926,0.07132875837296826,1.0,61.0,22442569.067018215,22235429.179710835,18651246.657463707,26686786.30796631,0.45901639344262296,0.04918032786885246,-0.4686422716431804,-0.1367398428406678,0.0,0.0,0.0
0.05,0.25,0.2,0.25,0.25,"(0.05, 0.25, 0.2, 0.25, 0.25)",0.06356313672996405,0.09374278083605024,0.6780590053236384,0.0601580065221875,29645975.515945517,-0.27454878133032057,-0.41387075688465624,0.06767620927772518,1.0,61.0,22666808.82096025,22562645.375297286,18978591.376530528,26233071.66711676,0.45901639344262296,0.04918032786885246,-0.4189613496270422,-0.11399369773941528,0.0,0.0,0.0
0.1,0.30000000000000004,0.2,0.30000000000000004,0.1,"(0.1, 0.3, 0.2, 0.3, 0.1)",0.06353015240512394,0.09890103285991228,0.6423608588103504,0.0601580065221875,29658240.406408265,-0.2930144309115005,-0.4452663651791082,0.06839499483657348,1.0,61.0,22460510.454495046,22223365.62996296,18700223.84808863,26703793.378232956,0.45901639344262296,0.04918032786885246,-0.45615830839868055,-0.1347224042084246,0.0,0.0,0.0
0.15000000000000002,0.25,0.2,0.2,0.2,"(0.15, 0.25, 0.2, 0.2, 0.2)",0.06348709086433879,0.09130938936028846,0.6952964126595078,0.0601580065221875,29632246.71694005,-0.2663947313558941,-0.39752318283343707,0.0647424457413304,1.0,61.0,22683496.737920932,22521821.403262407,19027249.417920984,26248501.774041135,0.45901639344262296,0.04918032786885246,-0.4026627009536883,-0.11121376318865166,0.0,0.0,0.0
0.2,0.30000000000000004,0.2,0.25,0.05,"(0.2, 0.3, 0.2, 0.25, 0.05)",0.06344994401409254,0.09663610288690454,0.6565863286969413,0.0601580065221875,29643425.807354216,-0.28727540002912344,-0.433461093931969,0.06546123130017868,1.0,61.0,22476363.631882925,22209272.147334088,18747643.942863725,26719059.25786489,0.45901639344262296,0.04918032786885246,-0.4438219059644681,-0.13272118018277299,0.0,0.0,0.0
0.25,0.25,0.2,0.15000000000000002,0.15000000000000002,"(0.25, 0.25, 0.2, 0.15, 0.15)",0.06339466689589579,0.08898105765441962,0.7124512628531003,0.0601580065221875,29614146.509540655,-0.26039437427553735,-0.38577751460519705,0.0618086822049356,1.0,61.0,22698075.778462872,22478521.52129524,19074320.819825485,26262217.591780085,0.45901639344262296,0.04918032786885246,-0.3910978180199305,-0.10844281602428439,0.0,0.0,0.0
0.30000000000000004,0.30000000000000004,0.2,0.2,0.0,"(0.3, 0.3, 0.2, 0.2, 0.0)",0.06335335931589725,0.09447849951738609,0.6705584830360146,0.0601580065221875,29624241.95918377,-0.2815336120306907,-0.4217835497103497,0.0625274677637839,1.0,61.0,22490127.33351817,22193155.810808267,18793497.803176127,26732581.571631756,0.45901639344262296,0.04918032786885246,-0.4316330714281897,-0.13073637367635157,0.0,0.0,0.0
0.0,0.25,0.2,0.30000000000000004,0.25,"(0.0, 0.25, 0.2, 0.3, 0.25)",0.06330144313727604,0.09487811916782282,0.6671869519810657,0.0601580065221875,29570061.433653962,-0.27728148960484666,-0.420710732140765,0.06860702167560893,1.0,61.0,22618670.98988101,22480770.816790774,19019623.603701346,26113776.664870188,0.45901639344262296,0.04918032786885246,-0.42583498400264047,-0.11609138011698446,0.0,0.0,0.0
0.35000000000000003,0.25,0.2,0.1,0.1,"(0.35, 0.25, 0.2, 0.1, 0.1)",0.06328588423676496,0.08676624382054875,0.7293837032712143,0.0601580065221875,29591688.769295633,-0.25443838492648774,-0.37425822021964605,0.058874918668540825,1.0,61.0,22710545.033210307,22432762.652543765,19119796.573463213,26274217.02127784,0.45901639344262296,0.04918032786885246,-0.37966689502530443,-0.10568127885576399,0.0,0.0,0.0
0.05,0.30000000000000004,0.2,0.35000000000000003,0.1,"(0.05, 0.3, 0.2, 0.35, 0.1)",0.0632507427582687,0.1001426745170755,0.6316062863637989,0.0601580065221875,29577541.709679767,-0.29533261563989466,-0.45144717965808534,0.06932580723445722,1.0,61.0,22411174.235924985,22288599.86144943,18738890.821527548,26551300.153992042,0.45901639344262296,0.04918032786885246,-0.4633585911776757,-0.1396562930232361,0.0,0.0,0.0
0.1,0.25,0.2,0.25,0.2,"(0.1, 0.25, 0.2, 0.25, 0.2)",0.06323295564976483,0.09239599886154755,0.6843689816538203,0.0601580065221875,29558375.053033836,-0.26915207768159877,-0.4042643488286597,0.06567325813921415,1.0,61.0,22636121.67089841,22468050.126953494,19069122.54200351,26101270.192396317,0.45901639344262296,0.04918032786885246,-0.40934385125541833,-0.1129334346397159,0.0,0.0,0.0
0.15000000000000002,0.30000000000000004,0.2,0.30000000000000004,0.05,"(0.15, 0.3, 0.2, 0.3, 0.05)",0.06317810565937254,0.09783222793216133,0.6457800971596129,0.0601580065221875,29564777.746473026,-0.2896011648460559,-0.43956875090305797,0.06639204369806244,1.0,61.0,22427784.471172817,22275324.5721177,18787135.572760753,26567303.09373644,0.45901639344262296,0.04918032786885246,-0.45091965064114187,-0.13764395890521258,0.0,0.0,0.0
0.30000000000000004,0.2,0.2,0.05,0.25,"(0.3, 0.2, 0.2, 0.05, 0.25)",0.06315800126261872,0.08270777913707698,0.7636283058446396,0.0601580065221875,29536412.703344993,-0.24319822060309537,-0.3584440963330581,0.05815613310969253,1.0,61.0,22903101.124081045,22791691.435514644,19389202.609331664,25793251.65748214,0.45901639344262296,0.04918032786885246,-0.362098575026942,-0.11517586981407843,0.0,0.0,0.0
0.2,0.25,0.2,0.2,0.15000000000000002,"(0.2, 0.25, 0.2, 0.2, 0.15)",0.06314809410422417,0.09001506609395997,0.7015280535183812,0.0601580065221875,29542325.761065938,-0.2627704612517646,-0.3916442748187714,0.06273949460281936,1.0,61.0,22651468.614487093,22453281.809285223,19117035.032935575,26115719.165397543,0.45901639344262296,0.04918032786885246,-0.3968983119677926,-0.1101705163522934,0.0,0.0,0.0
0.25,0.30000000000000004,0.2,0.25,0.0,"(0.25, 0.3, 0.2, 0.25, 0.0)",0.06308909631775439,0.0956256387920373,0.65975084835729,0.0601580065221875,29547653.538662285,-0.2838667968287395,-0.4278179266451183,0.06345828016166766,1.0,61.0,22442310.392074734,22260019.344492476,18833814.370284427,26581573.30735781,0.45901639344262296,0.04918032786885246,-0.43862863904463106,-0.1356476695151768,0.0,0.0,0.0
0.30000000000000004,0.25,0.2,0.15000000000000002,0.1,"(0.3, 0.25, 0.2, 0.15, 0.1)",0.06304687770918393,0.08774355846245493,0.7185356830058517,0.0601580065221875,29521926.522336982,-0.2568219759504057,-0.3800502501548506,0.05980573106642457,1.0,61.0,22664710.698931817,22436473.132051807,19163351.876923423,26128462.19282441,0.45901639344262296,0.04918032786885246,-0.3853984876950025,-0.10741670245683897,0.0,0.0,0.0
0.15000000000000002,0.2,0.2,0.15000000000000002,0.30000000000000004,"(0.15, 0.2, 0.2, 0.15, 0.3)",0.06303368597031733,0.08596128093607541,0.7332799754018551,0.0601580065221875,29490780.32070038,-0.2551763138680295,-0.38291455120698464,0.06202070904397107,1.0,61.0,22844481.813777667,22785994.95569166,19387673.06667909,25824968.33665103,0.45901639344262296,0.04918032786885246,-0.3864345785705497,-0.11861497321735033,0.0,0.0,0.0
0.35000000000000003,0.30000000000000004,0.15000000000000002,0.1,0.1,"(0.35, 0.3, 0.15, 0.1, 0.1)",0.06302211693883608,0.0843129429905916,0.7474785567130382,0.0601580065221875,29588592.456958327,-0.25002159844855454,-0.35391015755902727,0.057061688027866986,1.0,61.0,22753979.02735014,22833626.912508626,18609355.361839265,27088646.899040412,0.45901639344262296,0.04918032786885246,-0.36074883744433106,-0.09308066300422699,0.0,0.0,0.0
0.1,0.30000000000000004,0.15000000000000002,0.25,0.2,"(0.1, 0.3, 0.15, 0.25, 0.2)",0.06299895515226583,0.08978294024494508,0.7016806865579652,0.0601580065221875,29562544.947067477,-0.26429841503629603,-0.38182264817320866,0.06407014624685214,1.0,61.0,22679145.43180509,22791236.344862647,18563327.632296935,26911890.55608089,0.45901639344262296,0.04918032786885246,-0.389909987217828,-0.10283850990608935,0.0,0.0,0.0
0.05,0.25,0.2,0.30000000000000004,0.2,"(0.05, 0.25, 0.2, 0.3, 0.2)",0.06297104056923053,0.09354961401988979,0.6731298811755879,0.0601580065221875,29482607.95489824,-0.27190628744899403,-0.4110586506863203,0.0666040705370979,1.0,61.0,22588254.0793004,22536155.48949526,19043249.772552166,26161227.103618044,0.45901639344262296,0.04918032786885246,-0.416603154520481,-0.11756367887609225,0.0,0.0,0.0
0.25,0.2,0.2,0.1,0.25,"(0.25, 0.2, 0.2, 0.1, 0.25)",0.06293665804525905,0.08353523384768373,0.7534145191957724,0.0601580065221875,29471497.775179215,-0.24609377247048225,-0.36517061619048774,0.05908694550757628,1.0,61.0,22858531.373798367,22741174.970878918,19435188.053026993,25804415.87290651,0.45901639344262296,0.04918032786885246,-0.36875933450444187,-0.11403795962302449,0.0,0.0,0.0
0.2,0.30000000000000004,0.15000000000000002,0.2,0.15000000000000002,"(0.2, 0.3, 0.15, 0.2, 0.15)",0.06290214538618288,0.08745829798989133,0.7192244398976675,0.0601580065221875,29543555.32423401,-0.25835531094146325,-0.37057735501456945,0.06094660559282787,1.0,61.0,22693799.984119873,22768300.197836574,18608572.05584605,26926249.604941268,0.45901639344262296,0.04918032786885246,-0.3782230133140528,-0.09945576762334858,0.0,0.0,0.0
0.15000000000000002,0.25,0.2,0.25,0.15000000000000002,"(0.15, 0.25, 0.2, 0.25, 0.15)",0.06289373869499815,0.09111909395880616,0.6902366558147697,0.0601580065221875,29468601.1392103,-0.26515174097394034,-0.39756567575909446,0.06367030700070311,1.0,61.0,22604365.975532725,22522210.049909364,19159040.31506434,26142688.93355973,0.45901639344262296,0.04918032786885246,-0.4027875623437779,-0.11413915958323516,0.0,0.0,0.0
0.0,0.2,0.2,0.25,0.35000000000000003,"(0.0, 0.2, 0.2, 0.25, 0.35)",0.06287013163014343,0.08951309408545524,0.7023568146367878,0.0601580065221875,29434801.252709277,-0.2670254838161259,-0.4079048635538982,0.06588528497824962,1.0,61.0,22781686.080199834,22747834.647936076,19067754.99886846,25909423.079658195,0.45901639344262296,0.04918032786885246,-0.41125264781378335,-0.12200815653085771,0.0,0.0,0.0
0.35000000000000003,0.2,0.2,0.05,0.2,"(0.35, 0.2, 0.2, 0.05, 0.2)",0.0628232939164084,0.08122473254668747,0.7734503019791166,0.0601580065221875,29447883.16636017,-0.23693947014478856,-0.34765547177529355,0.05615318197118149,1.0,61.0,22870457.103499856,22693875.37963279,19481078.60964528,25781495.496369485,0.45901639344262296,0.04918032786885246,-0.3512960614908358,-0.10947706410567608,0.0,0.0,0.0
0.2,0.30000000000000004,0.2,0.30000000000000004,0.0,"(0.2, 0.3, 0.2, 0.3, 0.0)",0.0628170536194892,0.0968361109043862,0.6486945110952809,0.0601580065221875,29469184.267772943,-0.2862049170668214,-0.4339060652589525,0.06438909255955141,1.0,61.0,22394008.113890078,22281611.266496636,18873424.181214515,26430641.948457465,0.45901639344262296,0.04918032786885246,-0.4457045826344161,-0.14052883670057606,0.0,0.0,0.0
0.25,0.25,0.2,0.2,0.1,"(0.25, 0.25, 0.2, 0.2, 0.1)",0.062800085908711,0.08879401271456598,0.7072558609394745,0.0601580065221875,29450252.51485436,-0.2592108542976045,-0.3858969748956977,0.06073654346430833,1.0,61.0,22618378.031158425,22506216.89275601,19206200.114769064,26121742.166566737,0.45901639344262296,0.04918032786885246,-0.3911816773676297,-0.11135899910688359,0.0,0.0,0.0
0.1,0.2,0.2,0.2,0.30000000000000004,"(0.1, 0.2, 0.2, 0.2, 0.3)",0.06279700558965762,0.08692713362015919,0.7224097123006299,0.0601580065221875,29421896.610372387,-0.25804184822679654,-0.3898161141807087,0.06295152144185481,1.0,61.0,22798628.919239912,22706765.625581134,19253780.35250639,25892162.308541298,0.45901639344262296,0.04918032786885246,-0.39325803469177645,-0.11745154871267681,0.0,0.0,0.0
0.30000000000000004,0.30000000000000004,0.15000000000000002,0.15000000000000002,0.1,"(0.3, 0.3, 0.15, 0.15, 0.1)",0.06278898936460697,0.08524939779861941,0.7365329373109522,0.0601580065221875,29520227.150540248,-0.2524096001409428,-0.35945836603144327,0.057992500425750736,1.0,61.0,22706347.81799592,22742790.619796768,18652257.255727053,26938850.154849235,0.45901639344262296,0.04918032786885246,-0.3666803352506376,-0.09609759214756741,0.0,0.0,0.0
0.05,0.30000000000000004,0.15000000000000002,0.30000000000000004,0.2,"(0.05, 0.3, 0.15, 0.3, 0.2)",0.0627428828337715,0.09090501922908224,0.6902026242979866,0.0601580065221875,29488156.41810636,-0.2666768784899065,-0.3875685879920404,0.06503582885819985,1.0,61.0,22629486.58560798,22697190.173937734,18603902.535172626,26760625.92990853,0.45901639344262296,0.04918032786885246,-0.3965209244048904,-0.10779421312706752,0.0,0.0,0.0
0.2,0.2,0.2,0.15000000000000002,0.25,"(0.2, 0.2, 0.2, 0.15, 0.25)",0.06270752781147682,0.08444280618004019,0.7426035520157671,0.0601580065221875,29404653.201705877,-0.24898669436199306,-0.37195642310618093,0.060017757905460045,1.0,61.0,22813453.68192685,22683609.0531039,19439726.779387232,25872516.456100456,0.45901639344262296,0.04918032786885246,-0.3754754927116233,-0.11290982036797806,0.0,0.0,0.0
0.0,0.25,0.2,0.35000000000000003,0.2,"(0.0, 0.25, 0.2, 0.35, 0.2)",0.06270135293155588,0.09476778787272892,0.6616314925042086,0.0601580065221875,29404961.137051556,-0.27465732832555434,-0.4179059329683886,0.06753488293498165,1.0,61.0,22539896.73983963,22603454.24740522,18866858.66670137,26224774.331852805,0.45901639344262296,0.04918032786885246,-0.4243291595895164,-0.12244546268826889,0.0,0.0,0.0
0.35000000000000003,0.25,0.2,0.15000000000000002,0.05,"(0.35, 0.25, 0.2, 0.15, 0.05)",0.06269010150496701,0.08658286501099766,0.7240474370651073,0.0601580065221875,29427575.986732658,-0.2532671923265869,-0.3743585884977283,0.057802779927913536,1.0,61.0,22630289.461755462,22488183.57236769,19251755.374550566,26098396.34268884,0.45901639344262296,0.04918032786885246,-0.37973336532366153,-0.10944087544643796,0.0,0.0,0.0
0.15000000000000002,0.30000000000000004,0.15000000000000002,0.25,0.15000000000000002,"(0.15, 0.3, 0.15, 0.25, 0.15)",0.06265364773064408,0.08852777830504707,0.7077286805363342,0.0601580065221875,29471216.45544796,-0.2607413152635233,-0.3762509463389758,0.061909411487587634,1.0,61.0,22644907.39191019,22675470.439190615,18649967.47165003,26775734.31833414,0.45901639344262296,0.04918032786885246,-0.3847342802778476,-0.10440322775452605,0.0,0.0,0.0
0.1,0.25,0.2,0.30000000000000004,0.15000000000000002,"(0.1, 0.25, 0.2, 0.3, 0.15)",0.0626316078863367,0.09229062845825912,0.678634536708822,0.0601580065221875,29392987.965563424,-0.2675381177712811,-0.40354174523281927,0.06460111939858687,1.0,61.0,22556770.586106572,22582859.258089606,19050999.34587806,26207167.32010647,0.45901639344262296,0.04918032786885246,-0.40961134974490643,-0.11901345893280683,0.0,0.0,0.0
0.30000000000000004,0.2,0.2,0.1,0.2,"(0.3, 0.2, 0.2, 0.1, 0.2)",0.0626017175436171,0.08206934190780402,0.7627905389316186,0.0601580065221875,29383084.451396532,-0.239859907829716,-0.3543256967604117,0.05708399436906525,1.0,61.0,22826159.392629877,22666109.31424902,19527214.58525118,25850494.690646496,0.45901639344262296,0.04918032786885246,-0.3579049974237031,-0.10838381264936635,0.0,0.0,0.0
0.25,0.30000000000000004,0.15000000000000002,0.2,0.1,"(0.25, 0.3, 0.15, 0.2, 0.1)",0.06254807017486419,0.0862620481538242,0.7250937290907726,0.0601580065221875,29449945.43178537,-0.25480297841252686,-0.3650595228448616,0.05892331282363449,1.0,61.0,22658226.59129219,22651185.50766033,18694473.154795077,26789094.940251082,0.45901639344262296,0.04918032786885246,-0.37309231308527496,-0.10103635713970764,0.0,0.0,0.0
0.2,0.25,0.2,0.25,0.1,"(0.2, 0.25, 0.2, 0.25, 0.1)",0.0625455159628201,0.08991504319983219,0.6956068054576303,0.0601580065221875,29376681.671991266,-0.26160492390637236,-0.3917984299278942,0.061667355862192075,1.0,61.0,22571549.701734196,22558130.53234789,19235064.65218264,26187144.099131297,0.45901639344262296,0.04918032786885246,-0.3974709657474133,-0.11631804627845002,0.0,0.0,0.0
0.0,0.30000000000000004,0.15000000000000002,0.35000000000000003,0.2,"(0.0, 0.3, 0.15, 0.35, 0.2)",0.062479031575530586,0.09209431220452854,0.678424433387085,0.0601580065221875,29411882.49090004,-0.2690604319579868,-0.3933674038417714,0.06608910675470434,1.0,61.0,22579346.68376368,22602403.765611596,18643783.02440139,26609430.48078889,0.45901639344262296,0.04918032786885246,-0.4032098327844064,-0.11271911896553719,0.0,0.0,0.0
0.30000000000000004,0.25,0.2,0.2,0.05,"(0.3, 0.25, 0.2, 0.2, 0.05)",0.06244309625258726,0.0876492914718215,0.7124198633443852,0.0601580065221875,29356055.255061887,-0.25566878940669513,-0.38018533159729756,0.05873359232579729,1.0,61.0,22584233.09045158,22530909.35948847,19294736.35809311,26164713.98143803,0.45901639344262296,0.04918032786885246,-0.38549931459926606,-0.11438736174346072,0.0,0.0,0.0
0.35000000000000003,0.30000000000000004,0.15000000000000002,0.15000000000000002,0.05,"(0.35, 0.3, 0.15, 0.15, 0.05)",0.06242616968971704,0.08411684005735824,0.742136409869289,0.0601580065221875,29424358.53775618,-0.24886243292945076,-0.35399477037686256,0.055989549287239704,1.0,61.0,22669443.594952945,22624346.044863433,18737411.13430138,26800705.76856343,0.45901639344262296,0.04918032786885246,-0.3615949850971622,-0.09769398235920672,0.0,0.0,0.0
0.1,0.30000000000000004,0.15000000000000002,0.30000000000000004,0.15000000000000002,"(0.1, 0.3, 0.15, 0.3, 0.15)",0.062397368298556355,0.08966757961124756,0.6958743457677703,0.0601580065221875,29396983.725466244,-0.2631325042845879,-0.38197747487458544,0.06296268938409212,1.0,61.0,22595530.631931607,22581892.205943286,18690670.177233838,26625278.740338244,0.45901639344262296,0.04918032786885246,-0.3913231579582811,-0.10932029853531366,0.0,0.0,0.0
0.25,0.2,0.2,0.15000000000000002,0.2,"(0.25, 0.2, 0.2, 0.15, 0.2)",0.062372358554025675,0.08299512179912798,0.7515183688143104,0.0601580065221875,29316362.950030115,-0.24277765854458466,-0.36105519106850587,0.058014806766949,1.0,61.0,22781353.598090243,22738726.053948823,19447419.556866866,25918579.13358376,0.45901639344262296,0.04918032786885246,-0.3645693419043026,-0.10730011804116207,0.0,0.0,0.0
0.05,0.25,0.2,0.35000000000000003,0.15000000000000002,"(0.05, 0.25, 0.2, 0.35, 0.15)",0.06236170898437221,0.0935271328328846,0.6667766571632305,0.0601580065221875,29315501.91604951,-0.269929496083943,-0.40957250440764426,0.06553193179647061,1.0,61.0,22508685.198883433,22540270.101910543,18874504.02264605,26270687.202682544,0.45901639344262296,0.04918032786885246,-0.4165153170404693,-0.12385701669534627,0.0,0.0,0.0
0.2,0.30000000000000004,0.15000000000000002,0.25,0.1,"(0.2, 0.3, 0.15, 0.25, 0.1)",0.06229936646813883,0.08734824403347238,0.713229752440877,0.0601580065221875,29377761.93993607,-0.2572016368650947,-0.3707136680909246,0.05985412522151825,1.0,61.0,22609618.17561337,22558823.87855594,18735998.164626863,26639389.99512587,0.45901639344262296,0.04918032786885246,-0.3795815336598795,-0.10594514057662877,0.0,0.0,0.0
0.15000000000000002,0.25,0.2,0.30000000000000004,0.1,"(0.15, 0.25, 0.2, 0.3, 0.1)",0.062283175087089804,0.09110404464497608,0.6836488470934687,0.0601580065221875,29301229.276971728,-0.26400408882142556,-0.3977546441435702,0.06259816826007583,1.0,61.0,22524228.410956904,22516676.73285475,19057507.577316616,26251593.530204874,0.45901639344262296,0.04918032786885246,-0.4042723317845691,-0.12124764848368284,0.0,0.0,0.0
0.35000000000000003,0.2,0.2,0.1,0.15000000000000002,"(0.35, 0.2, 0.2, 0.1, 0.15)",0.062257790291619264,0.08067822196774148,0.7716802474466099,0.0601580065221875,29292529.216599252,-0.23360675935005104,-0.3435379474565184,0.05508104323055421,1.0,61.0,22792721.72124004,22719989.092366993,19618615.493276972,25895087.98887946,0.45901639344262296,0.04918032786885246,-0.3471038227059531,-0.10282500221092544,0.0,0.0,0.0
0.25,0.25,0.2,0.25,0.05,"(0.25, 0.25, 0.2, 0.25, 0.05)",0.06218831733037056,0.08878681059079062,0.7004229222399956,0.0601580065221875,29282644.842819285,-0.2580755763834255,-0.3860668930492356,0.05966440472368104,1.0,61.0,22537680.88600912,22490593.079544216,19240414.303234115,26230085.253761098,0.45901639344262296,0.04918032786885246,-0.3921780881286166,-0.11930478681887666,0.0,0.0,0.0
0.30000000000000004,0.30000000000000004,0.15000000000000002,0.2,0.05,"(0.3, 0.3, 0.15, 0.2, 0.05)",0.06218504540565584,0.08514508234537119,0.7303421841019154,0.0601580065221875,29354231.417748943,-0.2512683926609641,-0.35957645156849694,0.05692036168512346,1.0,61.0,22621608.51369985,22533209.04446265,18779758.349374224,26651762.078710817,0.45901639344262296,0.04918032786885246,-0.36798493431341606,-0.10259403014638441,0.0,0.0,0.0
0.05,0.35000000000000003,0.05,0.2,0.35000000000000003,"(0.05, 0.35, 0.05, 0.2, 0.35)",0.062137748178404895,0.08327909676471151,0.7461385941055859,0.0601580065221875,29451110.12480038,-0.23625102693106292,-0.31301305098528104,0.06292244165235561,1.0,61.0,22980937.509428196,22880475.808033872,17813226.24219068,28473793.8470113,0.45901639344262296,0.04918032786885246,-0.32102426533630096,-0.08295432081182322,0.0,0.0,0.0
0.05,0.30000000000000004,0.15000000000000002,0.35000000000000003,0.15000000000000002,"(0.05, 0.3, 0.15, 0.35, 0.15)",0.062133314366747516,0.09087505594179408,0.6837224332114217,0.0601580065221875,29320872.529600587,-0.265528782097909,-0.3877569669183215,0.06401596728059662,1.0,61.0,22545672.610695507,22487577.97182807,18730675.4349565,26474891.5319611,0.45901639344262296,0.04918032786885246,-0.3979900795444751,-0.1142067748022425,0.0,0.0,0.0
0.35000000000000003,0.25,0.2,0.2,0.0,"(0.35, 0.25, 0.2, 0.2, 0.0)",0.06207715489288468,0.08658392996724876,0.7169593123847114,0.0601580065221875,29259762.54279255,-0.25214451939380633,-0.3745097481980086,0.056730641187286254,1.0,61.0,22549041.96249123,22462030.114164606,19382635.51814251,26206172.039563693,0.45901639344262296,0.04918032786885246,-0.38023256985247444,-0.11737890120351563,0.0,0.0,0.0
0.15000000000000002,0.30000000000000004,0.15000000000000002,0.30000000000000004,0.1,"(0.15, 0.3, 0.15, 0.3, 0.1)",0.062042885430996675,0.08850527767959561,0.7010077484373602,0.0601580065221875,29303691.674884446,-0.25960547920048316,-0.37642083551387345,0.06088954990998441,1.0,61.0,22560525.42600354,22465718.087628093,18776827.462451253,26489743.999000486,0.45901639344262296,0.04918032786885246,-0.38614843558741363,-0.11082373527823451,0.0,0.0,0.0
0.1,0.25,0.2,0.35000000000000003,0.1,"(0.1, 0.25, 0.2, 0.35, 0.1)",0.062013070585065444,0.0923583919581368,0.6714394790802989,0.0601580065221875,29223910.96587087,-0.2664082531994977,-0.40376563978897945,0.06352898065795957,1.0,61.0,22476416.887481794,22474172.910010945,18880920.48259578,26315082.542724818,0.45901639344262296,0.04918032786885246,-0.4111539541296311,-0.12614759509183135,0.0,0.0,0.0
0.25,0.30000000000000004,0.15000000000000002,0.25,0.05,"(0.25, 0.3, 0.15, 0.25, 0.05)",0.06193614105706824,0.08624744037557185,0.7181214977205355,0.0601580065221875,29282209.767558523,-0.25367963216203104,-0.36521120365042903,0.05785117408300721,1.0,61.0,22573286.11709818,22441319.916191716,18821411.706130143,26502867.947027914,0.45901639344262296,0.04918032786885246,-0.3744521948397588,-0.10746429472160339,0.0,0.0,0.0
0.2,0.25,0.2,0.30000000000000004,0.05,"(0.2, 0.25, 0.2, 0.3, 0.05)",0.06192577195145299,0.08999272654848535,0.688119743967189,0.0601580065221875,29207359.993641898,-0.26048745701759657,-0.3920033028216718,0.0605952171215648,1.0,61.0,22490635.524539296,22461836.342945673,19062776.48881196,26294502.15308647,0.45901639344262296,0.04918032786885246,-0.398957118953882,-0.12419293835736542,0.0,0.0,0.0
0.30000000000000004,0.25,0.2,0.25,0.0,"(0.3, 0.25, 0.2, 0.25, 0.0)",0.061822172458493085,0.0877373210649007,0.704627993060812,0.0601580065221875,29186519.126802217,-0.25456395050553415,-0.38037146971668095,0.05766145358517001,1.0,61.0,22502767.632881217,22470873.53902307,19244514.374981537,26271509.02412412,0.45901639344262296,0.04918032786885246,-0.38690938970500166,-0.12225489426214041,0.0,0.0,0.0
0.35000000000000003,0.30000000000000004,0.15000000000000002,0.2,0.0,"(0.35, 0.3, 0.15, 0.2, 0.0)",0.061813100653270725,0.08411055923610716,0.734902980251919,0.0601580065221875,29256442.010575626,-0.24775180550713272,-0.35412852509231246,0.05491741054661242,1.0,61.0,22583954.217005204,22414394.107718043,18864419.711192016,26514261.38501534,0.45901639344262296,0.04918032786885246,-0.3629013202947722,-0.10465409411656318,0.0,0.0,0.0
0.1,0.30000000000000004,0.15000000000000002,0.35000000000000003,0.1,"(0.1, 0.3, 0.15, 0.35, 0.1)",0.06177863433790365,0.08973040886971667,0.6884916174582758,0.0601580065221875,29227749.992026553,-0.2620144092262877,-0.3821810524592478,0.061942827806488895,1.0,61.0,22510951.2240615,22371880.5402075,18816956.29799498,26340165.570519425,0.45901639344262296,0.04918032786885246,-0.3927934535258162,-0.11567193753003081,0.0,0.0,0.0
0.05,0.35000000000000003,0.1,0.35000000000000003,0.15000000000000002,"(0.05, 0.35, 0.1, 0.35, 0.15)",0.06176982720632429,0.08959960307661936,0.6893984469273041,0.0601580065221875,29292958.50277396,-0.26138704115698674,-0.3671796838329006,0.06348526624650377,1.0,61.0,22582246.963369224,22848839.21351746,18218013.564482886,27289767.71943326,0.45901639344262296,0.04918032786885246,-0.3804006330004529,-0.10457956704792856,0.0,0.0,0.0
0.2,0.30000000000000004,0.15000000000000002,0.30000000000000004,0.05,"(0.2, 0.3, 0.15, 0.3, 0.05)",0.06167946382830025,0.087421110450786,0.7055442731195105,0.0601580065221875,29208308.54747064,-0.25609605484842,-0.3708990614126126,0.058816410435876695,1.0,61.0,22524479.235110193,22348690.94677918,18862366.369003765,26354032.010267727,0.45901639344262296,0.04918032786885246,-0.38099720675167775,-0.11230457037453147,0.0,0.0,0.0
0.15000000000000002,0.35000000000000003,0.1,0.30000000000000004,0.1,"(0.15, 0.35, 0.1, 0.3, 0.1)",0.06166740197982379,0.08732286794528808,0.7061999156791476,0.0601580065221875,29272883.617300052,-0.255468778471466,-0.35631309970951164,0.06035884887589157,1.0,61.0,22596418.426693548,22880808.939341433,18261522.886070974,27304533.49944913,0.45901639344262296,0.04918032786885246,-0.36895419927377504,-0.10122971513889523,0.0,0.0,0.0
0.15000000000000002,0.25,0.2,0.35000000000000003,0.05,"(0.15, 0.25, 0.2, 0.35, 0.05)",0.061655467416889875,0.09126432811207737,0.6755702769342008,0.0601580065221875,29130216.302516464,-0.26290433518312806,-0.3979945842300856,0.06152602951944855,1.0,61.0,22443099.710698873,22488054.09749616,18886110.040120322,26357956.766756333,0.45901639344262296,0.04918032786885246,-0.40581648186835667,-0.12905160737979784,0.0,0.0,0.0
0.30000000000000004,0.30000000000000004,0.15000000000000002,0.25,0.0,"(0.3, 0.3, 0.15, 0.25, 0.0)",0.061564000977997635,0.08522841802150206,0.7223412379010227,0.0601580065221875,29184588.581834838,-0.25017555227211596,-0.35974393820259304,0.05584822294449618,1.0,61.0,22535919.61536027,22322981.727222573,18906200.150900554,26366178.482856687,0.45901639344262296,0.04918032786885246,-0.36934670909448797,-0.10957749285868824,0.0,0.0,0.0
0.25,0.25,0.2,0.30000000000000004,0.0,"(0.25, 0.25, 0.2, 0.3, 0.0)",0.06155942804454084,0.08895949496310343,0.6919939020570322,0.0601580065221875,29111408.503059205,-0.25698847374486267,-0.38628812717091104,0.05859226598305377,1.0,61.0,22455999.96596346,22497903.313111305,19066808.293285467,26335889.81141589,0.45901639344262296,0.04918032786885246,-0.39366617349203636,-0.12710178460929852,0.0,0.0,0.0
0.0,0.25,0.15000000000000002,0.35000000000000003,0.25,"(0.0, 0.25, 0.15, 0.35, 0.25)",0.061528069912878625,0.08554337665087167,0.7192616462171378,0.0601580065221875,29134348.292769313,-0.24833289825285387,-0.3630187600103724,0.06235828290782648,1.0,61.0,22668963.37855099,22610214.052838013,19139880.960448798,25722226.772486456,0.45901639344262296,0.04918032786885246,-0.3685727382120182,-0.09884728749733067,0.0,0.0,0.0
0.1,0.25,0.15000000000000002,0.30000000000000004,0.2,"(0.1, 0.25, 0.15, 0.3, 0.2)",0.06144059764161636,0.0829856288386336,0.7403763579485337,0.0601580065221875,29117998.38775629,-0.2399415835325016,-0.3472061867148816,0.059234742253802215,1.0,61.0,22684062.87149748,22588406.093427274,19187341.613439407,25736994.599301644,0.45901639344262296,0.04918032786885246,-0.35232568760882543,-0.09551209041563338,0.0,0.0,0.0
0.15000000000000002,0.30000000000000004,0.15000000000000002,0.35000000000000003,0.05,"(0.15, 0.3, 0.15, 0.35, 0.05)",0.06141502099154894,0.0886632606603894,0.6926772209155432,0.0601580065221875,29132543.071757004,-0.2585175642427002,-0.3766400532399913,0.05986968833238118,1.0,61.0,22475190.72444124,22316159.16031361,18902617.575222496,26205262.844655614,0.45901639344262296,0.04918032786885246,-0.3876204061653237,-0.11711465483583075,0.0,0.0,0.0
0.1,0.35000000000000003,0.1,0.35000000000000003,0.1,"(0.1, 0.35, 0.1, 0.35, 0.1)",0.06140909217015467,0.08849792002832382,0.693904355610851,0.0601580065221875,29198406.34685958,-0.25788137260623256,-0.3618305610590755,0.061412126772396054,1.0,61.0,22545062.556658722,22792404.20288177,18301055.917162742,27150832.031745937,0.45901639344262296,0.04918032786885246,-0.3753688407119674,-0.10611975086483628,0.0,0.0,0.0
0.2,0.25,0.15000000000000002,0.25,0.15000000000000002,"(0.2, 0.25, 0.15, 0.25, 0.15)",0.06133683552417013,0.08053625461946558,0.761605264784005,0.0601580065221875,29097376.091047134,-0.23149207892028367,-0.3315781550760847,0.05611120159977794,1.0,61.0,22697060.22409781,22564049.75991451,19233205.237392623,25750082.15933317,0.45901639344262296,0.04918032786885246,-0.3362861993162373,-0.09220122562778948,0.0,0.0,0.0
0.25,0.30000000000000004,0.15000000000000002,0.30000000000000004,0.0,"(0.25, 0.3, 0.15, 0.3, 0.0)",0.061307132877328696,0.08641801871865626,0.7094253465463155,0.0601580065221875,29110862.90016816,-0.2526044816425008,-0.36541253902580817,0.05677903534237993,1.0,61.0,22487400.39176323,22296716.46080831,18947278.93501161,26218153.027092922,0.45901639344262296,0.04918032786885246,-0.3758699187029068,-0.11447198876488975,0.0,0.0,0.0
0.2,0.35000000000000003,0.1,0.30000000000000004,0.05,"(0.2, 0.35, 0.1, 0.3, 0.05)",0.06129794906223496,0.08628483143546124,0.7104139631782695,0.0601580065221875,29176091.521145817,-0.25196840220248984,-0.35101671875902596,0.05828570940178384,1.0,61.0,22557909.19258893,22880502.65083414,18343837.69896221,27164584.766074035,0.45901639344262296,0.04918032786885246,-0.36396702555810784,-0.10278559400790992,0.0,0.0,0.0
0.05,0.25,0.15000000000000002,0.35000000000000003,0.2,"(0.05, 0.25, 0.15, 0.35, 0.2)",0.061186010960554205,0.08418574148198957,0.7267977912108091,0.0601580065221875,29045067.78366111,-0.24280715147225407,-0.3536495253377333,0.06013188175960977,1.0,61.0,22635484.40010395,22570445.399508737,19229277.59114054,25635013.333760373,0.45901639344262296,0.04918032786885246,-0.359529486459593,-0.10040143958942985,0.0,0.0,0.0
0.15000000000000002,0.25,0.15000000000000002,0.30000000000000004,0.15000000000000002,"(0.15, 0.25, 0.15, 0.3, 0.15)",0.061089807976403954,0.08168341487466604,0.7478850886699503,0.0601580065221875,29026467.760079112,-0.23438311068244277,-0.3379240980718558,0.057008341105585496,1.0,61.0,22649253.77479455,22552307.43972234,19275986.73549688,25613966.96040407,0.45901639344262296,0.04918032786885246,-0.34335719314583535,-0.09708196592952414,0.0,0.0,0.0
0.2,0.30000000000000004,0.15000000000000002,0.35000000000000003,0.0,"(0.2, 0.3, 0.15, 0.35, 0.0)",0.06104250362128427,0.08767644117686961,0.6962246961888346,0.0601580065221875,29035280.237530757,-0.25503849685648383,-0.3711343569770058,0.05779654885827346,1.0,61.0,22438399.378048196,22305845.456165474,18987651.288387816,26070193.5514771,0.45901639344262296,0.04918032786885246,-0.3824713866836381,-0.11933737073986729,0.0,0.0,0.0
0.1,0.25,0.15000000000000002,0.35000000000000003,0.15000000000000002,"(0.1, 0.25, 0.15, 0.35, 0.15)",0.060835023857079396,0.0829045588638837,0.7337958815625685,0.0601580065221875,28953695.662833374,-0.23727069450994775,-0.3443229499190503,0.05792187457929914,1.0,61.0,22600958.060733166,22617179.82129403,19318054.76345198,25677578.37230668,0.45901639344262296,0.04918032786885246,-0.35050748768092443,-0.10193313299786175,0.0,0.0,0.0
0.25,0.30000000000000004,0.25,0.1,0.1,"(0.25, 0.3, 0.25, 0.1, 0.1)",0.06594697281325601,0.10533081132203091,0.6260938464779735,0.0601580065221875,30294688.88952068,-0.31637341549298525,-0.49186260087050454,0.07228180246220994,1.0,61.0,22539541.36032974,22141955.635635886,18451889.294574365,27523998.271293323,0.45901639344262296,0.03278688524590164,-0.5002197342117205,-0.14172825285393847,0.0,0.0,0.0
0.2,0.35000000000000003,0.2,0.2,0.05,"(0.2, 0.35, 0.2, 0.2, 0.05)",0.06488730467970716,0.10364941367886733,0.6260267412678744,0.0601580065221875,30061983.396845456,-0.31331434941390446,-0.47393205070911515,0.07032724547879257,1.0,61.0,22454966.84370835,22235330.221821826,18128880.000173032,27921649.268533405,0.45901639344262296,0.03278688524590164,-0.48820879218918356,-0.14147970602821744,0.0,0.0,0.0
0.1,0.30000000000000004,0.2,0.35000000000000003,0.05,"(0.1, 0.3, 0.2, 0.35, 0.05)",0.06289849049605167,0.09908908577913744,0.6347670886402964,0.0601580065221875,29484257.871426724,-0.2919317735767055,-0.4457300886725572,0.0673228560959462,1.0,61.0,22378722.98853781,22305195.017766524,18825918.85775481,26415633.31812213,0.45901639344262296,0.03278688524590164,-0.4580981236315831,-0.1425362248864385,0.0,0.0,0.0
0.2,0.05,0.25,0.2,0.30000000000000004,"(0.2, 0.05, 0.25, 0.2, 0.3)",0.05982720416935261,0.08023729785949335,0.7456283519681627,0.0601580065221875,28532162.994558994,-0.2361353098636464,-0.3796833222173196,0.05398777667811911,0.0,61.0,22829889.057173587,22691821.321165588,18220566.15081281,26408040.129335757,0.45901639344262296,0.03278688524590164,-0.378520677643415,-0.1435988393277888,0.0,0.0,0.0
0.25,0.05,0.25,0.2,0.25,"(0.25, 0.05, 0.25, 0.2, 0.25)",0.0594960771354085,0.07865834366180993,0.7563860916168126,0.0601580065221875,28447216.99002867,-0.22988180195493302,-0.36800589538925516,0.05342078100113811,0.0,61.0,22799915.32931144,22720591.096119415,18226171.69683912,26397771.640743997,0.45901639344262296,0.03278688524590164,-0.36696990519713507,-0.13923100087712634,0.0,0.0,0.0
0.30000000000000004,0.05,0.25,0.25,0.15000000000000002,"(0.3, 0.05, 0.25, 0.25, 0.15)",0.05857464599449602,0.07677970359815962,0.7628923172334313,0.0601580065221875,28206176.028497547,-0.2203316026038339,-0.3519649133596054,0.053046304475991964,0.0,61.0,22696152.635699194,22420980.330496434,18068375.657592304,26483356.838020146,0.45901639344262296,0.03278688524590164,-0.35102717127865224,-0.13358483201140745,0.0,0.0,0.0
0.35000000000000003,0.05,0.25,0.30000000000000004,0.05,"(0.35, 0.05, 0.25, 0.3, 0.05)",0.05760929962250749,0.07539812387458258,0.7640680783826258,0.0601580065221875,27955834.609878205,-0.21080445865460828,-0.3359977863456067,0.05267182795084582,0.0,61.0,22588753.02335855,22425164.847629517,17906584.809443034,26633060.580971025,0.45901639344262296,0.03278688524590164,-0.33515551548470307,-0.13583758597126044,0.0,0.0,0.0
0.35000000000000003,0.0,0.25,0.25,0.15000000000000002,"(0.35, 0.0, 0.25, 0.25, 0.15)",0.056909097271580444,0.07224300422468871,0.7877454416843316,0.0601580065221875,27759586.441232357,-0.20007475989869028,-0.3207958672601643,0.05059695898321739,0.0,61.0,22720540.66180604,22915010.26740862,17917639.572695013,26429667.91770071,0.45901639344262296,0.03278688524590164,-0.31878207457643976,-0.14116171035565167,0.0,0.0,0.0
0.05,0.35000000000000003,0.25,0.0,0.35000000000000003,"(0.05, 0.35, 0.25, 0.0, 0.35)",0.06911450362031846,0.11765445598958478,0.5874363451770729,0.0601580065221875,31205830.26806163,-0.3560948006709205,-0.5548317789954367,0.08623175993549524,1.0,61.0,22690829.36114361,22488283.312693994,17362405.752672885,29652583.23482043,0.45901639344262296,0.01639344262295082,-0.5659741458500479,-0.14962694225642023,0.0,0.0,0.0
0.1,0.35000000000000003,0.25,0.0,0.30000000000000004,"(0.1, 0.35, 0.25, 0.0, 0.3)",0.06882781963193962,0.11627467620452872,0.591941615136133,0.0601580065221875,31126187.724093225,-0.35272637705649323,-0.5489719700590417,0.0842288087969842,1.0,61.0,22666334.601907987,22433658.77396034,17450905.266568594,29506204.896408588,0.45901639344262296,0.01639344262295082,-0.5601407624568726,-0.1483090547013169,0.0,0.0,0.0
0.15000000000000002,0.35000000000000003,0.25,0.0,0.25,"(0.15, 0.35, 0.25, 0.0, 0.25)",0.0685317612696208,0.11494949617216316,0.5961901839654765,0.0601580065221875,31044108.379641566,-0.34937276760887037,-0.5431431460988311,0.08222585765847318,1.0,61.0,22640713.73430149,22377650.160397053,17538849.806625832,29359583.79068342,0.45901639344262296,0.01639344262295082,-0.5543376914972596,-0.14699805106166397,0.0,0.0,0.0
0.1,0.35000000000000003,0.25,0.05,0.25,"(0.1, 0.35, 0.25, 0.05, 0.25)",0.06827567698415127,0.11582692463206257,0.5894629180653526,0.0601580065221875,30966502.258361112,-0.3514567177363085,-0.5496624234290599,0.08315667005635692,1.0,61.0,22592299.020878162,22338114.956023548,17577838.19063004,29193676.409215633,0.45901639344262296,0.01639344262295082,-0.5607878082492317,-0.14870290205311734,0.0,0.0,0.0
0.2,0.35000000000000003,0.25,0.0,0.2,"(0.2, 0.35, 0.25, 0.0, 0.2)",0.0682263620669008,0.11368082532029579,0.6001571670039604,0.0601580065221875,30959620.49904616,-0.3460342156721856,-0.5373457308764659,0.08022290651996214,1.0,61.0,22613974.527655616,22320272.831010234,17626231.058076937,29212731.28188283,0.45901639344262296,0.01639344262295082,-0.5485653373904297,-0.1456939435509526,0.0,0.0,0.0
0.1,0.30000000000000004,0.25,0.0,0.35000000000000003,"(0.1, 0.3, 0.25, 0.0, 0.35)",0.0680066912645485,0.1100535630211943,0.617941749432062,0.0601580065221875,30870825.379704196,-0.3291686821840175,-0.5085021548520144,0.0804349333589976,1.0,61.0,22770669.215565715,22527375.638436615,17923378.74193314,28543737.321531624,0.45901639344262296,0.01639344262295082,-0.5168390699438576,-0.14575918705590835,0.0,0.0,0.0
0.15000000000000002,0.35000000000000003,0.25,0.05,0.2,"(0.15, 0.35, 0.25, 0.05, 0.2)",0.0679700023982237,0.11456954649770756,0.5932641306176745,0.0601580065221875,30882132.062640935,-0.3481303629424807,-0.5438448694191627,0.0811537189178459,1.0,61.0,22565816.621207457,22280788.6818879,17665344.170604076,29047702.992506914,0.45901639344262296,0.01639344262295082,-0.5549978179285456,-0.14738823502324833,0.0,0.0,0.0
0.25,0.35000000000000003,0.25,0.0,0.15000000000000002,"(0.25, 0.35, 0.25, 0.0, 0.15)",0.06791165528388965,0.1124705759400046,0.603817084746822,0.0601580065221875,30872752.7066567,-0.3427109635602622,-0.5315801433132142,0.0782199553814511,1.0,61.0,22586124.831346884,22261542.266198993,17713040.76072181,29065658.681057956,0.45901639344262296,0.01639344262295082,-0.5428241006672992,-0.14439674376543424,0.0,0.0,0.0
0.05,0.30000000000000004,0.25,0.05,0.35000000000000003,"(0.05, 0.3, 0.25, 0.05, 0.35)",0.06776038558155695,0.11088976016518412,0.6110608002093196,0.0601580065221875,30796363.087740082,-0.3313066540064664,-0.5148930336048952,0.08136574575688135,1.0,61.0,22723249.672181424,22411353.64501234,17964099.851754803,28383669.67216863,0.45901639344262296,0.01639344262295082,-0.5231466471563437,-0.1443772583209746,0.0,0.0,0.0
0.1,0.35000000000000003,0.25,0.1,0.2,"(0.1, 0.35, 0.25, 0.1, 0.2)",0.06770578570650443,0.11551591051128013,0.5861165393306834,0.0601580065221875,30802651.855168037,-0.35023143265556633,-0.5503967621958272,0.08208453131572964,1.0,61.0,22517171.017599247,22240251.25722991,17703792.886331715,28882756.895514484,0.45901639344262296,0.01639344262295082,-0.5619281697318874,-0.14989029199019696,0.0,0.0,0.0
0.2,0.35000000000000003,0.25,0.05,0.15000000000000002,"(0.2, 0.35, 0.25, 0.05, 0.15)",0.06765502696936032,0.11337037766172672,0.5967610619700734,0.0601580065221875,30795389.623218406,-0.34481924326800206,-0.5380591826474973,0.07915076777933486,1.0,61.0,22538226.011610284,22210191.082858156,17752277.473579075,28901510.137621555,0.45901639344262296,0.01639344262295082,-0.549238998934878,-0.14776734610212822,0.0,0.0,0.0
0.30000000000000004,0.35000000000000003,0.25,0.0,0.1,"(0.3, 0.35, 0.25, 0.0, 0.1)",0.0675876739122363,0.11132065347702731,0.6071440635783191,0.0601580065221875,30783533.9758269,-0.3394032525360068,-0.5258467974458506,0.07621700424294008,1.0,61.0,22557172.57308657,22172668.254047833,17799270.70997708,28918377.245184474,0.45901639344262296,0.01639344262295082,-0.5371143779294222,-0.14566088648631756,0.0,0.0,0.0
0.0,0.30000000000000004,0.25,0.1,0.35000000000000003,"(0.0, 0.3, 0.25, 0.1, 0.35)",0.067506227129011,0.11178633522348361,0.6038862173453698,0.0601580065221875,30719901.52463063,-0.33344970962866394,-0.5213375439319209,0.08229655815476511,1.0,61.0,22675334.949203476,22312980.22595132,18004150.29661618,28223669.606216304,0.45901639344262296,0.01639344262295082,-0.5295046291303129,-0.14315808076525582,0.0,0.0,0.0
0.35000000000000003,0.35000000000000003,0.25,0.0,0.05,"(0.35, 0.35, 0.25, 0.0, 0.05)",0.06725445067997526,0.11023294589337498,0.6101120689002404,0.0601580065221875,30691993.617887393,-0.3361113227909237,-0.5201461023834217,0.07421405310442904,1.0,61.0,22527125.757216766,22054327.889244426,17884912.757917028,28770898.17628777,0.45901639344262296,0.01639344262295082,-0.5314365618085133,-0.14869456961401925,0.0,0.0,0.0
0.25,0.25,0.30000000000000004,0.0,0.2,"(0.25, 0.25, 0.3, 0.0, 0.2)",0.06715475606646426,0.10968772223045957,0.6122358519339899,0.0601580065221875,30571077.8268454,-0.32516504569011007,-0.5213638314193073,0.07623931058413834,1.0,61.0,22635591.63321618,22484812.433951087,18667949.16043017,27259088.873333182,0.45901639344262296,0.01639344262295082,-0.5278055456888545,-0.1492384403827445,0.0,0.0,0.0
0.0,0.30000000000000004,0.25,0.15000000000000002,0.30000000000000004,"(0.0, 0.3, 0.25, 0.15, 0.3)",0.06695061227233734,0.11134653260959608,0.6012815190849274,0.0601580065221875,30561212.359995443,-0.33216409767791044,-0.5218550289547371,0.08122441941413783,1.0,61.0,22602235.753592175,22345457.774173845,18134363.671263266,27925088.724097572,0.45901639344262296,0.01639344262295082,-0.529974763405585,-0.1435805013430309,0.0,0.0,0.0
0.30000000000000004,0.25,0.30000000000000004,0.0,0.15000000000000002,"(0.3, 0.25, 0.3, 0.0, 0.15)",0.06684045358301827,0.10842595482666229,0.6164617474651188,0.0601580065221875,30485232.626324374,-0.31979003872733036,-0.5106996995091915,0.0742363594456273,1.0,61.0,22609323.797126714,22544221.039291527,18759893.12557386,27121655.143757373,0.45901639344262296,0.01639344262295082,-0.5171895084970997,-0.14791100497959803,0.0,0.0,0.0
0.15000000000000002,0.25,0.25,0.0,0.35000000000000003,"(0.15, 0.25, 0.25, 0.0, 0.35)",0.06679995320964083,0.10278598401300351,0.6498936002907744,0.0601580065221875,30511923.68411252,-0.3080628408252043,-0.4763258194587479,0.07463810678249996,1.0,61.0,22840646.739169702,22601026.06412504,18492954.339563794,27465659.21682555,0.45901639344262296,0.01639344262295082,-0.4823335424169167,-0.14406600188749014,0.0,0.0,0.0
0.05,0.30000000000000004,0.25,0.15000000000000002,0.25,"(0.05, 0.3, 0.25, 0.15, 0.25)",0.06664771999419661,0.11000787902049568,0.6058449684479364,0.0601580065221875,30478605.69627266,-0.3287456293947064,-0.515906670613868,0.07922146827562679,1.0,61.0,22576431.77605786,22259920.66445175,18224628.12577767,27786201.743201233,0.45901639344262296,0.01639344262295082,-0.5240679625862917,-0.14230656635601466,0.0,0.0,0.0
0.0,0.30000000000000004,0.25,0.2,0.25,"(0.0, 0.3, 0.25, 0.2, 0.25)",0.0663773512230299,0.11104903814953869,0.5977300868977012,0.0601580065221875,30398443.02929892,-0.33092373026869093,-0.5224180938860509,0.08015228067351055,1.0,61.0,22528044.065087005,22178074.52644289,18263572.040946018,27628039.186446927,0.45901639344262296,0.01639344262295082,-0.5304914882067578,-0.14396824180715884,0.0,0.0,0.0
0.05,0.30000000000000004,0.25,0.2,0.2,"(0.05, 0.3, 0.25, 0.2, 0.2)",0.06606495654247113,0.10978292293225116,0.6017780796676446,0.0601580065221875,30313637.98736226,-0.32753317742810517,-0.5164823518906343,0.0781493295349995,1.0,61.0,22501393.6835038,22163499.903086618,18353376.896267746,27489772.078683436,0.45901639344262296,0.01639344262295082,-0.5250960128307409,-0.14588543063434833,0.0,0.0,0.0
0.15000000000000002,0.30000000000000004,0.25,0.15000000000000002,0.15000000000000002,"(0.15, 0.3, 0.25, 0.15, 0.15)",0.06601422073134433,0.10750893351677454,0.6140347464338317,0.0601580065221875,30306416.72334319,-0.3219552609791938,-0.5041085800599872,0.07521556599860472,1.0,61.0,22521518.5956277,22153748.3907338,18403401.57832513,27507782.59451312,0.45901639344262296,0.01639344262295082,-0.5123502398444145,-0.1437986741131091,0.0,0.0,0.0
0.1,0.30000000000000004,0.25,0.2,0.15000000000000002,"(0.1, 0.3, 0.25, 0.2, 0.15)",0.06574335151433819,0.10857738481222866,0.6054976515416474,0.0601580065221875,30226534.119018473,-0.3241582449036058,-0.5105798106531004,0.07614637839648848,1.0,61.0,22473648.85768518,22220458.989744343,18442589.835283615,27351297.686424322,0.45901639344262296,0.01639344262295082,-0.519771576298031,-0.14884952767437676,0.0,0.0,0.0
0.2,0.30000000000000004,0.25,0.15000000000000002,0.1,"(0.2, 0.3, 0.25, 0.15, 0.1)",0.06568367781200979,0.1063528326037079,0.6176015833707074,0.0601580065221875,30216890.959934205,-0.3185838517430595,-0.4982596984456509,0.07321261486009369,1.0,61.0,22492424.82052782,22201727.337795995,18491893.734287187,27368271.823867265,0.45901639344262296,0.01639344262295082,-0.5069429549716595,-0.14676795269855672,0.0,0.0,0.0
0.30000000000000004,0.30000000000000004,0.25,0.1,0.05,"(0.3, 0.3, 0.25, 0.1, 0.05)",0.06560751574132828,0.104227299314907,0.629465755829527,0.0601580065221875,30202762.068450868,-0.31300590539888296,-0.48606780190526117,0.0702788513236989,1.0,61.0,22509102.06099903,22179176.0692789,18539651.553248595,27383459.75754711,0.45901639344262296,0.01639344262295082,-0.49446007948680804,-0.14470254147175513,0.0,0.0,0.0
0.25,0.30000000000000004,0.25,0.15000000000000002,0.05,"(0.25, 0.3, 0.25, 0.15, 0.05)",0.06534398166222566,0.10526175113142318,0.6207761219993508,0.0601580065221875,30125115.923226226,-0.3152286179616207,-0.49244481794724426,0.07120966372158265,1.0,61.0,22462250.00147135,22173432.10287945,18579778.377976146,27228574.43427375,0.45901639344262296,0.01639344262295082,-0.5016852122946638,-0.1496997840080164,0.0,0.0,0.0
0.35000000000000003,0.30000000000000004,0.25,0.1,0.0,"(0.35, 0.3, 0.25, 0.1, 0.0)",0.06525893073045852,0.10319126446896776,0.632407511103651,0.0601580065221875,30108607.796315785,-0.30965488211491254,-0.48030737104651,0.06827590018518787,1.0,61.0,22477587.655246105,22185493.74755757,18626799.225038067,27242744.745414864,0.45901639344262296,0.01639344262295082,-0.48905016848569755,-0.14763922273555605,0.0,0.0,0.0
0.0,0.35000000000000003,0.2,0.30000000000000004,0.15000000000000002,"(0.0, 0.35, 0.2, 0.3, 0.15)",0.06501682106812146,0.1080855104853644,0.6015313317775858,0.0601580065221875,30083491.869390566,-0.32443415211306503,-0.4977467878641366,0.0762272716363542,1.0,61.0,22417875.03495418,22153847.87919698,18033897.962196812,27886515.354382932,0.45901639344262296,0.01639344262295082,-0.5133028970833727,-0.14559111948275008,0.0,0.0,0.0
0.1,0.35000000000000003,0.2,0.25,0.1,"(0.1, 0.35, 0.2, 0.25, 0.1)",0.0649602986883071,0.1058185950657478,0.6138835867925255,0.0601580065221875,30074966.860376585,-0.31887591681769833,-0.48577719008644565,0.07326100901518735,1.0,61.0,22437465.87835206,22256302.87467628,18082144.416678768,27904991.69735247,0.45901639344262296,0.01639344262295082,-0.5006828333799069,-0.14352741855137402,0.0,0.0,0.0
0.05,0.35000000000000003,0.2,0.30000000000000004,0.1,"(0.05, 0.35, 0.2, 0.3, 0.1)",0.06467935852668982,0.10698989535113905,0.604537076276346,0.0601580065221875,29992774.194273554,-0.32110580983649695,-0.49206956751655084,0.07419182141307111,1.0,61.0,22387102.638920207,22097765.872687984,18119534.394728355,27745158.19007192,0.45901639344262296,0.01639344262295082,-0.5081187370049155,-0.14852424335417938,0.0,0.0,0.0
0.15000000000000002,0.35000000000000003,0.2,0.25,0.05,"(0.15, 0.35, 0.2, 0.25, 0.05)",0.06461395031906458,0.10477562256488122,0.6166887749013666,0.0601580065221875,29981865.953095425,-0.3155515983819368,-0.48015260628906264,0.07125805787667633,1.0,61.0,22405354.089645702,22153008.355837382,18167069.743379753,27762582.53648238,0.45901639344262296,0.01639344262295082,-0.49554256816066306,-0.14646574378623234,0.0,0.0,0.0
0.25,0.35000000000000003,0.2,0.2,0.0,"(0.25, 0.35, 0.2, 0.2, 0.0)",0.06453209406506955,0.10266232449124939,0.628585943137982,0.0601580065221875,29966520.653167553,-0.30999442981894765,-0.46836050089585923,0.06832429434028153,1.0,61.0,22421519.358560756,22112742.820568293,18213085.495230094,27778196.894341804,0.45901639344262296,0.01639344262295082,-0.4831127889108919,-0.144423063422909,0.0,0.0,0.0
0.2,0.35000000000000003,0.2,0.25,0.0,"(0.2, 0.35, 0.2, 0.25, 0.0)",0.06425852505260754,0.10380098331678506,0.6190550705719245,0.0601580065221875,29886578.89356834,-0.31224375357307255,-0.4745616823179529,0.0692551067381653,1.0,61.0,22372182.637188356,22113832.9655096,18251389.44921561,27619993.22690746,0.45901639344262296,0.01639344262295082,-0.49042513208053135,-0.14936697235981208,0.0,0.0,0.0
0.15000000000000002,0.30000000000000004,0.2,0.35000000000000003,0.0,"(0.15, 0.3, 0.2, 0.35, 0.0)",0.06253723865664007,0.09810757164032191,0.6374353947513003,0.0601580065221875,29388850.371234298,-0.2885478789723427,-0.4400479718395993,0.06531990495743516,1.0,61.0,22345223.28281742,22238218.464660496,18756898.168195713,26433366.25780962,0.45901639344262296,0.01639344262295082,-0.4528613289252476,-0.14537967010206357,0.0,0.0,0.0
0.30000000000000004,0.15000000000000002,0.25,0.30000000000000004,0.0,"(0.3, 0.15, 0.25, 0.3, 0.0)",0.060291643848756626,0.08602590732706286,0.7008544951410178,0.0601580065221875,28692579.97086254,-0.2445407822992678,-0.3847798476867347,0.05755208728537528,1.0,61.0,22477150.869952913,22482484.17233071,18184620.023193516,26829262.44572035,0.45901639344262296,0.01639344262295082,-0.38670462974663494,-0.1467339983887515,0.0,0.0,0.0
0.15000000000000002,0.05,0.25,0.2,0.35000000000000003,"(0.15, 0.05, 0.25, 0.2, 0.35)",0.060149396872219096,0.08188571266997689,0.7345530118866836,0.0601580065221875,28615016.215136718,-0.24236965891589257,-0.39142075427021106,0.05517405006804442,0.0,61.0,22858794.228419587,22841020.02087024,18213777.76244277,26416689.76462318,0.45901639344262296,0.01639344262295082,-0.3901267191273663,-0.14797162351213697,0.0,0.0,0.0
0.1,0.05,0.25,0.25,0.35000000000000003,"(0.1, 0.05, 0.25, 0.25, 0.35)",0.059917786010949436,0.08285239902085878,0.7231870980086483,0.0601580065221875,28549544.25418088,-0.2452833819804381,-0.3987920213207344,0.05610486246592817,0.0,61.0,22817103.980226118,22717788.12662347,18048612.60640172,26445337.892564684,0.45901639344262296,0.01639344262295082,-0.39733580732364787,-0.14864668093939248,0.0,0.0,0.0
0.05,0.05,0.25,0.30000000000000004,0.35000000000000003,"(0.05, 0.05, 0.25, 0.3, 0.35)",0.05967844485044749,0.08389674466226987,0.7113320676587126,0.0601580065221875,28482218.088682525,-0.24819435090092412,-0.40622777179497666,0.05703567486381193,0.0,61.0,22774891.98088912,22697535.850097213,17884313.409439635,26472797.147675797,0.45901639344262296,0.01639344262295082,-0.4046044704953875,-0.14932587225079835,0.0,0.0,0.0
0.15000000000000002,0.1,0.25,0.35000000000000003,0.15000000000000002,"(0.15, 0.1, 0.25, 0.35, 0.15)",0.059638789939242765,0.08458871740693841,0.7050442632004121,0.0601580065221875,28492468.064211503,-0.24613050368083622,-0.39683625642064607,0.05728896163937889,0.0,61.0,22575787.398815494,22472912.924983773,17877442.206839174,26698047.977181185,0.45901639344262296,0.01639344262295082,-0.3969324135881352,-0.14935247022281878,0.0,0.0,0.0
0.15000000000000002,0.05,0.25,0.25,0.30000000000000004,"(0.15, 0.05, 0.25, 0.25, 0.3)",0.0595953657750663,0.0812258283524032,0.7336996985307207,0.0601580065221875,28466806.11911381,-0.23907389869605566,-0.3869943790207443,0.054747291506934956,0.0,61.0,22788458.96002698,22709806.60898559,18055308.180541042,26436624.852065414,0.45901639344262296,0.01639344262295082,-0.38567493957395643,-0.14428190823189127,0.0,0.0,0.0
0.1,0.05,0.25,0.30000000000000004,0.30000000000000004,"(0.1, 0.05, 0.25, 0.3, 0.3)",0.05935580134841745,0.08229301351055264,0.7212738823910745,0.0601580065221875,28399601.44016939,-0.2420096765219304,-0.39436990982964326,0.05550680633575081,0.0,61.0,22746506.86859734,22584440.657570273,17890917.56280861,26464021.27678195,0.45901639344262296,0.01639344262295082,-0.3928887939222683,-0.14496909905533897,0.0,0.0,0.0
0.2,0.05,0.25,0.25,0.25,"(0.2, 0.05, 0.25, 0.25, 0.25)",0.059264016564177124,0.0796687353424154,0.743880473431152,0.0601580065221875,28381981.263173077,-0.23284531306329193,-0.3752569595438956,0.054180295829953956,0.0,61.0,22758747.017489847,22595865.40555382,18060832.536548205,26426292.0180835,0.45901639344262296,0.01639344262295082,-0.37406956107765227,-0.1399220758330044,0.0,0.0,0.0
0.05,0.05,0.25,0.35000000000000003,0.30000000000000004,"(0.05, 0.05, 0.25, 0.35, 0.3)",0.059108517825468665,0.08343583529356469,0.708430827323756,0.0601580065221875,28330562.963387676,-0.24494260018523728,-0.40180983513476304,0.05626632116456665,0.0,61.0,22704035.131472733,22459109.880798,17727398.49244477,26490225.713579405,0.45901639344262296,0.01639344262295082,-0.40016211327155243,-0.14566040142285347,0.0,0.0,0.0
0.15000000000000002,0.05,0.25,0.30000000000000004,0.25,"(0.15, 0.05, 0.25, 0.3, 0.25)",0.059024234232030626,0.08075873582389204,0.7308712008660322,0.0601580065221875,28314904.250902846,-0.23580595620467437,-0.3825724872996991,0.05493981065876981,0.0,61.0,22717056.48462892,22471166.998087395,17896362.04534221,26462354.253250577,0.45901639344262296,0.01639344262295082,-0.381228826235665,-0.1406172607103345,0.0,0.0,0.0
0.25,0.05,0.25,0.25,0.2,"(0.25, 0.05, 0.25, 0.25, 0.2)",0.058923767124029025,0.07818527113266852,0.7536428059965968,0.0601580065221875,28295095.774235934,-0.2265978165213327,-0.3635802955876448,0.053613300152972956,0.0,61.0,22727975.702622138,22481754.01372106,18065187.645432357,26439892.88532905,0.45901639344262296,0.01639344262295082,-0.3625201478985101,-0.13556732824228684,0.0,0.0,0.0
0.2,0.05,0.25,0.30000000000000004,0.2,"(0.2, 0.05, 0.25, 0.3, 0.2)",0.05868377215364107,0.07929794311709266,0.740041542653731,0.0601580065221875,28228152.534194037,-0.2295833805376417,-0.37083603884202654,0.05437281498178881,0.0,61.0,22686548.316004727,22387999.98989092,17900648.8012389,26507301.00655681,0.45901639344262296,0.01639344262295082,-0.36962504463139034,-0.1380765749864845,0.0,0.0,0.0
0.15000000000000002,0.05,0.25,0.35000000000000003,0.2,"(0.15, 0.05, 0.25, 0.35, 0.2)",0.05843606663024903,0.08048779162386908,0.7260239776900463,0.0601580065221875,28159388.58218879,-0.23256597640936783,-0.3781561598903098,0.05513232981060466,0.0,61.0,22644600.800338127,22408475.60105061,17736984.02591445,26573759.665266015,0.45901639344262296,0.01639344262295082,-0.3767894437570032,-0.1417953625706424,0.0,0.0,0.0
0.2,0.05,0.25,0.35000000000000003,0.15000000000000002,"(0.2, 0.05, 0.25, 0.35, 0.15)",0.058086534854417726,0.07912770148575388,0.7340859618533923,0.0601580065221875,28070755.154537175,-0.2263496565155132,-0.3664216397272127,0.05456533413362366,0.0,61.0,22613306.859464724,22462691.788721733,17740059.4620951,26617165.112673678,0.45901639344262296,0.01639344262295082,-0.36518819182609064,-0.1410310049179482,0.0,0.0,0.0
0.30000000000000004,0.05,0.25,0.30000000000000004,0.1,"(0.3, 0.05, 0.25, 0.3, 0.1)",0.05797627670109362,0.07661341670078763,0.7567379082898622,0.0601580065221875,28048591.00037724,-0.21708243595240206,-0.34754817009509564,0.053238823627826816,0.0,61.0,22622388.924701422,22495384.430863697,17905757.79716362,26592657.638449993,0.45901639344262296,0.01639344262295082,-0.3465879242339507,-0.13657622128524777,0.0,0.0,0.0
0.25,0.05,0.25,0.35000000000000003,0.1,"(0.25, 0.05, 0.25, 0.35, 0.1)",0.057728169901603454,0.07784894807158972,0.7415407829084184,0.0601580065221875,27980126.145212766,-0.22011492246488762,-0.354749364676287,0.05399833845664266,0.0,61.0,22580971.798319224,22456684.802511368,17741992.977574337,26659052.19760742,0.45901639344262296,0.01639344262295082,-0.3536442881750164,-0.1402741482002756,0.0,0.0,0.0
0.2,0.0,0.25,0.30000000000000004,0.25,"(0.2, 0.0, 0.25, 0.3, 0.25)",0.05737806860677308,0.07622899791625488,0.75270658378336,0.0601580065221875,27871713.02536175,-0.21584360169990935,-0.35148450697675804,0.05221618315301458,0.0,61.0,22744638.303583145,22836627.2354498,17750693.190053806,26486941.10434454,0.45901639344262296,0.01639344262295082,-0.3489845361459013,-0.14639577281295757,0.0,0.0,0.0
0.30000000000000004,0.05,0.25,0.35000000000000003,0.05,"(0.3, 0.05, 0.25, 0.35, 0.05)",0.05736099973166753,0.07665560201831875,0.7482949480712408,0.0601580065221875,27887528.32372907,-0.21386197024647213,-0.3431398515760818,0.05343134277966167,0.0,61.0,22547603.24980103,22492885.880457263,17742787.01454196,26699417.548284404,0.45901639344262296,0.01639344262295082,-0.34215819644312334,-0.14234916678413748,0.0,0.0,0.0
0.30000000000000004,0.0,0.25,0.25,0.2,"(0.3, 0.0, 0.25, 0.25, 0.2)",0.057263297701093174,0.07367395766030412,0.7772529061778218,0.0601580065221875,27848521.394169055,-0.2064520064426919,-0.33248138649537684,0.05094735380266099,0.0,61.0,22753159.859590948,22869353.329977006,17915902.218625765,26444783.24889199,0.45901639344262296,0.01639344262295082,-0.33031218821821795,-0.1419361123038665,0.0,0.0,0.0
0.25,0.0,0.25,0.30000000000000004,0.2,"(0.25, 0.0, 0.25, 0.3, 0.2)",0.05703246925324401,0.07473997493703503,0.7630785172364752,0.0601580065221875,27784889.00039263,-0.2095103943655352,-0.33967638967140784,0.05164918747603358,0.0,61.0,22713324.997721493,22892073.942280967,17753529.09751927,26473357.432839684,0.45901639344262296,0.01639344262295082,-0.33734265991266177,-0.1456035559178179,0.0,0.0,0.0
0.30000000000000004,0.0,0.25,0.30000000000000004,0.15000000000000002,"(0.3, 0.0, 0.25, 0.3, 0.15)",0.05667806627644256,0.07333228903671393,0.7728937282738657,0.0601580065221875,27696089.144562013,-0.20315848903445932,-0.3279307619997714,0.05127030650362978,0.0,61.0,22680970.696318693,22920103.300576463,17755224.510658868,26458175.982644618,0.45901639344262296,0.01639344262295082,-0.32575809678749224,-0.14481872466259554,0.0,0.0,0.0
0.0,0.35000000000000003,0.30000000000000004,0.0,0.35000000000000003,"(0.0, 0.35, 0.3, 0.0, 0.35)",0.07021831831407144,0.12836490785903554,0.5470211406312229,0.0601580065221875,31474501.430602472,-0.38610205194896785,-0.6301135199227202,0.09384181715266673,1.0,61.0,22536086.803936753,22114393.39975346,17255056.86097615,29850853.946759664,0.45901639344262296,0.0,-0.6421118039294649,-0.1736440541066937,0.0,0.0,0.0
0.05,0.35000000000000003,0.30000000000000004,0.0,0.30000000000000004,"(0.05, 0.35, 0.3, 0.0, 0.3)",0.0699444573377146,0.12702457647254034,0.5506372017137557,0.0601580065221875,31397805.41262391,-0.3828292720530194,-0.6240810425458033,0.09183886601415568,1.0,61.0,22515120.45453756,22062976.38528512,17344803.77919665,29703845.4315624,0.45901639344262296,0.0,-0.6361219742820934,-0.17215425025354283,0.0,0.0,0.0
0.0,0.35000000000000003,0.30000000000000004,0.05,0.30000000000000004,"(0.0, 0.35, 0.3, 0.05, 0.3)",0.06967374229271117,0.12793025657641527,0.5446228605904004,0.0601580065221875,31315398.567394834,-0.38481879839721744,-0.6310623131570361,0.09276967841203945,1.0,61.0,22466847.827587582,22022429.830691967,17382274.234645016,29534022.60147445,0.45901639344262296,0.0,-0.6430093811439269,-0.1737871991019011,0.0,0.0,0.0
0.1,0.35000000000000003,0.30000000000000004,0.0,0.25,"(0.1, 0.35, 0.3, 0.0, 0.25)",0.06966111159150001,0.1257350130946075,0.5540311316393988,0.0601580065221875,31318603.76609941,-0.37957055834686304,-0.6180790379504942,0.08983591487564466,1.0,61.0,22493013.916575763,22010170.229193635,17434000.88993942,29556589.841638725,0.45901639344262296,0.0,-0.6301621308833186,-0.17067189514060713,0.0,0.0,0.0
0.05,0.35000000000000003,0.30000000000000004,0.05,0.25,"(0.05, 0.35, 0.3, 0.05, 0.25)",0.0693900946489181,0.12665134100071634,0.5478828261954655,0.0601580065221875,31236303.71468798,-0.38157218005104876,-0.6250399024993273,0.0907667272735284,1.0,61.0,22444983.603226908,21969665.940733135,17471590.741542928,29387659.648567487,0.45901639344262296,0.0,-0.6370316231372926,-0.17229496760303445,0.0,0.0,0.0
0.15000000000000002,0.35000000000000003,0.30000000000000004,0.0,0.2,"(0.15, 0.35, 0.3, 0.0, 0.2)",0.06936831567787816,0.12449779531894242,0.5571850931188637,0.0601580065221875,31236924.71268374,-0.37632614918808394,-0.6121079450679786,0.08783296373713363,1.0,61.0,22469774.596275352,21955989.962538555,17522639.703935456,29409098.60829692,0.45901639344262296,0.0,-0.6242326902351205,-0.16919700550384695,0.0,0.0,0.0
0.05,0.30000000000000004,0.30000000000000004,0.0,0.35000000000000003,"(0.05, 0.3, 0.3, 0.0, 0.35)",0.06917990250861972,0.12093129928698663,0.5720595322840804,0.0601580065221875,31156807.569398016,-0.36027976701232256,-0.5829743301719539,0.08804499057616909,1.0,61.0,22626780.89561497,22200210.764561735,17817419.63630632,28745413.512601864,0.45901639344262296,0.0,-0.5919259017350806,-0.16336312090392327,0.0,0.0,0.0
0.1,0.35000000000000003,0.30000000000000004,0.05,0.2,"(0.1, 0.35, 0.3, 0.05, 0.2)",0.06909700417935727,0.12542460220529034,0.5509047105946715,0.0601580065221875,31154739.824766885,-0.37833980481512197,-0.6190484357863095,0.08876377613501737,1.0,61.0,22421989.051855132,21915531.77395047,17560347.88990518,29241061.795189,0.45901639344262296,0.0,-0.6310843171091824,-0.1732153746387292,0.0,0.0,0.0
0.2,0.35000000000000003,0.30000000000000004,0.0,0.15000000000000002,"(0.2, 0.35, 0.3, 0.0, 0.15)",0.06906610390741053,0.12331449871023578,0.5600809688218573,0.0601580065221875,31152796.85350422,-0.3730962819567254,-0.6061681979614915,0.08583001259862258,1.0,61.0,22445409.984955385,21900450.74207786,17610711.786018506,29261383.10950483,0.45901639344262296,0.0,-0.6183340649299195,-0.17100458356841466,0.0,0.0,0.0
0.0,0.30000000000000004,0.30000000000000004,0.05,0.35000000000000003,"(0.0, 0.3, 0.3, 0.05, 0.35)",0.0689187199395438,0.12181096084902239,0.5657842238430788,0.0601580065221875,31077681.9325401,-0.3624280604257206,-0.590050439067169,0.08897580297405284,1.0,61.0,22579728.51688645,22120078.892899062,17856714.714784954,28582360.87167172,0.45901639344262296,0.0,-0.5988427836004133,-0.16502808159285515,0.0,0.0,0.0
0.1,0.30000000000000004,0.30000000000000004,0.0,0.30000000000000004,"(0.1, 0.3, 0.3, 0.0, 0.3)",0.06889970296236947,0.11954533016873577,0.5763479248007343,0.0601580065221875,31079031.63284617,-0.3569066300943756,-0.5768806710666642,0.08604203943765805,1.0,61.0,22604834.37112049,22090017.047905806,17909146.48404582,28603578.11903956,0.45901639344262296,0.0,-0.5858839577822573,-0.16194424846013386,0.0,0.0,0.0
0.0,0.35000000000000003,0.25,0.05,0.35000000000000003,"(0.0, 0.35, 0.25, 0.05, 0.35)",0.06885899078522062,0.11850881205333909,0.5810453213743143,0.0601580065221875,31128012.13789722,-0.3581541652203212,-0.5613914472405763,0.087162572333379,1.0,61.0,22641908.150306277,22448657.048448913,17401141.362568524,29484919.87825231,0.45901639344262296,0.0,-0.5724596931796521,-0.15135294935755514,0.0,0.0,0.0
0.0,0.25,0.35000000000000003,0.05,0.35000000000000003,"(0.0, 0.25, 0.35, 0.05, 0.35)",0.06884323584395569,0.12605690657084143,0.5461282345943274,0.0601580065221875,30991910.098303508,-0.37732971806582083,-0.6483978730877967,0.09078903361472666,1.0,61.0,22516915.700111523,22516162.659097023,17890193.092179652,27698928.55698374,0.45901639344262296,0.0,-0.6550573033635089,-0.17872124011415347,0.0,0.0,0.0
0.1,0.25,0.35000000000000003,0.0,0.30000000000000004,"(0.1, 0.25, 0.35, 0.0, 0.3)",0.06883626635358264,0.12377897021067619,0.5561224676245156,0.0601580065221875,30996409.0124179,-0.36949445024679906,-0.6279738546539023,0.0878552700783319,1.0,61.0,22542707.713854104,22512759.827062238,18073197.441280335,27720058.687749445,0.45901639344262296,0.0,-0.6347931855965429,-0.17559727309642154,0.0,0.0,0.0
0.25,0.35000000000000003,0.30000000000000004,0.0,0.1,"(0.25, 0.35, 0.3, 0.0, 0.1)",0.06875451030416779,0.12218668985016128,0.5627004904419796,0.0601580065221875,31066249.157972753,-0.3698811930349766,-0.6002602257801578,0.08382706146011155,1.0,61.0,22419927.65734026,21843567.84627944,17698208.7562032,29113454.66899534,0.45901639344262296,0.0,-0.6124666636079724,-0.1739534438297173,0.0,0.0,0.0
0.05,0.30000000000000004,0.30000000000000004,0.05,0.30000000000000004,"(0.05, 0.3, 0.3, 0.05, 0.3)",0.06863822052224666,0.12043661461771002,0.5699115733211046,0.0601580065221875,31000004.309776533,-0.3589724931005335,-0.5836938508014905,0.0869728518355418,1.0,61.0,22558024.30021492,22049627.80900862,17948569.50722986,28441379.21482925,0.45901639344262296,0.0,-0.592593003956725,-0.163599059830951,0.0,0.0,0.0
0.15000000000000002,0.30000000000000004,0.30000000000000004,0.0,0.25,"(0.15, 0.3, 0.3, 0.0, 0.25)",0.06861009393809447,0.11821230821944331,0.5803972105064574,0.0601580065221875,30998801.79788962,-0.35354811340203385,-0.5708186983008201,0.08403908829914702,1.0,61.0,22581754.345443904,22069634.002375882,18000307.95502704,28461506.882510833,0.45901639344262296,0.0,-0.5798729519997547,-0.16053262787277064,0.0,0.0,0.0
0.05,0.35000000000000003,0.25,0.05,0.30000000000000004,"(0.05, 0.35, 0.25, 0.05, 0.3)",0.06857201758451237,0.11714063763807986,0.585381973046569,0.0601580065221875,31048471.675408654,-0.35479806604014785,-0.5555114244091552,0.08515962119486796,1.0,61.0,22617665.43048935,22394076.18158337,17489767.810714148,29339419.138493508,0.45901639344262296,0.0,-0.566608568448117,-0.15002447774302277,0.0,0.0,0.0
0.05,0.25,0.35000000000000003,0.05,0.30000000000000004,"(0.05, 0.25, 0.35, 0.05, 0.3)",0.06856919294059782,0.12468716516736213,0.5499298412034662,0.0601580065221875,30916170.967200734,-0.3719127441664307,-0.6362487182234402,0.08878608247621564,1.0,61.0,22497733.61189877,22582020.451958172,17906459.78953042,27562369.769696973,0.45901639344262296,0.0,-0.6429351842270566,-0.17719086976380521,0.0,0.0,0.0
0.15000000000000002,0.25,0.35000000000000003,0.0,0.25,"(0.15, 0.25, 0.35, 0.0, 0.25)",0.06855308990449505,0.12244907031693848,0.559849819415183,0.0601580065221875,30918107.67442819,-0.36403726472189335,-0.6159424853374823,0.08585231893982086,1.0,61.0,22522152.37073673,22577360.451352943,18088444.18197787,27582440.57932413,0.45901639344262296,0.0,-0.6227811313090912,-0.17408423891803085,0.0,0.0,0.0
0.0,0.30000000000000004,0.30000000000000004,0.1,0.30000000000000004,"(0.0, 0.3, 0.3, 0.1, 0.3)",0.06836887801728264,0.1213827169467321,0.5632505165235823,0.0601580065221875,30918980.200442847,-0.36104321172476317,-0.5905612512844327,0.08790366423342556,1.0,61.0,22510718.60784926,22077400.85708527,17987314.966474295,28279268.06786855,0.45901639344262296,0.0,-0.5993528067340443,-0.1652327245271746,0.0,0.0,0.0
0.1,0.30000000000000004,0.30000000000000004,0.05,0.25,"(0.1, 0.3, 0.3, 0.05, 0.25)",0.06834831878518055,0.11911508355238157,0.5738007038808312,0.0601580065221875,30919880.834108442,-0.35562635731754766,-0.5776112106261533,0.08496990069703078,1.0,61.0,22535188.964143,22098216.071812578,18039857.819524646,28300162.471672498,0.45901639344262296,0.0,-0.5865639308354366,-0.16217730015992332,0.0,0.0,0.0
0.2,0.30000000000000004,0.30000000000000004,0.0,0.2,"(0.2, 0.3, 0.3, 0.0, 0.2)",0.06831110922373584,0.11693404421077967,0.5841849538753789,0.0601580065221875,30916146.068696238,-0.35020446102845315,-0.5647888558565515,0.08203613716063599,1.0,61.0,22557548.265775226,22086710.253392838,18090895.41810946,28319210.824176222,0.45901639344262296,0.0,-0.5738933051870428,-0.15912827353813003,0.0,0.0,0.0
0.0,0.35000000000000003,0.25,0.1,0.30000000000000004,"(0.0, 0.35, 0.25, 0.1, 0.3)",0.06830834902737615,0.11806333598292394,0.5785737668572731,0.0601580065221875,30968750.40279269,-0.356874683804989,-0.5621034510065176,0.08609043359275172,1.0,61.0,22568509.09880667,22353433.67436527,17527972.122007508,29172717.472770076,0.45901639344262296,0.0,-0.5731257957416891,-0.15171887140221024,0.0,0.0,0.0
0.0,0.25,0.35000000000000003,0.1,0.30000000000000004,"(0.0, 0.25, 0.35, 0.1, 0.3)",0.06829426621940216,0.12564807402385267,0.5435361166494074,0.0601580065221875,30833946.949691627,-0.3743292459070845,-0.64458242129826,0.08971689487409938,1.0,61.0,22452255.435656715,22618697.928087775,17740624.435635965,27471091.342892244,0.45901639344262296,0.0,-0.6511314718732907,-0.18032816314573608,0.0,0.0,0.0
0.1,0.25,0.35000000000000003,0.05,0.25,"(0.1, 0.25, 0.35, 0.05, 0.25)",0.06828571320333432,0.12336851969704245,0.553510031335582,0.0601580065221875,30837972.12154381,-0.3664776832765355,-0.6241560687976329,0.08678313133770461,1.0,61.0,22477413.247384444,22641594.1665166,17921520.682145696,27463297.66000514,0.45901639344262296,0.0,-0.6308663647152254,-0.17566813646970336,0.0,0.0,0.0
0.2,0.25,0.35000000000000003,0.0,0.2,"(0.2, 0.25, 0.35, 0.0, 0.2)",0.06826050332307232,0.1211720809759943,0.5633352400425934,0.0601580065221875,30837366.098184302,-0.3585621055728322,-0.6039679557521008,0.0838493678013098,1.0,61.0,22500463.531279817,22640741.333748184,18102473.50997716,27452907.757883,0.45901639344262296,0.0,-0.6108226396766504,-0.17257884993599004,0.0,0.0,0.0
0.05,0.30000000000000004,0.30000000000000004,0.1,0.25,"(0.05, 0.3, 0.3, 0.1, 0.25)",0.06807868834533748,0.12007310315880883,0.5669770044611617,0.0601580065221875,30838969.6471568,-0.35770945272147125,-0.5844580412261168,0.08590071309491452,1.0,61.0,22488127.638729233,22125885.640607003,18078726.910618242,28138904.85549066,0.45901639344262296,0.0,-0.5933057687390304,-0.16380098734753848,0.0,0.0,0.0
0.15000000000000002,0.30000000000000004,0.30000000000000004,0.05,0.2,"(0.15, 0.3, 0.3, 0.05, 0.2)",0.0680490483940992,0.11784814445000898,0.5774299520088372,0.0601580065221875,30837339.42055172,-0.35229502244669586,-0.5715607379364274,0.08296694955851974,1.0,61.0,22511229.88743298,22125487.726803087,18130571.003294952,28158721.60286698,0.45901639344262296,0.0,-0.58056626977636,-0.16076281749303495,0.0,0.0,0.0
0.1,0.25,0.30000000000000004,0.0,0.35000000000000003,"(0.1, 0.25, 0.3, 0.0, 0.35)",0.06804191312334273,0.11382075725115061,0.5977988089923282,0.0601580065221875,30814429.24305894,-0.34220721635697704,-0.556107054527412,0.08224816399967144,1.0,61.0,22707697.478568245,22371992.131936718,18388560.74514573,27670124.847558632,0.45901639344262296,0.0,-0.5625555379557945,-0.1585406638217885,0.0,0.0,0.0
0.05,0.35000000000000003,0.25,0.1,0.25,"(0.05, 0.35, 0.25, 0.1, 0.25)",0.06801173093395985,0.11676155157662893,0.5824839599645498,0.0601580065221875,30886897.57462509,-0.35354559341695624,-0.5562343647095964,0.08408748245424068,1.0,61.0,22543396.87206647,22297523.133301165,17616165.250601377,29027852.167011283,0.45901639344262296,0.0,-0.5672874440448297,-0.1503868842609686,0.0,0.0,0.0
0.05,0.25,0.35000000000000003,0.1,0.25,"(0.05, 0.25, 0.35, 0.1, 0.25)",0.06801048800526965,0.12434107181607161,0.5469672008768949,0.0601580065221875,30755857.05592227,-0.36891625792081606,-0.6324284825677869,0.08771394373558837,1.0,61.0,22432169.679733377,22669390.566258963,17755501.67522119,27531246.281198397,0.45901639344262296,0.0,-0.6390059008077017,-0.17850433164084226,0.0,0.0,0.0
0.25,0.30000000000000004,0.30000000000000004,0.0,0.15000000000000002,"(0.25, 0.3, 0.3, 0.0, 0.15)",0.06800278232763257,0.11571235287518697,0.5876881822719802,0.0601580065221875,30831092.81678584,-0.34687591606129,-0.5587915827554011,0.08003318602212495,1.0,61.0,22532223.66237389,22116888.293878257,18180900.297311034,28176700.913656067,0.45901639344262296,0.0,-0.5679454341768577,-0.15773119919572645,0.0,0.0,0.0
0.15000000000000002,0.25,0.35000000000000003,0.05,0.2,"(0.15, 0.25, 0.35, 0.05, 0.2)",0.06799283055316097,0.12210262560039137,0.5568498647660778,0.0601580065221875,30757341.184240256,-0.36102470348504323,-0.61212046587929,0.08478018019919357,1.0,61.0,22455961.66356718,22691086.420775317,17935376.50564072,27521849.54879629,0.45901639344262296,0.0,-0.6188513260142374,-0.1741530572905797,0.0,0.0,0.0
0.25,0.25,0.35000000000000003,0.0,0.15000000000000002,"(0.25, 0.25, 0.35, 0.0, 0.15)",0.06795854036936899,0.11994969206349215,0.5665586897330004,0.0601580065221875,30754212.37052124,-0.35306914363134134,-0.5920507988521623,0.0818464166627988,1.0,61.0,22477648.405770287,22702896.193087153,18115286.371921107,27509856.521704014,0.45901639344262296,0.0,-0.5989181861562615,-0.17108112200017336,0.0,0.0,0.0
0.1,0.2,0.35000000000000003,0.0,0.35000000000000003,"(0.1, 0.2, 0.35, 0.0, 0.35)",0.06794228756854492,0.11856392660236123,0.573043500797753,0.0601580065221875,30722958.10292709,-0.3575884339132144,-0.6132143754125993,0.08406139464034529,1.0,61.0,22644012.279213,22840475.31277037,17971767.26025358,27255057.731143758,0.45901639344262296,0.0,-0.6174953106700919,-0.1805129195205913,0.0,0.0,0.0
0.05,0.25,0.30000000000000004,0.05,0.35000000000000003,"(0.05, 0.25, 0.3, 0.05, 0.35)",0.06778993554898904,0.11468077638685681,0.5911185613211303,0.0601580065221875,30738685.30742541,-0.3447256527909427,-0.563927043017988,0.0831789763975552,1.0,61.0,22662130.515279133,22369517.291154366,18429864.61675521,27514459.400356535,0.45901639344262296,0.0,-0.5702666647338545,-0.15706826630818202,0.0,0.0,0.0
0.15000000000000002,0.25,0.30000000000000004,0.0,0.30000000000000004,"(0.15, 0.25, 0.3, 0.0, 0.3)",0.06775551870177399,0.11238720994260168,0.6028757074437389,0.0601580065221875,30735704.073461436,-0.3365450902665701,-0.5444699517093684,0.0802452128611604,1.0,61.0,22684785.996273134,22362366.86640453,18482274.225605696,27533334.322363146,0.45901639344262296,0.0,-0.5509195737369625,-0.15225363055640004,0.0,0.0,0.0
0.2,0.30000000000000004,0.30000000000000004,0.05,0.15000000000000002,"(0.2, 0.3, 0.3, 0.05, 0.15)",0.06774044273718527,0.11663757628840207,0.580777180843401,0.0601580065221875,30752408.350502152,-0.34897873086064657,-0.565542873140985,0.0809639984200087,1.0,61.0,22486154.532261368,22185055.833953988,18220700.465411328,28017067.517881278,0.45901639344262296,0.0,-0.5746004385503798,-0.16149429894830494,0.0,0.0,0.0
0.0,0.35000000000000003,0.25,0.15000000000000002,0.25,"(0.0, 0.35, 0.25, 0.15, 0.25)",0.06773993052556637,0.11775201501806659,0.5752761896700714,0.0601580065221875,30805310.9380595,-0.3556393071990368,-0.5628589558130164,0.08501829485212443,1.0,61.0,22494010.130761243,22255880.707535792,17653826.482303064,28862120.480223335,0.45901639344262296,0.0,-0.5749814488350748,-0.15204998250597468,0.0,0.0,0.0
0.2,0.25,0.35000000000000003,0.05,0.15000000000000002,"(0.2, 0.25, 0.35, 0.05, 0.15)",0.06769057862724415,0.12089114002391757,0.5599300214544423,0.0601580065221875,30674306.15139403,-0.35555397484409546,-0.6001424442976504,0.08277722906068254,1.0,61.0,22433386.0038245,22715671.77176523,17948028.188911658,27578777.74424905,0.45901639344262296,0.0,-0.6068905446384812,-0.17524740361795865,0.0,0.0,0.0
0.30000000000000004,0.30000000000000004,0.30000000000000004,0.0,0.1,"(0.3, 0.3, 0.3, 0.0, 0.1)",0.06768514648362789,0.11454904430783479,0.5908835546609483,0.0601580065221875,30743670.770044412,-0.34356272056204185,-0.552827313011728,0.07803023488361392,1.0,61.0,22505788.146899853,22175223.99168561,18270314.072898813,28033988.06816757,0.45901639344262296,0.0,-0.5620297517922958,-0.15934666110092982,0.0,0.0,0.0
0.05,0.2,0.35000000000000003,0.05,0.35000000000000003,"(0.05, 0.2, 0.35, 0.05, 0.35)",0.06768472656354518,0.1194390384190689,0.5666884752208374,0.0601580065221875,30646029.908746894,-0.36004779683205157,-0.6215227235994026,0.08499220703822905,1.0,61.0,22600274.557970535,22796040.789867442,17806799.38804921,27324915.93707902,0.45901639344262296,0.0,-0.6256464530179316,-0.18481708565601582,0.0,0.0,0.0
0.15000000000000002,0.2,0.35000000000000003,0.0,0.30000000000000004,"(0.15, 0.2, 0.35, 0.0, 0.3)",0.0676622649996661,0.11714351187529608,0.5776014728984331,0.0601580065221875,30646151.17825245,-0.35204756290978045,-0.6010448446729224,0.08205844350183425,1.0,61.0,22623626.403034143,22825251.32692388,17986585.539815925,27315194.55600895,0.45901639344262296,0.0,-0.6053844403533735,-0.17866963124975085,0.0,0.0,0.0
0.30000000000000004,0.25,0.35000000000000003,0.0,0.1,"(0.3, 0.25, 0.35, 0.0, 0.1)",0.06764723452277188,0.11878358925248708,0.5694998353600894,0.0601580065221875,30668674.941534996,-0.3479508075988482,-0.5811957698141738,0.07984346552428775,1.0,61.0,22453714.28891096,22741748.09635781,18126883.908677433,27565180.447345585,0.45901639344262296,0.0,-0.5881289562319441,-0.17305826757592438,0.0,0.0,0.0
0.0,0.25,0.30000000000000004,0.1,0.35000000000000003,"(0.0, 0.25, 0.3, 0.1, 0.35)",0.06753011174334222,0.11559883140210403,0.5841764222377174,0.0601580065221875,30660950.889111556,-0.34724215178519646,-0.571805643738537,0.08410978879543897,1.0,61.0,22616060.167765923,22431240.43674645,18386680.246490493,27358865.452859875,0.45901639344262296,0.0,-0.5780321074721194,-0.1566121371790034,0.0,0.0,0.0
0.1,0.25,0.30000000000000004,0.05,0.30000000000000004,"(0.1, 0.25, 0.3, 0.05, 0.3)",0.06750325024813231,0.11325970947273678,0.5960040915024711,0.0601580065221875,30660057.87955034,-0.33908636781260626,-0.5522302712776616,0.08117602525904416,1.0,61.0,22639463.59265613,22432587.003599457,18523713.73101619,27378485.798411723,0.45901639344262296,0.0,-0.558575445557573,-0.15358902437414892,0.0,0.0,0.0
0.2,0.25,0.30000000000000004,0.0,0.25,"(0.2, 0.25, 0.3, 0.0, 0.25)",0.06745978868311231,0.1110088382411184,0.6076974568149724,0.0601580065221875,30654577.681195755,-0.3308643086163571,-0.532888704295707,0.07824226172264938,1.0,61.0,22660748.22055293,22424192.390458237,18575406.62160595,27396318.79028067,0.45901639344262296,0.0,-0.5393360877496255,-0.15057295022692427,0.0,0.0,0.0
0.05,0.35000000000000003,0.25,0.15000000000000002,0.2,"(0.05, 0.35, 0.25, 0.15, 0.2)",0.06743371939448872,0.11651851284316453,0.578738242954194,0.0601580065221875,30721196.451844,-0.35233733709590676,-0.5570013961507589,0.0830153437136134,1.0,61.0,22468040.535905853,22163241.378648717,17741572.688842367,28717902.361967362,0.45901639344262296,0.0,-0.5697365771277004,-0.15504737410995778,0.0,0.0,0.0
0.15000000000000002,0.35000000000000003,0.25,0.1,0.15000000000000002,"(0.15, 0.35, 0.25, 0.1, 0.15)",0.06739054637079733,0.11432824789797871,0.5894479064433277,0.0601580065221875,30716041.688393243,-0.3469324424248168,-0.5445910650706525,0.08008158017721861,1.0,61.0,22489839.246523686,22129412.675582405,17790846.735544123,28737442.845761266,0.45901639344262296,0.0,-0.5567259791906408,-0.15291360879946045,0.0,0.0,0.0
0.35000000000000003,0.30000000000000004,0.30000000000000004,0.0,0.05,"(0.35, 0.3, 0.3, 0.0, 0.05)",0.06735823465605106,0.11344591454639563,0.5937475573746093,0.0601580065221875,30653909.001713134,-0.3402651155455094,-0.5468964755870017,0.07602728374510288,1.0,61.0,22478249.410749957,22232354.35565594,18359128.282470882,27891083.1516761,0.45901639344262296,0.0,-0.5561466668045075,-0.16228592578868029,0.0,0.0,0.0
0.25,0.35000000000000003,0.25,0.05,0.1,"(0.25, 0.35, 0.25, 0.05, 0.1)",0.06733078357365518,0.11223128400378395,0.5999288359864535,0.0601580065221875,30706303.82317711,-0.3415235992773078,-0.5323057784869981,0.07714781664082382,1.0,61.0,22509535.050918598,22093103.19082202,17838629.878205027,28755109.040095158,0.45901639344262296,0.0,-0.5438620987759982,-0.15079593322429288,0.0,0.0,0.0
0.35000000000000003,0.25,0.35000000000000003,0.0,0.05,"(0.35, 0.25, 0.35, 0.0, 0.05)",0.06732661898712022,0.1176754458533463,0.5721382103028223,0.0601580065221875,30580782.613600682,-0.34464923719654206,-0.5750311836375521,0.07806357860430127,1.0,61.0,22428668.558197714,22720674.289882805,18137267.454313815,27618874.84734816,0.45901639344262296,0.0,-0.5820387356177689,-0.1759018034565662,0.0,0.0,0.0
0.05,0.25,0.30000000000000004,0.1,0.30000000000000004,"(0.05, 0.25, 0.3, 0.1, 0.3)",0.06724314025711386,0.11419077142391143,0.5888666782667275,0.0601580065221875,30582427.646655485,-0.34162565481482754,-0.5600491917186133,0.08210683765692792,1.0,61.0,22593637.489377983,22480554.167456742,18401510.332795963,27223707.916138858,0.45901639344262296,0.0,-0.5662856458319013,-0.15524287707551052,0.0,0.0,0.0
0.15000000000000002,0.25,0.30000000000000004,0.05,0.25,"(0.15, 0.25, 0.3, 0.05, 0.25)",0.06720723620789792,0.11189370017346165,0.6006346747288797,0.0601580065221875,30579036.866085358,-0.33342848380046974,-0.5405895599862174,0.07917307412053314,1.0,61.0,22615672.6158296,22494453.543341056,18586189.95258176,27242287.899110157,0.45901639344262296,0.0,-0.5469369190696778,-0.15223706596620443,0.0,0.0,0.0
0.0,0.35000000000000003,0.25,0.2,0.2,"(0.0, 0.35, 0.25, 0.2, 0.2)",0.06715381095367179,0.11757591482309739,0.5711527829037963,0.0601580065221875,30637782.797959685,-0.35444798864352467,-0.5636587516399219,0.08394615611149715,1.0,61.0,22418428.0224877,22080456.09530333,17778679.13256604,28553148.694472995,0.45901639344262296,0.0,-0.5776271769985234,-0.16017169603421788,0.0,0.0,0.0
0.1,0.35000000000000003,0.25,0.15000000000000002,0.15000000000000002,"(0.1, 0.35, 0.25, 0.15, 0.15)",0.06711822088730957,0.11534273995815132,0.5819024319316622,0.0601580065221875,30634725.441565715,-0.34905047305186787,-0.5511757785903519,0.08101239257510236,1.0,61.0,22440967.331349745,22095181.88099623,17828744.018141057,28573466.13137781,0.45901639344262296,0.0,-0.5645125985304088,-0.1580275140955564,0.0,0.0,0.0
0.2,0.35000000000000003,0.25,0.1,0.1,"(0.2, 0.35, 0.25, 0.1, 0.1)",0.0670660456879979,0.11320038862608449,0.5924542000427729,0.0601580065221875,30627095.865475487,-0.3436488625897901,-0.53881769003394,0.07807862903870758,1.0,61.0,22461409.3490164,22083919.868728947,17877318.560380153,28591921.151871108,0.45901639344262296,0.0,-0.5515450710512431,-0.15589902497008443,0.0,0.0,0.0
0.30000000000000004,0.35000000000000003,0.25,0.05,0.05,"(0.3, 0.35, 0.25, 0.05, 0.05)",0.06699730482546662,0.11115411246830582,0.6027424747291293,0.0601580065221875,30614903.882721066,-0.3382436704694819,-0.5265850673720839,0.0751448655023128,1.0,61.0,22479751.674969595,22070627.584009614,17924393.219882593,28608510.840874452,0.45901639344262296,0.0,-0.5387246431284533,-0.15378645484753883,0.0,0.0,0.0
0.1,0.25,0.30000000000000004,0.1,0.25,"(0.1, 0.25, 0.3, 0.1, 0.25)",0.06694684688606078,0.11283763453186706,0.5933024665379172,0.0601580065221875,30501518.58584009,-0.3359906152335719,-0.5483490043417517,0.08010388651841688,1.0,61.0,22570093.01022339,22528578.355714653,18415112.04032564,27088326.797292754,0.45901639344262296,0.0,-0.5545920908755146,-0.1538806916170888,0.0,0.0,0.0
0.2,0.25,0.30000000000000004,0.05,0.2,"(0.2, 0.25, 0.3, 0.05, 0.2)",0.06690192630981295,0.11058478882139086,0.6049830815146598,0.0601580065221875,30495649.94208136,-0.3277521742450925,-0.5290054301359902,0.0771701229820221,1.0,61.0,22590764.999026746,22546456.157960534,18598720.934119053,27105876.266624153,0.45901639344262296,0.0,-0.5353515520361898,-0.1508921832675226,0.0,0.0,0.0
0.05,0.35000000000000003,0.25,0.2,0.15000000000000002,"(0.05, 0.35, 0.25, 0.2, 0.15)",0.06683805800671383,0.11641237353502716,0.5741490872239884,0.0601580065221875,30551457.790692747,-0.351173247266954,-0.5578133046190377,0.08194320497298611,1.0,61.0,22391613.08883082,22017868.07702418,17865964.864046335,28409589.25231032,0.45901639344262296,0.0,-0.5723814849408263,-0.16310885046657797,0.0,0.0,0.0
0.15000000000000002,0.35000000000000003,0.25,0.15000000000000002,0.1,"(0.15, 0.35, 0.25, 0.15, 0.1)",0.06679346765086724,0.1142264790599274,0.5847459205656242,0.0601580065221875,30545926.604868777,-0.3457789542317965,-0.5453825211492896,0.07900944143659133,1.0,61.0,22412798.23884088,22080226.9846458,17915332.216091953,28428822.861184604,0.45901639344262296,0.0,-0.5593099754553857,-0.16096994826770925,0.0,0.0,0.0
0.25,0.35000000000000003,0.25,0.1,0.05,"(0.25, 0.35, 0.25, 0.1, 0.05)",0.06673231615938868,0.11213413723873186,0.5951115137874259,0.0601580065221875,30535843.513834544,-0.3403809319562502,-0.5330770488364105,0.07607567790019654,1.0,61.0,22431889.192628514,22060422.020849574,17963200.179823425,28446202.89373453,0.45901639344262296,0.0,-0.5463859036542587,-0.158846571710035,0.0,0.0,0.0
0.05,0.25,0.30000000000000004,0.15000000000000002,0.25,"(0.05, 0.25, 0.3, 0.15, 0.25)",0.0666786280152758,0.11383917187136769,0.5857265730167043,0.0601580065221875,30422039.02966099,-0.33855066083156227,-0.5561668980890073,0.08103469891630063,1.0,61.0,22524011.987076905,22556608.738250505,18244956.88538909,27052592.45213184,0.45901639344262296,0.0,-0.5623014200719346,-0.15550381158667098,0.0,0.0,0.0
0.35000000000000003,0.35000000000000003,0.25,0.05,0.0,"(0.35, 0.35, 0.25, 0.05, 0.0)",0.06665462308209302,0.11014067985807444,0.6051771531461685,0.0601580065221875,30521219.34816276,-0.3349796952579276,-0.5208974547561047,0.07314191436380175,1.0,61.0,22448883.89491744,22038143.4642112,18009559.39179783,28461726.625459008,0.45901639344262296,0.0,-0.5336093067184273,-0.15673894468067523,0.0,0.0,0.0
0.0,0.35000000000000003,0.25,0.25,0.15000000000000002,"(0.0, 0.35, 0.25, 0.25, 0.15)",0.06655006530539631,0.11753564319148721,0.5662117762607042,0.0601580065221875,30466256.00652622,-0.35330067728966197,-0.5645036179270653,0.08287401737086987,1.0,61.0,22341779.369084362,21882288.782072682,17902504.887885895,28245821.397801295,0.45901639344262296,0.0,-0.5803330414188153,-0.16815741000131953,0.0,0.0,0.0
0.0,0.25,0.35000000000000003,0.25,0.15000000000000002,"(0.0, 0.25, 0.35, 0.25, 0.15)",0.0665404178460407,0.12518211034582818,0.5315489382805266,0.0601580065221875,30335191.537841976,-0.36547340798113703,-0.6330953917610622,0.08650047865221755,1.0,61.0,22251310.019126017,22522594.43235588,17288120.597978365,27844231.560332537,0.45901639344262296,0.0,-0.6393211080176986,-0.20396519946606,0.0,0.0,0.0
0.1,0.25,0.35000000000000003,0.2,0.1,"(0.1, 0.25, 0.35, 0.2, 0.1)",0.06652728495320948,0.12291177331469195,0.5412604761862735,0.0601580065221875,30337868.94983266,-0.35757485811242073,-0.6126676192541551,0.08356671511582277,1.0,61.0,22274608.2092037,22552711.631462995,17462734.666708816,27834632.15576002,0.45901639344262296,0.0,-0.6190584443806209,-0.198817230381126,0.0,0.0,0.0
0.1,0.35000000000000003,0.25,0.2,0.1,"(0.1, 0.35, 0.25, 0.2, 0.1)",0.06651305694653442,0.11530803401815688,0.5768293381540179,0.0601580065221875,30462812.910556532,-0.3479137860593746,-0.5520002542936523,0.07994025383447509,1.0,61.0,22363704.519525874,21964057.092020854,17952666.37638537,28265823.38103956,0.45901639344262296,0.0,-0.5671572208982814,-0.1660084932449158,0.0,0.0,0.0
0.2,0.25,0.35000000000000003,0.15000000000000002,0.05,"(0.2, 0.25, 0.35, 0.15, 0.05)",0.06649758192480726,0.120725207382579,0.5508177071427673,0.0601580065221875,30336007.321556605,-0.3510261765569004,-0.5961696269401467,0.08063295157942797,1.0,61.0,22295822.348849352,22580392.8413294,17637377.674925126,27822414.836134348,0.45901639344262296,0.0,-0.6027903198986492,-0.19370515546378783,0.0,0.0,0.0
0.2,0.35000000000000003,0.25,0.15000000000000002,0.05,"(0.2, 0.35, 0.25, 0.15, 0.05)",0.06645949207396895,0.11317149114200822,0.5872458814788895,0.0601580065221875,30454828.97474892,-0.3425230187472542,-0.5396220368854218,0.0770064902980803,1.0,61.0,22383541.05786617,22019032.567540463,18001329.08551965,28283983.570248805,0.45901639344262296,0.0,-0.554129168231636,-0.1638747084164692,0.0,0.0,0.0
0.30000000000000004,0.25,0.35000000000000003,0.1,0.0,"(0.3, 0.25, 0.35, 0.1, 0.0)",0.06645132763886052,0.11862704491492895,0.5601701339396491,0.0601580065221875,30329613.786352817,-0.3456342404972599,-0.5828953579945242,0.07901561258495196,1.0,61.0,22314949.782540686,22605631.60641909,17812016.76968207,27807587.47715276,0.45901639344262296,0.0,-0.5897278080940779,-0.18862972985844376,0.0,0.0,0.0
0.0,0.25,0.30000000000000004,0.2,0.25,"(0.0, 0.25, 0.3, 0.2, 0.25)",0.06640258698198731,0.11489680585352802,0.5779324019384683,0.0601580065221875,30340614.75488658,-0.34110857866855426,-0.5640430935683329,0.08196551131418439,1.0,61.0,22477432.159579717,22583707.998245656,18075728.613029826,27118754.029452782,0.45901639344262296,0.0,-0.5700647155611948,-0.15710641236684555,0.0,0.0,0.0
0.30000000000000004,0.35000000000000003,0.25,0.1,0.0,"(0.3, 0.35, 0.25, 0.1, 0.0)",0.06638939003101063,0.11113126704468117,0.5973961405867736,0.0601580065221875,30442314.086159237,-0.33712888825034804,-0.527369548236909,0.07407272676168551,1.0,61.0,22401286.72060802,21997859.777001962,18048483.470737085,28300299.096160237,0.45901639344262296,0.0,-0.5412489332142394,-0.16175628329371558,0.0,0.0,0.0
0.1,0.25,0.30000000000000004,0.15000000000000002,0.2,"(0.1, 0.25, 0.3, 0.15, 0.2)",0.06637277761528204,0.11255609584523053,0.5896862103901281,0.0601580065221875,30338898.040464148,-0.3329200981123468,-0.5444642175927725,0.0790317477777896,1.0,61.0,22499601.428017154,22603232.449795637,18257176.493011095,27107302.58124626,0.45901639344262296,0.0,-0.5506064398927244,-0.15433446451276728,0.0,0.0,0.0
0.2,0.25,0.30000000000000004,0.1,0.15000000000000002,"(0.2, 0.25, 0.3, 0.1, 0.15)",0.06632642528372368,0.11030413336759194,0.6013049852147319,0.0601580065221875,30332653.71439072,-0.3246656010331148,-0.5251195087070314,0.07609798424139483,1.0,61.0,22519668.118872173,22620742.605416402,18438634.442711916,27093311.177547097,0.45901639344262296,0.0,-0.5313655676710723,-0.1522184299657409,0.0,0.0,0.0
0.05,0.25,0.35000000000000003,0.25,0.1,"(0.05, 0.25, 0.35, 0.25, 0.1)",0.06622774996232184,0.12407247437973173,0.5337827773114895,0.0601580065221875,30250355.468679436,-0.3600737282623191,-0.6209327708333648,0.08449752751370652,1.0,61.0,22228580.46726979,22502891.96321907,17298992.920745917,27899410.77429619,0.45901639344262296,0.0,-0.6276025297362835,-0.20633935583791096,0.0,0.0,0.0
0.05,0.35000000000000003,0.25,0.25,0.1,"(0.05, 0.35, 0.25, 0.25, 0.1)",0.06622482114779626,0.11644350800800253,0.5687291827659897,0.0601580065221875,30377772.013028417,-0.3500532700314446,-0.5586708652786799,0.08087106623235885,1.0,61.0,22314131.01777566,21910082.739562865,17989316.644559745,28102931.856237005,0.45901639344262296,0.0,-0.5750872117931435,-0.17101445361714954,0.0,0.0,0.0
0.15000000000000002,0.25,0.35000000000000003,0.2,0.05,"(0.15, 0.25, 0.35, 0.2, 0.05)",0.06620559761728972,0.12184710935939425,0.5433497599193178,0.0601580065221875,30250556.402598735,-0.3531611068379493,-0.603328459048621,0.08156376397731172,1.0,61.0,22250535.27031841,22531577.75926004,17472582.87778543,27888200.57507992,0.45901639344262296,0.0,-0.6098125524605806,-0.2012302752240118,0.0,0.0,0.0
0.15000000000000002,0.35000000000000003,0.25,0.2,0.05,"(0.15, 0.35, 0.25, 0.2, 0.05)",0.06617884005005781,0.11426461279726749,0.5791717875723673,0.0601580065221875,30371877.094499573,-0.3446698424372915,-0.5462200150194837,0.07793730269596405,1.0,61.0,22334710.046219923,21909050.039413158,18038775.45650836,28121862.038521186,0.45901639344262296,0.0,-0.5619548471817811,-0.16887065674072566,0.0,0.0,0.0
0.25,0.25,0.35000000000000003,0.15000000000000002,0.0,"(0.25, 0.25, 0.35, 0.15, 0.0)",0.06616689881047444,0.11970791798894732,0.5527361925765316,0.0601580065221875,30246237.400182538,-0.34777675085410387,-0.5899771033169632,0.07977512741376781,1.0,61.0,22270408.647880938,22557829.10327363,17646181.048388805,27874372.932936326,0.45901639344262296,0.0,-0.5966796074630187,-0.1961569439175462,0.0,0.0,0.0
0.25,0.35000000000000003,0.25,0.15000000000000002,0.0,"(0.25, 0.35, 0.25, 0.15, 0.0)",0.06611632629197772,0.11217950493600223,0.5893797296546879,0.0601580065221875,30361461.908612758,-0.3392829036362379,-0.5338947338540643,0.07500353915956925,1.0,61.0,22353203.663983848,21956542.590038016,18086726.487220727,28138959.222712968,0.45901639344262296,0.0,-0.5489706350539842,-0.1667418293812693,0.0,0.0,0.0
0.05,0.25,0.30000000000000004,0.2,0.2,"(0.05, 0.25, 0.3, 0.2, 0.2)",0.06609647335404834,0.11362726254999132,0.5816955532565841,0.0601580065221875,30257606.702375762,-0.33550080945338145,-0.5522811244187819,0.07996256017567335,1.0,61.0,22453269.641948823,22630222.91520545,18087795.463661462,27173442.65484863,0.45901639344262296,0.0,-0.5583149514723635,-0.15937522017410252,0.0,0.0,0.0
0.15000000000000002,0.25,0.30000000000000004,0.15000000000000002,0.15000000000000002,"(0.15, 0.25, 0.3, 0.15, 0.15)",0.06605767721633349,0.11133170888379441,0.5933410874460127,0.0601580065221875,30253434.479959253,-0.32727139491436685,-0.5328190482388273,0.07702879663927857,1.0,61.0,22474085.977463078,22648557.42828218,18268182.264232483,27160425.357068334,0.45901639344262296,0.0,-0.5389655130065154,-0.15724845951191585,0.0,0.0,0.0
0.25,0.25,0.30000000000000004,0.1,0.1,"(0.25, 0.25, 0.3, 0.1, 0.1)",0.0660023617940797,0.10912778024336708,0.6048172302862488,0.0601580065221875,30244754.12941855,-0.32077093887235253,-0.5178462160788208,0.07409503310288378,1.0,61.0,22492802.644095212,22664875.34148248,18448557.68601132,27144868.686224807,0.45901639344262296,0.0,-0.5241850602244142,-0.155137431699705,0.0,0.0,0.0
0.35000000000000003,0.25,0.30000000000000004,0.05,0.05,"(0.35, 0.25, 0.3, 0.05, 0.05)",0.06593054632241335,0.10702113738967953,0.6160516317664486,0.0601580065221875,30231575.709206536,-0.315186331927379,-0.5052281117926476,0.071161269566489,1.0,61.0,22509417.66242171,22679176.04897655,18628887.515166618,27126781.19360634,0.45901639344262296,0.0,-0.5117310019840869,-0.1530423547454077,0.0,0.0,0.0
0.0,0.35000000000000003,0.25,0.30000000000000004,0.1,"(0.0, 0.35, 0.25, 0.3, 0.1)",0.06592876791583557,0.11763133962792398,0.5604694133754899,0.0601580065221875,30290821.49819983,-0.35219731821491074,-0.5653943232210092,0.08180187863024259,1.0,61.0,22264080.58775954,21949671.46619032,18025278.69695602,27940157.362854652,0.45901639344262296,0.0,-0.5831003479589615,-0.17598762669112017,0.0,0.0,0.0
0.0,0.25,0.35000000000000003,0.30000000000000004,0.1,"(0.0, 0.25, 0.35, 0.3, 0.1)",0.06592041124813575,0.1252818719345664,0.526176774262803,0.0601580065221875,30160952.82422419,-0.36257043343355577,-0.6292560047183003,0.08542833991159028,1.0,61.0,22182057.30881154,22452062.54416684,17136176.63542281,27963139.300180692,0.45901639344262296,0.0,-0.6372051282973447,-0.21379797210318408,0.0,0.0,0.0
0.1,0.35000000000000003,0.25,0.25,0.05,"(0.1, 0.35, 0.25, 0.25, 0.05)",0.06589036765699108,0.11541191760596566,0.5709147636031064,0.0601580065221875,30287005.061890446,-0.34682131472510813,-0.5528709600832727,0.07886811509384781,1.0,61.0,22285398.960991938,21933167.168858536,18075534.88488403,27959847.39884703,0.45901639344262296,0.0,-0.5698633463240438,-0.17383421201956065,0.0,0.0,0.0
0.2,0.35000000000000003,0.25,0.2,0.0,"(0.2, 0.35, 0.25, 0.2, 0.0)",0.06583543934254932,0.11328379318238681,0.5811549692421962,0.0601580065221875,30278679.603005968,-0.34144165274966576,-0.5404729961392031,0.07593435155745301,1.0,61.0,22304637.477000836,21914197.989618193,18124283.94940297,27977716.128260452,0.45901639344262296,0.0,-0.5567748239599003,-0.171695376357859,0.0,0.0,0.0
0.0,0.25,0.30000000000000004,0.25,0.2,"(0.0, 0.25, 0.3, 0.25, 0.2)",0.06581235908234206,0.11475333779311839,0.5735115016958465,0.0601580065221875,30174394.16408795,-0.33807929801655645,-0.5601561713681217,0.08089337257355711,1.0,61.0,22406441.33932577,22656277.249977008,17919347.21956139,27238577.509949204,0.45901639344262296,0.0,-0.5660772481792786,-0.16438388602597992,0.0,0.0,0.0
0.0,0.30000000000000004,0.25,0.25,0.2,"(0.0, 0.3, 0.25, 0.25, 0.2)",0.065786517588589,0.11089499714581644,0.593232510769498,0.0601580065221875,30231681.058589403,-0.32972855805349277,-0.5230275647454373,0.07908014193288326,1.0,61.0,22452776.16445058,22229384.050480206,18391749.48103349,27332540.015575714,0.45901639344262296,0.0,-0.5327487736545015,-0.15094705006033618,0.0,0.0,0.0
0.1,0.25,0.30000000000000004,0.2,0.15000000000000002,"(0.1, 0.25, 0.3, 0.2, 0.15)",0.06578111634630379,0.11241614930858161,0.5851571749334257,0.0601580065221875,30172283.92041425,-0.3298749543967209,-0.5405768725119353,0.07795960903716231,1.0,61.0,22428004.38127593,22675437.619654234,18098660.774761,27226540.292758267,0.45901639344262296,0.0,-0.5466194557672966,-0.1622467940402865,0.0,0.0,0.0
0.2,0.25,0.30000000000000004,0.15000000000000002,0.1,"(0.2, 0.25, 0.3, 0.15, 0.1)",0.06573335894699461,0.11016796778353714,0.5966648951549184,0.0601580065221875,30165676.541841034,-0.32297553281046576,-0.5245134603550689,0.07502584550076753,1.0,61.0,22447473.077776484,22692580.10022591,18277975.54832073,27211956.255988743,0.45901639344262296,0.0,-0.5307431193610148,-0.16012504751332704,0.0,0.0,0.0
0.30000000000000004,0.25,0.30000000000000004,0.1,0.05,"(0.3, 0.25, 0.3, 0.1, 0.05)",0.06566910591225539,0.10801435106140765,0.6079664902575918,0.0601580065221875,30154581.15596516,-0.317398428143953,-0.5118188932826077,0.07209208196437275,1.0,61.0,22464845.240142964,22707703.88472456,18457257.64533449,27194833.707248602,0.45901639344262296,0.0,-0.5182189317265788,-0.15801886836065662,0.0,0.0,0.0
0.05,0.35000000000000003,0.25,0.30000000000000004,0.05,"(0.05, 0.35, 0.25, 0.3, 0.05)",0.06559408255244659,0.11661180630894916,0.5624994983669392,0.0601580065221875,30200230.419645675,-0.34897734741851794,-0.559574842219615,0.07979892749173156,1.0,61.0,22235610.633146014,21888703.824520964,18111603.03608754,27797948.683193773,0.45901639344262296,0.0,-0.5778550668781466,-0.17876517315616458,0.0,0.0,0.0
0.15000000000000002,0.35000000000000003,0.25,0.25,0.0,"(0.15, 0.35, 0.25, 0.25, 0.0)",0.06554673674872169,0.11444250925799362,0.5727481612707068,0.0601580065221875,30193984.315050818,-0.3436050470297204,-0.547104312961662,0.07686516395533677,1.0,61.0,22255590.939572748,21870832.195411008,18161151.43829693,27816578.86853079,0.45901639344262296,0.0,-0.5646619071471713,-0.17661672117617147,0.0,0.0,0.0
0.05,0.25,0.30000000000000004,0.25,0.15000000000000002,"(0.05, 0.25, 0.3, 0.25, 0.15)",0.06549675014124734,0.1135558255006127,0.5767801858909822,0.0601580065221875,30089218.882012654,-0.33247623775191626,-0.5483928304794482,0.07889042143504607,1.0,61.0,22381425.928079065,22701379.96326327,17930073.909854013,27291647.795092933,0.45901639344262296,0.0,-0.5543272010984566,-0.1672132269860628,0.0,0.0,0.0
0.05,0.30000000000000004,0.25,0.25,0.15000000000000002,"(0.05, 0.3, 0.25, 0.25, 0.15)",0.06546467020885349,0.10970332655295482,0.5967427995654542,0.0601580065221875,30144727.867492136,-0.32636603046896584,-0.5171050409483943,0.07707719079437224,1.0,61.0,22425291.119548164,22179208.52766046,18481080.882016234,27194903.80263128,0.45901639344262296,0.0,-0.5274022452675508,-0.15386867295269047,0.0,0.0,0.0
0.15000000000000002,0.25,0.30000000000000004,0.2,0.1,"(0.15, 0.25, 0.3, 0.2, 0.1)",0.06545654797532796,0.1112653741630219,0.5882921660733684,0.0601580065221875,30084674.510583814,-0.32518493556338113,-0.5312364972693775,0.07595665789865129,1.0,61.0,22401643.75372677,22719348.542526662,18108325.873855583,27278042.413423706,0.45901639344262296,0.0,-0.5373533671470787,-0.16508115425431688,0.0,0.0,0.0
0.15000000000000002,0.30000000000000004,0.25,0.2,0.1,"(0.15, 0.3, 0.25, 0.2, 0.1)",0.06541256793580552,0.10743446304273256,0.6088601933048929,0.0601580065221875,30137159.77324221,-0.3207991768993004,-0.5047108943047085,0.07414342725797744,1.0,61.0,22444817.27291396,22160248.14849428,18531202.448794913,27212626.62395165,0.45901639344262296,0.0,-0.514469246829244,-0.15177633877713917,0.0,0.0,0.0
0.25,0.25,0.30000000000000004,0.15000000000000002,0.05,"(0.25, 0.25, 0.3, 0.15, 0.05)",0.06539985468290221,0.10906681383274336,0.5996311103686819,0.0601580065221875,30075652.75097936,-0.3196154199245588,-0.5184655676560427,0.0730228943622565,1.0,61.0,22419770.25020658,22735297.06243936,18286557.88561964,27261890.97103278,0.45901639344262296,0.0,-0.5247591994375879,-0.16296426499385158,0.0,0.0,0.0
0.35000000000000003,0.25,0.30000000000000004,0.1,0.0,"(0.35, 0.25, 0.3, 0.1, 0.0)",0.06532668937445507,0.1069658108046338,0.6107249492435493,0.0601580065221875,30062163.731603466,-0.3140422099185558,-0.5058267691684502,0.07008913082586171,1.0,61.0,22435803.57121594,22749224.997619893,18464736.07675975,27243202.155757967,0.45901639344262296,0.0,-0.5122869008787554,-0.16086277888424053,0.0,0.0,0.0
0.1,0.25,0.35000000000000003,0.30000000000000004,0.0,"(0.1, 0.25, 0.35, 0.3, 0.0)",0.06526678586574541,0.12325654994963149,0.5295198177493735,0.0601580065221875,29984712.761879705,-0.35423140157653366,-0.6115607131063234,0.08205367190021536,1.0,61.0,22133788.021072835,22408325.251227576,17154219.155050926,28068467.33090247,0.45901639344262296,0.0,-0.6209289177129153,-0.21836410674501522,0.0,0.0,0.0
0.35000000000000003,0.2,0.35000000000000003,0.1,0.0,"(0.35, 0.2, 0.35, 0.1, 0.0)",0.06525966885642753,0.11177564207849738,0.5838451709416012,0.0601580065221875,29981432.462489035,-0.3236588641373954,-0.5450655399482468,0.07629198507919674,1.0,61.0,22393148.45728108,22612856.114212822,17719139.198203538,27780656.1542423,0.45901639344262296,0.0,-0.5494290462968252,-0.1904542570056696,0.0,0.0,0.0
0.0,0.30000000000000004,0.25,0.30000000000000004,0.15000000000000002,"(0.0, 0.3, 0.25, 0.3, 0.15)",0.06517818433967038,0.11088500745492436,0.5877997921961257,0.0601580065221875,30061014.916410297,-0.3285785275134805,-0.5236842567545035,0.07800800319225598,1.0,61.0,22376448.158958852,22168340.182462636,18505261.60577896,27038609.74421077,0.45901639344262296,0.0,-0.5351156145722641,-0.15885590288467002,0.0,0.0,0.0
0.1,0.25,0.30000000000000004,0.25,0.1,"(0.1, 0.25, 0.3, 0.25, 0.1)",0.0651719363431551,0.1124183237159004,0.5797269892393637,0.0601580065221875,30001764.843006928,-0.32739905695705085,-0.5380153139336202,0.07688747029653505,1.0,61.0,22355317.247141987,22745177.466499567,17939612.577459503,27343118.973158713,0.45901639344262296,0.0,-0.5444566061701142,-0.17000554697981995,0.0,0.0,0.0
0.1,0.30000000000000004,0.25,0.25,0.1,"(0.1, 0.3, 0.25, 0.25, 0.1)",0.06513365061777865,0.10857392114638374,0.5999014305651063,0.0601580065221875,30055511.880632002,-0.32301930042341553,-0.5112161820654465,0.07507423965586121,1.0,61.0,22396721.44354147,22185152.664362006,18569810.829414364,27057071.494843796,0.45901639344262296,0.0,-0.5220779001756445,-0.15675320213819108,0.0,0.0,0.0
0.2,0.25,0.30000000000000004,0.2,0.05,"(0.2, 0.25, 0.3, 0.2, 0.05)",0.06512280000655024,0.11017682778791786,0.5910752861019628,0.0601580065221875,29994806.904746868,-0.32183721671939636,-0.5251681300695388,0.07395370676014025,1.0,61.0,22374195.214717895,22761952.28530384,18116792.277667474,27327944.704272542,0.45901639344262296,0.0,-0.5313517572204726,-0.16787833784465886,0.0,0.0,0.0
0.2,0.30000000000000004,0.25,0.2,0.05,"(0.2, 0.3, 0.25, 0.2, 0.05)",0.06507263735830349,0.10635617630114882,0.6118369390607793,0.0601580065221875,30045543.62234858,-0.31745621654282274,-0.4988760219133064,0.0721404761194664,1.0,61.0,22414906.69064624,22199992.511342853,18619206.385709666,27073769.453852814,0.45901639344262296,0.0,-0.5091894911613075,-0.15466589605218256,0.0,0.0,0.0
0.30000000000000004,0.25,0.30000000000000004,0.15000000000000002,0.0,"(0.3, 0.25, 0.3, 0.15, 0.0)",0.0650571960512305,0.10803016090519084,0.6022132662407662,0.0601580065221875,29983391.95269984,-0.3162715314836744,-0.5124529183945482,0.07101994322374547,1.0,61.0,22390985.093282633,22776705.082182355,18293931.0064646,27310225.412129078,0.45901639344262296,0.0,-0.5188094355240609,-0.16576615142456214,0.0,0.0,0.0
0.2,0.2,0.35000000000000003,0.2,0.05,"(0.2, 0.2, 0.35, 0.2, 0.05)",0.06503837516905131,0.11500040168623474,0.5655491130065874,0.0601580065221875,29909892.671778936,-0.3344392187648142,-0.5731851857904604,0.07837801041380943,1.0,61.0,22332581.779460415,22542546.035626262,17384511.78349502,27864669.48416022,0.45901639344262296,0.0,-0.5772221942260015,-0.202786595059804,0.0,0.0,0.0
0.30000000000000004,0.30000000000000004,0.25,0.15000000000000002,0.0,"(0.3, 0.3, 0.25, 0.15, 0.0)",0.06499516369810898,0.10423773084242734,0.6235281905393737,0.0601580065221875,30031120.691219978,-0.3118898023662684,-0.48666435121136326,0.06920671258307162,1.0,61.0,22431002.041038755,22212859.387304273,18667047.233912624,27088700.99380482,0.45901639344262296,0.0,-0.4964504270985501,-0.15259420260839412,0.0,0.0,0.0
0.30000000000000004,0.2,0.35000000000000003,0.15000000000000002,0.0,"(0.3, 0.2, 0.35, 0.15, 0.0)",0.06498453769633294,0.11284674856549427,0.5758653972969107,0.0601580065221875,29901475.852722853,-0.32627177974752486,-0.5530646019484794,0.07705149990801259,1.0,61.0,22350074.184309483,22566201.26009119,17554961.22983969,27848338.19436876,0.45901639344262296,0.0,-0.5572952104029343,-0.1978027650212987,0.0,0.0,0.0
0.05,0.25,0.35000000000000003,0.35000000000000003,0.0,"(0.05, 0.25, 0.35, 0.35, 0.0)",0.06495116511921761,0.12453658731062804,0.5215428375053492,0.0601580065221875,29893799.35419015,-0.3563916993205053,-0.6188678954205122,0.08281318672903121,1.0,61.0,22087257.126884084,22356482.92396217,16992091.843311448,28131051.158470165,0.45901639344262296,0.0,-0.6295305747715839,-0.22564106617486476,0.0,0.0,0.0
0.05,0.25,0.30000000000000004,0.30000000000000004,0.1,"(0.05, 0.25, 0.3, 0.3, 0.1)",0.06487953160291826,0.11362512567175279,0.5709963462689249,0.0601580065221875,29916964.69882868,-0.3296178069322011,-0.54484989046026,0.07781828269441879,1.0,61.0,22308496.16348602,22765785.80888874,17771839.427438404,27407177.8509575,0.45901639344262296,0.0,-0.5524097826714837,-0.17489802424915837,0.0,0.0,0.0
0.05,0.30000000000000004,0.25,0.30000000000000004,0.1,"(0.05, 0.3, 0.25, 0.3, 0.1)",0.06484693337938507,0.10976940609429825,0.5907559828070658,0.0601580065221875,29971964.189102937,-0.32524413188665036,-0.5177755485973276,0.07600505205374496,1.0,61.0,22348140.086887408,22209988.20853261,18514852.249687638,26901615.194959186,0.45901639344262296,0.0,-0.5297693315629554,-0.1616983373403781,0.0,0.0,0.0
0.15000000000000002,0.25,0.30000000000000004,0.25,0.05,"(0.15, 0.25, 0.3, 0.25, 0.05)",0.06483794934386022,0.11134267169672032,0.5823279462924013,0.0601580065221875,29912060.384341422,-0.3240637280893989,-0.5319265687224902,0.07488451915802401,1.0,61.0,22328122.686318137,22787666.36597568,17947964.715719678,27392986.726148482,0.45901639344262296,0.0,-0.5389939567732819,-0.17276088358673825,0.0,0.0,0.0
0.15000000000000002,0.30000000000000004,0.25,0.25,0.05,"(0.15, 0.3, 0.25, 0.25, 0.05)",0.06479349025953351,0.10750874327663476,0.6026811242022517,0.0601580065221875,29964061.676485807,-0.31968861033666507,-0.5053614084803797,0.07307128851735016,1.0,61.0,22367074.831133317,22225636.362715084,18657930.955853228,26919053.596484058,0.45901639344262296,0.0,-0.516776207126873,-0.15960067029374858,0.0,0.0,0.0
0.05,0.2,0.35000000000000003,0.30000000000000004,0.1,"(0.05, 0.2, 0.35, 0.3, 0.1)",0.06477773606316051,0.11845200596075876,0.5468690507834906,0.0601580065221875,29827910.61385498,-0.34510327072583036,-0.601849606558837,0.08046403574842212,1.0,61.0,22267919.47209646,22466760.421963017,17052785.966589816,27943054.501460433,0.45901639344262296,0.0,-0.6055178125254584,-0.21508935668373025,0.0,0.0,0.0
0.15000000000000002,0.2,0.35000000000000003,0.25,0.05,"(0.15, 0.2, 0.35, 0.25, 0.05)",0.06474791011470926,0.11616846845329976,0.5573621738909144,0.0601580065221875,29825986.307875995,-0.3370249944556333,-0.5813653466111778,0.07913752524262527,1.0,61.0,22288245.62866537,22493853.625986237,17222246.021562614,27930325.937423207,0.45901639344262296,0.0,-0.5852551665767523,-0.21007293087531087,0.0,0.0,0.0
0.25,0.30000000000000004,0.25,0.2,0.0,"(0.25, 0.3, 0.25, 0.2, 0.0)",0.06472359109182202,0.10534450938243119,0.6143992835626256,0.0601580065221875,29951714.651291244,-0.3141296058647788,-0.49307560743987583,0.07013752498095538,1.0,61.0,22383924.946875583,22239310.11804767,18706593.354097757,26934736.68620511,0.45901639344262296,0.0,-0.5039327738654297,-0.15751823461756875,0.0,0.0,0.0
0.25,0.2,0.35000000000000003,0.2,0.0,"(0.25, 0.2, 0.35, 0.2, 0.0)",0.06470161488821757,0.11397314077852003,0.5676917776088134,0.0601580065221875,29819619.81593051,-0.3288824059301514,-0.5611238698056512,0.07781101473682844,1.0,61.0,22306490.769830704,22518522.704400077,17391687.002782784,27914991.2918231,0.45901639344262296,0.0,-0.5652169129465375,-0.20509107394168546,0.0,0.0,0.0
0.0,0.25,0.30000000000000004,0.35000000000000003,0.1,"(0.0, 0.25, 0.3, 0.35, 0.1)",0.0645793413952811,0.11488408296245035,0.5621260990209473,0.0601580065221875,29830291.58430524,-0.3320964295137421,-0.5523758224434058,0.07874909509230255,1.0,61.0,22261183.13840916,22714760.11181097,17605010.04658378,27470211.065228924,0.45901639344262296,0.0,-0.5610344596381273,-0.18194468996724653,0.0,0.0,0.0
0.0,0.30000000000000004,0.25,0.35000000000000003,0.1,"(0.0, 0.3, 0.25, 0.35, 0.1)",0.0645524238302575,0.11101910796282637,0.5814532742586279,0.0601580065221875,29886533.955719028,-0.327473580974987,-0.5243889739736805,0.0769358644516287,1.0,61.0,22299075.985753458,22233902.69833531,18341327.756212685,26921854.16057136,0.45901639344262296,0.0,-0.5375439529788881,-0.16661154245634832,0.0,0.0,0.0
0.1,0.25,0.30000000000000004,0.30000000000000004,0.05,"(0.1, 0.25, 0.3, 0.3, 0.05)",0.06454531024381849,0.11256261083100241,0.5734169611677236,0.0601580065221875,29827430.307709437,-0.32629486371139016,-0.5387408648074364,0.07581533155590776,1.0,61.0,22281555.248109292,22742165.747638892,17780078.94762526,27457008.957232997,0.45901639344262296,0.0,-0.5469248664540065,-0.17761170237162088,0.0,0.0,0.0
0.1,0.30000000000000004,0.25,0.30000000000000004,0.05,"(0.1, 0.3, 0.25, 0.3, 0.05)",0.06450654788416199,0.10871760290686412,0.5933404173694233,0.0601580065221875,29880686.9506136,-0.3219257086479528,-0.5119009655701382,0.07400210091523392,1.0,61.0,22318757.154158883,22250360.590059638,18489626.411789645,26907219.192203004,0.45901639344262296,0.0,-0.5244457781892179,-0.16450390290804703,0.0,0.0,0.0
0.2,0.25,0.30000000000000004,0.25,0.0,"(0.2, 0.25, 0.3, 0.25, 0.0)",0.06449482055415601,0.11033067844229733,0.5845592673291377,0.0601580065221875,29820134.162006333,-0.3207444879034511,-0.5258731517988182,0.07288156801951297,1.0,61.0,22299849.71343284,22767121.39531733,17955132.004246693,27441246.954066582,0.45901639344262296,0.0,-0.533554702076362,-0.17547927734714477,0.0,0.0,0.0
0.2,0.30000000000000004,0.25,0.25,0.0,"(0.2, 0.3, 0.25, 0.25, 0.0)",0.06444422033851893,0.10650971993318198,0.6050548286010657,0.0601580065221875,29870406.145335432,-0.31637420153763496,-0.4995411354592929,0.07106833737883914,1.0,61.0,22336359.05194102,22264842.779858828,18541635.68041788,26890078.839490224,0.45901639344262296,0.0,-0.5114976326953018,-0.16241111308802914,0.0,0.0,0.0
0.2,0.2,0.35000000000000003,0.25,0.0,"(0.2, 0.2, 0.35, 0.25, 0.0)",0.06441090792063586,0.115153196366448,0.5593497180544019,0.0601580065221875,29735881.311771583,-0.3314907011599332,-0.5692431802656657,0.0785705295656443,1.0,61.0,22262400.59759798,22469827.48206935,17229320.19075644,27980607.176599167,0.45901639344262296,0.0,-0.5731939462636484,-0.2123189929989897,0.0,0.0,0.0
0.0,0.35000000000000003,0.2,0.35000000000000003,0.1,"(0.0, 0.35, 0.2, 0.35, 0.1)",0.0643906195262085,0.10821734616123052,0.5950119995575793,0.0601580065221875,29908691.677592296,-0.32334039997678676,-0.49841433567229304,0.07515180192585737,1.0,61.0,22336265.856923785,22106482.184789017,18156235.57526284,27585429.478136394,0.45901639344262296,0.0,-0.5156356628399247,-0.1534893276062531,0.0,0.0,0.0
0.1,0.35000000000000003,0.2,0.30000000000000004,0.05,"(0.1, 0.35, 0.2, 0.3, 0.05)",0.06433279415732795,0.10596015698892133,0.6071413631829016,0.0601580065221875,29899848.784887988,-0.31779363261478966,-0.4864256521295797,0.07218887027456007,1.0,61.0,22355264.61299527,22069894.36296864,18204572.08484216,27603610.63906486,0.45901639344262296,0.0,-0.502957031813718,-0.1514204314276895,0.0,0.0,0.0
0.05,0.25,0.30000000000000004,0.35000000000000003,0.05,"(0.05, 0.25, 0.3, 0.35, 0.05)",0.0642448903435906,0.1138349060305875,0.5643689847323979,0.0601580065221875,29740934.137866978,-0.3285305333831897,-0.5456109924613378,0.0767461439537915,1.0,61.0,22234495.513574786,22691139.85164404,17613138.575865295,27520003.42099941,0.45901639344262296,0.0,-0.5549412228232095,-0.18439203266157417,0.0,0.0,0.0
0.15000000000000002,0.25,0.30000000000000004,0.30000000000000004,0.0,"(0.15, 0.25, 0.3, 0.3, 0.0)",0.06420195338331958,0.11156330293499334,0.5754755523931496,0.0601580065221875,29735681.95041708,-0.32298794146798504,-0.532667207518757,0.07381238041739673,1.0,61.0,22253537.902382433,22717116.61320981,17787145.67358219,27505228.98954003,0.45901639344262296,0.0,-0.5414634247358948,-0.18028863075250512,0.0,0.0,0.0
0.0,0.15000000000000002,0.35000000000000003,0.30000000000000004,0.2,"(0.0, 0.15, 0.35, 0.3, 0.2)",0.06417708483646778,0.11438054498477454,0.5610839224888335,0.0601580065221875,29641961.958965622,-0.33846885421084294,-0.5983053346294533,0.07887439959662888,1.0,61.0,22391673.819891725,22511115.60518352,16943287.581545584,27801606.571605444,0.45901639344262296,0.0,-0.5995041858274976,-0.2120309314452476,0.0,0.0,0.0
0.15000000000000002,0.30000000000000004,0.25,0.30000000000000004,0.0,"(0.15, 0.3, 0.25, 0.3, 0.0)",0.06415705895335155,0.10773146653061733,0.5955275744354421,0.0601580065221875,29787211.99494506,-0.31862349842374327,-0.5060609242347918,0.07199914977672288,1.0,61.0,22288307.06422785,22289454.320084017,18368996.94716451,26953427.867473125,0.45901639344262296,0.0,-0.5191454230212279,-0.16727263580634963,0.0,0.0,0.0
0.1,0.15000000000000002,0.35000000000000003,0.25,0.15000000000000002,"(0.1, 0.15, 0.35, 0.25, 0.15)",0.06415000427041773,0.11198741597994008,0.5728322571699368,0.0601580065221875,29640749.832126472,-0.33030408197515193,-0.5775253103562918,0.07754788909083205,1.0,61.0,22412294.097137477,22538444.18899505,17111655.153187227,27789576.169942215,0.45901639344262296,0.0,-0.5790189543772681,-0.2070293586574615,0.0,0.0,0.0
0.2,0.15000000000000002,0.35000000000000003,0.2,0.1,"(0.2, 0.15, 0.35, 0.2, 0.1)",0.06410648044315037,0.10968127467435644,0.5844797175587394,0.0601580065221875,29635125.61244191,-0.32207413596942625,-0.5569918197750681,0.07622137858503521,1.0,61.0,22430823.68057516,22563348.53907217,17280005.192689776,27774958.04378895,0.45901639344262296,0.0,-0.5587609541750195,-0.20206232245602274,0.0,0.0,0.0
0.05,0.35000000000000003,0.2,0.35000000000000003,0.05,"(0.05, 0.35, 0.2, 0.35, 0.05)",0.06404384377086592,0.1072010835381256,0.5974178772930873,0.0601580065221875,29815948.833860833,-0.32004036119016954,-0.4927511758065019,0.07311968267244383,1.0,61.0,22304701.322388016,21985999.516474165,18241382.61954275,27444742.51044438,0.45901639344262296,0.0,-0.5104525918698439,-0.15634356466752042,0.0,0.0,0.0
0.05,0.1,0.35000000000000003,0.2,0.30000000000000004,"(0.05, 0.1, 0.35, 0.2, 0.3)",0.06401438529783587,0.10892662180207525,0.5876835638412894,0.0601580065221875,29584800.577875163,-0.3266587683968346,-0.5774496688790588,0.07576573378720396,1.0,61.0,22590567.66309881,22634974.37399371,17141610.21599435,27510462.88994652,0.45901639344262296,0.0,-0.5766562819688703,-0.2080243779758983,0.0,0.0,0.0
0.15000000000000002,0.35000000000000003,0.2,0.30000000000000004,0.0,"(0.15, 0.35, 0.2, 0.3, 0.0)",0.06397715885779887,0.10499823361604384,0.6093165251879351,0.0601580065221875,29804744.6375252,-0.31449786019709236,-0.4808154386258229,0.07018591913604905,1.0,61.0,22322368.9601331,21982083.35059776,18289003.023294844,27461883.417190067,0.45901639344262296,0.0,-0.4978182350799975,-0.1542797150661343,0.0,0.0,0.0
0.1,0.25,0.30000000000000004,0.35000000000000003,0.0,"(0.1, 0.25, 0.3, 0.35, 0.0)",0.06390131007995081,0.11284846554280435,0.5662576781401828,0.0601580065221875,29649370.6379648,-0.325235924608984,-0.5395171918726597,0.07474319281528048,1.0,61.0,22206733.455502294,22666094.714045573,17620106.281343594,27568181.205537014,0.45901639344262296,0.0,-0.5494576762663805,-0.18681816630834155,0.0,0.0,0.0
0.05,0.15000000000000002,0.35000000000000003,0.30000000000000004,0.15000000000000002,"(0.05, 0.15, 0.35, 0.3, 0.15)",0.06386155967238127,0.11317401665741013,0.5642775749993663,0.0601580065221875,29558106.782666266,-0.3329077360052859,-0.5858596481553173,0.07830740391964788,1.0,61.0,22368430.12595336,22489911.87914637,16952169.24921297,27855142.234958068,0.45901639344262296,0.0,-0.5871723369298845,-0.21419568522066934,0.0,0.0,0.0
0.0,0.1,0.35000000000000003,0.25,0.30000000000000004,"(0.0, 0.1, 0.35, 0.25, 0.3)",0.06374373914620302,0.10999633277974456,0.5795078575377851,0.0601580065221875,29507074.34852812,-0.3292618248745295,-0.5858745149907925,0.07652524861601981,1.0,61.0,22547982.13330465,22588680.179467455,16983315.251066856,27577957.324128024,0.45901639344262296,0.0,-0.5848706748682072,-0.21183882675162083,0.0,0.0,0.0
0.1,0.1,0.35000000000000003,0.2,0.25,"(0.1, 0.1, 0.35, 0.2, 0.25)",0.06371190370928059,0.10754550167119198,0.5924181180917489,0.0601580065221875,29504569.082778774,-0.32098550086160704,-0.5649288947402129,0.07519873811022297,1.0,61.0,22568133.313730117,22615216.991185606,17151507.233266048,27565636.16481429,0.45901639344262296,0.0,-0.5642839052958385,-0.20600797407970142,0.0,0.0,0.0
0.1,0.35000000000000003,0.2,0.35000000000000003,0.0,"(0.1, 0.35, 0.2, 0.35, 0.0)",0.06368800305411448,0.1062520947785034,0.5994046817324457,0.0601580065221875,29721034.781623058,-0.31675665850158297,-0.48712175840419303,0.07111673153393279,1.0,61.0,22272081.212090034,21965411.002559457,18325921.801362254,27303876.355489485,0.45901639344262296,0.0,-0.5052925080265817,-0.15916108886796154,0.0,0.0,0.0
0.2,0.1,0.35000000000000003,0.15000000000000002,0.2,"(0.2, 0.1, 0.35, 0.15, 0.2)",0.0636636471981471,0.1051827221738522,0.6052671568332304,0.0601580065221875,29497675.24634376,-0.3126430208856088,-0.5442334475948885,0.07387222760442612,1.0,61.0,22586180.123954404,22639323.279687565,17319671.334266227,27550754.43008481,0.45901639344262296,0.0,-0.5439271666719423,-0.20020329562199177,0.0,0.0,0.0
0.30000000000000004,0.1,0.35000000000000003,0.1,0.15000000000000002,"(0.3, 0.1, 0.35, 0.1, 0.15)",0.06359898824209687,0.10291405913466137,0.6179815350483711,0.0601580065221875,29486401.796559244,-0.3042342857118323,-0.5237882037828185,0.07254571709862928,1.0,61.0,22602120.716862276,22660993.637653638,17487775.528317086,27533320.438330594,0.45901639344262296,0.0,-0.5238005196863895,-0.1944257416523666,0.0,0.0,0.0
0.05,0.1,0.35000000000000003,0.25,0.25,"(0.05, 0.1, 0.35, 0.25, 0.25)",0.06344099839289785,0.10863047618963913,0.5840073671604569,0.0601580065221875,29426967.77869398,-0.3236114969714019,-0.5732906505383429,0.07595825293903881,1.0,61.0,22525787.197635725,22568907.278629143,16993085.641215727,27633108.523807667,0.45901639344262296,0.0,-0.5724405888334982,-0.20855572204893238,0.0,0.0,0.0
0.15000000000000002,0.1,0.35000000000000003,0.2,0.2,"(0.15, 0.1, 0.35, 0.2, 0.2)",0.06340025529192239,0.10622343410805203,0.596857518534288,0.0601580065221875,29422088.043317605,-0.31529433705463883,-0.5524686960849807,0.07463174243324197,1.0,61.0,22544595.798168667,22594029.63911538,17160269.789242312,27619209.858029258,0.45901639344262296,0.0,-0.5519679155062377,-0.2037785408383973,0.0,0.0,0.0
0.25,0.1,0.35000000000000003,0.15000000000000002,0.15000000000000002,"(0.25, 0.1, 0.35, 0.15, 0.15)",0.0633431141133376,0.10390757412097046,0.609610171820514,0.0601580065221875,29412838.502843782,-0.3069110397864184,-0.5318970358955664,0.07330523192744512,1.0,61.0,22561302.954772376,22616723.351601902,17327406.220553275,27602751.201911137,0.45901639344262296,0.0,-0.5317253376811201,-0.19826041173146727,0.0,0.0,0.0
0.35000000000000003,0.1,0.35000000000000003,0.1,0.1,"(0.35, 0.1, 0.35, 0.1, 0.1)",0.06326959357162099,0.10168912614030884,0.6221864222170886,0.0601580065221875,29399229.08956879,-0.2984615100746312,-0.5115756821103367,0.07197872142164828,1.0,61.0,22575907.161212694,22636983.426751778,17494462.939104665,27583741.254361846,0.45901639344262296,0.0,-0.5117129039065871,-0.19253207609869913,0.0,0.0,0.0
0.0,0.1,0.35000000000000003,0.30000000000000004,0.25,"(0.0, 0.1, 0.35, 0.3, 0.25)",0.06316232961570334,0.10977258055653094,0.5753925916242432,0.0601580065221875,29347494.35185788,-0.3262351778372825,-0.5817158896834544,0.07671776776785465,1.0,61.0,22482923.29633774,22424223.15475591,16835530.941100683,27699565.958596475,0.45901639344262296,0.0,-0.5806555044973258,-0.20918001367182223,0.0,0.0,0.0
0.1,0.05,0.35000000000000003,0.15000000000000002,0.35000000000000003,"(0.1, 0.05, 0.35, 0.15, 0.35)",0.06313597314147779,0.10418535487524551,0.6059966222419513,0.0601580065221875,29332256.07425982,-0.31165531189560347,-0.5518397289145053,0.07284958712961388,1.0,61.0,22710674.926414143,22692689.81403162,17180374.439834997,27323695.018486172,0.45901639344262296,0.0,-0.5491660651500111,-0.1986542031085272,0.0,0.0,0.0
0.2,0.05,0.35000000000000003,0.1,0.30000000000000004,"(0.2, 0.05, 0.35, 0.1, 0.3)",0.06308302062549576,0.1017866775297249,0.6197571446132873,0.0601580065221875,29324125.1675475,-0.3031999848087107,-0.5309918303418045,0.07152307662381703,1.0,61.0,22728222.612958893,22697647.050853927,17348247.55239687,27308572.5642322,0.45901639344262296,0.0,-0.5287206446742853,-0.19381837535723495,0.0,0.0,0.0
0.1,0.2,0.30000000000000004,0.35000000000000003,0.05,"(0.1, 0.2, 0.3, 0.35, 0.05)",0.06303780633121159,0.1068087087687766,0.590193506296178,0.0601580065221875,29394564.000029467,-0.30825866073404495,-0.5129039113121122,0.07112939009859216,1.0,61.0,22310423.54934622,22695196.147579674,17515899.02200658,27489771.685274683,0.45901639344262296,0.0,-0.517533363133867,-0.18622964703862122,0.0,0.0,0.0
0.1,0.25,0.25,0.35000000000000003,0.05,"(0.1, 0.25, 0.25, 0.35, 0.05)",0.06303537171228846,0.10239112590166011,0.6156331533343012,0.0601580065221875,29456182.711092006,-0.29631097312415633,-0.46992190922826466,0.06913608673662001,1.0,61.0,22344983.656305663,22671585.218548305,18247591.59841405,26945713.74104765,0.45901639344262296,0.0,-0.4785407509746359,-0.1554024956872223,0.0,0.0,0.0
0.30000000000000004,0.05,0.35000000000000003,0.05,0.25,"(0.3, 0.05, 0.35, 0.05, 0.25)",0.06301368878840186,0.09948364530955298,0.6334075173092891,0.0601580065221875,29311643.93496682,-0.29467741018832183,-0.5103976831807798,0.0701965661180202,1.0,61.0,22743651.74631206,22718492.14776071,17516050.429104034,27290926.39708815,0.45901639344262296,0.0,-0.5085080141165966,-0.18897568249035493,0.0,0.0,0.0
0.2,0.2,0.30000000000000004,0.30000000000000004,0.0,"(0.2, 0.2, 0.3, 0.3, 0.0)",0.06297993987376493,0.10450891686083981,0.6026274289841381,0.0601580065221875,29385347.44445057,-0.29981275792824935,-0.49339562283205884,0.06980287959279532,1.0,61.0,22327100.001856778,22718584.775560584,17686673.904694796,27472575.693975154,0.45901639344262296,0.0,-0.4975630945775668,-0.18136328554691208,0.0,0.0,0.0
0.25,0.05,0.35000000000000003,0.1,0.25,"(0.25, 0.05, 0.35, 0.1, 0.25)",0.06277528943704502,0.10034861630925024,0.6255720481843687,0.0601580065221875,29243131.42812983,-0.297376772486311,-0.5185208623336618,0.07095608094683604,1.0,61.0,22704402.57842674,22676496.871542,17356884.24868615,27362135.603777103,0.45901639344262296,0.0,-0.5164240244761006,-0.18959826982975742,0.0,0.0,0.0
0.0,0.15000000000000002,0.30000000000000004,0.35000000000000003,0.2,"(0.0, 0.15, 0.3, 0.35, 0.2)",0.06274301402052651,0.10371432765900482,0.6049599456192296,0.0601580065221875,29290928.65420418,-0.3070440606614361,-0.5201956298585069,0.07116134421632934,1.0,61.0,22458835.646490436,22760108.200273935,17390238.57694377,27299128.902875736,0.45901639344262296,0.0,-0.5215558618912893,-0.1811460250648668,0.0,0.0,0.0
0.35000000000000003,0.05,0.35000000000000003,0.05,0.2,"(0.35, 0.05, 0.35, 0.05, 0.2)",0.06269710668091788,0.09809336699554021,0.6391574537732851,0.0601580065221875,29228330.4185471,-0.2888126545058727,-0.4980512593060945,0.0696295704410392,1.0,61.0,22718489.42488516,22695932.36383399,17523646.47987612,27342928.15998804,0.45901639344262296,0.0,-0.4963258310510456,-0.18475261052732636,0.0,0.0,0.0
0.1,0.15000000000000002,0.30000000000000004,0.30000000000000004,0.15000000000000002,"(0.1, 0.15, 0.3, 0.3, 0.15)",0.06269679881642531,0.10123594334385672,0.6193136226672987,0.0601580065221875,29284798.301202174,-0.29854910355255615,-0.500282934816573,0.06878023911798309,1.0,61.0,22477113.69755074,22785153.812535703,17560908.272078287,27284212.723107133,0.45901639344262296,0.0,-0.5018883750144042,-0.1762582508234688,0.0,0.0,0.0
0.15000000000000002,0.2,0.30000000000000004,0.35000000000000003,0.0,"(0.15, 0.2, 0.3, 0.35, 0.0)",0.06268864238568961,0.10579935714724309,0.5925238496340254,0.0601580065221875,29302474.62251663,-0.3025451569936546,-0.5011225896886475,0.07056239442161118,1.0,61.0,22281768.740701057,22668737.106012363,17521378.736941956,27536415.617631964,0.45901639344262296,0.0,-0.5062994761763892,-0.1885678768038052,0.0,0.0,0.0
0.05,0.15000000000000002,0.30000000000000004,0.35000000000000003,0.15000000000000002,"(0.05, 0.15, 0.3, 0.35, 0.15)",0.06241547383318502,0.10247930391405785,0.6090544280582592,0.0601580065221875,29204847.684826124,-0.30127945632408937,-0.5081542634706744,0.06953975394679894,1.0,61.0,22432510.56786966,22650004.901356004,17397673.606324088,27349010.924916077,0.45901639344262296,0.0,-0.5096071088433533,-0.18345758195131004,0.0,0.0,0.0
0.15000000000000002,0.15000000000000002,0.30000000000000004,0.30000000000000004,0.1,"(0.15, 0.15, 0.3, 0.3, 0.1)",0.06236042498176064,0.10005027778809443,0.623290872953291,0.0601580065221875,29196392.093287073,-0.2927432258735355,-0.488362431539508,0.06821324344100209,1.0,61.0,22449459.621520195,22683602.994401976,17567293.705479886,27332543.84177971,0.45901639344262296,0.0,-0.4900512853562484,-0.1786068769380142,0.0,0.0,0.0
0.30000000000000004,0.0,0.35000000000000003,0.0,0.35000000000000003,"(0.3, 0.0, 0.35, 0.0, 0.35)",0.062291272833792544,0.09729536191160179,0.6402285947647495,0.0601580065221875,29101551.108066678,-0.2851109866480587,-0.49655822456199405,0.06784741513741112,1.0,61.0,22871629.686207317,22659124.656283375,17533080.151440624,27151272.634441245,0.45901639344262296,0.0,-0.4928814010859173,-0.17954293916898956,0.0,0.0,0.0
0.25,0.15000000000000002,0.30000000000000004,0.25,0.05,"(0.25, 0.15, 0.3, 0.25, 0.05)",0.062289038196114754,0.0977171266959752,0.6374423839734159,0.0601580065221875,29183619.92678821,-0.2841396801617415,-0.4688129015620388,0.06688673293520525,1.0,61.0,22464321.200066898,22715489.01165507,17736840.512404844,27313555.299012918,0.45901639344262296,0.0,-0.47071869183139253,-0.17379209380733202,0.0,0.0,0.0
0.1,0.15000000000000002,0.30000000000000004,0.35000000000000003,0.1,"(0.1, 0.15, 0.3, 0.35, 0.1)",0.06207887728601014,0.10130997350292592,0.6127617562175874,0.0601580065221875,29116604.60751497,-0.29549701638827386,-0.4961737172309309,0.06897275826981794,1.0,61.0,22405110.57711615,22488861.370681114,17403968.656217624,27397306.87161358,0.45901639344262296,0.0,-0.49771506240576235,-0.185749131722205,0.0,0.0,0.0
0.25,0.0,0.35000000000000003,0.05,0.35000000000000003,"(0.25, 0.0, 0.35, 0.05, 0.35)",0.062070303586651,0.0980132913414581,0.6332845549529692,0.0601580065221875,29038099.17603524,-0.2878327221387884,-0.5046885695638336,0.06860692996622697,1.0,61.0,22833983.24995626,22599156.825459827,17375220.606210485,27183127.369828623,0.45901639344262296,0.0,-0.5007816272423742,-0.18162507135268074,0.0,0.0,0.0
0.2,0.15000000000000002,0.30000000000000004,0.30000000000000004,0.05,"(0.2, 0.15, 0.3, 0.3, 0.05)",0.06201501896642503,0.09893309344063014,0.6268379650297735,0.0601580065221875,29105844.10769968,-0.2869196425570134,-0.4765030590750658,0.06764624776402109,1.0,61.0,22420736.15196176,22521263.01903444,17572529.389394682,27379288.4666561,0.45901639344262296,0.0,-0.4782711505360926,-0.18093508038058442,0.0,0.0,0.0
0.35000000000000003,0.0,0.35000000000000003,0.0,0.30000000000000004,"(0.35, 0.0, 0.35, 0.0, 0.3)",0.061987497950173776,0.09574778624486363,0.6474039806168269,0.0601580065221875,29022150.899119128,-0.2791537150775445,-0.4840802517014562,0.06728041946043012,1.0,61.0,22847539.256767336,22637446.820779618,17541584.567415345,27146274.31222562,0.45901639344262296,0.0,-0.48060766331066107,-0.1771318957590941,0.0,0.0,0.0
0.30000000000000004,0.15000000000000002,0.30000000000000004,0.25,0.0,"(0.3, 0.15, 0.3, 0.25, 0.0)",0.061934845515806636,0.09665573771783408,0.6407777435480579,0.0601580065221875,29090787.597305216,-0.2782749800071962,-0.4570747817053774,0.06631973725822424,1.0,61.0,22434277.890391853,22551962.79747229,17740996.970029734,27358750.041555095,0.45901639344262296,0.0,-0.45905050833270783,-0.17615679349715282,0.0,0.0,0.0
0.2,0.0,0.35000000000000003,0.1,0.35000000000000003,"(0.2, 0.0, 0.35, 0.1, 0.35)",0.061841571919215355,0.09880140063295888,0.6259179679947351,0.0601580065221875,28972739.748735897,-0.2905522114620539,-0.5128864436605172,0.06936644479504281,1.0,61.0,22795797.502315477,22623030.279978346,17218172.022217073,27213761.493679702,0.45901639344262296,0.0,-0.5087438563843688,-0.18520872432820976,0.0,0.0,0.0
0.15000000000000002,0.05,0.30000000000000004,0.15000000000000002,0.35000000000000003,"(0.15, 0.05, 0.3, 0.15, 0.35)",0.06183943594963481,0.09245491764465483,0.6688604297643868,0.0601580065221875,29025485.379383612,-0.27630880737267005,-0.4657856944639236,0.06332242232794909,1.0,61.0,22811839.6743807,22831181.76008314,17778844.953561757,26797229.01781983,0.45901639344262296,0.0,-0.46396123463400163,-0.17324944944838588,0.0,0.0,0.0
0.25,0.1,0.30000000000000004,0.2,0.15000000000000002,"(0.25, 0.1, 0.3, 0.2, 0.15)",0.06181794542314245,0.09293793654486006,0.6651529797339932,0.0601580065221875,29040254.296049867,-0.27420493934487467,-0.4554214834025438,0.06453758195459616,1.0,61.0,22618390.582385883,22620125.999349628,17771269.04696158,27091225.816091627,0.45901639344262296,0.0,-0.4555586324463077,-0.1694163294289917,0.0,0.0,0.0
0.30000000000000004,0.0,0.35000000000000003,0.05,0.30000000000000004,"(0.3, 0.0, 0.35, 0.05, 0.3)",0.061766260427585706,0.09647910416544868,0.640203502736353,0.0601580065221875,28958787.390012965,-0.2818992435123161,-0.49214616908756437,0.06803993428924597,1.0,61.0,22810134.449818775,22662180.888378173,17383612.712741002,27178058.72672949,0.45901639344262296,0.0,-0.4884492571277999,-0.18073542141993634,0.0,0.0,0.0
0.25,0.05,0.30000000000000004,0.1,0.30000000000000004,"(0.25, 0.05, 0.3, 0.1, 0.3)",0.06176004686234848,0.09001203287629839,0.6861310081422558,0.0601580065221875,29010630.390649635,-0.26748611206497286,-0.4459451484961063,0.061995911822152236,1.0,61.0,22826223.70768085,22862122.090597782,17949783.71796113,26761626.305141743,0.45901639344262296,0.0,-0.4444574863552896,-0.16830459233926537,0.0,0.0,0.0
0.15000000000000002,0.15000000000000002,0.30000000000000004,0.35000000000000003,0.05,"(0.15, 0.15, 0.3, 0.35, 0.05)",0.0617332544300504,0.10020863617034495,0.6160472469170208,0.0601580065221875,29026226.98774919,-0.289696923181895,-0.48425451647936013,0.06840576259283694,1.0,61.0,22376642.984701943,22328009.600191385,17409125.55331936,27444012.72699613,0.45901639344262296,0.0,-0.48588019126205273,-0.18524509737061823,0.0,0.0,0.0
0.35000000000000003,0.1,0.30000000000000004,0.15000000000000002,0.1,"(0.35, 0.1, 0.3, 0.15, 0.1)",0.06172559939059896,0.09063739107455684,0.68101694740777,0.0601580065221875,29022000.603279553,-0.2654154614317624,-0.4359653227267495,0.06321107144879932,1.0,61.0,22630638.86093611,22649507.926327728,17940440.999677323,27069546.49316862,0.45901639344262296,0.0,-0.43635945483450944,-0.16381886238486734,0.0,0.0,0.0
0.35000000000000003,0.05,0.30000000000000004,0.05,0.25,"(0.35, 0.05, 0.3, 0.05, 0.25)",0.061664357722516216,0.0876752458670354,0.7033268867706832,0.0601580065221875,28991498.349010266,-0.25859381618070487,-0.42635369863632155,0.06066940131635539,1.0,61.0,22838485.811699796,22891333.162052866,18120602.61032273,26723293.54058658,0.45901639344262296,0.0,-0.4251822786008194,-0.16335281912301852,0.0,0.0,0.0
0.1,0.1,0.30000000000000004,0.30000000000000004,0.2,"(0.1, 0.1, 0.3, 0.3, 0.2)",0.06162991118360983,0.09649524968499004,0.638683369231143,0.0601580065221875,28979403.179001108,-0.2857036177545521,-0.4829526871413895,0.06662360728920885,1.0,61.0,22561212.45786482,22423052.15056013,17439802.81309432,27177037.84380409,0.45901639344262296,0.0,-0.4826431757177114,-0.1789027110014622,0.0,0.0,0.0
0.1,0.05,0.30000000000000004,0.2,0.35000000000000003,"(0.1, 0.05, 0.3, 0.2, 0.35)",0.06160076763275768,0.09338654658589657,0.6596321406541952,0.0601580065221875,28957413.614412908,-0.2790884952147299,-0.47362271259730887,0.06408193715676493,1.0,61.0,22770846.03174741,22714008.697573625,17617175.923292816,26825589.109042577,0.45901639344262296,0.0,-0.47160590921735124,-0.1738921924898909,0.0,0.0,0.0
0.2,0.1,0.30000000000000004,0.25,0.15000000000000002,"(0.2, 0.1, 0.3, 0.25, 0.15)",0.061561378480786244,0.09404227185794384,0.6546139014354968,0.0601580065221875,28967430.53496317,-0.27700899863163775,-0.4631266661872518,0.06529709678341201,1.0,61.0,22576333.421239458,22428489.257724967,17608122.139928143,27158801.061939064,0.45901639344262296,0.0,-0.4631042028935109,-0.17329694492028344,0.0,0.0,0.0
0.25,0.0,0.35000000000000003,0.1,0.30000000000000004,"(0.25, 0.0, 0.35, 0.1, 0.3)",0.061537264880405784,0.09728149961691492,0.632569040595936,0.0601580065221875,28893522.707631275,-0.28464247142655896,-0.5002796004820729,0.06879944911806181,1.0,61.0,22772190.057020593,22568431.369261272,17226453.373276964,27229477.454768676,0.45901639344262296,0.0,-0.4963528653966855,-0.18430996503260028,0.0,0.0,0.0
0.2,0.05,0.30000000000000004,0.15000000000000002,0.30000000000000004,"(0.2, 0.05, 0.3, 0.15, 0.3)",0.06152888383269417,0.090888771756528,0.6769690319670858,0.0601580065221875,28944554.01654814,-0.2702923882759757,-0.4536550049953684,0.06275542665096809,1.0,61.0,22786007.949176677,22690863.6165032,17787155.946249064,26801277.361211672,0.45901639344262296,0.0,-0.45198557435116626,-0.16895114995198923,0.0,0.0,0.0
0.30000000000000004,0.1,0.30000000000000004,0.2,0.1,"(0.3, 0.1, 0.3, 0.2, 0.1)",0.061476552955746167,0.09169020116738558,0.6704811656320536,0.0601580065221875,28951186.230421495,-0.26824607147594237,-0.443546625710464,0.06397058627761516,1.0,61.0,22589357.177477125,22458407.68590459,17776337.86803413,27138070.84906045,0.45901639344262296,0.0,-0.44379126355940457,-0.16771931282042546,0.0,0.0,0.0
0.35000000000000003,0.0,0.35000000000000003,0.05,0.25,"(0.35, 0.0, 0.35, 0.05, 0.25)",0.06145313953670262,0.09500624628440354,0.646832623538679,0.0601580065221875,28877288.681041718,-0.2759474440009483,-0.479665071569641,0.06747293861226497,1.0,61.0,22785186.910100292,22579220.32078244,17390860.854404215,27209495.330062598,0.45901639344262296,0.0,-0.4761733828603942,-0.1798513114542454,0.0,0.0,0.0
0.30000000000000004,0.05,0.30000000000000004,0.1,0.25,"(0.3, 0.05, 0.3, 0.1, 0.25)",0.061440703831284305,0.08849304486262198,0.6942998054442113,0.0601580065221875,28927424.65734924,-0.26142680396677154,-0.4339365517407585,0.061428916145171236,1.0,61.0,22799052.354056943,22700586.395912502,17957029.02553622,26780966.192190863,0.45901639344262296,0.0,-0.4325938417435365,-0.1640031996259708,0.0,0.0,0.0
0.05,0.05,0.30000000000000004,0.25,0.35000000000000003,"(0.05, 0.05, 0.3, 0.25, 0.35)",0.0613543501064413,0.09438790191106422,0.6500234549577302,0.0601580065221875,28887464.066593073,-0.2818656978956501,-0.48152477949930667,0.06484145198558076,1.0,61.0,22729327.139114838,22706801.269310735,17456359.148063563,26887520.744729843,0.45901639344262296,0.0,-0.479310472317261,-0.17453906226975646,0.0,0.0,0.0
0.15000000000000002,0.05,0.30000000000000004,0.2,0.30000000000000004,"(0.15, 0.05, 0.3, 0.2, 0.3)",0.06128996903065742,0.09183825595942895,0.6673686078896497,0.0601580065221875,28876591.997769926,-0.27309616706584117,-0.46142999769368703,0.06351494147978393,1.0,61.0,22745264.40681605,22669187.30035918,17625377.739881124,26870613.30218733,0.45901639344262296,0.0,-0.4595737112713947,-0.1696018326874628,0.0,0.0,0.0
0.25,0.1,0.30000000000000004,0.25,0.1,"(0.25, 0.1, 0.3, 0.25, 0.1)",0.06121976049384403,0.09281133000233342,0.6596151622038481,0.0601580065221875,28878508.43784774,-0.2710740295227343,-0.45119121303059595,0.06473010110643102,1.0,61.0,22547555.700578935,22448674.797638375,17613113.55326608,27205614.829025295,0.45901639344262296,0.0,-0.4512815208500754,-0.1707465148605047,0.0,0.0,0.0
0.25,0.05,0.30000000000000004,0.15000000000000002,0.25,"(0.25, 0.05, 0.3, 0.15, 0.25)",0.06120929570119871,0.08938670425540853,0.6847695774340524,0.0601580065221875,28861457.998472497,-0.2642572821041772,-0.4415846133657013,0.062188430973987095,1.0,61.0,22759088.673633095,22630072.569480404,17794302.135216918,26851239.23604676,0.45901639344262296,0.0,-0.44006560083830193,-0.16465770358688592,0.0,0.0,0.0
0.35000000000000003,0.1,0.30000000000000004,0.2,0.05,"(0.35, 0.1, 0.3, 0.2, 0.05)",0.06112618265776737,0.09051565037339193,0.6753106496568474,0.0601580065221875,28860014.29354973,-0.26226935983606636,-0.43173345562865256,0.06340359060063418,1.0,61.0,22559259.010347888,22423227.50674514,17780247.171543926,27183348.09534393,0.45901639344262296,0.0,-0.43208107078299135,-0.16585287827643513,0.0,0.0,0.0
0.35000000000000003,0.05,0.30000000000000004,0.1,0.2,"(0.35, 0.05, 0.3, 0.1, 0.2)",0.06111234891124373,0.08704153575791004,0.7021055910733979,0.0601580065221875,28842074.32736817,-0.25534894127304564,-0.4219885811916486,0.060861920468190236,1.0,61.0,22770799.17254648,22589465.537382387,17963099.71566922,26829407.725845087,0.45901639344262296,0.0,-0.4207861477661886,-0.15970680904098342,0.0,0.0,0.0
0.35000000000000003,0.0,0.30000000000000004,0.0,0.35000000000000003,"(0.35, 0.0, 0.3, 0.0, 0.35)",0.06088407388997674,0.08583958176306095,0.7092773827583673,0.0601580065221875,28768024.376693472,-0.24858891240347225,-0.41210006605169075,0.05832025033574631,1.0,61.0,22962364.30449222,22762471.5145995,18129368.0905789,26745867.517238554,0.45901639344262296,0.0,-0.40943084392991247,-0.15367541931265954,0.0,0.0,0.0
0.30000000000000004,0.0,0.30000000000000004,0.05,0.35000000000000003,"(0.3, 0.0, 0.3, 0.05, 0.35)",0.060677778644174785,0.08648625767971428,0.7015886716810388,0.0601580065221875,28708945.650828913,-0.25144543604914615,-0.4196803298507809,0.059079765164562155,1.0,61.0,22924547.10985855,22611991.53870177,17967223.739396676,26779156.539428446,0.45901639344262296,0.0,-0.41681870444342495,-0.1555091673190542,0.0,0.0,0.0
0.25,0.0,0.30000000000000004,0.1,0.35000000000000003,"(0.25, 0.0, 0.3, 0.1, 0.35)",0.06046373332257682,0.08721356199009174,0.6932836125813329,0.0601580065221875,28647969.98822888,-0.2542994957264042,-0.42732757136975086,0.05983927999337801,1.0,61.0,22886191.82614262,22633746.851146065,17805899.098982923,26811250.857992694,0.45901639344262296,0.0,-0.4242683257246055,-0.15920854560220304,0.0,0.0,0.0
0.35000000000000003,0.0,0.30000000000000004,0.05,0.30000000000000004,"(0.35, 0.0, 0.3, 0.05, 0.3)",0.06036222640716149,0.08485882913590767,0.711325232999467,0.0601580065221875,28627506.48844489,-0.24527197906545062,-0.40760085394162415,0.058512769487581155,1.0,61.0,22897352.534461852,22669112.087997895,17974217.633363318,26771530.519578848,0.45901639344262296,0.0,-0.4049182279154977,-0.1546831431091579,0.0,0.0,0.0
0.2,0.0,0.30000000000000004,0.15000000000000002,0.35000000000000003,"(0.2, 0.0, 0.3, 0.15, 0.35)",0.06024194454199616,0.0880194960217913,0.6844159222075283,0.0601580065221875,28585110.224589318,-0.2571510477486818,-0.43504172654231843,0.06059879482219385,1.0,61.0,22847300.53922151,22658105.11611546,17645398.722152993,26842146.178962614,0.45901639344262296,0.0,-0.43177959470833527,-0.1628792759172662,0.0,0.0,0.0
0.30000000000000004,0.0,0.30000000000000004,0.1,0.30000000000000004,"(0.3, 0.0, 0.3, 0.1, 0.3)",0.06014793252690254,0.08560207152618582,0.7026457590866032,0.0601580065221875,28566624.910456717,-0.24815059836960407,-0.41518553119106466,0.05927228431639701,0.0,61.0,22859248.774444718,22651550.362487275,17812796.835344985,26803557.35173025,0.45901639344262296,0.0,-0.41231097183643034,-0.15837296615661992,0.0,0.0,0.0
0.25,0.15000000000000002,0.25,0.35000000000000003,0.0,"(0.25, 0.15, 0.25, 0.35, 0.0)",0.06002465571324067,0.08732727407082323,0.687352907232168,0.0601580065221875,28617722.02044101,-0.24747816880977347,-0.3919660302946083,0.05831160211419112,0.0,61.0,22433147.404293332,22291357.557572614,18016603.291221865,26894129.51824482,0.45901639344262296,0.0,-0.3937849587422152,-0.15384342619729746,0.0,0.0,0.0
0.15000000000000002,0.0,0.30000000000000004,0.2,0.35000000000000003,"(0.15, 0.0, 0.3, 0.2, 0.35)",0.060012419007628104,0.08890192136412814,0.6750407425034919,0.0601580065221875,28520379.55895737,-0.2600000485883419,-0.4428227223452495,0.0613583096510097,0.0,61.0,22807875.368492067,22652645.94609256,17485727.022630412,26871838.359414343,0.45901639344262296,0.0,-0.4393523898385637,-0.1665211350610577,0.0,0.0,0.0
0.25,0.0,0.30000000000000004,0.15000000000000002,0.30000000000000004,"(0.25, 0.0, 0.3, 0.15, 0.3)",0.05992589948349569,0.08642512409134404,0.6933851714249099,0.0601580065221875,28503865.61549911,-0.2510266541328219,-0.42283710664757385,0.06003179914521285,0.0,61.0,22820608.788547717,22626333.28033219,17652201.728436965,26834385.71127883,0.45901639344262296,0.0,-0.419765375592489,-0.1620341916712154,0.0,0.0,0.0
0.35000000000000003,0.0,0.30000000000000004,0.1,0.25,"(0.35, 0.0, 0.3, 0.1, 0.25)",0.05982315695355633,0.0840570100327878,0.7116974173863826,0.0601580065221875,28483163.839645248,-0.2419829170392529,-0.4031045373558193,0.058705288639416014,0.0,61.0,22831225.719793335,22598148.62398034,17818532.682580363,26794211.6090996,0.45901639344262296,0.0,-0.40040971967451544,-0.1575442154624783,0.0,0.0,0.0
0.1,0.0,0.30000000000000004,0.25,0.35000000000000003,"(0.1, 0.0, 0.3, 0.25, 0.35)",0.05977516351291556,0.08985858457548747,0.6652137221536164,0.0601580065221875,28453791.549163915,-0.2628464548787699,-0.450670476743807,0.06211782447982554,0.0,61.0,22767918.466841377,22704000.26446333,17326888.27587382,26900323.40832131,0.45901639344262296,0.0,-0.44698658102839045,-0.1701339041997571,0.0,0.0,0.0
0.2,0.0,0.30000000000000004,0.2,0.30000000000000004,"(0.2, 0.0, 0.3, 0.2, 0.3)",0.059696133979611155,0.08732573020712238,0.6836030324398281,0.0601580065221875,28439241.775708083,-0.2539001028422979,-0.4305555099315527,0.0607913139740287,0.0,61.0,22781434.673240595,22699049.329434846,17492436.70881426,26864011.465093695,0.45901639344262296,0.0,-0.4272813198364141,-0.16566659759044294,0.0,0.0,0.0
0.30000000000000004,0.0,0.30000000000000004,0.15000000000000002,0.25,"(0.3, 0.0, 0.3, 0.15, 0.25)",0.059600885143150206,0.0848971701529656,0.7020361813681518,0.0601580065221875,28420510.99399569,-0.2448835320102678,-0.41069375635681427,0.05946480346823185,0.0,61.0,22792838.604905207,22671635.185687184,17657854.228501186,26824971.97966506,0.45901639344262296,0.0,-0.4078074844385657,-0.1611957253157186,0.0,0.0,0.0
0.05,0.0,0.30000000000000004,0.30000000000000004,0.35000000000000003,"(0.05, 0.0, 0.3, 0.3, 0.35)",0.059530184939413644,0.09088714143903617,0.6549901778938042,0.0601580065221875,28385360.107148133,-0.2656902234164161,-0.4585848986384345,0.0628773393086414,0.0,61.0,22727432.020613,22725531.782433923,17168886.61991803,26927597.48737642,0.45901639344262296,0.0,-0.4546820296213747,-0.17371736887883457,0.0,0.0,0.0
0.15000000000000002,0.0,0.30000000000000004,0.25,0.30000000000000004,"(0.15, 0.0, 0.3, 0.25, 0.3)",0.059458642806123896,0.08830151694950071,0.6733592452338962,0.0601580065221875,28372766.920621626,-0.25677090114569523,-0.4383406616627127,0.06155082880284455,0.0,61.0,22741728.558662113,22764342.806572024,17333506.03450377,26892430.631847654,0.45901639344262296,0.0,-0.43485867669578515,-0.16926996620884124,0.0,0.0,0.0
0.0,0.05,0.25,0.35000000000000003,0.35000000000000003,"(0.0, 0.05, 0.25, 0.35, 0.35)",0.05943138032922346,0.08501588771349472,0.6990620450792495,0.0601580065221875,28413051.755501322,-0.2511025225044624,-0.41372792361258426,0.05796648726169568,0.0,61.0,22732160.60224009,22571538.642334376,17720884.383916225,26499063.83083468,0.45901639344262296,0.0,-0.41193257907536956,-0.15000918705784094,0.0,0.0,0.0
0.25,0.0,0.30000000000000004,0.2,0.25,"(0.25, 0.0, 0.3, 0.2, 0.25)",0.05937088516940503,0.08581591764750832,0.6918400082053877,0.0601580065221875,28356000.07988157,-0.2477814839605501,-0.41834978938845546,0.06022431829704771,0.0,61.0,22753917.13180518,22744408.459949248,17498007.19677945,26854530.34301369,0.45901639344262296,0.0,-0.4152668034596489,-0.1648184687220446,0.0,0.0,0.0
0.35000000000000003,0.0,0.30000000000000004,0.15000000000000002,0.2,"(0.35, 0.0, 0.3, 0.15, 0.2)",0.05926693063116617,0.08343928305817513,0.7103000943793389,0.0601580065221875,28335072.34063126,-0.23872187262010114,-0.3986122311284089,0.05889780779125086,0.0,61.0,22763997.361591786,22715893.600602202,17662358.162133954,26813911.061780915,0.45901639344262296,0.0,-0.3959064145922882,-0.1603638789905707,0.0,0.0,0.0
0.1,0.0,0.30000000000000004,0.30000000000000004,0.30000000000000004,"(0.1, 0.0, 0.3, 0.3, 0.3)",0.05921343284197955,0.08935002122177542,0.6627131368554023,0.0601580065221875,28304454.932516675,-0.2596390058532153,-0.4461924734066323,0.062310343631660395,0.0,61.0,22701492.608588725,22753271.0546444,17175413.826227006,26922212.310540915,0.45901639344262296,0.0,-0.4424973097342528,-0.17284408418779157,0.0,0.0,0.0
0.2,0.0,0.30000000000000004,0.25,0.25,"(0.2, 0.0, 0.3, 0.25, 0.25)",0.059133163820727974,0.08681075740228963,0.681173227722217,0.0601580065221875,28289644.597416006,-0.2506767295524037,-0.42607255971111213,0.06098383312586355,0.0,61.0,22714463.407915697,22772283.72899246,17338995.828049585,26902465.203281976,0.45901639344262296,0.0,-0.42278755106877763,-0.16841222910722553,0.0,0.0,0.0
0.30000000000000004,0.0,0.30000000000000004,0.2,0.2,"(0.3, 0.0, 0.3, 0.2, 0.2)",0.05903670159093166,0.08437604706706774,0.6996855582011958,0.0601580065221875,28270680.37981689,-0.2416443823356983,-0.4062061182115639,0.059657322620066705,0.0,61.0,22725330.05520603,22788721.352731735,17502440.400067344,26880268.365527064,0.45901639344262296,0.0,-0.40330933524761786,-0.16397675259257977,0.0,0.0,0.0
0.2,0.0,0.35000000000000003,0.35000000000000003,0.1,"(0.2, 0.0, 0.35, 0.35, 0.1)",0.05896378651194367,0.09717584512520713,0.6067741056017699,0.0601580065221875,28203366.38673091,-0.27497703031312404,-0.49087112299405306,0.07032904055421706,0.0,61.0,22474007.10352207,22338745.76321726,16473232.86241388,27772092.295994926,0.45901639344262296,0.0,-0.48664411529036505,-0.20166528067758266,0.0,0.0,0.0
0.30000000000000004,0.0,0.35000000000000003,0.30000000000000004,0.05,"(0.3, 0.0, 0.35, 0.3, 0.05)",0.05888211312428093,0.09485231952874508,0.6207767339462548,0.0601580065221875,28188068.150669746,-0.2662478248080483,-0.47011056658651285,0.06900253004842022,0.0,61.0,22485615.916882202,22356561.73716935,16629002.18165083,27750694.268542822,0.45901639344262296,0.0,-0.46633255111538724,-0.19808489771471524,0.0,0.0,0.0
0.25,0.0,0.30000000000000004,0.25,0.2,"(0.25, 0.0, 0.3, 0.25, 0.2)",0.05879875547482105,0.08538977888154242,0.6885924316116341,0.0601580065221875,28204450.414156985,-0.2445641296469646,-0.4138667304119859,0.06041683744888256,0.0,61.0,22686130.26352399,22745983.458089326,17343359.54404663,26949276.5537916,0.45901639344262296,0.0,-0.41077369986639295,-0.16756069901250323,0.0,0.0,0.0
0.35000000000000003,0.0,0.30000000000000004,0.2,0.15000000000000002,"(0.35, 0.0, 0.3, 0.2, 0.15)",0.05869361204646473,0.08300975814413282,0.7070688236984488,0.0601580065221875,28183308.878502052,-0.23548899043660643,-0.3941250472550251,0.05909032694308571,0.0,61.0,22695680.82734105,22761172.682488717,17505738.407100495,26925568.2932471,0.45901639344262296,0.0,-0.3914094048296596,-0.1631414498610991,0.0,0.0,0.0
0.25,0.0,0.35000000000000003,0.35000000000000003,0.05,"(0.25, 0.0, 0.35, 0.35, 0.05)",0.05861330793764319,0.0960661705934676,0.6101347391651816,0.0601580065221875,28114242.990684956,-0.2690970349770826,-0.47826086580514227,0.06976204487723607,0.0,61.0,22446227.756707646,22310657.383863114,16475613.62575728,27817525.83926047,0.45901639344262296,0.0,-0.47425466090159946,-0.20192492436667914,0.0,0.0,0.0
0.35000000000000003,0.0,0.35000000000000003,0.30000000000000004,0.0,"(0.35, 0.0, 0.35, 0.3, 0.0)",0.058522945840346896,0.09380044066251504,0.6239090715032654,0.0601580065221875,28096762.994400498,-0.26046536025589917,-0.45787217848954537,0.06843553437143922,0.0,61.0,22456533.678047452,22327105.04934239,16630353.343070665,27794569.477467,0.45901639344262296,0.0,-0.454309056268002,-0.1949029779513975,0.0,0.0,0.0
0.15000000000000002,0.0,0.30000000000000004,0.35000000000000003,0.2,"(0.15, 0.0, 0.3, 0.35, 0.2)",0.058299739598902,0.08763726003879198,0.6652391867693724,0.0601580065221875,28066532.091556635,-0.2503951645750807,-0.4293877884978691,0.061935867106514254,0.0,61.0,22606141.733184353,22657116.63106316,17027724.758873645,27084395.295207523,0.45901639344262296,0.0,-0.42588622428689005,-0.1746409702615117,0.0,0.0,0.0
0.30000000000000004,0.0,0.35000000000000003,0.35000000000000003,0.0,"(0.3, 0.0, 0.35, 0.35, 0.0)",0.058253932718743906,0.09502962917265062,0.6130081031139002,0.0601580065221875,28023104.384822734,-0.263199975564701,-0.4657160947049844,0.06919504920025507,0.0,61.0,22417394.708100535,22322838.426835284,16476926.584772881,27861355.896468066,0.45901639344262296,0.0,-0.4619255834604771,-0.1961133608350163,0.0,0.0,0.0
0.30000000000000004,0.0,0.30000000000000004,0.30000000000000004,0.1,"(0.3, 0.0, 0.3, 0.3, 0.1)",0.05785718392879757,0.08389762726593702,0.6896164505988116,0.0601580065221875,27960179.68631248,-0.23525040618223936,-0.3972476880911185,0.0600423609237364,0.0,61.0,22587070.976529565,22645335.903752785,17190374.058095142,27106257.54728562,0.45901639344262296,0.0,-0.39433340621455554,-0.16941095675411386,0.0,0.0,0.0
0.05,0.0,0.25,0.35000000000000003,0.35000000000000003,"(0.05, 0.0, 0.25, 0.35, 0.35)",0.05780484988217838,0.08050804811826467,0.7180008860389242,0.0601580065221875,27973507.37435033,-0.23143292064546672,-0.3827288170318601,0.05410968933579242,0.0,61.0,22762964.929155037,22842892.265734755,17580261.26267727,26536867.688284706,0.45901639344262296,0.0,-0.3796944044662793,-0.1517434396423749,0.0,0.0,0.0
0.25,0.0,0.30000000000000004,0.35000000000000003,0.1,"(0.25, 0.0, 0.3, 0.35, 0.1)",0.0576034078952703,0.08509652445178638,0.6769184554406448,0.0601580065221875,27890611.419043973,-0.23821343805016226,-0.40491781446811886,0.06080187575255226,0.0,61.0,22547323.878101844,22600406.597884744,17032878.094927028,27173263.19951742,0.45901639344262296,0.0,-0.40180824243613167,-0.17291642211128502,0.0,0.0,0.0
0.35000000000000003,0.0,0.30000000000000004,0.30000000000000004,0.05,"(0.35, 0.0, 0.3, 0.3, 0.05)",0.057495954132474214,0.08272575676137958,0.6950187750874239,0.0601580065221875,27869078.19126049,-0.22910828292534124,-0.3851704780289121,0.05947536524675541,0.0,61.0,22555836.05341538,22614920.507954977,17191337.558261175,27148401.200303614,0.45901639344262296,0.0,-0.38243862153094926,-0.16889983131991368,0.0,0.0,0.0
0.1,0.0,0.25,0.35000000000000003,0.30000000000000004,"(0.1, 0.0, 0.25, 0.35, 0.3)",0.057476728012446854,0.07889484532450697,0.7285232359102295,0.0601580065221875,27890836.70497386,-0.2251628149811512,-0.3707365440816271,0.053542693658811424,0.0,61.0,22734016.51247879,22801888.710010402,17585310.27403449,26526435.959531877,0.45901639344262296,0.0,-0.3678842371706087,-0.15097773474646628,0.0,0.0,0.0
0.30000000000000004,0.0,0.30000000000000004,0.35000000000000003,0.05,"(0.3, 0.0, 0.3, 0.35, 0.05)",0.05724197761693994,0.08394354403026918,0.6819104229897546,0.0601580065221875,27799667.124833994,-0.23209586209946043,-0.39277910532785704,0.060234880075571255,0.0,61.0,22516346.71130199,22570006.576295342,17033807.546815574,27215367.24585145,0.45901639344262296,0.0,-0.38985779398070874,-0.17105623509167775,0.0,0.0,0.0
0.15000000000000002,0.0,0.25,0.35000000000000003,0.25,"(0.15, 0.0, 0.25, 0.35, 0.25)",0.05713975179275321,0.07735376175239467,0.7386809703664388,0.0601580065221875,27806144.56034846,-0.21887367618511555,-0.3588059060297592,0.052975697981830425,0.0,61.0,22704013.587253906,22858484.59016989,17589225.633098125,26514392.98688722,0.45901639344262296,0.0,-0.3561306458053676,-0.15021916622666703,0.0,0.0,0.0
0.35000000000000003,0.0,0.30000000000000004,0.35000000000000003,0.0,"(0.35, 0.0, 0.3, 0.35, 0.0)",0.05687174167774667,0.08287325097070404,0.6862496766037453,0.0601580065221875,27706769.16497026,-0.22611266970375654,-0.38096127718680145,0.05972823387767999,0.0,61.0,22484333.91204521,22538254.9964393,17033642.144795414,27255913.469662465,0.45901639344262296,0.0,-0.37822765722540247,-0.1696255420685396,0.0,0.0,0.0
0.30000000000000004,0.25,0.0,0.35000000000000003,0.1,"(0.3, 0.25, 0.0, 0.35, 0.1)",0.054856910719868424,0.055042254115368026,0.996632707027021,0.0601580065221875,27550519.081608113,-0.1283681716503825,-0.1623112837408661,0.03668561141488141,0.0,61.0,22757286.19050472,22817224.72684038,19534878.01348258,24861204.100249212,0.4426229508196721,0.5409836065573771,-0.16617239888568616,-0.04131757836544907,0.0,0.0,0.0
0.25,0.25,0.0,0.35000000000000003,0.15000000000000002,"(0.25, 0.25, 0.0, 0.35, 0.15)",0.05524889812728673,0.05629172526557359,0.9814745926978253,0.0601580065221875,27647916.13670727,-0.13445805284839252,-0.1706427477468511,0.03891201256309812,0.0,61.0,22802549.040289417,22915600.7944011,19451212.64596031,25062889.67380527,0.4426229508196721,0.3770491803278688,-0.1744548618407773,-0.04490889222881674,0.0,0.0,0.0
0.15000000000000002,0.30000000000000004,0.0,0.35000000000000003,0.2,"(0.15, 0.3, 0.0, 0.35, 0.2)",0.05711816189809937,0.06596354149134645,0.8659050227858449,0.0601580065221875,28145888.68707894,-0.167927415599733,-0.21424400807840543,0.04687095721017233,0.0,61.0,22823898.6978971,22932150.75414858,18790640.924238842,26240434.641864676,0.4426229508196721,0.11475409836065574,-0.2204333817444566,-0.052875330883429904,0.0,0.0,0.0
0.35000000000000003,0.30000000000000004,0.05,0.30000000000000004,0.0,"(0.35, 0.3, 0.05, 0.3, 0.0)",0.05778244654148046,0.06788807993578888,0.8511427425276026,0.0601580065221875,28280989.167659353,-0.18174062089678455,-0.23907253759542502,0.04339936912759621,0.0,61.0,22637078.89461729,22801744.53939826,19046732.880127024,25746917.30705001,0.4426229508196721,0.09836065573770492,-0.2466969075641483,-0.07145523285128445,0.0,0.0,0.0
0.30000000000000004,0.30000000000000004,0.05,0.35000000000000003,0.0,"(0.3, 0.3, 0.05, 0.35, 0.0)",0.05754833257307612,0.06906748913757171,0.833218831199275,0.0601580065221875,28214892.247793164,-0.18436272091761852,-0.2439906118069076,0.04429650863340377,0.0,61.0,22587749.158842385,22677386.323715042,19090003.504704528,25604885.40040335,0.4426229508196721,0.09836065573770492,-0.2522446471450033,-0.07623354369414702,0.0,0.0,0.0
0.35000000000000003,0.30000000000000004,0.05,0.25,0.05,"(0.35, 0.3, 0.05, 0.25, 0.05)",0.05840271244585238,0.06780725935653065,0.8613047186993777,0.0601580065221875,28445764.903907135,-0.1828228780985831,-0.23932612082499513,0.04472863077000538,0.0,61.0,22729829.10105879,22872921.333317224,18920883.1515114,26023813.39256708,0.4426229508196721,0.08196721311475409,-0.24614551651654973,-0.06492140061672984,0.0,0.0,0.0
0.2,0.35000000000000003,0.05,0.15000000000000002,0.25,"(0.2, 0.35, 0.05, 0.15, 0.25)",0.06167649530734587,0.07958231104130987,0.7750025665292707,0.0601580065221875,29336826.035838,-0.22439985062635104,-0.29406169235225044,0.05757249985011462,1.0,61.0,22956435.64398851,22838272.141717542,17937277.601616412,28200581.961796034,0.4426229508196721,0.06557377049180328,-0.30200692233319415,-0.07246546646130188,0.0,0.0,0.0
0.30000000000000004,0.35000000000000003,0.05,0.1,0.2,"(0.3, 0.35, 0.05, 0.1, 0.2)",0.061534655374309244,0.07749188103439665,0.7940787415780447,0.0601580065221875,29306578.65702289,-0.21825309996149878,-0.2839347020228629,0.05444895919609035,1.0,61.0,22967054.191617254,22843844.39245538,17976243.57500931,28150102.915807564,0.4426229508196721,0.06557377049180328,-0.29146239255943707,-0.06771103865101706,0.0,0.0,0.0
0.0,0.35000000000000003,0.05,0.30000000000000004,0.30000000000000004,"(0.0, 0.35, 0.05, 0.3, 0.3)",0.06134081828640059,0.0836677632148843,0.7331475819290004,0.0601580065221875,29227867.01571426,-0.23634404243254303,-0.31614092945423206,0.06249031951575401,1.0,61.0,22839576.975186203,22770689.207540903,17979594.72664929,27896755.00701251,0.4426229508196721,0.06557377049180328,-0.32586370445076374,-0.07549817951227869,0.0,0.0,0.0
0.1,0.35000000000000003,0.05,0.25,0.25,"(0.1, 0.35, 0.05, 0.25, 0.25)",0.06123046284584821,0.081316348615336,0.7529908055205069,0.0601580065221875,29205981.468264833,-0.2293049645870855,-0.3041646177782162,0.05936677886172974,1.0,61.0,22853872.691932954,22795780.926730063,18021660.160808116,27850455.5982135,0.4426229508196721,0.06557377049180328,-0.3135550118400268,-0.07260818637101579,0.0,0.0,0.0
0.30000000000000004,0.35000000000000003,0.1,0.25,0.0,"(0.3, 0.35, 0.1, 0.25, 0.0)",0.06117052304890702,0.08419495728266448,0.7265342845123324,0.0601580065221875,29149515.07435604,-0.2460538590885365,-0.340326099773592,0.05515929203117163,1.0,61.0,22568667.237645652,22850087.39068074,18385080.665602736,27176565.03416607,0.4426229508196721,0.06557377049180328,-0.35270757483817494,-0.09947533537255725,0.0,0.0,0.0
0.0,0.35000000000000003,0.05,0.35000000000000003,0.25,"(0.0, 0.35, 0.05, 0.35, 0.25)",0.06075329287510267,0.08337222261087697,0.7286994513587146,0.0601580065221875,29067549.887113478,-0.23423219980847076,-0.31446917579269884,0.06116105787334485,1.0,61.0,22749408.61904942,22797425.91244555,18103402.952257823,27501462.095746405,0.4426229508196721,0.06557377049180328,-0.325394477064755,-0.0795587650853414,0.0,0.0,0.0
0.1,0.35000000000000003,0.05,0.30000000000000004,0.2,"(0.1, 0.35, 0.05, 0.3, 0.2)",0.06064181599958429,0.08102126157964284,0.7484679307291973,0.0601580065221875,29045465.195339337,-0.2281143380188957,-0.30406540545484384,0.05803751721932057,1.0,61.0,22763137.719824374,22794202.23162547,18145548.30042726,27455627.255082585,0.4426229508196721,0.06557377049180328,-0.3144724277570978,-0.07629010673347529,0.0,0.0,0.0
0.05,0.35000000000000003,0.05,0.35000000000000003,0.2,"(0.05, 0.35, 0.05, 0.35, 0.2)",0.06039915607784496,0.08210689539750103,0.7356161231701284,0.0601580065221875,28975462.694812946,-0.23059347679700615,-0.3092242933778583,0.058934656725128126,1.0,61.0,22710970.226873796,22690225.984504912,18186217.540943906,27282709.480653733,0.4426229508196721,0.06557377049180328,-0.32040720417470897,-0.08126082199023622,0.0,0.0,0.0
0.1,0.30000000000000004,0.05,0.25,0.30000000000000004,"(0.1, 0.3, 0.05, 0.25, 0.3)",0.06024067791350074,0.07430686387885066,0.8107013910816728,0.0601580065221875,28918828.77044834,-0.20777943365129337,-0.27571186368516065,0.05586063651108897,1.0,61.0,22934213.362997264,22922567.35547254,18502167.373689402,27048232.590436548,0.4426229508196721,0.06557377049180328,-0.28145308651988704,-0.07608965443948884,0.0,0.0,0.0
0.25,0.30000000000000004,0.1,0.30000000000000004,0.05,"(0.25, 0.3, 0.1, 0.3, 0.05)",0.060011848772859144,0.07767518505062647,0.7726000103346408,0.0601580065221875,28813156.58422988,-0.2213810734408339,-0.3058082008191515,0.05195692629191124,0.0,61.0,22608789.022210695,22848791.2676647,18921569.540158354,26125091.01134862,0.4426229508196721,0.06557377049180328,-0.314598341065003,-0.09075134271044823,0.0,0.0,0.0
0.35000000000000003,0.30000000000000004,0.1,0.25,0.0,"(0.35, 0.3, 0.1, 0.25, 0.0)",0.05987016168548842,0.07551941321562945,0.7927784279062398,0.0601580065221875,28783111.668643635,-0.21527120081866546,-0.295235221785274,0.048833385637886965,0.0,61.0,22617138.22747547,22870431.928971212,18962526.535187975,26135148.17411477,0.4426229508196721,0.06557377049180328,-0.3035716979937922,-0.08752080634892008,0.0,0.0,0.0
0.2,0.30000000000000004,0.1,0.35000000000000003,0.05,"(0.2, 0.3, 0.1, 0.35, 0.05)",0.05976262938419907,0.07888839427470577,0.7575592066951342,0.0601580065221875,28742148.160796143,-0.2238954837673428,-0.3111409561591072,0.05299985075565052,0.0,61.0,22559308.156229883,22836245.873643026,18963273.694489345,25979276.124386765,0.4426229508196721,0.06557377049180328,-0.3206852354276588,-0.09556717960151553,0.0,0.0,0.0
0.30000000000000004,0.30000000000000004,0.1,0.30000000000000004,0.0,"(0.3, 0.3, 0.1, 0.3, 0.0)",0.05962851781228373,0.0766719872792655,0.777709303335211,0.0601580065221875,28714127.127212096,-0.21779292048463939,-0.30049647791373874,0.049873433385038315,0.0,61.0,22568436.347826526,22806754.505527392,19005058.232172515,25990081.425602816,0.4426229508196721,0.06557377049180328,-0.3095611594889166,-0.0923275787253682,0.0,0.0,0.0
0.35000000000000003,0.30000000000000004,0.05,0.15000000000000002,0.15000000000000002,"(0.35, 0.3, 0.05, 0.15, 0.15)",0.059592720718305126,0.06835063550853443,0.871867836705984,0.0601580065221875,28764849.926810693,-0.18514062935638242,-0.23998203553280628,0.0473871540548237,0.0,61.0,22912717.025257375,22969151.616650376,18666084.036927693,26736243.365434263,0.4426229508196721,0.06557377049180328,-0.24520169403765352,-0.06147215960170681,0.0,0.0,0.0
0.25,0.30000000000000004,0.1,0.35000000000000003,0.0,"(0.25, 0.3, 0.1, 0.35, 0.0)",0.059379124252213256,0.07790313954933806,0.7622173457413347,0.0601580065221875,28643296.97488491,-0.2203199834293763,-0.30581032804015257,0.0509267112815428,0.0,61.0,22519253.39123333,22713501.056914702,19046889.22780315,25845061.66209358,0.4426229508196721,0.06557377049180328,-0.315626336904029,-0.09710551160970496,0.0,0.0,0.0
0.35000000000000003,0.35000000000000003,0.05,0.25,0.0,"(0.35, 0.35, 0.05, 0.25, 0.0)",0.05937320341415164,0.07566624950308012,0.7846722125659836,0.0601580065221875,28723714.488570955,-0.21116814451249766,-0.27846461909879433,0.04828945445444097,0.0,61.0,22648444.188920483,22733239.8148211,18428429.086103335,26930692.89569949,0.4426229508196721,0.06557377049180328,-0.28906447725175427,-0.07817807407577977,0.0,0.0,0.0
0.30000000000000004,0.35000000000000003,0.05,0.30000000000000004,0.0,"(0.3, 0.35, 0.05, 0.3, 0.0)",0.05913760384447064,0.07674001341638148,0.7706227978303519,0.0601580065221875,28656237.570521887,-0.21369231196906446,-0.28349872771158835,0.04938262207395519,0.0,61.0,22597970.123257343,22705344.324339494,18470285.732757177,26781677.968222775,0.4426229508196721,0.06557377049180328,-0.2948401372771327,-0.08302420049489703,0.0,0.0,0.0
0.25,0.35000000000000003,0.05,0.35000000000000003,0.0,"(0.25, 0.35, 0.05, 0.35, 0.0)",0.058894248634143276,0.07789461895280937,0.7560759578248014,0.0601580065221875,28586914.00102196,-0.21622191763647058,-0.28858367815309244,0.05049065722727406,0.0,61.0,22547023.56994621,22605497.27336034,18511463.520087644,26632705.80145542,0.4426229508196721,0.06557377049180328,-0.3006893970757849,-0.08784164266294096,0.0,0.0,0.0
0.15000000000000002,0.30000000000000004,0.05,0.35000000000000003,0.15000000000000002,"(0.15, 0.3, 0.05, 0.35, 0.15)",0.058704808116640805,0.07227876857965967,0.8121998931393142,0.0601580065221875,28509628.32563005,-0.19646660452809628,-0.261264812202929,0.050975712078053924,0.0,61.0,22714616.87117812,22898347.228351418,18841657.89254506,26078495.145516124,0.4426229508196721,0.06557377049180328,-0.26877572091672236,-0.07120967715080062,0.0,0.0,0.0
0.25,0.35000000000000003,0.0,0.25,0.15000000000000002,"(0.25, 0.35, 0.0, 0.25, 0.15)",0.05858181342945712,0.07145734092861822,0.8198151885889091,0.0601580065221875,28561706.258505315,-0.1861680173170337,-0.23480192543106568,0.04858282054919799,0.0,61.0,22851972.73404593,22866921.84813921,18218280.416114036,27364291.180252388,0.4426229508196721,0.06557377049180328,-0.24313584852662332,-0.05891893325800014,0.0,0.0,0.0
0.15000000000000002,0.35000000000000003,0.15000000000000002,0.2,0.15000000000000002,"(0.15, 0.35, 0.15, 0.2, 0.15)",0.06413095699312876,0.09574431483349256,0.6698147780853402,0.0601580065221875,29898936.793863736,-0.2876894616398876,-0.4161737664882909,0.06719527013372095,1.0,61.0,22633415.68519853,22830944.38114128,18035953.021466386,27989160.150301762,0.4426229508196721,0.04918032786885246,-0.4281413270324417,-0.11192837920470246,0.0,0.0,0.0
0.0,0.35000000000000003,0.15000000000000002,0.30000000000000004,0.2,"(0.0, 0.35, 0.15, 0.3, 0.2)",0.06394775620592474,0.09912006106103219,0.6451545279673461,0.0601580065221875,29836392.056069132,-0.2957344306947256,-0.4334431262498713,0.07137643132458832,1.0,61.0,22565123.4508053,22763348.295958776,18029109.81251438,27814144.149254546,0.4426229508196721,0.04918032786885246,-0.44698277307388995,-0.12038062836206331,0.0,0.0,0.0
0.1,0.35000000000000003,0.15000000000000002,0.25,0.15000000000000002,"(0.1, 0.35, 0.15, 0.25, 0.15)",0.06387319884711173,0.09681013795843033,0.659777996334831,0.0601580065221875,29823274.678855367,-0.28998975752409173,-0.42201432852243775,0.06824854803022544,1.0,61.0,22582967.380060326,22752330.742673747,18075318.325931646,27831409.041941456,0.4426229508196721,0.04918032786885246,-0.43496262609574693,-0.11691060163269813,0.0,0.0,0.0
0.2,0.35000000000000003,0.15000000000000002,0.2,0.1,"(0.2, 0.35, 0.15, 0.2, 0.1)",0.06378222707352599,0.09460521934753521,0.6741935330144946,0.0601580065221875,29805756.254979443,-0.2842421064898446,-0.41070893926334484,0.06512213065961324,1.0,61.0,22598712.145305764,22750513.290245112,18120013.610392746,27846858.951125793,0.4426229508196721,0.04918032786885246,-0.423086004487446,-0.11346405541601984,0.0,0.0,0.0
0.30000000000000004,0.35000000000000003,0.15000000000000002,0.15000000000000002,0.05,"(0.3, 0.35, 0.15, 0.15, 0.05)",0.06367486040090142,0.09251281345596168,0.6882815257933127,0.0601580065221875,29783850.54023096,-0.2784920261383923,-0.399527435161936,0.061995713289001025,1.0,61.0,22612356.54797382,22726317.17839573,18163187.095089927,27860491.490207538,0.4426229508196721,0.04918032786885246,-0.41135289331393937,-0.11004138870210532,0.0,0.0,0.0
0.05,0.35000000000000003,0.15000000000000002,0.30000000000000004,0.15000000000000002,"(0.05, 0.35, 0.15, 0.3, 0.15)",0.06360764109820383,0.09794041789526226,0.649452416735918,0.0601580065221875,29745705.303631674,-0.2922950784924334,-0.42790669343660565,0.06930182592672994,1.0,61.0,22532043.19202069,22676881.820621207,18114006.74696243,27673733.89773756,0.4426229508196721,0.04918032786885246,-0.4418619399463139,-0.121861399865345,0.0,0.0,0.0
0.15000000000000002,0.35000000000000003,0.15000000000000002,0.25,0.1,"(0.15, 0.35, 0.15, 0.25, 0.1)",0.06352425737156131,0.09568561885722453,0.663885107607945,0.0601580065221875,29730253.681237534,-0.2865547669475317,-0.41653029515296036,0.06617540855611773,1.0,61.0,22548547.053639594,22675266.650095508,18159501.361332025,27689955.22489944,0.4426229508196721,0.04918032786885246,-0.42988570665471815,-0.11840735925197063,0.0,0.0,0.0
0.25,0.35000000000000003,0.15000000000000002,0.2,0.05,"(0.25, 0.35, 0.15, 0.2, 0.05)",0.0634244826863386,0.0935397149031301,0.6780487063919439,0.0601580065221875,29710422.925505552,-0.2808118636752691,-0.4052776815080972,0.06304899118550551,1.0,61.0,22562955.837337308,22649311.789285254,18203474.256378192,27704370.376985952,0.4426229508196721,0.04918032786885246,-0.4180533504642331,-0.11497673924774822,0.0,0.0,0.0
0.0,0.35000000000000003,0.15000000000000002,0.35000000000000003,0.15000000000000002,"(0.0, 0.35, 0.15, 0.35, 0.15)",0.06333429116068623,0.09913294992503667,0.6388823414271337,0.0601580065221875,29666244.733291835,-0.29460533127353083,-0.43385086996061956,0.07035510382323444,1.0,61.0,22480646.130443826,22580904.27525344,18152013.76139152,27516143.701965045,0.4426229508196721,0.04918032786885246,-0.4488396856365988,-0.12678057129468975,0.0,0.0,0.0
0.35000000000000003,0.35000000000000003,0.15000000000000002,0.15000000000000002,0.0,"(0.35, 0.35, 0.15, 0.15, 0.0)",0.06330833664304536,0.09151036707228884,0.6918160058634099,0.0601580065221875,29686227.736733783,-0.2750669187589566,-0.3941493151559958,0.0599225738148933,1.0,61.0,22575268.682185087,22620850.006213237,18245917.03943151,27716977.151008558,0.4426229508196721,0.04918032786885246,-0.4063648451791354,-0.11285039119006259,0.0,0.0,0.0
0.1,0.35000000000000003,0.15000000000000002,0.30000000000000004,0.1,"(0.1, 0.35, 0.15, 0.3, 0.1)",0.06325849258300797,0.09683089094786726,0.6532883459377203,0.0601580065221875,29652850.934743654,-0.2888724512136597,-0.42240353742433523,0.06722868645262223,1.0,61.0,22497905.886571184,22561705.698723033,18198309.277024336,27533126.596960086,0.4426229508196721,0.04918032786885246,-0.43676349357470184,-0.1233194462034398,0.0,0.0,0.0
0.2,0.35000000000000003,0.15000000000000002,0.25,0.05,"(0.2, 0.35, 0.15, 0.25, 0.05)",0.06316630708319715,0.09463418796689214,0.6674787245524412,0.0601580065221875,29635086.715234462,-0.28313681779460265,-0.4110798791745158,0.06410226908201001,1.0,61.0,22513075.93917257,22607947.449499134,18243083.268765938,27548314.541063815,0.4426229508196721,0.04918032786885246,-0.42483153774215304,-0.11988128267860702,0.0,0.0,0.0
0.30000000000000004,0.35000000000000003,0.15000000000000002,0.2,0.0,"(0.3, 0.35, 0.15, 0.2, 0.0)",0.06305775405952718,0.09255034323018883,0.6813346321438437,0.0601580065221875,29612965.85749292,-0.27739897911907563,-0.3998803728438376,0.06097585171139779,1.0,61.0,22526155.21631248,22580632.736467943,18286327.161444932,27561705.187905204,0.4426229508196721,0.04918032786885246,-0.4130438040609813,-0.11784013060633486,0.0,0.0,0.0
0.05,0.35000000000000003,0.15000000000000002,0.35000000000000003,0.1,"(0.05, 0.35, 0.15, 0.35, 0.1)",0.06298494011953903,0.0980387621545601,0.6424493612051323,0.0601580065221875,29573564.03935976,-0.29119506573888343,-0.42832867583005774,0.06828196434912671,1.0,61.0,22446791.628570653,22466205.66651951,18236432.822376277,27376382.007794898,0.4426229508196721,0.04918032786885246,-0.443719783724986,-0.12820011508790694,0.0,0.0,0.0
0.15000000000000002,0.35000000000000003,0.15000000000000002,0.30000000000000004,0.05,"(0.15, 0.35, 0.15, 0.3, 0.05)",0.06290034091271202,0.09579391659975187,0.6566214551548564,0.0601580065221875,29557857.536355976,-0.28546679456404245,-0.4169340452878436,0.0651555469785145,1.0,61.0,22462719.78728951,22472472.680275287,18282009.51362722,27392332.943289634,0.4426229508196721,0.04918032786885246,-0.43168787912884005,-0.12475713930716055,0.0,0.0,0.0
0.25,0.35000000000000003,0.15000000000000002,0.25,0.0,"(0.25, 0.35, 0.15, 0.25, 0.0)",0.0627993781124534,0.09365830683777814,0.6705158381864166,0.0601580065221875,29537802.744105242,-0.27973615529739937,-0.40566346146089727,0.062029129607902286,1.0,61.0,22476562.42402809,22516237.42394125,18326056.23401623,27406497.691991474,0.4426229508196721,0.04918032786885246,-0.41980056040235425,-0.12280015158605244,0.0,0.0,0.0
0.1,0.35000000000000003,0.15000000000000002,0.35000000000000003,0.05,"(0.1, 0.35, 0.15, 0.35, 0.05)",0.0626265915840496,0.09701656064951118,0.6455247554105613,0.0601580065221875,29478751.370226216,-0.2878017001568772,-0.4228401906146974,0.066208824875019,1.0,61.0,22411890.3412786,22350630.08188131,18320248.444069527,27236434.480302863,0.4426229508196721,0.04918032786885246,-0.43862279451665903,-0.1296987422572337,0.0,0.0,0.0
0.2,0.35000000000000003,0.15000000000000002,0.30000000000000004,0.0,"(0.2, 0.35, 0.15, 0.3, 0.0)",0.06253321612069707,0.09483187494079173,0.6594113652159642,0.0601580065221875,29460753.981288753,-0.2820783530837935,-0.41149859914510717,0.06308240750440679,1.0,61.0,22426493.21408812,22411195.059447013,18365099.62655946,27251363.579837207,0.4426229508196721,0.04918032786885246,-0.426635539593192,-0.1277302417644608,0.0,0.0,0.0
0.15000000000000002,0.35000000000000003,0.15000000000000002,0.35000000000000003,0.0,"(0.15, 0.35, 0.15, 0.35, 0.0)",0.06225927549101562,0.0960686433089666,0.6480707267904618,0.0601580065221875,29381835.50664172,-0.28442547837480414,-0.41738579766828876,0.06413568540091127,1.0,61.0,22375950.521220516,22251782.824581906,18403452.780511495,27096311.70417746,0.4426229508196721,0.04918032786885246,-0.4335491629301465,-0.13263019217636043,0.0,0.0,0.0
0.0,0.35000000000000003,0.05,0.25,0.35000000000000003,"(0.0, 0.35, 0.05, 0.25, 0.35)",0.06191124165045703,0.084152448971859,0.7357033860198229,0.0601580065221875,29384469.23719397,-0.23910677690943594,-0.318906138226631,0.06381958115816318,1.0,61.0,22928821.21505669,22895687.75309053,17854814.42964824,28295974.09087718,0.4426229508196721,0.04918032786885246,-0.32767185601311427,-0.08203380048268516,0.0,0.0,0.0
0.35000000000000003,0.05,0.25,0.25,0.1,"(0.35, 0.05, 0.25, 0.25, 0.1)",0.05821668151298831,0.07545638593689007,0.7715275624475225,0.0601580065221875,28115248.68088244,-0.21404686693865893,-0.3404113325313704,0.05247930879901097,0.0,61.0,22663285.505742107,22474147.84829534,18070398.901682116,26525309.858964045,0.4426229508196721,0.04918032786885246,-0.33959109759558925,-0.13284910502399877,0.0,0.0,0.0
0.30000000000000004,0.1,0.25,0.30000000000000004,0.05,"(0.3, 0.1, 0.25, 0.3, 0.05)",0.05918097923965937,0.08089433225260761,0.7315837536659027,0.0601580065221875,28381038.83368668,-0.2308769173386963,-0.36650145541243295,0.055395455456601045,0.0,61.0,22554419.32888367,22369463.60504316,18048955.924504317,26717592.36145251,0.4426229508196721,0.03278688524590164,-0.36690900753704914,-0.14124253685592053,0.0,0.0,0.0
0.35000000000000003,0.1,0.25,0.30000000000000004,0.0,"(0.35, 0.1, 0.25, 0.3, 0.0)",0.058810228200526504,0.07979033856171559,0.737059514480421,0.0601580065221875,28286323.92155366,-0.22469069880550852,-0.3550836966067917,0.05482845977962005,0.0,61.0,22520551.214729622,22299100.979827203,18050061.38537563,26757929.561433032,0.4426229508196721,0.03278688524590164,-0.35557202768837415,-0.1369601931211315,0.0,0.0,0.0
0.2,0.1,0.25,0.35000000000000003,0.1,"(0.2, 0.1, 0.25, 0.35, 0.1)",0.05928555319208173,0.08333968638314902,0.7113724056930103,0.0601580065221875,28401935.23892325,-0.24000517962625345,-0.3852361011164188,0.05672196596239789,0.0,61.0,22544264.55415983,22398338.335271187,17880817.261688083,26741415.14419447,0.4426229508196721,0.01639344262295082,-0.3854275352351986,-0.14623811350328578,0.0,0.0,0.0
0.25,0.1,0.25,0.35000000000000003,0.05,"(0.25, 0.1, 0.25, 0.35, 0.05)",0.058923448766216246,0.0821712393227441,0.717081174044151,0.0601580065221875,28309382.61948955,-0.23386166858327606,-0.37369770942278496,0.05615497028541689,0.0,61.0,22511699.51723007,22329285.33884795,17883038.14076792,26783248.583046608,0.4426229508196721,0.01639344262295082,-0.3739798011588326,-0.14195825193021508,0.0,0.0,0.0
0.1,0.05,0.25,0.35000000000000003,0.25,"(0.1, 0.05, 0.25, 0.35, 0.25)",0.05877673707267839,0.08192516762301717,0.7174442088802617,0.0601580065221875,28245999.92653852,-0.23876368824029237,-0.3899524017051063,0.05569932548758565,0.0,61.0,22674846.056100484,22353042.422694497,17732764.40056574,26528839.427861325,0.4426229508196721,0.01639344262295082,-0.38844757539401764,-0.14256724057826958,0.0,0.0,0.0
0.30000000000000004,0.1,0.25,0.35000000000000003,0.0,"(0.3, 0.1, 0.25, 0.35, 0.0)",0.05855250503791498,0.08108685990179317,0.7220960968130934,0.0601580065221875,28214837.610287722,-0.22770016461199283,-0.3622215858234037,0.0555879746084359,0.0,61.0,22478099.98697988,22259012.36478252,17884107.29181464,26823544.98572509,0.4426229508196721,0.01639344262295082,-0.36258966542057963,-0.1415041422148734,0.0,0.0,0.0
0.25,0.05,0.25,0.30000000000000004,0.15000000000000002,"(0.25, 0.05, 0.25, 0.3, 0.15)",0.05833444356109285,0.07791476872091353,0.7486955877395165,0.0601580065221875,28139372.591002952,-0.22334214219820603,-0.35916109258358925,0.053805819304807816,0.0,61.0,22654989.920414053,22442302.920439478,17903779.952370826,26550736.65765992,0.4426229508196721,0.01639344262295082,-0.3580779214700452,-0.13732254265015076,0.0,0.0,0.0
0.35000000000000003,0.05,0.25,0.35000000000000003,0.0,"(0.35, 0.05, 0.25, 0.35, 0.0)",0.056985052111094614,0.0755517104851503,0.7542523093808052,0.0601580065221875,27792988.717930432,-0.20759099793169677,-0.3315936105986372,0.05286434710268067,0.0,61.0,22513208.913375963,22530858.562025804,17742444.187740345,26738257.99380039,0.4426229508196721,0.01639344262295082,-0.3307303752934573,-0.14516508100388303,0.0,0.0,0.0
0.0,0.35000000000000003,0.35000000000000003,0.0,0.30000000000000004,"(0.0, 0.35, 0.35, 0.0, 0.3)",0.07088549029640867,0.13809548804907018,0.5133077937435622,0.0601580065221875,31622920.519797914,-0.4118402127477955,-0.7029414713735069,0.09944892323132716,1.0,61.0,22351626.279778134,21737040.895747557,17223745.293850556,29882758.493135143,0.4426229508196721,0.0,-0.7157955105365902,-0.19650580109798121,0.0,0.0,0.0
0.05,0.35000000000000003,0.35000000000000003,0.0,0.25,"(0.05, 0.35, 0.35, 0.0, 0.25)",0.07061518104919906,0.13683887771934725,0.5160461867717802,0.0601580065221875,31546854.203225408,-0.4086749866557364,-0.6967656852158414,0.09744597209281614,1.0,61.0,22333042.178234454,21784384.80702057,17314138.056765802,29734966.624266203,0.4426229508196721,0.0,-0.7096781934998888,-0.1948486865742873,0.0,0.0,0.0
0.1,0.35000000000000003,0.35000000000000003,0.0,0.2,"(0.1, 0.35, 0.35, 0.0, 0.2)",0.0703353093748762,0.13563093350328806,0.5185786719750851,0.0601580065221875,31468243.829274803,-0.40552333826042974,-0.6906202478064876,0.0954430209543051,1.0,61.0,22313311.92883876,21762460.654921565,17403978.11079912,29586934.969446175,0.4426229508196721,0.0,-0.7035909171551774,-0.1972511535489319,0.0,0.0,0.0
0.0,0.30000000000000004,0.35000000000000003,0.0,0.35000000000000003,"(0.0, 0.3, 0.35, 0.0, 0.35)",0.07017821253466994,0.13212361503811443,0.5311557098587201,0.0601580065221875,31397042.873078953,-0.3919718506201578,-0.6659603257467761,0.09565504779334057,1.0,61.0,22470429.318139408,22009509.800136745,17696136.79635553,28929117.11837352,0.4426229508196721,0.0,-0.6754673845455378,-0.18755829655864525,0.0,0.0,0.0
0.05,0.30000000000000004,0.35000000000000003,0.0,0.30000000000000004,"(0.05, 0.3, 0.35, 0.0, 0.3)",0.06991091653302295,0.13078157597597564,0.5345624260244842,0.0601580065221875,31322313.868271057,-0.3869883091369912,-0.6549347189009711,0.09365209665482953,1.0,61.0,22452000.205413084,22075374.463249717,17789087.976066854,28786714.79376835,0.4426229508196721,0.0,-0.664497305905535,-0.18596569543163002,0.0,0.0,0.0
0.0,0.30000000000000004,0.35000000000000003,0.05,0.30000000000000004,"(0.0, 0.3, 0.35, 0.05, 0.3)",0.06963461398009496,0.13170608053569094,0.5287122181213549,0.0601580065221875,31238673.24297974,-0.3889895104002975,-0.6622533537195675,0.09458290905271328,1.0,61.0,22405579.293552257,22142466.73653338,17827071.523196604,28621613.480294935,0.4426229508196721,0.0,-0.6716367451993129,-0.18753594998053855,0.0,0.0,0.0
0.1,0.30000000000000004,0.35000000000000003,0.0,0.25,"(0.1, 0.3, 0.35, 0.0, 0.25)",0.0696341001093086,0.12948879723853804,0.5377615793359483,0.0601580065221875,31245064.280124217,-0.38372593163990676,-0.6486975153723598,0.09164914551631849,1.0,61.0,22432423.92230651,22140044.031373095,17881479.430394955,28644072.496979125,0.4426229508196721,0.0,-0.6583281967391756,-0.18438092157866703,0.0,0.0,0.0
0.05,0.30000000000000004,0.35000000000000003,0.05,0.25,"(0.05, 0.3, 0.35, 0.05, 0.25)",0.06935748463392488,0.1304238505231948,0.531785285863725,0.0601580065221875,31161526.153665826,-0.385721239161521,-0.6559448323190957,0.09257995791420225,1.0,61.0,22386235.527656917,22207175.384116217,17919583.038278762,28479839.26653628,0.4426229508196721,0.0,-0.6654493500844435,-0.18594175035088156,0.0,0.0,0.0
0.15000000000000002,0.30000000000000004,0.35000000000000003,0.0,0.2,"(0.15, 0.3, 0.35, 0.0, 0.2)",0.06934779813853664,0.12824676852579892,0.5407371970123849,0.0601580065221875,31165322.03664862,-0.3804776710492995,-0.6424918986343301,0.08964619437780745,1.0,61.0,22411707.549797967,22203512.047987573,17973302.35347945,28501201.311063807,0.4426229508196721,0.0,-0.6521901007825354,-0.1828039939308094,0.0,0.0,0.0
0.0,0.35000000000000003,0.30000000000000004,0.1,0.25,"(0.0, 0.35, 0.3, 0.1, 0.25)",0.06911120417978012,0.12761945186385684,0.5415413024458627,0.0601580065221875,31152002.79983721,-0.3835785085870559,-0.6320538819389386,0.09169753967141217,1.0,61.0,22396465.77231809,21928125.562248696,17508515.83353186,29218834.554178696,0.4426229508196721,0.0,-0.6439508436357958,-0.1754415201572453,0.0,0.0,0.0
0.05,0.25,0.35000000000000003,0.0,0.35000000000000003,"(0.05, 0.25, 0.35, 0.0, 0.35)",0.06910999862435974,0.1251600940509861,0.5521727923614902,0.0601580065221875,31072242.399532553,-0.3749334932844355,-0.6400615245259756,0.08985822121684292,1.0,61.0,22562122.436387576,22446945.89680682,18056732.536453754,27857447.736866146,0.4426229508196721,0.0,-0.6468583224227278,-0.17711793592459832,0.0,0.0,0.0
0.1,0.30000000000000004,0.35000000000000003,0.05,0.2,"(0.1, 0.3, 0.35, 0.05, 0.2)",0.06907087727234407,0.12919220933176548,0.5346365514577595,0.0601580065221875,31081894.97674991,-0.3824851249192952,-0.6497183629062108,0.09057700677569121,1.0,61.0,22365754.09068558,22270678.830822565,18011524.952176396,28337836.886346504,0.4426229508196721,0.0,-0.6592930173543977,-0.1872345028267623,0.0,0.0,0.0
0.2,0.30000000000000004,0.35000000000000003,0.0,0.15000000000000002,"(0.2, 0.3, 0.35, 0.0, 0.15)",0.0690520451971719,0.12705697814697062,0.5434730638509073,0.0601580065221875,31083115.45244947,-0.37724376542956817,-0.6363183231523282,0.08764324323929644,1.0,61.0,22389858.256925154,22265772.210092958,18064547.994098444,28358112.26740741,0.4426229508196721,0.0,-0.6460834470886708,-0.18498273111865254,0.0,0.0,0.0
0.05,0.35000000000000003,0.30000000000000004,0.1,0.2,"(0.05, 0.35, 0.3, 0.1, 0.2)",0.06881782401715242,0.1264035375090677,0.5444295735174002,0.0601580065221875,31070560.750611186,-0.38035816289060975,-0.626042135740054,0.08969458853290112,1.0,61.0,22373715.6599295,21874040.725455154,17597388.180045877,29073129.006736714,0.4426229508196721,0.0,-0.638405529510047,-0.17837984774356833,0.0,0.0,0.0
0.15000000000000002,0.35000000000000003,0.30000000000000004,0.05,0.15000000000000002,"(0.15, 0.35, 0.3, 0.05, 0.15)",0.06879450506970342,0.12425158562744462,0.5536710434905558,0.0601580065221875,31070735.4049586,-0.3751219093664889,-0.6130883484391676,0.08676082499650635,1.0,61.0,22397871.595889278,21860042.43737144,17648537.22808826,29094240.356427386,0.4426229508196721,0.0,-0.6251678765667139,-0.17615905098331366,0.0,0.0,0.0
0.25,0.30000000000000004,0.35000000000000003,0.0,0.1,"(0.25, 0.3, 0.35, 0.0, 0.1)",0.06874687556868908,0.125920906865671,0.545952830867287,0.0601580065221875,30998473.217571262,-0.37402445187134326,-0.6301772383580648,0.08564029210078539,1.0,61.0,22366883.299138237,22326818.36892233,18155207.656788204,28214816.344854977,0.4426229508196721,0.0,-0.6400086606802826,-0.18783469248447174,0.0,0.0,0.0
0.0,0.35000000000000003,0.30000000000000004,0.15000000000000002,0.2,"(0.0, 0.35, 0.3, 0.15, 0.2)",0.06853078276735425,0.12743339989433766,0.5377772454017318,0.0601580065221875,30984405.017812688,-0.3823811384379501,-0.6330890074662775,0.09062540093078487,1.0,61.0,22324957.183961224,21821515.655285753,17633756.198598247,28905309.643195417,0.4426229508196721,0.0,-0.6468027038789224,-0.1835104842392475,0.0,0.0,0.0
0.1,0.35000000000000003,0.30000000000000004,0.1,0.15000000000000002,"(0.1, 0.35, 0.3, 0.1, 0.15)",0.06851504242613249,0.12524113192990788,0.5470650206553342,0.0601580065221875,30986686.576811638,-0.37715223495735806,-0.6200618010485027,0.0876916373943901,1.0,61.0,22349845.04284738,21818604.548080172,17685691.65682306,28927200.560101777,0.4426229508196721,0.0,-0.6331231807186991,-0.18128008837009366,0.0,0.0,0.0
0.2,0.35000000000000003,0.30000000000000004,0.05,0.1,"(0.2, 0.35, 0.3, 0.05, 0.1)",0.06848263122123521,0.12313382660754268,0.5561642410375659,0.0601580065221875,30984319.32987213,-0.3719187293901606,-0.6071600709547649,0.0847578738579953,1.0,61.0,22372638.74149328,21831132.68989289,17736150.35971406,28947206.593499,0.4426229508196721,0.0,-0.6195924102153517,-0.17906447661358968,0.0,0.0,0.0
0.30000000000000004,0.35000000000000003,0.30000000000000004,0.0,0.05,"(0.3, 0.35, 0.3, 0.0, 0.05)",0.06843356861099648,0.12111591882335518,0.5650253845723227,0.0601580065221875,30977310.952570558,-0.36668111778696544,-0.5943844527136841,0.08182411032160053,1.0,61.0,22393335.269874766,21848207.650372498,17785122.29075445,28965324.555387132,0.4426229508196721,0.0,-0.6066308909153659,-0.17686389085533863,0.0,0.0,0.0
0.05,0.35000000000000003,0.30000000000000004,0.15000000000000002,0.15000000000000002,"(0.05, 0.35, 0.3, 0.15, 0.15)",0.06822772354851958,0.12628190440679893,0.5402810788213473,0.0601580065221875,30900667.860222884,-0.37918717349915687,-0.6270885193910849,0.08862244979227384,1.0,61.0,22301333.06642915,21837377.8916753,17722170.685034007,28760273.075722266,0.4426229508196721,0.0,-0.6414986087011558,-0.18636748758576582,0.0,0.0,0.0
0.15000000000000002,0.35000000000000003,0.30000000000000004,0.1,0.1,"(0.15, 0.35, 0.3, 0.1, 0.1)",0.06820289318588535,0.1241337383263156,0.5494307519088607,0.0601580065221875,30900409.05663275,-0.37396095977436217,-0.6141133096991618,0.08568868625587907,1.0,61.0,22324861.358914994,21857213.026806735,17773417.851358823,28781060.413004633,0.4426229508196721,0.0,-0.6278616625611906,-0.1841422754853428,0.0,0.0,0.0
0.25,0.35000000000000003,0.30000000000000004,0.05,0.05,"(0.25, 0.35, 0.3, 0.05, 0.05)",0.06816141625604799,0.12207284305119574,0.5583667468731107,0.0601580065221875,30895520.830220032,-0.3687304995589413,-0.6012640288601627,0.08275492271948427,1.0,61.0,22346298.076903805,21875086.28343464,17823178.94474226,28799971.712872386,0.4426229508196721,0.0,-0.6143738733936196,-0.18193168747777927,0.0,0.0,0.0
0.35000000000000003,0.35000000000000003,0.30000000000000004,0.0,0.0,"(0.35, 0.35, 0.3, 0.0, 0.0)",0.06810331229464905,0.12010371118252307,0.5670375346782717,0.0601580065221875,30886011.909608807,-0.3634962905386704,-0.5885412979479184,0.07982115918308949,1.0,61.0,22365640.559043784,21890996.618590496,17871444.123247504,28817003.981317315,0.4426229508196721,0.0,-0.6010353109771616,-0.1797359631064259,0.0,0.0,0.0
0.0,0.35000000000000003,0.30000000000000004,0.2,0.15000000000000002,"(0.0, 0.35, 0.3, 0.2, 0.15)",0.0679325560975037,0.12737264734433426,0.5333370822846877,0.0601580065221875,30812697.1111117,-0.38122663986209315,-0.6341684602797878,0.08955326219015759,1.0,61.0,22252338.435612984,21861748.6695123,17757969.997797478,28593467.188059542,0.4426229508196721,0.0,-0.6499588540943886,-0.1914210441700872,0.0,0.0,0.0
0.1,0.35000000000000003,0.30000000000000004,0.15000000000000002,0.1,"(0.1, 0.35, 0.3, 0.15, 0.1)",0.06791530376581956,0.12518516039886252,0.5425188061382766,0.0601580065221875,30814535.791473623,-0.37600779870425605,-0.6211199066713945,0.08661949865376282,1.0,61.0,22276598.227349542,21882384.59109151,17810006.832638416,28615025.43757591,0.4426229508196721,0.0,-0.6362154129853205,-0.18918663393231647,0.0,0.0,0.0
0.0,0.30000000000000004,0.35000000000000003,0.2,0.15000000000000002,"(0.0, 0.3, 0.35, 0.2, 0.15)",0.06789605783181285,0.13117871571915343,0.5175844073452789,0.0601580065221875,30738093.994069323,-0.38534934035383805,-0.6654703440115793,0.09136649283083144,1.0,61.0,22204022.172097888,22405493.21847286,17526901.00486663,27783763.84180999,0.4426229508196721,0.0,-0.6758741931468184,-0.2051750891786967,0.0,0.0,0.0
0.1,0.30000000000000004,0.35000000000000003,0.15000000000000002,0.1,"(0.1, 0.3, 0.35, 0.15, 0.1)",0.06789079791368602,0.12896938605857944,0.5264101814274684,0.0601580065221875,30743041.258047983,-0.3801329151146009,-0.6518968729398925,0.08843272929443666,1.0,61.0,22228964.12232966,22428195.846522633,17705655.601908345,27775721.708072256,0.4426229508196721,0.0,-0.661693656868552,-0.20290087207712273,0.0,0.0,0.0
0.2,0.35000000000000003,0.30000000000000004,0.1,0.05,"(0.2, 0.35, 0.3, 0.1, 0.05)",0.06788140979841617,0.12308284155864742,0.551509933787737,0.0601580065221875,30811757.323387116,-0.3707845713223098,-0.6081970885468672,0.08368573511736802,1.0,61.0,22298772.128395338,21901057.600683868,17860558.407572,28634719.709794313,0.4426229508196721,0.0,-0.622621443780975,-0.18696644561699427,0.0,0.0,0.0
0.2,0.30000000000000004,0.35000000000000003,0.1,0.05,"(0.2, 0.3, 0.35, 0.1, 0.05)",0.06786888971004301,0.12684194114095187,0.5350666278011653,0.0601580065221875,30743374.25278436,-0.374911624710795,-0.6384524310464125,0.08549896575804186,1.0,61.0,22251822.736308306,22448888.13599769,17884468.277416855,27765051.73678618,0.4426229508196721,0.0,-0.6481146265528658,-0.2006402509245264,0.0,0.0,0.0
0.30000000000000004,0.35000000000000003,0.30000000000000004,0.05,0.0,"(0.3, 0.35, 0.3, 0.05, 0.0)",0.06783089352213434,0.12107012760252071,0.5602611880019368,0.0601580065221875,30804369.48161616,-0.36555745351338176,-0.595400642668012,0.08075197158097325,1.0,61.0,22318857.270760287,21917766.458738185,17909614.7005332,28652546.865405735,0.4426229508196721,0.0,-0.6091770291168899,-0.1847607225998961,0.0,0.0,0.0
0.30000000000000004,0.30000000000000004,0.35000000000000003,0.05,0.0,"(0.3, 0.3, 0.35, 0.05, 0.0)",0.0678303523155841,0.12480056864437714,0.5435099619527269,0.0601580065221875,30739099.346356243,-0.3696859610136155,-0.6251377038873562,0.08256520222164708,1.0,61.0,22272594.949993826,22467568.43354056,18063305.596627228,27767764.317344964,0.4426229508196721,0.0,-0.6349868491770548,-0.19839347478152086,0.0,0.0,0.0
0.0,0.30000000000000004,0.30000000000000004,0.15000000000000002,0.25,"(0.0, 0.3, 0.3, 0.15, 0.25)",0.06780121005702466,0.12108505577507893,0.5599469696984617,0.0601580065221875,30756085.113717627,-0.35979731248560587,-0.591359169439784,0.08683152549279828,1.0,61.0,22440573.055206105,22152639.39297476,18116910.65493806,27977743.150147352,0.4426229508196721,0.0,-0.6000984044557156,-0.16583695085137667,0.0,0.0,0.0
0.1,0.30000000000000004,0.30000000000000004,0.1,0.2,"(0.1, 0.3, 0.3, 0.1, 0.2)",0.0677791370513523,0.11881789958800275,0.5704455076749739,0.0601580065221875,30756549.242214188,-0.3543904313419818,-0.5783870343513187,0.0838977619564035,1.0,61.0,22464415.256177347,22173093.338384576,18169562.624441575,27998318.219527118,0.4426229508196721,0.0,-0.5872901947314716,-0.16365780560823012,0.0,0.0,0.0
0.0,0.25,0.35000000000000003,0.15000000000000002,0.25,"(0.0, 0.25, 0.35, 0.15, 0.25)",0.06772742178150071,0.12536549080936243,0.5402397529356041,0.0601580065221875,30671779.59870601,-0.37135294703883803,-0.640759553043174,0.0886447561334721,1.0,61.0,22386424.19963267,22656141.40881467,17590391.167093825,27598176.500582494,0.4426229508196721,0.0,-0.6471995236171316,-0.18368519800587993,0.0,0.0,0.0
0.1,0.25,0.35000000000000003,0.1,0.2,"(0.1, 0.25, 0.35, 0.1, 0.2)",0.06771731409275228,0.12308664755504028,0.550159708123266,0.0601580065221875,30675343.346789885,-0.3634854056556548,-0.6203317962556121,0.08571099259707733,1.0,61.0,22410954.995900594,22687133.981043708,17769186.102774397,27589778.95943552,0.4426229508196721,0.0,-0.6269343282449674,-0.178450986571664,0.0,0.0,0.0
0.15000000000000002,0.35000000000000003,0.30000000000000004,0.15000000000000002,0.05,"(0.15, 0.35, 0.3, 0.15, 0.05)",0.0675935568018251,0.12414461896946341,0.544474318443488,0.0601580065221875,30726037.845864348,-0.372843247341047,-0.6151835974801507,0.08461654751525177,1.0,61.0,22250760.119248997,21926118.486178912,17897256.269555356,28469577.811019372,0.4426229508196721,0.0,-0.6309535874717542,-0.19196796038532216,0.0,0.0,0.0
0.05,0.30000000000000004,0.35000000000000003,0.2,0.1,"(0.05, 0.3, 0.35, 0.2, 0.1)",0.06758975467081663,0.13008420006502477,0.519584658529097,0.0601580065221875,30654004.268928405,-0.3821780857714985,-0.6592467003224107,0.0893635416923204,1.0,61.0,22182003.316215497,22452509.388869878,17539470.74213499,27840591.43297112,0.4426229508196721,0.0,-0.6704110291360319,-0.20785554514996604,0.0,0.0,0.0
0.15000000000000002,0.30000000000000004,0.35000000000000003,0.15000000000000002,0.05,"(0.15, 0.3, 0.35, 0.15, 0.05)",0.06757540957454,0.1279184978060706,0.5282692552955629,0.0601580065221875,30656421.85873674,-0.3769642934544283,-0.6457267568000223,0.08642977815592562,1.0,61.0,22205595.174109105,22474021.64712753,17717197.51641048,27830931.076585352,0.4426229508196721,0.0,-0.6562740766743409,-0.20558617065688659,0.0,0.0,0.0
0.25,0.35000000000000003,0.30000000000000004,0.1,0.0,"(0.25, 0.35, 0.3, 0.1, 0.0)",0.06755062549360136,0.12208990053620036,0.5532859409085373,0.0601580065221875,30720760.854341395,-0.3676233025555071,-0.6023135594216447,0.081682783978857,1.0,61.0,22271584.952311907,21943627.355336163,17947105.026870638,28488189.539579578,0.4426229508196721,0.0,-0.6174029910122147,-0.1897526383512939,0.0,0.0,0.0
0.25,0.30000000000000004,0.35000000000000003,0.1,0.0,"(0.25, 0.3, 0.35, 0.1, 0.0)",0.06754444024999473,0.1258368525704746,0.5367619967462762,0.0601580065221875,30654244.08122276,-0.3717459895938433,-0.6323363196349497,0.08349601461953084,1.0,61.0,22227106.10391381,22493520.932171028,17894961.081178233,27818643.127894815,0.4426229508196721,0.0,-0.6422902116317325,-0.2033302431234438,0.0,0.0,0.0
0.05,0.30000000000000004,0.30000000000000004,0.15000000000000002,0.2,"(0.05, 0.3, 0.3, 0.15, 0.2)",0.06750138262989536,0.11984195856240067,0.5632533333035272,0.0601580065221875,30673792.376295768,-0.3564906003248317,-0.5852677255408234,0.08482857435428724,1.0,61.0,22417107.03507764,22199740.32146382,18207865.695899285,27838009.746755783,0.4426229508196721,0.0,-0.5940650195337921,-0.16876092613649327,0.0,0.0,0.0
0.15000000000000002,0.30000000000000004,0.30000000000000004,0.1,0.15000000000000002,"(0.15, 0.3, 0.3, 0.1, 0.15)",0.06747025740400892,0.11761884821033898,0.5736347399300422,0.0601580065221875,30671747.175290827,-0.35108638924318214,-0.5723486724458964,0.08189481081789246,1.0,61.0,22439588.85452047,22219020.136452675,18259813.497938313,27857519.009320807,0.4426229508196721,0.0,-0.5813065034086591,-0.1665870439677222,0.0,0.0,0.0
0.05,0.25,0.35000000000000003,0.15000000000000002,0.2,"(0.05, 0.25, 0.35, 0.15, 0.2)",0.06743396140870228,0.12412287497291134,0.5432839146162148,0.0601580065221875,30591389.673307616,-0.36594417048584094,-0.62860177586399,0.08664180499496107,1.0,61.0,22365446.038074378,22639396.601237547,17603906.28561672,27656687.564052746,0.4426229508196721,0.0,-0.635071432595083,-0.18622148625644794,0.0,0.0,0.0
0.25,0.30000000000000004,0.30000000000000004,0.05,0.1,"(0.25, 0.3, 0.3, 0.05, 0.1)",0.06742253493010719,0.1154851517990895,0.5838199446401798,0.0601580065221875,30665116.26078511,-0.3456777239118435,-0.5595580516306439,0.07896104728149768,1.0,61.0,22459970.4425607,22236312.220139742,18310237.669083085,27875211.074128874,0.4426229508196721,0.0,-0.5686668509101271,-0.1644286345476063,0.0,0.0,0.0
0.15000000000000002,0.25,0.35000000000000003,0.1,0.15000000000000002,"(0.15, 0.25, 0.35, 0.1, 0.15)",0.06741477799680573,0.12188642460836736,0.5530950490459935,0.0601580065221875,30592433.726096094,-0.35803685838602994,-0.6082928990558506,0.08370804145856628,1.0,61.0,22388618.46086375,22668944.81824565,17781678.6296459,27646684.230259936,0.4426229508196721,0.0,-0.614917231742796,-0.1810276398914742,0.0,0.0,0.0
0.25,0.25,0.35000000000000003,0.05,0.1,"(0.25, 0.25, 0.35, 0.05, 0.1)",0.06737899078412246,0.11973571449471056,0.5627309367841038,0.0601580065221875,30588895.38138813,-0.3500656693691603,-0.5882225325944701,0.08077427792217151,1.0,61.0,22409693.49629659,22696039.465646096,17959476.853161737,27634077.329259384,0.4426229508196721,0.0,-0.5950117844084538,-0.17808617551496977,0.0,0.0,0.0
0.0,0.30000000000000004,0.35000000000000003,0.25,0.1,"(0.0, 0.3, 0.35, 0.25, 0.1)",0.06728088230410911,0.13124629263396664,0.5126307262007702,0.0601580065221875,30563051.176546454,-0.3842276229163265,-0.6666514133901853,0.09029435409020416,1.0,61.0,22134552.99014455,22475078.951437183,17374225.201817844,27904410.583022133,0.4426229508196721,0.0,-0.6792158777560776,-0.21277619674651324,0.0,0.0,0.0
0.1,0.30000000000000004,0.35000000000000003,0.2,0.05,"(0.1, 0.3, 0.35, 0.2, 0.05)",0.0672740974113395,0.12904379019112697,0.5213276618092177,0.0601580065221875,30567541.82342328,-0.37902140819809893,-0.6530561229558459,0.08736059055380938,1.0,61.0,22158875.087337997,22498217.567225873,17550864.442596193,27895765.6854785,0.4426229508196721,0.0,-0.6649695285180935,-0.21049846455968668,0.0,0.0,0.0
0.2,0.30000000000000004,0.35000000000000003,0.15000000000000002,0.0,"(0.2, 0.3, 0.35, 0.15, 0.0)",0.06725069334642231,0.12692335739768223,0.5298527767092488,0.0601580065221875,30567450.19423846,-0.3738105444102541,-0.6395901197404712,0.08442682701741458,1.0,61.0,22181121.817253336,22518537.177929018,17727552.431340206,27884486.02204823,0.4426229508196721,0.0,-0.650876573232153,-0.2082337810821707,0.0,0.0,0.0
0.0,0.30000000000000004,0.30000000000000004,0.2,0.2,"(0.0, 0.3, 0.3, 0.2, 0.2)",0.06721579265292665,0.12091894168827534,0.5558748010399109,0.0601580065221875,30589086.032124765,-0.35859544210656225,-0.5922027851098414,0.085759386752171,1.0,61.0,22369307.916330684,22225466.499539558,18175522.02165525,27677805.190265823,0.4426229508196721,0.0,-0.6013707498530199,-0.17383108977468104,0.0,0.0,0.0
0.1,0.30000000000000004,0.30000000000000004,0.15000000000000002,0.15000000000000002,"(0.1, 0.3, 0.3, 0.15, 0.15)",0.06719223375858951,0.11865477809002738,0.5662834218745789,0.0601580065221875,30589126.098239172,-0.3531988035585767,-0.5792089622018292,0.0828256232157762,1.0,61.0,22392529.269296363,22245558.903569233,18298234.79708522,27698064.41692206,0.4426229508196721,0.0,-0.5880635689621801,-0.17164723280657912,0.0,0.0,0.0
0.2,0.30000000000000004,0.30000000000000004,0.1,0.1,"(0.2, 0.3, 0.3, 0.1, 0.1)",0.06715208240144177,0.1164776831742979,0.5765231636772428,0.0601580065221875,30584591.990535896,-0.3477975670676522,-0.5663433922673451,0.07989185967938142,1.0,61.0,22413655.910191897,22263662.389696524,18349470.977528904,27716518.022506632,0.4426229508196721,0.0,-0.5753551094411384,-0.16947845217014457,0.0,0.0,0.0
0.0,0.25,0.35000000000000003,0.2,0.2,"(0.0, 0.25, 0.35, 0.2, 0.2)",0.0671427800566966,0.12521001171678003,0.536241304797342,0.0601580065221875,30505497.61420438,-0.3684009565385751,-0.6369302250772932,0.08757261739284482,1.0,61.0,22319437.33084554,22590631.723968584,17439540.89339809,27722567.03892716,0.4426229508196721,0.0,-0.6432624171107941,-0.1939279975166356,0.0,0.0,0.0
0.1,0.25,0.35000000000000003,0.15000000000000002,0.15000000000000002,"(0.1, 0.25, 0.35, 0.15, 0.15)",0.06713114594071468,0.12293423822805805,0.5460736317914802,0.0601580065221875,30508612.146950565,-0.3605177526757246,-0.6165019946854328,0.08463885385645005,1.0,61.0,22343348.264639925,22621184.869322862,17616241.656832118,27713567.557552215,0.4426229508196721,0.0,-0.6229980358812514,-0.18873711857867323,0.0,0.0,0.0
0.2,0.25,0.35000000000000003,0.1,0.1,"(0.2, 0.25, 0.35, 0.1, 0.1)",0.0671029129557803,0.12074201933373088,0.555754436823753,0.0601580065221875,30507156.458920754,-0.3525707873443431,-0.5963123213563994,0.08170509032005527,1.0,61.0,22365167.23643278,22649292.523609545,17792980.357588142,27701957.16967839,0.4426229508196721,0.0,-0.6029550841301057,-0.18358319044001442,0.0,0.0,0.0
0.30000000000000004,0.30000000000000004,0.30000000000000004,0.05,0.05,"(0.3, 0.3, 0.3, 0.05, 0.05)",0.067095357820953,0.1143926282641848,0.5865356783830439,0.0601580065221875,30575492.132679466,-0.34239224191201045,-0.5536067037324868,0.07695809614298664,1.0,61.0,22432685.2423661,22279775.892617747,18399174.13494289,27733163.076122962,0.4426229508196721,0.0,-0.5627659165475669,-0.16732497968436613,0.0,0.0,0.0
0.30000000000000004,0.25,0.35000000000000003,0.05,0.05,"(0.3, 0.25, 0.35, 0.05, 0.05)",0.06705810010877666,0.11863798694490113,0.5652329564553414,0.0601580065221875,30501137.58393908,-0.3467701539864534,-0.5820209624268127,0.07882309343311711,1.0,61.0,22384891.452273924,22674948.11742096,17969723.810889747,27687743.609860275,0.4426229508196721,0.0,-0.5889033425025934,-0.18088704356853644,0.0,0.0,0.0
0.0,0.25,0.30000000000000004,0.15000000000000002,0.30000000000000004,"(0.0, 0.25, 0.3, 0.15, 0.3)",0.06697519603024715,0.11517897561751517,0.5814880334815401,0.0601580065221875,30502829.595730495,-0.34416290916986036,-0.5679265712427712,0.08303765005481167,1.0,61.0,22547310.292779434,22508690.037250236,18231522.28422273,27069009.51152748,0.4426229508196721,0.0,-0.5740499893263034,-0.15687606563095582,0.0,0.0,0.0
0.05,0.30000000000000004,0.35000000000000003,0.25,0.05,"(0.05, 0.3, 0.35, 0.25, 0.05)",0.06696496099351168,0.13021655482385655,0.514258429614383,0.0601580065221875,30476752.52091674,-0.38108288376898214,-0.6604404736879731,0.08829140295169312,1.0,61.0,22111665.081801478,22455424.831392586,17385472.623186707,27959547.431332026,0.4426229508196721,0.0,-0.6737525390330706,-0.21537693915836245,0.0,0.0,0.0
0.05,0.30000000000000004,0.30000000000000004,0.2,0.15000000000000002,"(0.05, 0.3, 0.3, 0.2, 0.15)",0.06690637932016963,0.11974394736367029,0.5587453962660053,0.0601580065221875,30504562.291666925,-0.35531588625840216,-0.5861237170983772,0.08375643561365996,1.0,61.0,22344978.4460559,22271175.13149719,18187988.089502282,27538712.703129534,0.4426229508196721,0.0,-0.595964910748864,-0.17667465805640112,0.0,0.0,0.0
0.15000000000000002,0.30000000000000004,0.30000000000000004,0.15000000000000002,0.1,"(0.15, 0.3, 0.3, 0.15, 0.1)",0.06687379632433954,0.11752520889842491,0.5690166131262736,0.0601580065221875,30502114.72942268,-0.3499221621187617,-0.5731833175370794,0.08082267207726518,1.0,61.0,22366847.16702719,22290091.498346154,18370575.17329514,27557917.898530748,0.4426229508196721,0.0,-0.5824685544459837,-0.17449590461092443,0.0,0.0,0.0
0.05,0.25,0.35000000000000003,0.2,0.15000000000000002,"(0.05, 0.25, 0.35, 0.2, 0.15)",0.06683969001042489,0.12403324961875163,0.5388852603303873,0.0601580065221875,30422858.827751838,-0.3629966162930962,-0.6247695541458979,0.0855696662543338,1.0,61.0,22297577.93406178,22572399.00504399,17451721.088296045,27779419.406248108,0.4426229508196721,0.0,-0.6311327372924077,-0.19638303549864225,0.0,0.0,0.0
0.25,0.30000000000000004,0.30000000000000004,0.1,0.05,"(0.25, 0.3, 0.3, 0.1, 0.05)",0.06682464477611871,0.11539612182599886,0.5790891731775951,0.0601580065221875,30495112.575632017,-0.34452420442320064,-0.5603716254987222,0.0778889085408704,1.0,61.0,22386623.980088133,22307016.622037828,18438526.567147795,27575326.004170243,0.4426229508196721,0.0,-0.5694364234301716,-0.17233206643778665,0.0,0.0,0.0
0.15000000000000002,0.25,0.35000000000000003,0.15000000000000002,0.1,"(0.15, 0.25, 0.35, 0.15, 0.1)",0.06681900849635469,0.12180116090328601,0.5485909001262402,0.0601580065221875,30423475.18983775,-0.3550738640597003,-0.6044607417315898,0.082635902717939,1.0,61.0,22320137.97504378,22601514.21967223,17627398.363254752,27768811.55038923,0.4426229508196721,0.0,-0.6109798073212505,-0.19123177859254037,0.0,0.0,0.0
0.25,0.25,0.35000000000000003,0.1,0.05,"(0.25, 0.25, 0.35, 0.1, 0.05)",0.06678175193644043,0.11965503329683276,0.5581190368379441,0.0601580065221875,30419540.1607119,-0.3488958297079935,-0.5890671179455083,0.07970213918154423,1.0,61.0,22340608.567919753,22628185.318961002,17803092.577757943,27755593.07740048,0.4426229508196721,0.0,-0.5958205591073384,-0.186117323473855,0.0,0.0,0.0
0.35000000000000003,0.30000000000000004,0.30000000000000004,0.05,0.0,"(0.35, 0.3, 0.3, 0.05, 0.0)",0.06675894399504023,0.11336173758292742,0.5889019118660219,0.0601580065221875,30483565.28092088,-0.3391225241117608,-0.547689254664845,0.0749551450044756,1.0,61.0,22404306.63416674,22321949.716840763,18487501.44212256,27590934.27464426,0.4426229508196721,0.0,-0.5568980410521953,-0.17018337306681752,0.0,0.0,0.0
0.35000000000000003,0.25,0.35000000000000003,0.05,0.0,"(0.35, 0.25, 0.35, 0.05, 0.0)",0.06672793941757438,0.11759957312261606,0.5674165105004251,0.0601580065221875,30411061.809127007,-0.34349639657050346,-0.5758700630801117,0.07825609775613614,1.0,61.0,22358987.264588736,22652406.162110806,17978770.564842135,27739772.115534633,0.4426229508196721,0.0,-0.5828286547653754,-0.18365005148469285,0.0,0.0,0.0
0.0,0.30000000000000004,0.30000000000000004,0.25,0.15000000000000002,"(0.0, 0.3, 0.3, 0.25, 0.15)",0.06661270169660827,0.12088491698407278,0.5510422917805771,0.0601580065221875,30418073.28727111,-0.3574375499011826,-0.5930929049353699,0.08468724801154372,1.0,61.0,22296939.083501022,22295865.747746397,18017753.900181677,27379472.763371184,0.4426229508196721,0.0,-0.604183981695214,-0.18166911591296642,0.0,0.0,0.0
0.1,0.30000000000000004,0.30000000000000004,0.2,0.1,"(0.1, 0.3, 0.3, 0.2, 0.1)",0.0665876842142259,0.11862627210258964,0.5613232468153424,0.0601580065221875,30417701.611301225,-0.35205142125745625,-0.5800778032057348,0.08175348447514894,1.0,61.0,22319546.859814953,22315596.3796025,18199242.36293424,27399419.621311188,0.4426229508196721,0.0,-0.590580733594216,-0.1794807860880163,0.0,0.0,0.0
0.2,0.30000000000000004,0.30000000000000004,0.15000000000000002,0.05,"(0.2, 0.3, 0.3, 0.15, 0.05)",0.06654610294461172,0.11645492742321592,0.5714322649721165,0.0601580065221875,30412787.062315162,-0.3466609149084694,-0.5671912245758739,0.07881972093875414,1.0,61.0,22340068.218253724,22333334.63413215,18380752.11445958,27417580.87726754,0.4426229508196721,0.0,-0.577128492706415,-0.17730697833728046,0.0,0.0,0.0
0.30000000000000004,0.30000000000000004,0.30000000000000004,0.1,0.0,"(0.3, 0.3, 0.3, 0.1, 0.0)",0.06648797699960629,0.11437585505172287,0.5813113000951049,0.0601580065221875,30403338.150833823,-0.341266539862524,-0.5544337987034691,0.07588595740235936,1.0,61.0,22358500.699930552,22349079.52659298,18483160.098100338,27433953.64601998,0.4426229508196721,0.0,-0.5638273316839696,-0.17514792602794865,0.0,0.0,0.0
0.15000000000000002,0.30000000000000004,0.30000000000000004,0.2,0.05,"(0.15, 0.3, 0.3, 0.2, 0.05)",0.06625973983817213,0.11756755065571936,0.5635886727980308,0.0601580065221875,30328532.686683435,-0.3488022853012871,-0.5740654777976211,0.0797505333366379,1.0,61.0,22293020.580907058,22358726.776751097,18209286.15329514,27345273.773898598,0.4426229508196721,0.0,-0.5852186956501554,-0.18224951122208333,0.0,0.0,0.0
0.25,0.30000000000000004,0.30000000000000004,0.15000000000000002,0.0,"(0.25, 0.3, 0.3, 0.15, 0.0)",0.06620918597782244,0.11544558262306039,0.573509912406099,0.0601580065221875,30321172.221055076,-0.3434152997816392,-0.5612331112171759,0.0768167698002431,1.0,61.0,22312199.992150277,22375285.008705303,18311981.554966964,27329994.280054484,0.4426229508196721,0.0,-0.5718109686590298,-0.18008049379143948,0.0,0.0,0.0
0.1,0.25,0.35000000000000003,0.25,0.05,"(0.1, 0.25, 0.35, 0.25, 0.05)",0.06590580664587353,0.12301932400353444,0.5357353991311155,0.0601580065221875,30163205.09255988,-0.35530053296993436,-0.6105435767515759,0.08249457637519549,1.0,61.0,22204749.839059558,22481747.273799893,17308711.818121117,27952942.087662295,0.4426229508196721,0.0,-0.6179357295852955,-0.20869249400812948,0.0,0.0,0.0
0.2,0.25,0.35000000000000003,0.2,0.0,"(0.2, 0.25, 0.35, 0.2, 0.0)",0.0658746604720104,0.12084075939277043,0.5451361014531286,0.0601580065221875,30160949.94572479,-0.34992383969010876,-0.5971152697720064,0.08053464224258366,1.0,61.0,22225366.31406557,22509005.7240405,17481267.155327868,27940120.176957518,0.4426229508196721,0.0,-0.6039894459869518,-0.20362186859739614,0.0,0.0,0.0
0.05,0.30000000000000004,0.30000000000000004,0.30000000000000004,0.05,"(0.05, 0.3, 0.3, 0.3, 0.05)",0.06566358028998676,0.11994818727842953,0.5474328689733783,0.0601580065221875,30154307.500308678,-0.35309865409426655,-0.5879778194409775,0.0816121581324054,1.0,61.0,22197460.32389011,22406721.38818573,17869228.117556505,27472499.89198488,0.4426229508196721,0.0,-0.6016545059441731,-0.19203664108044177,0.0,0.0,0.0
0.15000000000000002,0.30000000000000004,0.30000000000000004,0.25,0.0,"(0.15, 0.3, 0.3, 0.25, 0.0)",0.06562816197643095,0.11774572678457136,0.5573719214159238,0.0601580065221875,30151092.527823694,-0.3477266989358052,-0.5749959463299174,0.07867839459601061,1.0,61.0,22218124.69120189,22424910.54808477,17972037.417527027,27459195.27826288,0.4426229508196721,0.0,-0.5880326534085162,-0.18984886707524665,0.0,0.0,0.0
0.05,0.25,0.35000000000000003,0.30000000000000004,0.05,"(0.05, 0.25, 0.35, 0.3, 0.05)",0.06559821673097344,0.12424042721556419,0.5279941336418363,0.0601580065221875,30073971.42676658,-0.35744436749059916,-0.6178149353247279,0.08342538877307923,1.0,61.0,22158468.59321371,22430908.71069148,17145767.985116635,28016631.27325296,0.4426229508196721,0.0,-0.6264714321291014,-0.2160916301287781,0.0,0.0,0.0
0.15000000000000002,0.25,0.35000000000000003,0.25,0.0,"(0.15, 0.25, 0.35, 0.25, 0.0)",0.06557462025159544,0.12202412175208334,0.5373906348191019,0.0601580065221875,30073769.069182567,-0.35207541916948804,-0.6043098209194075,0.0812941570713995,1.0,61.0,22179825.26622009,22459168.66609935,17317278.701398876,28004821.00796109,0.4426229508196721,0.0,-0.612415343301124,-0.21102431637690114,0.0,0.0,0.0
0.0,0.30000000000000004,0.30000000000000004,0.35000000000000003,0.05,"(0.0, 0.3, 0.3, 0.35, 0.05)",0.0653537993138209,0.12121314883105143,0.5391642733818585,0.0601580065221875,30064372.6356193,-0.3552534769272089,-0.5950158268214344,0.08254297053028915,1.0,61.0,22148953.100083522,22429318.097532433,17700643.258752633,27534562.225184217,0.4426229508196721,0.0,-0.6100009192204059,-0.19688084751772633,0.0,0.0,0.0
0.1,0.30000000000000004,0.30000000000000004,0.30000000000000004,0.0,"(0.1, 0.3, 0.3, 0.3, 0.0)",0.065325944278525,0.11897303676258267,0.5490819269317851,0.0601580065221875,30063213.928332,-0.34988916185696606,-0.5819594039333972,0.07960920699389437,1.0,61.0,22170355.390115503,22448324.65670022,17803286.889492832,27522253.802562594,0.4426229508196721,0.0,-0.5962715196269409,-0.194684278098273,0.0,0.0,0.0
0.0,0.35000000000000003,0.25,0.35000000000000003,0.05,"(0.0, 0.35, 0.25, 0.35, 0.05)",0.06528999248230094,0.11786267294253287,0.553949701396428,0.0601580065221875,30111571.058460876,-0.35113785243948203,-0.566331624824241,0.08072973988961529,1.0,61.0,22185347.921200976,21871436.970512252,18124107.532423194,27636174.854693558,0.4426229508196721,0.0,-0.5859304053663071,-0.1836633426233439,0.0,0.0,0.0
0.0,0.25,0.35000000000000003,0.35000000000000003,0.05,"(0.0, 0.25, 0.35, 0.35, 0.05)",0.0652828356812849,0.12550899206231458,0.520144689305387,0.0601580065221875,29982873.7810617,-0.35969216344999044,-0.6254130124948855,0.08435620117096299,1.0,61.0,22111694.102257032,22379069.518732507,16983754.726386074,28079260.13869318,0.4426229508196721,0.0,-0.6353095819554283,-0.2234275089314942,0.0,0.0,0.0
0.1,0.35000000000000003,0.25,0.30000000000000004,0.0,"(0.1, 0.35, 0.25, 0.3, 0.0)",0.06525022616478804,0.11565401726751671,0.5641846924682192,0.0601580065221875,30107393.54285719,-0.34577299802564065,-0.5537886554822292,0.07779597635322053,1.0,61.0,22206066.85947037,21888465.187738195,18177824.731723834,27655556.431319285,0.4426229508196721,0.0,-0.5726322872259532,-0.1815056643306081,0.0,0.0,0.0
0.0,0.25,0.30000000000000004,0.30000000000000004,0.15000000000000002,"(0.0, 0.25, 0.3, 0.3, 0.15)",0.06520458615718372,0.11474909168378988,0.5682361855801504,0.0601580065221875,30004256.56483756,-0.33507520341262065,-0.5562667626514991,0.07982123383292983,1.0,61.0,22334353.24571469,22726381.35252563,17762425.45839163,27355739.775421903,0.4426229508196721,0.0,-0.5632082972880428,-0.17214755531104675,0.0,0.0,0.0
0.05,0.30000000000000004,0.30000000000000004,0.35000000000000003,0.0,"(0.05, 0.3, 0.3, 0.35, 0.0)",0.0650159331173854,0.12024975856261705,0.5406741260401782,0.0601580065221875,29973466.845159277,-0.3520560163287163,-0.5889774999277319,0.08054001939177811,1.0,61.0,22122101.899477486,22470802.541432206,17635360.452096775,27584273.77721363,0.4426229508196721,0.0,-0.6045962726223163,-0.19948691493519044,0.0,0.0,0.0
0.25,0.25,0.30000000000000004,0.2,0.0,"(0.25, 0.25, 0.3, 0.2, 0.0)",0.06477990395867539,0.10915237197002663,0.5934814130879724,0.0601580065221875,29902709.854362417,-0.3185056543798275,-0.5191350495120175,0.07195075562162921,1.0,61.0,22345666.297319267,22803245.62016349,18124061.691043686,27376243.07018813,0.4426229508196721,0.0,-0.5257310890934083,-0.1706383848172925,0.0,0.0,0.0
0.0,0.2,0.35000000000000003,0.35000000000000003,0.1,"(0.0, 0.2, 0.35, 0.35, 0.1)",0.06447195509082992,0.11970933366268488,0.5385708291760942,0.0601580065221875,29740104.160604935,-0.3476620025917567,-0.6102104043984057,0.08122355057723797,1.0,61.0,22222334.556859616,22416056.290564023,16892451.980392467,28006657.70202186,0.4426229508196721,0.0,-0.6142319796457882,-0.22231127021395167,0.0,0.0,0.0
0.1,0.2,0.35000000000000003,0.30000000000000004,0.05,"(0.1, 0.2, 0.35, 0.3, 0.05)",0.0644496637801053,0.11738836141180348,0.5490294182914188,0.0601580065221875,29740207.849198498,-0.3396084505176741,-0.5896053828029734,0.07989704007144112,1.0,61.0,22243405.495547622,22444149.95584174,17060889.666341234,27994939.145643495,0.4426229508196721,0.0,-0.5933432344634255,-0.21729828202905485,0.0,0.0,0.0
0.05,0.30000000000000004,0.25,0.35000000000000003,0.05,"(0.05, 0.3, 0.25, 0.35, 0.05)",0.06421181783857066,0.10998089897832601,0.5838451807092877,0.0601580065221875,29795436.65828493,-0.32416742089732564,-0.5184946743010761,0.07493291331311767,1.0,61.0,22269956.419469375,22274162.234095354,18316699.637797963,26969602.116020735,0.4426229508196721,0.0,-0.5321986177764011,-0.16937539356005607,0.0,0.0,0.0
0.05,0.2,0.35000000000000003,0.35000000000000003,0.05,"(0.05, 0.2, 0.35, 0.35, 0.05)",0.06414364383391002,0.11865848214301412,0.540573608185889,0.0601580065221875,29652574.98499302,-0.342189545738942,-0.5979051109313427,0.08065655490025697,1.0,61.0,22198063.850043014,22393442.313463427,16900446.130947236,28058501.043288607,0.4426229508196721,0.0,-0.6026127461749367,-0.22446247020735013,0.0,0.0,0.0
0.15000000000000002,0.2,0.35000000000000003,0.30000000000000004,0.0,"(0.15, 0.2, 0.35, 0.3, 0.0)",0.06411242437046094,0.11638528302698775,0.5508636719609503,0.0601580065221875,29650277.645459,-0.33409662407524443,-0.5774223613038566,0.07933004439446013,1.0,61.0,22217806.083853237,22420122.75325427,17067864.326779053,28045177.683033794,0.4426229508196721,0.0,-0.5816256874943448,-0.21948633824700178,0.0,0.0,0.0
0.30000000000000004,0.15000000000000002,0.35000000000000003,0.15000000000000002,0.05,"(0.3, 0.15, 0.35, 0.15, 0.05)",0.06404653194205445,0.10746772120035152,0.5959606403363931,0.0601580065221875,29625097.75635458,-0.3137789214715164,-0.5367049044350543,0.07489486807923836,1.0,61.0,22447260.585330468,22585823.00487325,17448305.711350426,27757760.510514062,0.4426229508196721,0.0,-0.5387302585478216,-0.1971305410885697,0.0,0.0,0.0
0.1,0.30000000000000004,0.25,0.35000000000000003,0.0,"(0.1, 0.3, 0.25, 0.35, 0.0)",0.06386211453956192,0.10900784824407415,0.5858487766547907,0.0601580065221875,29702149.368786063,-0.3208774056789402,-0.5126349559214608,0.07292996217460664,1.0,61.0,22239771.72044315,22313141.79388761,18197181.74674839,27015770.9954246,0.4426229508196721,0.0,-0.5268765597010528,-0.17210260402452884,0.0,0.0,0.0
0.15000000000000002,0.15000000000000002,0.35000000000000003,0.25,0.1,"(0.15, 0.15, 0.35, 0.25, 0.1)",0.06382556100139025,0.11082701026837151,0.5759025786839725,0.0601580065221875,29554505.645268086,-0.32470286439462526,-0.56520261571516,0.07698089341385105,1.0,61.0,22387714.411736734,22515826.16152857,17119522.853139002,27841520.230337244,0.4426229508196721,0.0,-0.566800954403643,-0.20923105071767545,0.0,0.0,0.0
0.1,0.2,0.35000000000000003,0.35000000000000003,0.0,"(0.1, 0.2, 0.35, 0.35, 0.0)",0.06380617190273963,0.1176677663360161,0.5422570164248086,0.0601580065221875,29562826.461908396,-0.336700133479942,-0.5856612320877136,0.08008955922327597,1.0,61.0,22172709.677266765,22369415.801731538,16907322.804160368,28108694.75133494,0.4426229508196721,0.0,-0.5910278245846259,-0.22297411336881842,0.0,0.0,0.0
0.25,0.15000000000000002,0.35000000000000003,0.2,0.05,"(0.25, 0.15, 0.35, 0.2, 0.05)",0.06377314214908547,0.10856989809867688,0.5873924841591305,0.0601580065221875,29546511.570064906,-0.3164328403921107,-0.5447922248338632,0.07565438290805421,1.0,61.0,22404910.93853004,22539318.130838696,17286839.05136305,27825311.229135603,0.4426229508196721,0.0,-0.5466568574490941,-0.2043008142815286,0.0,0.0,0.0
0.35000000000000003,0.15000000000000002,0.35000000000000003,0.15000000000000002,0.0,"(0.35, 0.15, 0.35, 0.15, 0.0)",0.06370432178795427,0.10640840075278746,0.5986775605805303,0.0601580065221875,29534133.995428234,-0.3080975733942871,-0.5246284992293846,0.07432787240225737,1.0,61.0,22420018.060893357,22560382.554990716,17454085.884497635,27806523.93334596,0.4426229508196721,0.0,-0.5267401073871607,-0.19940568370887224,0.0,0.0,0.0
0.0,0.15000000000000002,0.35000000000000003,0.35000000000000003,0.15000000000000002,"(0.0, 0.15, 0.35, 0.35, 0.15)",0.06356534997406094,0.11441341010673647,0.5555760458040776,0.0601580065221875,29473607.483041715,-0.33550903089904904,-0.5942554919306445,0.07906691874846374,1.0,61.0,22324057.507120512,22440369.496556412,16793575.053942546,27919670.825551227,0.4426229508196721,0.0,-0.5953821714023958,-0.2184303037377753,0.0,0.0,0.0
0.1,0.15000000000000002,0.35000000000000003,0.30000000000000004,0.1,"(0.1, 0.15, 0.35, 0.3, 0.1)",0.0635368735413413,0.11202751471505898,0.5671541826393881,0.0601580065221875,29472019.04644379,-0.3273292221936832,-0.5734750871825197,0.0777404082426669,1.0,61.0,22344093.71681248,22467288.270273697,16959930.276217107,27907050.895524703,0.4426229508196721,0.0,-0.574897643360701,-0.21371132298400772,0.0,0.0,0.0
0.2,0.15000000000000002,0.35000000000000003,0.25,0.05,"(0.2, 0.15, 0.35, 0.25, 0.05)",0.06349198151542246,0.10972888454591438,0.5786259632381044,0.0601580065221875,29466048.91086414,-0.31908437724347183,-0.5529413750839763,0.07641389773687006,1.0,61.0,22362047.17920452,22491792.4828415,17126260.027518865,27891836.52474051,0.4426229508196721,0.0,-0.5546403684106275,-0.2089858010930506,0.0,0.0,0.0
0.30000000000000004,0.15000000000000002,0.35000000000000003,0.2,0.0,"(0.3, 0.15, 0.35, 0.2, 0.0)",0.06343069236212506,0.10752311641514971,0.5899260966099366,0.0601580065221875,29455705.608520776,-0.3107744047812736,-0.5326544010519528,0.07508738723107321,1.0,61.0,22377916.039477885,22513876.588660706,17292532.64514693,27874036.167064145,0.4426229508196721,0.0,-0.5346104257555523,-0.20425387016840144,0.0,0.0,0.0
0.05,0.15000000000000002,0.35000000000000003,0.35000000000000003,0.1,"(0.05, 0.15, 0.35, 0.35, 0.1)",0.06324042559623977,0.1132810467766462,0.5582613102166115,0.0601580065221875,29387682.858715795,-0.32995316782145634,-0.5818090630753576,0.07849992307148274,1.0,61.0,22299963.985326126,22346402.202436253,16801230.957139924,27971541.90198258,0.4426229508196721,0.0,-0.583050806287893,-0.21434830078229206,0.0,0.0,0.0
0.15000000000000002,0.15000000000000002,0.35000000000000003,0.30000000000000004,0.05,"(0.15, 0.15, 0.35, 0.3, 0.05)",0.06320305748272426,0.11094290014055455,0.5696899702698571,0.0601580065221875,29383726.43842079,-0.3217334903290452,-0.5611521956678229,0.0771734125656859,1.0,61.0,22318671.642452426,22380585.950985532,16966572.253951386,27957328.16148476,0.4426229508196721,0.0,-0.5626805873454624,-0.2096264761598729,0.0,0.0,0.0
0.25,0.15000000000000002,0.35000000000000003,0.25,0.0,"(0.25, 0.15, 0.35, 0.25, 0.0)",0.06314929671914116,0.10869492644028417,0.5809774088566563,0.0601580065221875,29375407.723988775,-0.3134488008554651,-0.5407421239159803,0.07584690205988905,1.0,61.0,22335299.592122767,22413080.006176,17131868.46827159,27940520.88670098,0.4426229508196721,0.0,-0.5425376726367828,-0.20489825039874296,0.0,0.0,0.0
0.1,0.1,0.35000000000000003,0.25,0.2,"(0.1, 0.1, 0.35, 0.25, 0.2)",0.06312909715086445,0.1073234574586865,0.5882134124794256,0.0601580065221875,29344619.095508736,-0.3179433266287689,-0.5607675762128183,0.07539125726205782,1.0,61.0,22502491.015567727,22458818.53451835,17001733.00029919,27686656.428385552,0.4426229508196721,0.0,-0.5600671131374931,-0.20440655189748358,0.0,0.0,0.0
0.2,0.1,0.35000000000000003,0.2,0.15000000000000002,"(0.2, 0.1, 0.35, 0.2, 0.15)",0.06307947107138534,0.10496265054394485,0.6009706380745004,0.0601580065221875,29337384.383101244,-0.3095854559602377,-0.5400696325409137,0.07406474675626097,1.0,61.0,22519962.157357763,22491720.39899074,17167899.354103647,27671179.316647787,0.4426229508196721,0.0,-0.5397088075435178,-0.1996263961089657,0.0,0.0,0.0
0.05,0.05,0.35000000000000003,0.2,0.35000000000000003,"(0.05, 0.05, 0.35, 0.2, 0.35)",0.06288256722466379,0.10514990402721264,0.5980278137808844,0.0601580065221875,29259730.0377199,-0.31430342534662437,-0.5602216712814025,0.07360910195842973,1.0,61.0,22669884.365757447,22630316.883960657,17023121.821453582,27392973.128601428,0.4426229508196721,0.0,-0.5573189334531465,-0.1992692835864373,0.0,0.0,0.0
0.05,0.1,0.35000000000000003,0.30000000000000004,0.2,"(0.05, 0.1, 0.35, 0.3, 0.2)",0.06285018008863963,0.10848098794460824,0.57936585275875,0.0601580065221875,29265284.48803255,-0.3205899475506343,-0.5691299361357931,0.07615077209087365,1.0,61.0,22459868.071320612,22473211.47259324,16844064.696075812,27753085.832997058,0.4426229508196721,0.0,-0.5682245633260291,-0.20503861743511,0.0,0.0,0.0
0.15000000000000002,0.05,0.35000000000000003,0.15000000000000002,0.30000000000000004,"(0.15, 0.05, 0.35, 0.15, 0.3)",0.06283711587035468,0.10270301529808114,0.6118332133480087,0.0601580065221875,29253601.436210994,-0.3058736628834494,-0.539244333049668,0.07228259145263288,1.0,61.0,22688200.437059678,22654623.46407663,17190032.024449486,27378820.15600962,0.4426229508196721,0.0,-0.5367550704141522,-0.19443720507911177,0.0,0.0,0.0
0.0,0.05,0.35000000000000003,0.25,0.35000000000000003,"(0.0, 0.05, 0.35, 0.25, 0.35)",0.06262140036839847,0.1061758452792166,0.5897895157200722,0.0601580065221875,29185320.018386874,-0.31694926857742245,-0.5686690419266446,0.07436861678724559,1.0,61.0,22628567.396330893,22585238.409683183,16866710.891672067,27461259.560696725,0.4426229508196721,0.0,-0.5655317734144291,-0.19988847313481467,0.0,0.0,0.0
0.1,0.05,0.35000000000000003,0.2,0.30000000000000004,"(0.1, 0.05, 0.35, 0.2, 0.3)",0.06258344754498446,0.10368309716375422,0.6036031837102811,0.0601580065221875,29181184.861442544,-0.30854505952864375,-0.5475623903765214,0.07304210628144873,1.0,61.0,22647649.290122584,22610561.326446723,17032655.863332838,27448082.241193827,0.4426229508196721,0.0,-0.5448496637537049,-0.19506014222259924,0.0,0.0,0.0
0.2,0.05,0.35000000000000003,0.15000000000000002,0.25,"(0.2, 0.05, 0.35, 0.15, 0.25)",0.06252912398039356,0.10127974903038729,0.6173901947726267,0.0601580065221875,29172717.75761075,-0.30007384218886046,-0.5267097068912403,0.0717155957756519,1.0,61.0,22664621.971369434,22625152.006491154,17198554.936027605,27432365.614212114,0.4426229508196721,0.0,-0.524400384663164,-0.19022496289288934,0.0,0.0,0.0
0.30000000000000004,0.05,0.35000000000000003,0.1,0.2,"(0.3, 0.05, 0.35, 0.1, 0.2)",0.06245844822375868,0.09897231380201911,0.6310699005046851,0.0601580065221875,29159928.218185514,-0.29153551625208285,-0.5061110138920539,0.07038908526985505,1.0,61.0,22679483.86271842,22586028.951719742,17364376.386352565,27414118.127676103,0.4426229508196721,0.0,-0.5041839897921855,-0.1853830678016208,0.0,0.0,0.0
0.05,0.05,0.35000000000000003,0.25,0.30000000000000004,"(0.05, 0.05, 0.35, 0.25, 0.3)",0.06232202274380061,0.10472513347325957,0.5951009149080136,0.0601580065221875,29106890.553272277,-0.3112141321790619,-0.5559458703945969,0.07380162111026459,1.0,61.0,22606571.37031642,22518801.05387885,16876123.023561638,27516350.35515034,0.4426229508196721,0.0,-0.5530042475323286,-0.1956871764986518,0.0,0.0,0.0
0.15000000000000002,0.05,0.35000000000000003,0.2,0.25,"(0.15, 0.05, 0.35, 0.2, 0.25)",0.0622751994212285,0.10227523644317947,0.6088981222333953,0.0601580065221875,29100417.64578606,-0.3027685765789139,-0.534964096782652,0.07247511060446774,1.0,61.0,22624312.067411214,22482112.33362592,17041066.56403978,27501607.870964587,0.4426229508196721,0.0,-0.5324369284156756,-0.19085575139369856,0.0,0.0,0.0
0.25,0.05,0.35000000000000003,0.15000000000000002,0.2,"(0.25, 0.05, 0.35, 0.15, 0.2)",0.06221202813336091,0.09991808048347345,0.6226303370955054,0.0601580065221875,29089631.40862634,-0.2942560314123128,-0.5142364209267485,0.0711486000986709,1.0,61.0,22639946.574088868,22443931.77522821,17205944.675721902,27484326.69776513,0.4426229508196721,0.0,-0.5121025115246525,-0.1860176187697498,0.0,0.0,0.0
0.0,0.1,0.30000000000000004,0.35000000000000003,0.25,"(0.0, 0.1, 0.3, 0.35, 0.25)",0.061682132516249544,0.09904163738959036,0.6227899108090933,0.0601580065221875,28987093.23490897,-0.29433002656184026,-0.5030247000376367,0.0679501177950057,1.0,61.0,22543995.41113594,22443652.368636243,17271412.207287956,27192772.228634033,0.4426229508196721,0.0,-0.5024081443358622,-0.18453570072080774,0.0,0.0,0.0
0.25,0.15000000000000002,0.30000000000000004,0.30000000000000004,0.0,"(0.25, 0.15, 0.3, 0.3, 0.0)",0.06166061069824935,0.09788673506401846,0.629917941975723,0.0601580065221875,29013182.29613943,-0.2810785387639708,-0.464705334371985,0.0670792520870401,1.0,61.0,22390950.737444807,22359229.266988076,17576617.354790963,27424442.79959797,0.4426229508196721,0.0,-0.46654843330342405,-0.18041358782427966,0.0,0.0,0.0
0.15000000000000002,0.0,0.35000000000000003,0.15000000000000002,0.35000000000000003,"(0.15, 0.0, 0.35, 0.15, 0.35)",0.06160508461537706,0.09965802482417696,0.618164816371433,0.0601580065221875,28905486.559265826,-0.29326941139763896,-0.5211517474420251,0.07012595962385866,1.0,61.0,22757074.485460825,22556163.649470355,17061938.68993785,27246959.184282415,0.4426229508196721,0.0,-0.5167679419536324,-0.18876312862520375,0.0,0.0,0.0
0.2,0.15000000000000002,0.30000000000000004,0.35000000000000003,0.0,"(0.2, 0.15, 0.3, 0.35, 0.0)",0.061378635093727096,0.09917755707104747,0.6188762549349497,0.0601580065221875,28933742.686332192,-0.28387936103897793,-0.4723971799708385,0.06783876691585596,1.0,61.0,22347115.176160883,22167459.99444807,17413146.300666835,27489124.68883238,0.4426229508196721,0.0,-0.4741029591634959,-0.18109367047909522,0.0,0.0,0.0
0.1,0.0,0.35000000000000003,0.2,0.35000000000000003,"(0.1, 0.0, 0.35, 0.2, 0.35)",0.06136084854754542,0.10058141336276312,0.610061506356424,0.0601580065221875,28836353.702830255,-0.2959842788890128,-0.5294843722622923,0.07088547445267451,1.0,61.0,22717816.27601364,22593222.28950049,16906524.76395634,27316951.5546719,0.4426229508196721,0.0,-0.5248537286796984,-0.1922880715997426,0.0,0.0,0.0
0.05,0.1,0.30000000000000004,0.35000000000000003,0.2,"(0.05, 0.1, 0.3, 0.35, 0.2)",0.06135808715798663,0.09771002115342099,0.6279610467143818,0.0601580065221875,28902732.115062192,-0.2884786203259152,-0.49084493905736837,0.0673831221180247,1.0,61.0,22517869.79768644,22493945.533112567,17278508.814655226,27242663.34648619,0.4426229508196721,0.0,-0.4903606216842524,-0.18051427496708877,0.0,0.0,0.0
0.2,0.0,0.35000000000000003,0.15000000000000002,0.30000000000000004,"(0.2, 0.0, 0.35, 0.15, 0.3)",0.061300518089551836,0.09815322945393629,0.6245389828800327,0.0601580065221875,28826370.55868586,-0.28738335561269945,-0.508480449192245,0.06955896394687766,1.0,61.0,22733708.098290466,22593058.650970824,17070110.82152725,27300428.346359555,0.4426229508196721,0.0,-0.5043183438268232,-0.1878553107069292,0.0,0.0,0.0
0.15000000000000002,0.1,0.30000000000000004,0.30000000000000004,0.15000000000000002,"(0.15, 0.1, 0.3, 0.3, 0.15)",0.06129706820605607,0.0952120339062417,0.6437953868984381,0.0601580065221875,28892751.66486337,-0.2798104185264014,-0.47089503106287184,0.06605661161222787,1.0,61.0,22533759.03331277,22472250.58166731,17445856.674529485,27225389.690430894,0.4426229508196721,0.0,-0.4707080463485289,-0.175633691887197,0.0,0.0,0.0
0.30000000000000004,0.0,0.35000000000000003,0.1,0.25,"(0.3, 0.0, 0.35, 0.1, 0.25)",0.06122388601387119,0.0958228605286885,0.638927763960264,0.0601580065221875,28812125.11990731,-0.27871446505361885,-0.48773428392950446,0.06823245344108081,1.0,61.0,22747485.5301924,22568537.17158575,17233602.039603062,27281396.687899172,0.4426229508196721,0.0,-0.48401859930027713,-0.18341653804924485,0.0,0.0,0.0
0.05,0.0,0.35000000000000003,0.25,0.35000000000000003,"(0.05, 0.0, 0.35, 0.25, 0.35)",0.06110887067651172,0.10156974536553046,0.6016444213440957,0.0601580065221875,28765355.63188797,-0.29869677104522774,-0.5378842001875771,0.07164498928149035,1.0,61.0,22678024.985018708,22549363.227552682,16751934.263797661,27385962.986160815,0.4426229508196721,0.0,-0.5330010525429323,-0.19578334499590017,0.0,0.0,0.0
0.0,0.05,0.30000000000000004,0.30000000000000004,0.35000000000000003,"(0.0, 0.05, 0.3, 0.3, 0.35)",0.06110019038788517,0.09545678932626245,0.6400821860774134,0.0601580065221875,28815651.32858628,-0.2846403725235641,-0.4894917873112371,0.06560096681439662,1.0,61.0,22687285.292919405,22563294.619519882,17296398.71869741,26954943.94631323,0.4426229508196721,0.0,-0.4870747698773154,-0.17519004844261696,0.0,0.0,0.0
0.15000000000000002,0.0,0.35000000000000003,0.2,0.30000000000000004,"(0.15, 0.0, 0.35, 0.2, 0.3)",0.06105602692442047,0.09909246386144226,0.6161520719657664,0.0601580065221875,28757345.01061591,-0.2901218530263684,-0.5167486093004557,0.07031847877569351,1.0,61.0,22694690.628172398,22572065.67006031,16914589.194213133,27370404.566686094,0.4426229508196721,0.0,-0.5123455394216186,-0.1913712469191514,0.0,0.0,0.0
0.1,0.05,0.30000000000000004,0.25,0.30000000000000004,"(0.1, 0.05, 0.3, 0.25, 0.3)",0.06104330938238389,0.09285825402893304,0.6573816191220206,0.0601580065221875,28806758.541456558,-0.2758974053945522,-0.4692700303225691,0.06427445630859978,1.0,61.0,22703995.321587633,22526615.46883645,17464453.311044276,26938987.70266492,0.4426229508196721,0.0,-0.4672217537400921,-0.17025663020327864,0.0,0.0,0.0
0.1,0.1,0.30000000000000004,0.35000000000000003,0.15000000000000002,"(0.1, 0.1, 0.3, 0.35, 0.15)",0.06102502182901581,0.09644484207201619,0.6327453134657829,0.0601580065221875,28816233.175930377,-0.28260915667584263,-0.47872645549536125,0.0668161264410437,1.0,61.0,22490669.76586708,22534656.128647313,17284476.47699658,27290983.533072345,0.4426229508196721,0.0,-0.4783699941025281,-0.1763053156012845,0.0,0.0,0.0
0.2,0.05,0.30000000000000004,0.2,0.25,"(0.2, 0.05, 0.3, 0.2, 0.25)",0.06097014016740365,0.09035397314785133,0.6747920212388973,0.0601580065221875,28793612.1907066,-0.2670852074081954,-0.4492977987478562,0.06294794580280293,1.0,61.0,22718596.955587126,22488442.652951192,17632426.273604102,26920557.03201108,0.4426229508196721,0.0,-0.4475974231315398,-0.1653163206663377,0.0,0.0,0.0
0.2,0.1,0.30000000000000004,0.30000000000000004,0.1,"(0.2, 0.1, 0.3, 0.3, 0.1)",0.06095522914421814,0.09399833307490808,0.6484713840153142,0.0601580065221875,28803982.33202545,-0.2738992930723836,-0.45889897357194787,0.06548961593524687,1.0,61.0,22505236.72245624,22496531.80243326,17450772.003239408,27272170.171952635,0.4426229508196721,0.0,-0.45883006854302766,-0.1714219339370688,0.0,0.0,0.0
0.30000000000000004,0.05,0.30000000000000004,0.15000000000000002,0.2,"(0.3, 0.05, 0.3, 0.15, 0.2)",0.0608807013312076,0.08795199824552481,0.6922037309630465,0.0601580065221875,28776223.6531989,-0.2582036761638944,-0.4295750690371901,0.06162143529700608,1.0,61.0,22731089.214437317,22448784.450863183,17800285.279811792,26899660.88174343,0.4426229508196721,0.0,-0.4282018027250986,-0.160369253871685,0.0,0.0,0.0
0.30000000000000004,0.1,0.30000000000000004,0.25,0.05,"(0.3, 0.1, 0.3, 0.25, 0.05)",0.060869170290074104,0.09165311827157847,0.6641254704473002,0.0601580065221875,28787489.102856733,-0.26512126897717747,-0.4393176682475066,0.06416310542945002,1.0,61.0,22517714.842138756,22456922.274430815,17616956.99745252,27250857.066047594,0.4426229508196721,0.0,-0.4395162392066297,-0.16653210059773663,0.0,0.0,0.0
0.0,0.0,0.35000000000000003,0.30000000000000004,0.35000000000000003,"(0.0, 0.0, 0.35, 0.3, 0.35)",0.06084915805130975,0.1026211444613599,0.5929495170873034,0.0601580065221875,28692507.151190836,-0.30140684514277916,-0.5463511039461473,0.07240450411030619,1.0,61.0,22637702.75791813,22504476.59203699,16598171.07477796,27453985.061782032,0.4426229508196721,0.0,-0.5412097407388697,-0.19924874495433562,0.0,0.0,0.0
0.1,0.0,0.35000000000000003,0.25,0.30000000000000004,"(0.1, 0.0, 0.35, 0.25, 0.3)",0.06080379834275007,0.10009730262798464,0.6074469216091632,0.0601580065221875,28686460.486744583,-0.2928579207883161,-0.5250839656124107,0.07107799360450935,1.0,61.0,22655139.73581681,22528194.53632805,16759892.493109994,27439397.606435053,0.4426229508196721,0.0,-0.52043429044132,-0.19485756652107897,0.0,0.0,0.0
0.05,0.05,0.30000000000000004,0.30000000000000004,0.30000000000000004,"(0.05, 0.05, 0.3, 0.3, 0.3)",0.060788911902198484,0.09394646923810951,0.6470590368662773,0.0601580065221875,28735068.209514827,-0.27869606038474437,-0.47717499766724414,0.06503397113741562,1.0,61.0,22662202.967361983,22445164.90871069,17304386.73258696,27006392.240225367,0.4426229508196721,0.0,-0.47492954990989883,-0.17091553216729521,0.0,0.0,0.0
0.15000000000000002,0.05,0.30000000000000004,0.25,0.25,"(0.15, 0.05, 0.3, 0.25, 0.25)",0.06072324415331809,0.09139251439223202,0.664422513781712,0.0601580065221875,28723901.41062009,-0.26991053685418964,-0.45707601423868705,0.06370746063161878,1.0,61.0,22677579.41818373,22421939.94840093,17471405.63484606,26988911.16771632,0.4426229508196721,0.0,-0.4551891674399881,-0.16597904053516097,0.0,0.0,0.0
0.15000000000000002,0.1,0.30000000000000004,0.35000000000000003,0.1,"(0.15, 0.1, 0.3, 0.35, 0.1)",0.06068296613416435,0.09524874761535508,0.637099884811311,0.0601580065221875,28727623.364877477,-0.27672181978770916,-0.46666978738151865,0.06624913076406272,1.0,61.0,22462402.568103798,22352888.850116987,17289317.025940742,27337728.713768203,0.4426229508196721,0.0,-0.46643674009106845,-0.17210139081459244,0.0,0.0,0.0
0.25,0.05,0.30000000000000004,0.2,0.2,"(0.25, 0.05, 0.3, 0.2, 0.2)",0.060641310719261154,0.08893690292021075,0.6818464408825341,0.0601580065221875,28708500.445486836,-0.26105580271382545,-0.43722666721787823,0.062380950125821934,1.0,61.0,22690850.98147986,22396244.892414086,17638323.259037994,26968956.714197047,0.4426229508196721,0.0,-0.43567753458834835,-0.16103579978384294,0.0,0.0,0.0
0.25,0.1,0.30000000000000004,0.30000000000000004,0.05,"(0.25, 0.1, 0.3, 0.3, 0.05)",0.060604423482878644,0.09285687305020937,0.6526649185150651,0.0601580065221875,28713122.50884645,-0.26797042842589436,-0.44696504420598454,0.06492262025826587,1.0,61.0,22475652.914960317,22314222.517681196,17454550.832780782,27317375.42892593,0.4426229508196721,0.0,-0.44700971481424134,-0.16721535891979789,0.0,0.0,0.0
0.35000000000000003,0.05,0.30000000000000004,0.15000000000000002,0.15000000000000002,"(0.35, 0.05, 0.3, 0.15, 0.15)",0.06054313027681979,0.08658800219788551,0.6992092292238873,0.0601580065221875,28688877.61523893,-0.2521317598257008,-0.41762691493480963,0.06105443962002509,1.0,61.0,22702017.01264316,22386500.796219397,17805107.319358326,26946538.19002282,0.4426229508196721,0.0,-0.4163946637929096,-0.15608594458424652,0.0,0.0,0.0
0.35000000000000003,0.1,0.30000000000000004,0.25,0.0,"(0.35, 0.1, 0.3, 0.25, 0.0)",0.060509637235436786,0.09057042692021036,0.6680948659847197,0.0601580065221875,28694400.229299672,-0.25915090689824194,-0.4275065528666998,0.06359610975246903,1.0,61.0,22486818.37071977,22274086.429447006,17619654.71054558,27294524.128044356,0.4426229508196721,0.0,-0.4278088244587237,-0.16232301816668765,0.0,0.0,0.0
0.1,0.05,0.30000000000000004,0.30000000000000004,0.25,"(0.1, 0.05, 0.3, 0.3, 0.25)",0.060468614670497134,0.0924999273926145,0.6537152663249025,0.0601580065221875,28652340.188150663,-0.27273322757965157,-0.4649191572540446,0.06446697546043463,1.0,61.0,22636038.312753048,22382530.88787554,17311244.273875777,27056293.323635075,0.4426229508196721,0.0,-0.46284068411462176,-0.16664585287444905,0.0,0.0,0.0
0.2,0.05,0.30000000000000004,0.25,0.2,"(0.2, 0.05, 0.3, 0.25, 0.2)",0.060394183996198336,0.08999380569833743,0.6710926771853819,0.0601580065221875,28638918.849046372,-0.2639052779139516,-0.4449432846916376,0.06314046495463778,1.0,61.0,22650086.669244315,22372401.662712395,17477217.829509716,27037286.81388166,0.4426229508196721,0.0,-0.4432132043544331,-0.16170643646154728,0.0,0.0,0.0
0.30000000000000004,0.05,0.30000000000000004,0.2,0.15000000000000002,"(0.3, 0.05, 0.3, 0.2, 0.15)",0.06030351014203905,0.08759030751161134,0.6884724104210385,0.0601580065221875,28621283.32011926,-0.2550081415132007,-0.42521714800429283,0.06181395444884094,1.0,61.0,22662033.86267122,22408266.216280423,17643070.609008335,27015808.234712802,0.4426229508196721,0.0,-0.4238145305703831,-0.1567604136567455,0.0,0.0,0.0
0.05,0.05,0.30000000000000004,0.35000000000000003,0.25,"(0.05, 0.05, 0.3, 0.35, 0.25)",0.06020625881849617,0.09367376957140404,0.6427227076903655,0.0601580065221875,28578943.40162877,-0.2755532368861908,-0.4728271162250559,0.06522649028925048,1.0,61.0,22593975.923646327,22353696.52358003,17151946.107300825,27122695.274606407,0.4426229508196721,0.0,-0.47055181500583637,-0.16842893466529146,0.0,0.0,0.0
0.15000000000000002,0.05,0.30000000000000004,0.30000000000000004,0.2,"(0.15, 0.05, 0.3, 0.3, 0.2)",0.06013932817090839,0.09112020129737507,0.6599999485804565,0.0601580065221875,28567493.360647324,-0.26675205891697196,-0.45272482149150656,0.06389997978345363,0.0,61.0,22608798.5065487,22392385.71268695,17316973.028303266,27104642.864567135,0.4426229508196721,0.0,-0.4508086645618466,-0.163987902433972,0.0,0.0,0.0
0.25,0.05,0.30000000000000004,0.25,0.15000000000000002,"(0.25, 0.05, 0.3, 0.25, 0.15)",0.06005615826901756,0.08866530027417255,0.6773355312992878,0.0601580065221875,28551837.336701408,-0.2578818162661375,-0.43287238854776283,0.06257346927765679,0.0,61.0,22621524.390254866,22429097.47803349,17481891.781607755,27084110.52153895,0.4426229508196721,0.0,-0.431294350545359,-0.159542831814126,0.0,0.0,0.0
0.35000000000000003,0.05,0.30000000000000004,0.2,0.1,"(0.35, 0.05, 0.3, 0.2, 0.1)",0.059956767674823164,0.08631748531103989,0.6946074420353251,0.0601580065221875,28531987.668552414,-0.24894241439504794,-0.4132697794019485,0.06124695877185994,0.0,61.0,22632153.050578233,22463825.426670905,17646670.413500752,27061107.685642738,0.4426229508196721,0.0,-0.4120088910997767,-0.15509472632384796,0.0,0.0,0.0
0.1,0.05,0.30000000000000004,0.35000000000000003,0.2,"(0.1, 0.05, 0.3, 0.35, 0.2)",0.05987675034023754,0.09231354593043818,0.6486236633717546,0.0601580065221875,28494238.824051663,-0.269596103039191,-0.46057116867640635,0.06465949461226948,0.0,61.0,22566988.755416654,22411433.022726633,17157592.75430041,27171016.644642543,0.4426229508196721,0.0,-0.4584637592541807,-0.16758886887356267,0.0,0.0,0.0
0.2,0.05,0.30000000000000004,0.30000000000000004,0.15000000000000002,"(0.2, 0.05, 0.3, 0.3, 0.15)",0.05980108166407705,0.08981037040794702,0.6658594257260234,0.0601580065221875,28480554.127402876,-0.2607527412527818,-0.44059253920189084,0.06333298410647263,0.0,61.0,22580490.801730935,22435831.943640344,17321574.856434237,27151436.73797401,0.4426229508196721,0.0,-0.4388339784329283,-0.16316378577115634,0.0,0.0,0.0
0.30000000000000004,0.05,0.30000000000000004,0.25,0.1,"(0.3, 0.05, 0.3, 0.25, 0.1)",0.05970919611450087,0.08741019913517845,0.6830918669131685,0.0601580065221875,28462683.648778822,-0.25184034165581337,-0.4208638660474397,0.06200647360067579,0.0,61.0,22591899.97033658,22446553.014150456,17485429.553168837,27129378.377737336,0.4426229508196721,0.0,-0.41943308715459476,-0.15873513595354308,0.0,0.0,0.0
0.15000000000000002,0.05,0.30000000000000004,0.35000000000000003,0.15000000000000002,"(0.15, 0.05, 0.3, 0.35, 0.15)",0.05953828742145251,0.09102287322584932,0.6541024833804566,0.0601580065221875,28407448.50021528,-0.26362087380448096,-0.44837749363990376,0.06409249893528848,0.0,61.0,22538935.336825065,22394830.70042563,17162123.714707922,27217778.66635928,0.4426229508196721,0.0,-0.4464332604590052,-0.166754908387626,0.0,0.0,0.0
0.25,0.05,0.30000000000000004,0.30000000000000004,0.1,"(0.25, 0.05, 0.3, 0.3, 0.1)",0.059453904196823615,0.0885735356224106,0.6712377887936628,0.0601580065221875,28391549.18331441,-0.25473546349042386,-0.428522852561336,0.06276598842949165,0.0,61.0,22551122.52530826,22368980.296451226,17325051.79259659,27196671.02602823,0.4426229508196721,0.0,-0.42691710797555804,-0.16279598631364356,0.0,0.0,0.0
0.15000000000000002,0.0,0.35000000000000003,0.35000000000000003,0.15000000000000002,"(0.15, 0.0, 0.35, 0.35, 0.15)",0.059305339741925645,0.09835617749082445,0.6029650730118927,0.0601580065221875,28290447.66430457,-0.2808397713484464,-0.5035463087992147,0.07089603623119806,0.0,61.0,22500725.6292908,22365470.70834282,16469782.043505205,27725058.973172966,0.4426229508196721,0.0,-0.4990934537466609,-0.19901953638855657,0.0,0.0,0.0
0.0,0.0,0.30000000000000004,0.35000000000000003,0.35000000000000003,"(0.0, 0.0, 0.3, 0.35, 0.35)",0.0592774902566533,0.09198518029216243,0.6444243525791514,0.0601580065221875,28315099.494177908,-0.26853131116280593,-0.46656588781272473,0.06363685413745725,0.0,61.0,22686418.249569554,22731828.376191773,17011726.05623021,26953656.91178518,0.4426229508196721,0.0,-0.46243858835412377,-0.17727131903227233,0.0,0.0,0.0
0.25,0.0,0.35000000000000003,0.30000000000000004,0.1,"(0.25, 0.0, 0.35, 0.3, 0.1)",0.059232378336342206,0.09597791101596034,0.6171459423251288,0.0601580065221875,28277351.53454409,-0.27215154927005625,-0.48265745973432395,0.06956952572540122,0.0,61.0,22513643.01570847,22384659.976268183,16626572.44275418,27705219.298871245,0.4426229508196721,0.0,-0.4786646183046206,-0.1954227413383718,0.0,0.0,0.0
0.35000000000000003,0.0,0.35000000000000003,0.25,0.05,"(0.35, 0.0, 0.35, 0.25, 0.05)",0.059143217021611294,0.09370223884649724,0.6311825389625915,0.0601580065221875,28260096.838714868,-0.2633958268940336,-0.4620271823128917,0.06824301521960438,0.0,61.0,22524473.27492179,22401455.41610057,16783229.473148916,27682852.34506853,0.4426229508196721,0.0,-0.4584717519765072,-0.19183141955854807,0.0,0.0,0.0
0.05,0.0,0.30000000000000004,0.35000000000000003,0.30000000000000004,"(0.05, 0.0, 0.3, 0.35, 0.3)",0.05896051105405742,0.09046871473859572,0.6517226559968329,0.0601580065221875,28234320.04164114,-0.26250437393962056,-0.4541108476225792,0.06306985846047625,0.0,61.0,22660729.020399462,22708316.031209636,17018164.068256933,26989339.121708594,0.4426229508196721,0.0,-0.45019707391403263,-0.17638874256460907,0.0,0.0,0.0
0.15000000000000002,0.0,0.30000000000000004,0.30000000000000004,0.25,"(0.15, 0.0, 0.3, 0.3, 0.25)",0.058887727973553794,0.0878791052367249,0.6700993121735207,0.0601580065221875,28221458.398062635,-0.25356922561013395,-0.43386198154178157,0.0617433479546794,0.0,61.0,22674479.57447671,22728363.39770248,17180824.225765254,26970536.675955974,0.4426229508196721,0.0,-0.43036959303869077,-0.1719767942512644,0.0,0.0,0.0
0.1,0.0,0.30000000000000004,0.35000000000000003,0.25,"(0.1, 0.0, 0.3, 0.35, 0.25)",0.05863458459221027,0.08901831458204809,0.6586800128435012,0.0601580065221875,28151455.679880586,-0.25645892912208645,-0.44171796000176666,0.06250286278349525,0.0,61.0,22633967.80651302,22683409.37526094,17023496.357057106,27037638.778589867,0.4426229508196721,0.0,-0.438012786546257,-0.17551195629736058,0.0,0.0,0.0
0.2,0.0,0.30000000000000004,0.30000000000000004,0.2,"(0.2, 0.0, 0.3, 0.3, 0.2)",0.058553099156854804,0.08647777178897659,0.6770884349302653,0.0601580065221875,28136396.263165087,-0.2474810713926644,-0.42159398458423153,0.0611763522776984,0.0,61.0,22646400.105282623,22702066.013217483,17185119.680302203,27017321.618644793,0.4426229508196721,0.0,-0.41829937641933024,-0.1711155071516219,0.0,0.0,0.0
0.30000000000000004,0.0,0.30000000000000004,0.25,0.15000000000000002,"(0.3, 0.0, 0.3, 0.25, 0.15)",0.05845544647626166,0.08404212102048313,0.695549395546724,0.0601580065221875,28117210.499416295,-0.23843329304816718,-0.40172372662628564,0.059849841771901564,0.0,61.0,22656736.44768373,22718298.318958372,17346599.243237928,26994548.27835078,0.4426229508196721,0.0,-0.3988176138837716,-0.166715378593272,0.0,0.0,0.0
0.2,0.0,0.30000000000000004,0.35000000000000003,0.15000000000000002,"(0.2, 0.0, 0.3, 0.35, 0.15)",0.05795600459447825,0.08632887926232168,0.6713397079831338,0.0601580065221875,27979575.25186716,-0.24431327022311067,-0.4171208899556978,0.061368871429533255,0.0,61.0,22577257.999742147,22629446.1876273,17030851.27984285,27129604.693281632,0.4426229508196721,0.0,-0.41381788022071536,-0.17377579109610533,0.0,0.0,0.0
0.35000000000000003,0.25,0.0,0.35000000000000003,0.05,"(0.35, 0.25, 0.0, 0.35, 0.05)",0.05445632512303611,0.053915657969925396,1.010028017341684,0.0601580065221875,27451294.126009177,-0.12226759242422847,-0.15402334170104004,0.03445921026666468,0.0,61.0,22711051.120588504,22759857.77390663,19617901.36925085,24660251.438285094,0.4262295081967213,0.7540983606557377,-0.15791333379999156,-0.04306283077422364,0.0,0.0,0.0
0.35000000000000003,0.25,0.0,0.30000000000000004,0.1,"(0.35, 0.25, 0.0, 0.3, 0.1)",0.05506623551381051,0.0539874018938379,1.019983062383592,0.0601580065221875,27609106.019728817,-0.12509046061813833,-0.1571107363009875,0.035788471909073846,0.0,61.0,22805686.940372568,22893330.831128918,19488289.348635346,25014847.406759042,0.4262295081967213,0.6557377049180327,-0.16055077452323316,-0.04060449411038123,0.0,0.0,0.0
0.25,0.30000000000000004,0.0,0.30000000000000004,0.15000000000000002,"(0.25, 0.3, 0.0, 0.3, 0.15)",0.05695778907843607,0.06367923869165272,0.8944483358891394,0.0601580065221875,28112170.052127007,-0.15883202806402896,-0.20054650177129835,0.04374741655614806,0.0,61.0,22830754.592006315,22905829.262223225,18828894.51942135,26192561.240542516,0.4262295081967213,0.11475409836065574,-0.20624656290598317,-0.05026241051528582,0.0,0.0,0.0
0.05,0.35000000000000003,0.05,0.30000000000000004,0.25,"(0.05, 0.35, 0.05, 0.3, 0.25)",0.060995766515968386,0.08230547490244972,0.7410900257639231,0.0601580065221875,29137707.001758974,-0.23176586635826646,-0.30929166691411,0.060263918367537285,1.0,61.0,22801876.713399462,22808741.99841362,18062863.920354567,27675812.921879303,0.4262295081967213,0.06557377049180328,-0.3194381053254445,-0.074782524061054,0.0,0.0,0.0
0.25,0.35000000000000003,0.1,0.30000000000000004,0.0,"(0.25, 0.35, 0.1, 0.3, 0.0)",0.06091961867233597,0.08533005353921322,0.7139292212484141,0.0601580065221875,29077259.102153845,-0.24848607896594432,-0.3457546660164243,0.05621256992767613,1.0,61.0,22518377.566031113,22808910.68673523,18425539.629353475,27024464.336728737,0.4262295081967213,0.06557377049180328,-0.35900345325441535,-0.10431874390785127,0.0,0.0,0.0
0.15000000000000002,0.35000000000000003,0.05,0.25,0.2,"(0.15, 0.35, 0.05, 0.25, 0.2)",0.060876702932617155,0.08001400528326628,0.7608255919335736,0.0601580065221875,29113592.020415153,-0.22564063198928896,-0.29895705646694826,0.05714037771351302,1.0,61.0,22814832.994462565,22839879.26204673,18104211.467564434,27628834.076065976,0.4262295081967213,0.06557377049180328,-0.30861099503142364,-0.0721304572066671,0.0,0.0,0.0
0.2,0.35000000000000003,0.1,0.35000000000000003,0.0,"(0.2, 0.35, 0.1, 0.35, 0.0)",0.060660946976072605,0.08653634438519588,0.7009880924257083,0.0601580065221875,29003143.094603427,-0.2509234750725632,-0.35123471802366296,0.057265847824180614,1.0,61.0,22467614.942061957,22666048.885538545,18465313.669554196,26872425.872091442,0.4262295081967213,0.06557377049180328,-0.3653754515869442,-0.10913230913873016,0.0,0.0,0.0
0.15000000000000002,0.35000000000000003,0.05,0.30000000000000004,0.15000000000000002,"(0.15, 0.35, 0.05, 0.3, 0.15)",0.060278995754993625,0.07981889180199972,0.7551971017653674,0.0601580065221875,28951169.272358023,-0.224480962362968,-0.29887262047626717,0.05581111607110386,1.0,61.0,22723368.734557346,22726135.806093384,18227640.22599823,27236208.239066906,0.4262295081967213,0.06557377049180328,-0.3095293672063485,-0.07800793463907495,0.0,0.0,0.0
0.25,0.35000000000000003,0.05,0.25,0.1,"(0.25, 0.35, 0.05, 0.25, 0.1)",0.06014258762952096,0.07766013851816048,0.7744331748192399,0.0601580065221875,28922660.760472544,-0.2183669068078583,-0.2886425604227142,0.052687575417079587,0.0,61.0,22733666.77061945,22768926.301851004,18267532.844476268,27210523.797872793,0.4262295081967213,0.06557377049180328,-0.2987909812578319,-0.07478003255040488,0.0,0.0,0.0
0.15000000000000002,0.35000000000000003,0.05,0.35000000000000003,0.1,"(0.15, 0.35, 0.05, 0.35, 0.1)",0.05966431724246646,0.07982382416173245,0.7474499984062345,0.0601580065221875,28785172.212451003,-0.22337052057818962,-0.29883548219770356,0.0545422891956654,0.0,61.0,22631017.963831723,22748638.088243395,18350058.117933836,26909270.232091103,0.4262295081967213,0.06557377049180328,-0.3105011910536515,-0.08459663489302392,0.0,0.0,0.0
0.25,0.35000000000000003,0.05,0.30000000000000004,0.05,"(0.25, 0.35, 0.05, 0.3, 0.05)",0.05952686115391015,0.07767462844516275,0.7663617109663462,0.0601580065221875,28756527.12611943,-0.21726969456013334,-0.2885889261169382,0.051415871825053194,0.0,61.0,22640776.048923224,22741974.16083746,18390016.437801294,26920860.288240492,0.4262295081967213,0.06557377049180328,-0.29971279917807564,-0.08137494145629223,0.0,0.0,0.0
0.2,0.35000000000000003,0.05,0.35000000000000003,0.05,"(0.2, 0.35, 0.05, 0.35, 0.05)",0.05928367246571553,0.0788132524836504,0.7522043640822179,0.0601580065221875,28687024.915461265,-0.21978679806576895,-0.29369227654302077,0.05246914972155768,0.0,61.0,22589521.616198137,22723057.89820879,18431068.964464992,26771071.626085535,0.4262295081967213,0.06557377049180328,-0.30558330459773086,-0.0862304688323579,0.0,0.0,0.0
0.25,0.30000000000000004,0.05,0.30000000000000004,0.1,"(0.25, 0.3, 0.05, 0.3, 0.1)",0.058561837117333315,0.06996969486627207,0.8369600186088885,0.0601580065221875,28479755.13639054,-0.18913212612230346,-0.2493851614596767,0.04785217142402965,0.0,61.0,22723270.37300565,22892489.080245227,18882062.06875798,26031626.483647622,0.4262295081967213,0.06557377049180328,-0.2566112663954532,-0.06805282130127173,0.0,0.0,0.0
0.2,0.30000000000000004,0.05,0.35000000000000003,0.1,"(0.2, 0.3, 0.05, 0.35, 0.1)",0.05832805374596961,0.0711095111689069,0.8202567109120268,0.0601580065221875,28413318.859136246,-0.1917285605004364,-0.25434054845373044,0.048749310929837204,0.0,61.0,22673326.477083385,22837790.051116314,18925066.939626858,25871275.95884904,0.4262295081967213,0.06557377049180328,-0.26220246686245297,-0.07290690353415534,0.0,0.0,0.0
0.30000000000000004,0.30000000000000004,0.05,0.30000000000000004,0.05,"(0.3, 0.3, 0.05, 0.3, 0.05)",0.058176503613487585,0.06887740037756936,0.8446384923730857,0.0601580065221875,28381333.537986714,-0.18542657260776763,-0.2442109930626932,0.04562577027581293,0.0,61.0,22680671.898911253,22843110.64425982,18964712.936093178,25880972.181459513,0.4262295081967213,0.06557377049180328,-0.25164182501457133,-0.06976539335083817,0.0,0.0,0.0
0.25,0.30000000000000004,0.05,0.35000000000000003,0.05,"(0.25, 0.3, 0.05, 0.35, 0.05)",0.05794255264818737,0.07003757421179785,0.8273066750279728,0.0601580065221875,28315064.158691745,-0.18803587937418687,-0.24914769263238418,0.04652290978162049,0.0,61.0,22631034.291411474,22744749.2689547,19007851.346399847,25738160.050960626,0.4262295081967213,0.06557377049180328,-0.2572112477433216,-0.07458151223630417,0.0,0.0,0.0
0.15000000000000002,0.35000000000000003,0.1,0.35000000000000003,0.05,"(0.15, 0.35, 0.1, 0.35, 0.05)",0.061039455720298896,0.08747589301456009,0.6977860255755156,0.0601580065221875,29101791.675424047,-0.25439343436315465,-0.3565154495517868,0.05933898729828834,1.0,61.0,22506849.03057231,22729803.654040206,18383491.840554547,27011714.580301948,0.4262295081967213,0.04918032786885246,-0.37036030214937427,-0.10763731619060826,0.0,0.0,0.0
0.0,0.35000000000000003,0.35000000000000003,0.05,0.25,"(0.0, 0.35, 0.35, 0.05, 0.25)",0.07032931045656832,0.13778579743486025,0.5104249622666464,0.0601580065221875,31459922.656058688,-0.410596186947238,-0.7041802499572783,0.09837678449069989,1.0,61.0,22285430.359826785,21763924.769054417,17350323.76502409,29563087.32939236,0.4262295081967213,0.0,-0.7169779986328193,-0.19956444166548612,0.0,0.0,0.0
0.05,0.35000000000000003,0.35000000000000003,0.05,0.2,"(0.05, 0.35, 0.35, 0.05, 0.2)",0.07004912355289084,0.13658754987897925,0.5128514539938414,0.0601580065221875,31381423.192450576,-0.40745640434323727,-0.6980142156025326,0.09637383335218885,1.0,61.0,22265932.46558819,21827474.952604674,17440275.467266135,29415962.88556476,0.4262295081967213,0.0,-0.710872629021436,-0.20241846002366704,0.0,0.0,0.0
0.15000000000000002,0.35000000000000003,0.35000000000000003,0.0,0.15000000000000002,"(0.15, 0.35, 0.35, 0.0, 0.15)",0.07004591069331134,0.13447296688167298,0.5208921340669679,0.0601580065221875,31387117.913366593,-0.4023855000274742,-0.6845056084764143,0.09344006981579406,1.0,61.0,22292442.65313214,21824787.056113195,17493256.84882666,29438674.966814786,0.4262295081967213,0.0,-0.6975341061982755,-0.2001104093470952,0.0,0.0,0.0
0.1,0.35000000000000003,0.35000000000000003,0.05,0.15000000000000002,"(0.1, 0.35, 0.35, 0.05, 0.15)",0.06975941736337266,0.13543909561359396,0.5150611575434275,0.0601580065221875,31300417.085887175,-0.40433037227631385,-0.6918790067412135,0.09437088221367781,1.0,61.0,22245298.0362601,21889832.20833914,17529664.825288616,29268610.80061573,0.4262295081967213,0.0,-0.7047977710469792,-0.20523405030543357,0.0,0.0,0.0
0.0,0.35000000000000003,0.35000000000000003,0.1,0.2,"(0.0, 0.35, 0.35, 0.1, 0.2)",0.06975505767802503,0.1375916461791372,0.5069716048546113,0.0601580065221875,31292609.982942373,-0.4093939646882868,-0.7054617696846488,0.09730464575007261,1.0,61.0,22218064.963281166,21890498.812729005,17475902.177511137,29245117.137036547,0.4262295081967213,0.0,-0.718583526850469,-0.2075508452630012,0.0,0.0,0.0
0.2,0.35000000000000003,0.35000000000000003,0.0,0.1,"(0.2, 0.35, 0.35, 0.0, 0.1)",0.0697470201184236,0.1333662796678718,0.5229734254574532,0.0601580065221875,31303505.358630568,-0.39926170347602896,-0.6784222116177624,0.09143711867728303,1.0,61.0,22270441.561073277,21885917.905258212,17581965.71840143,29290198.000152975,0.4262295081967213,0.0,-0.6915081813534247,-0.2029310758946743,0.0,0.0,0.0
0.05,0.35000000000000003,0.35000000000000003,0.1,0.15000000000000002,"(0.05, 0.35, 0.35, 0.1, 0.15)",0.06946504896563677,0.13645296653671513,0.5090768689660253,0.0601580065221875,31211730.370348964,-0.4062797333053919,-0.6993060882063098,0.09530169461156157,1.0,61.0,22197664.997862443,21939490.520492718,17565398.977269847,29098671.772903334,0.4262295081967213,0.0,-0.713223862629848,-0.21032297569726843,0.0,0.0,0.0
0.15000000000000002,0.35000000000000003,0.35000000000000003,0.05,0.1,"(0.15, 0.35, 0.35, 0.05, 0.1)",0.0694602268713358,0.13434171165657055,0.5170414014740488,0.0601580065221875,31216933.140355825,-0.40121832157029214,-0.6857750691230707,0.09236793107516679,1.0,61.0,22223534.213652436,21950990.354740918,17618483.270659216,29121042.39475754,0.4262295081967213,0.0,-0.6990096444617907,-0.20801125082779304,0.0,0.0,0.0
0.25,0.35000000000000003,0.35000000000000003,0.0,0.05,"(0.25, 0.35, 0.35, 0.0, 0.05)",0.06943867246390378,0.13231215860396867,0.5248094596638301,0.0601580065221875,31217435.444519337,-0.3961521791588952,-0.6723704966364497,0.089434167538772,1.0,61.0,22247315.94937544,21945847.186312396,17670096.22285124,29141515.397998385,0.4262295081967213,0.0,-0.6855135593297387,-0.20571319401956867,0.0,0.0,0.0
0.1,0.35000000000000003,0.35000000000000003,0.1,0.1,"(0.1, 0.35, 0.35, 0.1, 0.1)",0.0691655635346311,0.13536513615609527,0.510955520000906,0.0601580065221875,31128381.84727031,-0.40317942307720867,-0.6931817052665548,0.09329874347305055,1.0,61.0,22176138.075842086,21987197.89734194,17654323.839168016,28952010.737185594,0.4262295081967213,0.0,-0.7078845363947672,-0.2130569151455079,0.0,0.0,0.0
0.0,0.35000000000000003,0.35000000000000003,0.15000000000000002,0.15000000000000002,"(0.0, 0.35, 0.35, 0.15, 0.15)",0.06916281324738982,0.1375135236625274,0.5029528107877056,0.0601580065221875,31121076.192884948,-0.4082335005715588,-0.7067867910698915,0.09623250700944533,1.0,61.0,22149546.22490675,21963606.57301873,17600455.061114617,28928867.259070314,0.4262295081967213,0.0,-0.7222074384568756,-0.21537698481043946,0.0,0.0,0.0
0.2,0.35000000000000003,0.35000000000000003,0.05,0.05,"(0.2, 0.35, 0.35, 0.05, 0.05)",0.06915158676209399,0.1332966593448963,0.5187795935918306,0.0601580065221875,31131000.535084177,-0.3981204820883013,-0.6797028435016622,0.09036497993665575,1.0,61.0,22200648.226658966,22008809.22265954,17706722.290801894,28973268.933331106,0.4262295081967213,0.0,-0.6937127687831817,-0.21075010299499747,0.0,0.0,0.0
0.30000000000000004,0.35000000000000003,0.35000000000000003,0.0,0.0,"(0.3, 0.35, 0.35, 0.0, 0.0)",0.06912090224879197,0.13131186963842162,0.5263873131889923,0.0601580065221875,31128937.815391235,-0.3930571566427068,-0.666350897905641,0.08743121640026096,1.0,61.0,22223073.19984711,22004569.037531853,17757639.922367632,28992638.432773646,0.4262295081967213,0.0,-0.6796922516575704,-0.2084568076333265,0.0,0.0,0.0
0.0,0.30000000000000004,0.35000000000000003,0.1,0.25,"(0.0, 0.3, 0.35, 0.1, 0.25)",0.06907300229254121,0.1314089289876568,0.5256340099920396,0.0601580065221875,31075997.63126221,-0.3877211837091723,-0.6632468882694762,0.093510770312086,1.0,61.0,22339550.908563532,22257304.64970336,17830492.468109526,28315714.21109663,0.4262295081967213,0.0,-0.6726215388352145,-0.1895009892361191,0.0,0.0,0.0
0.05,0.35000000000000003,0.35000000000000003,0.15000000000000002,0.1,"(0.05, 0.35, 0.35, 0.15, 0.1)",0.06886303785080328,0.13643547317201715,0.5047297176444803,0.0601580065221875,31037869.86711045,-0.40514492521013534,-0.7006420593029302,0.09422955587093429,1.0,61.0,22128255.812713366,22011199.604181685,17689483.16961728,28783112.357846033,0.4262295081967213,0.0,-0.7168464907620031,-0.2180678697167403,0.0,0.0,0.0
0.15000000000000002,0.35000000000000003,0.35000000000000003,0.1,0.05,"(0.15, 0.35, 0.35, 0.1, 0.05)",0.06885663594266989,0.13432939041010286,0.5125954620388957,0.0601580065221875,31042593.49110902,-0.40009326317650273,-0.6870890629564956,0.09129579233453951,1.0,61.0,22153491.358544424,22033617.105650038,17742668.23499813,28805145.23206549,0.4262295081967213,0.0,-0.7025660272079816,-0.21575270558753465,0.0,0.0,0.0
0.25,0.35000000000000003,0.35000000000000003,0.05,0.0,"(0.25, 0.35, 0.35, 0.05, 0.0)",0.0688335314284767,0.1323051787561803,0.5202633190596957,0.0601580065221875,31042648.813163757,-0.39503708271300253,-0.6736627655876539,0.08836202879814473,1.0,61.0,22176647.38960883,22054051.818528388,17794373.43008888,28825301.625938755,0.4262295081967213,0.0,-0.688437118070683,-0.21345065127755972,0.0,0.0,0.0
0.05,0.30000000000000004,0.35000000000000003,0.1,0.2,"(0.05, 0.3, 0.35, 0.1, 0.2)",0.0687860944378369,0.13018799454676494,0.5283597360671239,0.0601580065221875,30996484.095710035,-0.38449721055399577,-0.6569996663846733,0.09150781917357496,1.0,61.0,22319304.030910935,22307150.8274255,17845789.273399185,28174579.55638698,0.4262295081967213,0.0,-0.6664470729868646,-0.19234278178758796,0.0,0.0,0.0
0.15000000000000002,0.30000000000000004,0.35000000000000003,0.05,0.15000000000000002,"(0.15, 0.3, 0.35, 0.05, 0.15)",0.06877482634406196,0.12801261715257622,0.5372503732354001,0.0601580065221875,30999807.932451,-0.37926330409610165,-0.6435239670886822,0.08857405563718018,1.0,61.0,22344142.083966512,22329404.364443567,18027771.59660129,28195617.309923798,0.4262295081967213,0.0,-0.6531681769960939,-0.19008145904827553,0.0,0.0,0.0
0.1,0.35000000000000003,0.35000000000000003,0.15000000000000002,0.05,"(0.1, 0.35, 0.35, 0.15, 0.05)",0.06855382774349361,0.13540924828372417,0.5062713855397246,0.0601580065221875,30952232.660348825,-0.4020704393937643,-0.6945290953044285,0.09222660473242325,1.0,61.0,22105847.988214754,22057503.18435258,17641778.021900155,28637153.57955758,0.4262295081967213,0.0,-0.7115064265008393,-0.22072080424209975,0.0,0.0,0.0
0.0,0.35000000000000003,0.35000000000000003,0.2,0.1,"(0.0, 0.35, 0.35, 0.2, 0.1)",0.06855265765121166,0.13755162758091646,0.4983776554071285,0.0601580065221875,30945415.946103755,-0.40711474528697933,-0.7081560635006484,0.09516036826881805,1.0,61.0,22079890.118839953,22034278.345801923,17584325.353761576,28614356.5147934,0.4262295081967213,0.0,-0.7258958908386011,-0.22304391913923144,0.0,0.0,0.0
0.2,0.35000000000000003,0.35000000000000003,0.1,0.0,"(0.2, 0.35, 0.35, 0.1, 0.0)",0.06853830045707854,0.13334694297525065,0.5139847898110369,0.0601580065221875,30954394.74207001,-0.3970214818012501,-0.681028598314361,0.08929284119602847,1.0,61.0,22129732.093064073,22078744.479494218,17697502.944931306,28658086.404362656,0.4262295081967213,0.0,-0.6972688120425228,-0.21841039205207635,0.0,0.0,0.0
0.0,0.30000000000000004,0.35000000000000003,0.15000000000000002,0.2,"(0.0, 0.3, 0.35, 0.15, 0.2)",0.06849345724391132,0.13123297814790005,0.5219226006341099,0.0601580065221875,30909107.170342658,-0.38651384331264504,-0.6643357641440166,0.09243863157145872,1.0,61.0,22272359.980981912,22332627.977052916,17679005.953721117,28011438.418643393,0.4262295081967213,0.0,-0.6736521827570013,-0.19741703276416722,0.0,0.0,0.0
0.1,0.30000000000000004,0.35000000000000003,0.1,0.15000000000000002,"(0.1, 0.3, 0.35, 0.1, 0.15)",0.06848975041443506,0.12901890660688947,0.5308504948280021,0.0601580065221875,30914523.29535527,-0.3812874693826188,-0.6507845489394507,0.08950486803506394,1.0,61.0,22297928.948115118,22355699.400421873,17859883.551469706,28033228.372930013,0.4262295081967213,0.0,-0.6603041484310763,-0.19514656337361452,0.0,0.0,0.0
0.2,0.30000000000000004,0.35000000000000003,0.05,0.1,"(0.2, 0.3, 0.35, 0.05, 0.1)",0.06846936600695153,0.12688652560451288,0.5396110081882195,0.0601580065221875,30915293.615376707,-0.37605601307536096,-0.6373620956851315,0.08657110449866914,1.0,61.0,22321406.695573326,22376764.163105987,18040828.7780752,28053191.455279008,0.4262295081967213,0.0,-0.6470752549577499,-0.19289024524638987,0.0,0.0,0.0
0.30000000000000004,0.30000000000000004,0.35000000000000003,0.0,0.05,"(0.3, 0.3, 0.35, 0.0, 0.05)",0.0684323232489834,0.124840021256845,0.5481601377509479,0.0601580065221875,30911424.386310477,-0.37081996647123494,-0.624069088601677,0.08363734096227435,1.0,61.0,22342790.016656455,22386644.53063155,18221807.864415947,28071324.468857296,0.4262295081967213,0.0,-0.6339661625058496,-0.1906483259937316,0.0,0.0,0.0
0.05,0.30000000000000004,0.35000000000000003,0.15000000000000002,0.15000000000000002,"(0.05, 0.3, 0.35, 0.15, 0.15)",0.06819682501262392,0.1300746709824607,0.5242898136703309,0.0601580065221875,30827279.28196617,-0.383316176397389,-0.6581000248709017,0.09043568043294768,1.0,61.0,22251221.43790014,22381063.368141685,17692925.435330413,27870954.510347873,0.4262295081967213,0.0,-0.6674912771876018,-0.2001778401681309,0.0,0.0,0.0
0.15000000000000002,0.30000000000000004,0.35000000000000003,0.1,0.1,"(0.15, 0.3, 0.35, 0.1, 0.1)",0.0681840042553099,0.12790308687232432,0.5330911545815362,0.0601580065221875,30830143.727782667,-0.3780921958705453,-0.6446019881290436,0.0875019168965529,1.0,61.0,22275432.781116918,22402946.42648068,17872776.192070898,27891671.5179352,0.4262295081967213,0.0,-0.6541931920295259,-0.19791237255127045,0.0,0.0,0.0
0.25,0.30000000000000004,0.35000000000000003,0.05,0.05,"(0.25, 0.3, 0.35, 0.05, 0.05)",0.06815453013341033,0.12581537124382156,0.5417027304345152,0.0601580065221875,30828380.98337467,-0.37286348725225216,-0.6312331944221861,0.0845681533601581,1.0,61.0,22297555.198692366,22422820.053281657,18052673.013061326,27910570.18738603,0.4262295081967213,0.0,-0.6410146731049043,-0.1956609024625735,0.0,0.0,0.0
0.35000000000000003,0.30000000000000004,0.35000000000000003,0.0,0.0,"(0.35, 0.3, 0.35, 0.0, 0.0)",0.06810842195164901,0.12381576660687979,0.5500787485966636,0.0601580065221875,30821998.366002157,-0.36763054431169206,-0.6179943131047847,0.08163438982376334,1.0,61.0,22317585.832828935,22440682.79650681,18232582.140755925,27927647.510630064,0.4262295081967213,0.0,-0.6279563693963838,-0.19342367518511291,0.0,0.0,0.0
0.05,0.35000000000000003,0.30000000000000004,0.2,0.1,"(0.05, 0.35, 0.3, 0.2, 0.1)",0.06761987061751729,0.12628680625736244,0.5354468342457991,0.0601580065221875,30726717.350870077,-0.37805916079799196,-0.6281798197336669,0.08755031105164657,1.0,61.0,22227852.093116395,21906644.359503858,17845912.977629557,28449110.907256745,0.4262295081967213,0.0,-0.6446540581004988,-0.1941973490991791,0.0,0.0,0.0
0.0,0.35000000000000003,0.30000000000000004,0.25,0.1,"(0.0, 0.35, 0.3, 0.25, 0.1)",0.0673166014860902,0.1274373734139761,0.5282328070856769,0.0601580065221875,30636971.90849323,-0.3801149607801323,-0.6352929999072543,0.08848112344953032,1.0,61.0,22178625.731015567,21929989.41617184,17881132.033762045,28283325.99155276,0.4262295081967213,0.0,-0.6531779897130245,-0.19917422179092012,0.0,0.0,0.0
0.1,0.35000000000000003,0.30000000000000004,0.2,0.05,"(0.1, 0.35, 0.3, 0.2, 0.05)",0.06729786491873657,0.12525685853225102,0.537278882029512,0.0601580065221875,30638380.173178755,-0.3749064419816919,-0.6222235145635191,0.08554735991313554,1.0,61.0,22202264.773134816,21950265.93098816,17933268.193888757,28304555.21179756,0.4262295081967213,0.0,-0.6393707024781015,-0.19693603052712605,0.0,0.0,0.0
0.2,0.35000000000000003,0.30000000000000004,0.15000000000000002,0.0,"(0.2, 0.35, 0.3, 0.15, 0.0)",0.06726251576893483,0.12316170462266621,0.5461317377427406,0.0601580065221875,30635203.40068217,-0.36969375167679597,-0.6092800149552224,0.08261359637674073,1.0,61.0,22223826.27576707,21968576.20672824,17983910.681504883,28323941.223444674,0.4262295081967213,0.0,-0.6257136007835685,-0.1947115070925829,0.0,0.0,0.0
0.05,0.35000000000000003,0.30000000000000004,0.25,0.05,"(0.05, 0.35, 0.3, 0.25, 0.05)",0.06699434189020548,0.12641822834162939,0.5299421038330143,0.0601580065221875,30548802.43654916,-0.37697406971828995,-0.6293167918524593,0.08647817231101929,1.0,61.0,22153288.842400916,21973497.03372674,17889678.60891034,28139661.03724622,0.4262295081967213,0.0,-0.6478731819999595,-0.2018704584217767,0.0,0.0,0.0
0.15000000000000002,0.35000000000000003,0.30000000000000004,0.2,0.0,"(0.15, 0.35, 0.3, 0.2, 0.0)",0.06696657199671696,0.12428419374785914,0.5388180908392504,0.0601580065221875,30547714.85373205,-0.3717687149926451,-0.616299969205441,0.08354440877462449,1.0,61.0,22175583.942158572,21992610.018441416,17944428.70855467,28159811.067393616,0.4262295081967213,0.0,-0.6341092578323037,-0.19963712916255721,0.0,0.0,0.0
0.15000000000000002,0.30000000000000004,0.35000000000000003,0.2,0.0,"(0.15, 0.3, 0.35, 0.2, 0.0)",0.06694911928514702,0.12805880484655913,0.522799813455747,0.0601580065221875,30478735.665515047,-0.37587953992921397,-0.6468990565366445,0.08535763941529834,1.0,61.0,22134644.64350894,22485272.6695456,17561083.3378147,27949281.945243895,0.4262295081967213,0.0,-0.6595501768620248,-0.21310389312655748,0.0,0.0,0.0
0.0,0.35000000000000003,0.30000000000000004,0.30000000000000004,0.05,"(0.0, 0.35, 0.3, 0.3, 0.05)",0.06668299554573731,0.12762738719443129,0.5224818670318032,0.0601580065221875,30457323.116742693,-0.37904604513729234,-0.6364633745101932,0.08740898470890304,1.0,61.0,22103835.1079776,21995809.00107485,17720895.42384965,27974904.341845647,0.4262295081967213,0.0,-0.6564614143262888,-0.20677105008626273,0.0,0.0,0.0
0.1,0.35000000000000003,0.30000000000000004,0.25,0.0,"(0.1, 0.35, 0.3, 0.25, 0.0)",0.06666280191408203,0.12545600744054794,0.5313639679285402,0.0601580065221875,30458313.300754614,-0.37384810672705004,-0.6233733752540238,0.08447522117250825,1.0,61.0,22126860.681393605,22015725.903720662,17775876.316593405,27995808.15209075,0.4262295081967213,0.0,-0.6425903567418152,-0.20452930850982975,0.0,0.0,0.0
0.0,0.30000000000000004,0.35000000000000003,0.30000000000000004,0.05,"(0.0, 0.3, 0.35, 0.3, 0.05)",0.0666480081826124,0.13143552096320915,0.5070775973967359,0.0601580065221875,30384072.670959145,-0.38314863511129427,-0.6678797460268349,0.08922221534957687,1.0,61.0,22063967.793790046,22403483.004171133,17221025.48109943,28022268.289788127,0.4262295081967213,0.0,-0.6826234999739133,-0.2202214046060509,0.0,0.0,0.0
0.1,0.30000000000000004,0.35000000000000003,0.25,0.0,"(0.1, 0.3, 0.35, 0.25, 0.0)",0.06663972583504463,0.12924190497563617,0.5156201144482288,0.0601580065221875,30388118.825542443,-0.3779528907304338,-0.6542630752500107,0.08628845181318211,1.0,61.0,22087677.166936297,22434324.491513565,17395557.346107602,28013022.770777803,0.4262295081967213,0.0,-0.6683114207912694,-0.21794038732570287,0.0,0.0,0.0
0.05,0.35000000000000003,0.30000000000000004,0.30000000000000004,0.0,"(0.05, 0.35, 0.3, 0.3, 0.0)",0.06635121334657401,0.12667577687807238,0.523787696288914,0.0601580065221875,30367017.177058082,-0.37593184121751055,-0.6305001792833751,0.08540603357039202,1.0,61.0,22077659.252159774,22037921.08404347,17608145.78565832,27831941.4879702,0.4262295081967213,0.0,-0.6511572871785719,-0.20938785269543259,0.0,0.0,0.0
0.05,0.30000000000000004,0.30000000000000004,0.25,0.1,"(0.05, 0.3, 0.3, 0.25, 0.1)",0.06629375367510137,0.11977939637796554,0.5534654179247198,0.0601580065221875,30331370.1279187,-0.35418525678407586,-0.5870268181420761,0.08268429687303268,1.0,61.0,22271757.664733972,22340173.9753381,18028864.473555498,27357990.03151487,0.4262295081967213,0.0,-0.5987778333978011,-0.1844328943988236,0.0,0.0,0.0
0.0,0.35000000000000003,0.30000000000000004,0.35000000000000003,0.0,"(0.0, 0.35, 0.3, 0.35, 0.0)",0.06603181420799809,0.127942130472243,0.5161068833563285,0.0601580065221875,30273845.259773348,-0.37801983291988694,-0.6376803205331916,0.08633684596827576,1.0,61.0,22027982.441827804,22059192.889615353,17441244.226049095,27668220.014745437,0.4262295081967213,0.0,-0.6598104337930837,-0.21421257289503454,0.0,0.0,0.0
0.0,0.30000000000000004,0.30000000000000004,0.30000000000000004,0.1,"(0.0, 0.3, 0.3, 0.3, 0.1)",0.06599201239940022,0.1209830931070737,0.545464748045376,0.0601580065221875,30243138.122973,-0.35632358111203366,-0.5940303242709103,0.08361510927091645,1.0,61.0,22223482.287305485,22363821.336329672,17859445.207879182,27421125.584774047,0.4262295081967213,0.0,-0.6070602578276584,-0.1893520309233353,0.0,0.0,0.0
0.1,0.30000000000000004,0.30000000000000004,0.25,0.05,"(0.1, 0.3, 0.3, 0.25, 0.05)",0.06596556305707502,0.11873247858356493,0.5555814537354906,0.0601580065221875,30242366.899079263,-0.3509482276442828,-0.5809943550933024,0.08068134573452165,1.0,61.0,22245483.721716758,22383190.006280668,18038776.927173488,27409401.106841613,0.4262295081967213,0.0,-0.5933938982612403,-0.18715946448595697,0.0,0.0,0.0
0.2,0.30000000000000004,0.30000000000000004,0.2,0.0,"(0.2, 0.3, 0.3, 0.2, 0.0)",0.06592257843787186,0.11656938934778689,0.5655222079030597,0.0601580065221875,30237084.54421817,-0.3455687155442627,-0.5680871700988414,0.07774758219812686,1.0,61.0,22265407.11218269,22400563.025519215,18141604.785584465,27395106.102906756,0.4262295081967213,0.0,-0.5798792720284267,-0.18498087381226713,0.0,0.0,0.0
0.05,0.35000000000000003,0.25,0.35000000000000003,0.0,"(0.05, 0.35, 0.25, 0.35, 0.0)",0.06494591533319904,0.11691667610883005,0.5554888959787495,0.0601580065221875,30018925.131002083,-0.3479454174018991,-0.5605259881078065,0.07872678875110428,1.0,61.0,22156068.072217215,21910937.17055874,18006954.09498247,27494657.73598306,0.4262295081967213,0.0,-0.5806863621032997,-0.1863620098604647,0.0,0.0,0.0
0.30000000000000004,0.1,0.35000000000000003,0.15000000000000002,0.1,"(0.3, 0.1, 0.35, 0.15, 0.1)",0.06301346988487366,0.10269625069597944,0.6135907538768661,0.0601580065221875,29325799.24637608,-0.3011614700792672,-0.5196220927864822,0.07273823625046413,1.0,61.0,22535335.004530143,22522922.34143693,17333998.30033448,27653143.078100603,0.4262295081967213,0.0,-0.5195806543284199,-0.1948396786862138,0.0,0.0,0.0
0.1,0.15000000000000002,0.35000000000000003,0.35000000000000003,0.05,"(0.1, 0.15, 0.35, 0.35, 0.05)",0.06290637758078765,0.11221015879534452,0.5606121429301245,0.0601580065221875,29299561.153725848,-0.3243801381184579,-0.5694245181176191,0.07793292739450175,1.0,61.0,22274786.696471658,22186837.04129369,16807779.206695445,28021778.007244598,0.4262295081967213,0.0,-0.5707773017046965,-0.21027115128813134,0.0,0.0,0.0
0.2,0.15000000000000002,0.35000000000000003,0.30000000000000004,0.0,"(0.2, 0.15, 0.35, 0.3, 0.0)",0.06286014229737802,0.10992200490104183,0.5718613152477374,0.0601580065221875,29293256.959838808,-0.3161207199358458,-0.5488915109141445,0.0766064168887049,1.0,61.0,22292171.032435324,22219830.25533563,16972096.94878583,28005969.86180044,0.4262295081967213,0.0,-0.5505216461364786,-0.20554662885167058,0.0,0.0,0.0
0.15000000000000002,0.1,0.35000000000000003,0.25,0.15000000000000002,"(0.15, 0.1, 0.35, 0.25, 0.15)",0.06280806633829483,0.10607745149695352,0.5920962980534901,0.0601580065221875,29260055.136651825,-0.31225749202425,-0.5483058536017945,0.07482426158507682,1.0,61.0,22478100.56459847,22454351.54161571,17009258.776317317,27738596.378728725,0.4262295081967213,0.0,-0.5477507438238032,-0.2002621874883383,0.0,0.0,0.0
0.25,0.1,0.35000000000000003,0.2,0.1,"(0.25, 0.1, 0.35, 0.2, 0.1)",0.06274958183294066,0.10376538486516686,0.6047255731232309,0.0601580065221875,29250485.349899635,-0.303859038562486,-0.5277322571294542,0.07349775107927999,1.0,61.0,22494239.512251403,22433593.47936239,17174397.57544742,27721540.104027305,0.4262295081967213,0.0,-0.5275070714417777,-0.19547920397557297,0.0,0.0,0.0
0.35000000000000003,0.1,0.35000000000000003,0.15000000000000002,0.05,"(0.35, 0.1, 0.35, 0.15, 0.05)",0.06267474516649951,0.10155103586779037,0.6171748483993406,0.0601580065221875,29236585.124723908,-0.29539449556732833,-0.5074091627036159,0.07217124057348313,1.0,61.0,22508283.53558068,22410946.05911891,17339449.42346916,27701925.843869384,0.4262295081967213,0.0,-0.5074936006058105,-0.19068979990429968,0.0,0.0,0.0
0.0,0.1,0.35000000000000003,0.35000000000000003,0.2,"(0.0, 0.1, 0.35, 0.35, 0.2)",0.06256351150708905,0.10969420507648935,0.5703447275401993,0.0601580065221875,29184100.65127121,-0.3232341579305771,-0.5775556149007622,0.0769102869196895,1.0,61.0,22416729.293956354,22452010.429329425,16687268.4685019,27818489.864724573,0.4262295081967213,0.0,-0.5764400612404562,-0.20567472723264868,0.0,0.0,0.0
0.15000000000000002,0.15000000000000002,0.35000000000000003,0.35000000000000003,0.0,"(0.15, 0.15, 0.35, 0.35, 0.0)",0.06256323662330754,0.11120252221259849,0.5626062734773074,0.0601580065221875,29209270.27393782,-0.31879012050713573,-0.5571023961998377,0.07736593171752075,1.0,61.0,22248532.707311958,22141040.364997566,16813221.543654613,28070374.96588271,0.4262295081967213,0.0,-0.5585621359046472,-0.20619899538483885,0.0,0.0,0.0
0.1,0.1,0.35000000000000003,0.30000000000000004,0.15000000000000002,"(0.1, 0.1, 0.35, 0.3, 0.15)",0.06252890722439863,0.10725011459359704,0.5830194910405408,0.0601580065221875,29180866.812129598,-0.31492710593488493,-0.5566055499044924,0.07558377641389266,1.0,61.0,22435720.450069584,22477743.484922208,16851488.197035875,27804994.084084168,0.4262295081967213,0.0,-0.5558509525157257,-0.20090202138629576,0.0,0.0,0.0
0.2,0.1,0.35000000000000003,0.25,0.1,"(0.2, 0.1, 0.35, 0.25, 0.1)",0.06247793663469925,0.10489463257380648,0.5956256778986114,0.0601580065221875,29173303.06309832,-0.30655417332982204,-0.5359060376670159,0.07425726590809582,1.0,61.0,22452622.902601138,22501064.901064605,17015664.592950337,27788923.932560917,0.4262295081967213,0.0,-0.5354919720134435,-0.19612276999346331,0.0,0.0,0.0
0.30000000000000004,0.1,0.35000000000000003,0.2,0.05,"(0.3, 0.1, 0.35, 0.2, 0.05)",0.06241061812567894,0.10263385998161331,0.6080899435806049,0.0601580065221875,29161418.505428456,-0.29811526784514686,-0.5154571162170464,0.07293075540229899,1.0,61.0,22467435.06229441,22482839.949853927,17179766.27724498,27770288.000137404,0.4262295081967213,0.0,-0.515363192280708,-0.1913371060287226,0.0,0.0,0.0
0.05,0.1,0.35000000000000003,0.35000000000000003,0.15000000000000002,"(0.05, 0.1, 0.35, 0.35, 0.15)",0.0622420011281648,0.108478763368522,0.5737713004407826,0.0601580065221875,29099835.8020269,-0.3175942558158448,-0.5649685631755371,0.07634329124270851,1.0,61.0,22392824.12089681,22429383.322607324,16694591.189523358,27870364.229926556,0.4262295081967213,0.0,-0.5640092310274419,-0.2015458875974159,0.0,0.0,0.0
0.15000000000000002,0.1,0.35000000000000003,0.30000000000000004,0.1,"(0.15, 0.1, 0.35, 0.3, 0.1)",0.06219854159726301,0.10608207410653533,0.5863247124561187,0.0601580065221875,29094268.39680361,-0.3092468323518234,-0.544143287881278,0.07501678073691166,1.0,61.0,22410487.427586034,22453714.87594261,16857803.04397904,27855286.264124185,0.4262295081967213,0.0,-0.5435351642599803,-0.1967703665374884,0.0,0.0,0.0
0.25,0.1,0.35000000000000003,0.25,0.05,"(0.25, 0.1, 0.35, 0.25, 0.05)",0.06213873848503759,0.10377716126876133,0.598770844426079,0.0601580065221875,29084390.34893716,-0.30083355271175394,-0.5235686766953425,0.07369027023111484,1.0,61.0,22426065.166313794,22440854.969284248,17020952.248528976,27837634.864775196,0.4262295081967213,0.0,-0.5232912838596799,-0.19198844084359437,0.0,0.0,0.0
0.35000000000000003,0.05,0.35000000000000003,0.1,0.15000000000000002,"(0.35, 0.05, 0.35, 0.1, 0.15)",0.062132527515718516,0.09766038109168355,0.6362101685573857,0.0601580065221875,29074542.31063828,-0.28567640055145904,-0.49376284685981625,0.06982208959287405,1.0,61.0,22653473.652764894,22404267.6632911,17370725.667741872,27464515.659510225,0.4262295081967213,0.0,-0.49200103818807484,-0.1811729119127699,0.0,0.0,0.0
0.35000000000000003,0.1,0.35000000000000003,0.2,0.0,"(0.35, 0.1, 0.35, 0.2, 0.0)",0.062062610266578444,0.10157027303664155,0.6110312437989539,0.0601580065221875,29070211.71511558,-0.2923543287914946,-0.5032447494672458,0.07236375972531799,1.0,61.0,22439556.083906595,22401260.998125948,17184007.458765052,27817419.001833927,0.4262295081967213,0.0,-0.5032776501412262,-0.1872002441161903,0.0,0.0,0.0
0.0,0.05,0.35000000000000003,0.30000000000000004,0.30000000000000004,"(0.0, 0.05, 0.35, 0.3, 0.3)",0.062052848649523096,0.10582729412532711,0.5863595886334989,0.0601580065221875,29030733.97420007,-0.3138808384364068,-0.5643946319658923,0.07456113593908043,1.0,61.0,22564968.909633167,22375089.862900123,16720437.323642934,27583616.13024662,0.4262295081967213,0.0,-0.5612186359103717,-0.196318297628459,0.0,0.0,0.0
0.1,0.05,0.35000000000000003,0.25,0.25,"(0.1, 0.05, 0.35, 0.25, 0.25)",0.062013522850735914,0.10333321863143151,0.6001315324544906,0.0601580065221875,29026246.171278983,-0.30546093310405664,-0.5432839027850123,0.07323462543328359,1.0,61.0,22583475.04286713,22339327.131638277,16884423.068862334,27569853.912319355,0.4262295081967213,0.0,-0.5405334808315724,-0.1914906250563647,0.0,0.0,0.0
0.1,0.1,0.35000000000000003,0.35000000000000003,0.1,"(0.1, 0.1, 0.35, 0.35, 0.1)",0.061911404115840174,0.10732577792901371,0.5768549300130763,0.0601580065221875,29013397.704279877,-0.3119369737658687,-0.5524438521654533,0.07577629556572751,1.0,61.0,22367835.372952472,22334002.022825446,16700816.483229736,27920618.90068245,0.4262295081967213,0.0,-0.5516364478185127,-0.19742198341544562,0.0,0.0,0.0
0.2,0.1,0.35000000000000003,0.30000000000000004,0.05,"(0.2, 0.1, 0.35, 0.3, 0.05)",0.06185911354858087,0.1049789638196744,0.5892524682834379,0.0601580065221875,29005516.62697415,-0.303549308152141,-0.5317437002632353,0.07444978505993066,1.0,61.0,22384176.078105208,22296826.985851116,16863011.009842087,27903958.1431038,0.4262295081967213,0.0,-0.5312776857713718,-0.19264379415975574,0.0,0.0,0.0
0.30000000000000004,0.1,0.35000000000000003,0.25,0.0,"(0.3, 0.1, 0.35, 0.25, 0.0)",0.06179050210374837,0.10272717016794743,0.60150106347452,0.0601580065221875,28993344.771170802,-0.29509581433045995,-0.5112943122506771,0.07312327455413384,1.0,61.0,22398434.569832835,22258176.34777339,17025123.7149718,27884725.167708922,0.4262295081967213,0.0,-0.5111491605035311,-0.18859519428664487,0.0,0.0,0.0
0.05,0.05,0.35000000000000003,0.30000000000000004,0.25,"(0.05, 0.05, 0.35, 0.3, 0.25)",0.06174410144836662,0.10445179660172012,0.5911253176793113,0.0601580065221875,28950218.76380026,-0.30815086937836167,-0.5516689864760494,0.07399414026209943,1.0,61.0,22542113.108062908,22316992.770516973,16728628.250746127,27637095.373832405,0.4262295081967213,0.0,-0.548689858335791,-0.19212957361529562,0.0,0.0,0.0
0.15000000000000002,0.05,0.35000000000000003,0.25,0.2,"(0.15, 0.05, 0.35, 0.25, 0.2)",0.06169593114004246,0.10200250779257201,0.6048471991051896,0.0601580065221875,28943413.081201255,-0.2996898513252181,-0.5306837136399923,0.07266762975630259,1.0,61.0,22559285.332709167,22358561.68661053,16891612.484430715,27621765.523668315,0.4262295081967213,0.0,-0.5281199792478881,-0.1872989607064958,0.0,0.0,0.0
0.15000000000000002,0.1,0.35000000000000003,0.35000000000000003,0.05,"(0.15, 0.1, 0.35, 0.35, 0.05)",0.0615717507083664,0.10623728227734107,0.5795682023155331,0.0601580065221875,28924813.652253862,-0.30626249231768155,-0.539982033967497,0.07520929988874651,1.0,61.0,22341770.062062364,22153079.13215769,16705946.097409505,27969249.642243348,0.4262295081967213,0.0,-0.5393221998712043,-0.19866756046806214,0.0,0.0,0.0
0.25,0.1,0.35000000000000003,0.30000000000000004,0.0,"(0.25, 0.1, 0.35, 0.3, 0.0)",0.061510653190755216,0.10394285100026773,0.5917737737499309,0.0601580065221875,28914639.189658765,-0.2978347166753095,-0.5194073305045638,0.07388278938294968,1.0,61.0,22356793.55359898,22115362.402082477,16867114.039451227,27951005.70900644,0.4262295081967213,0.0,-0.5190789992368796,-0.19502247735713982,0.0,0.0,0.0
0.0,0.05,0.35000000000000003,0.35000000000000003,0.25,"(0.0, 0.05, 0.35, 0.35, 0.25)",0.06146694248169671,0.10562904530145066,0.5819132635941049,0.0601580065221875,28872351.19888742,-0.3108383431842019,-0.5601192001880881,0.07475365509091528,1.0,61.0,22500228.507297467,22334702.7575252,16573685.774949668,27703323.989875328,0.4262295081967213,0.0,-0.5569058686485427,-0.19408759479808124,0.0,0.0,0.0
0.1,0.05,0.35000000000000003,0.30000000000000004,0.2,"(0.1, 0.05, 0.35, 0.3, 0.2)",0.061426268501489245,0.10313727006407053,0.5955778009572122,0.0601580065221875,28867522.004915554,-0.3024030711653799,-0.5390053370674801,0.07342714458511843,1.0,61.0,22518165.723131634,22377117.131731857,16735719.703680582,27688978.9602498,0.4262295081967213,0.0,-0.5362185712632105,-0.1897051020129977,0.0,0.0,0.0
0.2,0.05,0.35000000000000003,0.25,0.15000000000000002,"(0.2, 0.05, 0.35, 0.25, 0.15)",0.06136927782951407,0.10073542649296473,0.6092124684040529,0.0601580065221875,28858417.813717216,-0.29390106882720324,-0.5181458708393476,0.0721006340793216,1.0,61.0,22534009.23855477,22417556.492734287,16897692.900683366,27672080.694382366,0.4262295081967213,0.0,-0.5157642437899771,-0.18531560978128636,0.0,0.0,0.0
0.30000000000000004,0.05,0.35000000000000003,0.2,0.1,"(0.3, 0.05, 0.35, 0.2, 0.1)",0.061295988776578714,0.09843009821516666,0.6227362350343961,0.0601580065221875,28845048.268486686,-0.28533224288251824,-0.4975408318056593,0.07077412357352475,1.0,61.0,22547757.72974395,22456013.5370815,17059574.283374913,27652637.909270566,0.4262295081967213,0.0,-0.49554295184531144,-0.1809201173717657,0.0,0.0,0.0
0.2,0.1,0.35000000000000003,0.35000000000000003,0.0,"(0.2, 0.1, 0.35, 0.35, 0.0)",0.061223070916614164,0.1052152779532812,0.5818838490717962,0.0601580065221875,28834111.241438765,-0.3005709939917345,-0.5275836539159862,0.07464230421176553,1.0,61.0,22314635.27827526,22105600.357105263,16709981.950053576,28016252.438403614,0.4262295081967213,0.0,-0.5270669704042197,-0.20141835892342133,0.0,0.0,0.0
0.05,0.05,0.35000000000000003,0.35000000000000003,0.2,"(0.05, 0.05, 0.35, 0.35, 0.2)",0.06114887275815195,0.10433108364211144,0.5861040700766791,0.0601580065221875,28789797.19219995,-0.3051137745982294,-0.5473920883479226,0.07418665941393428,1.0,61.0,22476523.073370203,22394731.60271735,16580680.7074259,27755177.36386773,0.4262295081967213,0.0,-0.5443768182540347,-0.19340743172077815,0.0,0.0,0.0
0.15000000000000002,0.05,0.35000000000000003,0.30000000000000004,0.15000000000000002,"(0.15, 0.05, 0.35, 0.3, 0.15)",0.06109937992362324,0.101886074469057,0.5996833251454716,0.0601580065221875,28782670.144443747,-0.29663762496571466,-0.5264042536116116,0.07286014890813744,1.0,61.0,22493133.691214506,22436017.498252098,16741713.28934883,27739262.388905227,0.4262295081967213,0.0,-0.5238052768202037,-0.18975196770031708,0.0,0.0,0.0
0.25,0.05,0.35000000000000003,0.25,0.1,"(0.25, 0.05, 0.35, 0.25, 0.1)",0.06103359290791044,0.09953440479034667,0.6131909166128833,0.0601580065221875,28771287.21144008,-0.2880947696064702,-0.505670935550053,0.0715336384023406,1.0,61.0,22507653.837610077,22472270.397153582,16902666.120579313,27720795.14370248,0.4262295081967213,0.0,-0.5034667704933867,-0.18610141019437815,0.0,0.0,0.0
0.25,0.0,0.35000000000000003,0.15000000000000002,0.25,"(0.25, 0.0, 0.35, 0.15, 0.25)",0.06098688564201327,0.09670960667959083,0.6306186917300706,0.0601580065221875,28745080.509880237,-0.28147908794288523,-0.49587090024484176,0.06899196826989666,1.0,61.0,22709246.304438762,22592350.053316265,17077161.47336425,27352329.778443433,0.4262295081967213,0.0,-0.49192569908168954,-0.18695261906040792,0.0,0.0,0.0
0.35000000000000003,0.05,0.35000000000000003,0.2,0.05,"(0.35, 0.05, 0.35, 0.2, 0.05)",0.0609515301103607,0.09728284387650431,0.6265393535137153,0.0601580065221875,28755658.974917628,-0.2794851194352621,-0.48519214598246085,0.07020712789654375,1.0,61.0,22520082.52374571,22490599.63123317,17063508.155818757,27699784.720795695,0.4262295081967213,0.0,-0.4833613524768568,-0.18245661153290318,0.0,0.0,0.0
0.35000000000000003,0.0,0.35000000000000003,0.1,0.2,"(0.35, 0.0, 0.35, 0.1, 0.2)",0.06090146538703656,0.0944283223592819,0.6449491409507203,0.0601580065221875,28728573.10614168,-0.27276837861753755,-0.4752510686123301,0.06766545776409982,1.0,61.0,22721691.044306647,22610212.078137193,17239619.72800716,27331747.561226238,0.4262295081967213,0.0,-0.4717415653659778,-0.1825284643299795,0.0,0.0,0.0
0.1,0.05,0.35000000000000003,0.35000000000000003,0.15000000000000002,"(0.1, 0.05, 0.35, 0.35, 0.15)",0.06082175337458495,0.10309612916148639,0.5899518621045001,0.0601580065221875,28705095.275486004,-0.29937161066697116,-0.5347277610282505,0.07361966373695328,1.0,61.0,22451734.746310078,22404379.5642541,16586588.828018075,27805426.91317892,0.4262295081967213,0.0,-0.5319059863858314,-0.19610925343483085,0.0,0.0,0.0
0.2,0.05,0.35000000000000003,0.30000000000000004,0.1,"(0.2, 0.05, 0.35, 0.3, 0.1)",0.06076346560203483,0.10070057048826851,0.6034073621173148,0.0601580065221875,28695689.940395378,-0.29085471395398166,-0.5138662992469873,0.07229315323115644,1.0,61.0,22467024.02755182,22426133.213399515,16746610.785513455,27787941.37381304,0.4262295081967213,0.0,-0.5114504721477394,-0.19247078827780237,0.0,0.0,0.0
0.2,0.0,0.35000000000000003,0.2,0.25,"(0.2, 0.0, 0.35, 0.2, 0.25)",0.06074214528762423,0.09766457446646025,0.6219465514436266,0.0601580065221875,28676168.889432028,-0.28424126963686824,-0.5040748173128002,0.06975148309871251,1.0,61.0,22670471.265336283,22549501.402785208,16921543.274599418,27422286.001474276,0.4262295081967213,0.0,-0.4998945314709329,-0.19045934408649326,0.0,0.0,0.0
0.30000000000000004,0.05,0.35000000000000003,0.25,0.05,"(0.3, 0.05, 0.35, 0.25, 0.05)",0.060688906138864684,0.09840186154093308,0.6167455085554392,0.0601580065221875,28682048.418947574,-0.28227113967115125,-0.49325946217668554,0.0709666427253596,1.0,61.0,22480226.284086205,22445484.324658316,16906534.11856983,27767904.805223547,0.4262295081967213,0.0,-0.49122805037501766,-0.18883741870587484,0.0,0.0,0.0
0.30000000000000004,0.0,0.35000000000000003,0.15000000000000002,0.2,"(0.3, 0.0, 0.35, 0.15, 0.2)",0.060664217237740514,0.09532993563151373,0.6363606230914775,0.0601580065221875,28661642.45857975,-0.27555679383407905,-0.4833236772946318,0.06842497259291566,1.0,61.0,22683696.164015394,22568392.57747595,17083092.328249797,27402658.949001137,0.4262295081967213,0.0,-0.47959051619830106,-0.1860550765421318,0.0,0.0,0.0
0.05,0.0,0.35000000000000003,0.30000000000000004,0.30000000000000004,"(0.05, 0.0, 0.35, 0.3, 0.3)",0.06054383939048269,0.1011657909079861,0.598461583180321,0.0601580065221875,28613731.761331208,-0.2955915161862913,-0.533486393606702,0.07183750843332519,1.0,61.0,22615057.544956874,22483297.421767186,16606024.585897835,27507399.051340193,0.4262295081967213,0.0,-0.5285844263672682,-0.19831406674858784,0.0,0.0,0.0
0.0,0.05,0.30000000000000004,0.35000000000000003,0.30000000000000004,"(0.0, 0.05, 0.3, 0.35, 0.3)",0.06052678369246722,0.09510055983371066,0.6364503405479646,0.0601580065221875,28661535.913626842,-0.28149208932368364,-0.4851447855177004,0.06579348596623147,1.0,61.0,22619889.650844816,22404638.577993236,17145181.93890774,27072818.686558932,0.4262295081967213,0.0,-0.48269693942724046,-0.17157852825762954,0.0,0.0,0.0
0.15000000000000002,0.0,0.35000000000000003,0.25,0.25,"(0.15, 0.0, 0.35, 0.25, 0.25)",0.06048967190550081,0.09868578339700851,0.6129522391503298,0.0601580065221875,28605404.651530363,-0.28700096726833946,-0.5123459226649546,0.07051099792752837,1.0,61.0,22631162.48017017,22505621.910770252,16766751.42739311,27491256.850523524,0.4262295081967213,0.0,-0.5079249369972083,-0.1939365070892769,0.0,0.0,0.0
0.15000000000000002,0.05,0.35000000000000003,0.35000000000000003,0.1,"(0.15, 0.05, 0.35, 0.35, 0.1)",0.060485614117266495,0.10192647209498529,0.5934239935323176,0.0601580065221875,28618272.120646317,-0.2936120337451328,-0.5221267833287371,0.07305266805997229,1.0,61.0,22425870.47959221,22378984.228674702,16591411.889533274,27854068.34676858,0.4262295081967213,0.0,-0.5194938712758391,-0.19880965741696435,0.0,0.0,0.0
0.25,0.0,0.35000000000000003,0.2,0.2,"(0.25, 0.0, 0.35, 0.2, 0.2)",0.06041923350019496,0.09630046131146816,0.6274033652318527,0.0601580065221875,28592851.30864968,-0.2783427133399097,-0.49146357506916405,0.06918448742173151,1.0,61.0,22645165.18544078,22525537.55867871,16927388.6641331,27472591.321049523,0.4262295081967213,0.0,-0.4875012145025482,-0.1895523878466903,0.0,0.0,0.0
0.25,0.05,0.35000000000000003,0.30000000000000004,0.05,"(0.25, 0.05, 0.35, 0.3, 0.05)",0.06041855520039552,0.09958310426028373,0.6067149206604113,0.0601580065221875,28606608.451955535,-0.2850545233110596,-0.5013920303295325,0.07172615755417544,1.0,61.0,22439843.824769292,22383703.55801015,16750414.139760045,27835011.84389535,0.4262295081967213,0.0,-0.499154649354581,-0.1951880742266834,0.0,0.0,0.0
0.35000000000000003,0.05,0.35000000000000003,0.25,0.0,"(0.35, 0.05, 0.35, 0.25, 0.0)",0.06033524706470206,0.09734018699374192,0.6198390297789449,0.0601580065221875,28590728.872796096,-0.2764303670408472,-0.48091199831287085,0.07039964704837862,1.0,61.0,22451733.807714272,22394558.98791781,16909299.039516017,27813405.827156458,0.4262295081967213,0.0,-0.4790485693883176,-0.19157177000031805,0.0,0.0,0.0
0.35000000000000003,0.0,0.35000000000000003,0.15000000000000002,0.15000000000000002,"(0.35, 0.0, 0.35, 0.15, 0.15)",0.060332542614986995,0.09401703176764964,0.6417192872467055,0.0601580065221875,28576082.762515455,-0.26961666077246627,-0.4708393503293215,0.06785797691593468,1.0,61.0,22657064.81446841,22543040.16091484,17087905.24271902,27451411.53627279,0.4262295081967213,0.0,-0.46731329870797034,-0.18516270248471386,0.0,0.0,0.0
0.2,0.1,0.30000000000000004,0.35000000000000003,0.05,"(0.2, 0.1, 0.3, 0.35, 0.05)",0.06033194946080722,0.09412437151872183,0.6409811665919797,0.0601580065221875,28636929.92395142,-0.27081679586153806,-0.4546754661188117,0.06568213508708172,1.0,61.0,22433075.531570654,22171784.850238975,17293032.46734828,27382895.024725515,0.4262295081967213,0.0,-0.45456133320949704,-0.168731919984398,0.0,0.0,0.0
0.0,0.0,0.35000000000000003,0.35000000000000003,0.30000000000000004,"(0.0, 0.0, 0.35, 0.35, 0.3)",0.06027615720162527,0.10229593424985821,0.5892331659477348,0.0601580065221875,28539173.954520132,-0.2983225966768799,-0.5419557593856759,0.07259702326214104,1.0,61.0,22574446.213880032,22437380.95944324,16452989.207025971,27574400.58372826,0.4262295081967213,0.0,-0.536795767867448,-0.2017405492293696,0.0,0.0,0.0
0.1,0.0,0.35000000000000003,0.30000000000000004,0.25,"(0.1, 0.0, 0.35, 0.3, 0.25)",0.06022947253860256,0.09977119945666048,0.6036759392149593,0.0601580065221875,28532802.538703542,-0.28975813813661655,-0.5206840945167119,0.0712705127563442,1.0,61.0,22591322.050992254,22460718.079621054,16612789.78185466,27559233.91443523,0.4262295081967213,0.0,-0.5160167474167736,-0.19738390640190512,0.0,0.0,0.0
0.2,0.0,0.35000000000000003,0.25,0.2,"(0.2, 0.0, 0.35, 0.25, 0.2)",0.06016652112636134,0.09733783810763169,0.6181205818423045,0.0601580065221875,28522214.017757885,-0.2811260942801478,-0.49967065217964207,0.06994400225054737,1.0,61.0,22606100.1540344,22481653.392051782,16772512.702108957,27541536.17416214,0.4262295081967213,0.0,-0.49547350306583093,-0.19302019331756648,0.0,0.0,0.0
0.2,0.05,0.35000000000000003,0.35000000000000003,0.05,"(0.2, 0.05, 0.35, 0.35, 0.05)",0.06014048455038967,0.10082438500125375,0.596487492084795,0.0601580065221875,28529354.69994936,-0.2878352281882721,-0.5095897135463485,0.07248567238299129,0.0,61.0,22398937.304452535,22352210.13296201,16595151.812943434,27901097.589051813,0.4262295081967213,0.0,-0.5071409661103119,-0.2015081733005022,0.0,0.0,0.0
0.30000000000000004,0.0,0.35000000000000003,0.2,0.15000000000000002,"(0.3, 0.0, 0.35, 0.2, 0.15)",0.060087321199992605,0.09500287165865928,0.6324789993283934,0.0601580065221875,28507418.54887987,-0.2724263707897069,-0.47891545461167023,0.06861749174475051,0.0,61.0,22618779.46414269,22500182.378494147,16932127.19389156,27521316.19776232,0.4262295081967213,0.0,-0.4751660932287427,-0.18865039945034082,0.0,0.0,0.0
0.30000000000000004,0.05,0.35000000000000003,0.30000000000000004,0.0,"(0.3, 0.05, 0.35, 0.3, 0.0)",0.060064678162560226,0.09853599059769806,0.6095709577609242,0.0601580065221875,28515453.029528987,-0.2792372402239097,-0.48898199638382117,0.07115916187719445,0.0,61.0,22411600.251401983,22371197.270343356,16753125.468428668,27880469.943245333,0.4262295081967213,0.0,-0.4869182954723614,-0.1979033512905598,0.0,0.0,0.0
0.05,0.0,0.35000000000000003,0.35000000000000003,0.25,"(0.05, 0.0, 0.35, 0.35, 0.25)",0.059961554317913945,0.10091875095706,0.5941567226037808,0.0601580065221875,28458377.638002753,-0.29251273970941927,-0.5290892017180445,0.07203002758516004,0.0,61.0,22550952.114594866,22414796.53930541,16459662.054983677,27626208.878910992,0.4262295081967213,0.0,-0.5241697856784204,-0.20080134473652683,0.0,0.0,0.0
0.15000000000000002,0.0,0.35000000000000003,0.30000000000000004,0.2,"(0.15, 0.0, 0.35, 0.3, 0.2)",0.05990608715632373,0.09843995257773333,0.6085546121024261,0.0601580065221875,28449745.295477975,-0.28390689396599833,-0.5079447895646414,0.0707035170793632,0.0,61.0,22566503.15019706,22436746.576701093,16618468.27478028,27609485.100703154,0.4262295081967213,0.0,-0.5035072159083339,-0.19645829238718995,0.0,0.0,0.0
0.25,0.0,0.35000000000000003,0.25,0.15000000000000002,"(0.25, 0.0, 0.35, 0.25, 0.15)",0.05983437554328663,0.09605614317552548,0.6229104517964039,0.0601580065221875,28436914.78740205,-0.2752334876479222,-0.48705872824272556,0.06937700657356637,0.0,61.0,22579959.77146459,22456297.19079142,16777178.123114912,27590231.24398284,0.4262295081967213,0.0,-0.4830804945260313,-0.19210864835815938,0.0,0.0,0.0
0.25,0.05,0.35000000000000003,0.35000000000000003,0.0,"(0.25, 0.05, 0.35, 0.35, 0.0)",0.05978639401981156,0.09979210659934766,0.5991094492056989,0.0601580065221875,28438370.2761085,-0.2820413803526429,-0.4971171031264377,0.07191867670601029,0.0,61.0,22370942.32842065,22324065.853141256,16597810.686330339,27946510.780163564,0.4262295081967213,0.0,-0.494847758984811,-0.20420433100451654,0.0,0.0,0.0
0.35000000000000003,0.0,0.35000000000000003,0.2,0.1,"(0.35, 0.0, 0.35, 0.2, 0.1)",0.059746437803531505,0.09377456707170177,0.6371283778665517,0.0601580065221875,28419897.192207515,-0.2664924306751586,-0.46643102120386687,0.06805049606776953,0.0,61.0,22591321.253340688,22473444.270354006,16935760.865960963,27568456.514619768,0.4262295081967213,0.0,-0.4628896673528254,-0.18775339671633579,0.0,0.0,0.0
0.1,0.0,0.35000000000000003,0.35000000000000003,0.2,"(0.1, 0.0, 0.35, 0.35, 0.2)",0.05963793871814982,0.0996046557994062,0.5987464967325891,0.0601580065221875,28375460.19452641,-0.28668506987662745,-0.5162858588081973,0.07146303190817906,0.0,61.0,22526376.28925488,22390823.73906626,16465259.08176752,27676429.790155496,0.4262295081967213,0.0,-0.5116021782487056,-0.1998664888540225,0.0,0.0,0.0
0.2,0.0,0.35000000000000003,0.30000000000000004,0.15000000000000002,"(0.2, 0.0, 0.35, 0.3, 0.15)",0.05957371268218026,0.09717465367828867,0.6130581425009036,0.0601580065221875,28364586.153491855,-0.27803796867052677,-0.49526905487044404,0.0701365214023822,0.0,61.0,22540607.795216832,22411391.093246184,16623061.84554914,27658148.27122949,0.4262295081967213,0.0,-0.4910563388728545,-0.19553724974184836,0.0,0.0,0.0
0.30000000000000004,0.0,0.35000000000000003,0.25,0.1,"(0.3, 0.0, 0.35, 0.25, 0.1)",0.05949326447438352,0.09484338452179933,0.627279011333777,0.0601580065221875,28349533.463163827,-0.26932333522506924,-0.47451071814122775,0.06881001089658538,0.0,61.0,22552748.423144903,22429561.68468217,16780749.665626638,27637337.93783469,0.4262295081967213,0.0,-0.4707464122338082,-0.19120189196028725,0.0,0.0,0.0
0.35000000000000003,0.05,0.30000000000000004,0.25,0.05,"(0.35, 0.05, 0.3, 0.25, 0.05)",0.05935332646370983,0.0862317075355534,0.688300488996329,0.0601580065221875,28371484.8459081,-0.24578104588057548,-0.40891825075770255,0.061439477923694794,0.0,61.0,22561220.87074235,22341280.923725583,17487833.38056907,27173086.67645244,0.4262295081967213,0.0,-0.4076298903599785,-0.15911695075095755,0.0,0.0,0.0
0.2,0.05,0.30000000000000004,0.35000000000000003,0.1,"(0.2, 0.05, 0.3, 0.35, 0.1)",0.05919089901351149,0.08980475026316957,0.659106548819018,0.0601580065221875,28318599.043193143,-0.2576277372456306,-0.43624663521756213,0.06352550325830748,0.0,61.0,22509822.93295313,22436826.61228501,17165540.995406017,27262977.417211503,0.4262295081967213,0.0,-0.434460801959929,-0.1692395274000439,0.0,0.0,0.0
0.30000000000000004,0.05,0.30000000000000004,0.30000000000000004,0.05,"(0.3, 0.05, 0.3, 0.3, 0.05)",0.059097824605715,0.08741279553932324,0.6760775037692215,0.0601580065221875,28300505.508015323,-0.2487004165803105,-0.41651629705232857,0.06219899275251063,0.0,61.0,22520701.076820433,22409897.52226778,17327406.043786515,27240342.018378817,0.4262295081967213,0.0,-0.4150585304597635,-0.16557097447470098,0.0,0.0,0.0
0.25,0.05,0.30000000000000004,0.35000000000000003,0.05,"(0.25, 0.05, 0.3, 0.35, 0.05)",0.0588346138589273,0.088662167359448,0.6635819494509321,0.0601580065221875,28227717.35008045,-0.25161688346780575,-0.4241791307975513,0.0629585075813265,0.0,61.0,22479658.88180851,22477784.14275757,17167846.77427747,27306609.182675276,0.4262295081967213,0.0,-0.42254686210534165,-0.17199524897351073,0.0,0.0,0.0
0.35000000000000003,0.05,0.30000000000000004,0.30000000000000004,0.0,"(0.35, 0.05, 0.3, 0.3, 0.0)",0.05873287152054729,0.08633121953759205,0.6803201881675337,0.0601580065221875,28207450.35610149,-0.2426477935196264,-0.4045734014171329,0.06163199707552964,0.0,61.0,22489233.92684799,22449777.365429133,17328639.98854198,27282446.212373577,0.4262295081967213,0.0,-0.4032587181345508,-0.1683451272566484,0.0,0.0,0.0
0.30000000000000004,0.05,0.30000000000000004,0.35000000000000003,0.0,"(0.3, 0.05, 0.3, 0.35, 0.0)",0.05846946049480395,0.08759808047795668,0.6674742206196778,0.0601580065221875,28134830.592249256,-0.2455885046175098,-0.41217551100747124,0.062391511904345484,0.0,61.0,22448450.592842963,22517701.7142129,17169043.39909226,27348670.456470706,0.4262295081967213,0.0,-0.41069191420893764,-0.17474978534788638,0.0,0.0,0.0
0.25,0.0,0.30000000000000004,0.30000000000000004,0.15000000000000002,"(0.25, 0.0, 0.3, 0.3, 0.15)",0.05820957500576518,0.08514945637799784,0.6836165194920284,0.0601580065221875,28049294.580460954,-0.24137473397147802,-0.4093890373918708,0.06060935660071741,0.0,61.0,22617261.461679168,22674387.320671596,17188302.223152496,27062563.16535785,0.4262295081967213,0.0,-0.40628715182316094,-0.17026022755080628,0.0,0.0,0.0
0.35000000000000003,0.0,0.30000000000000004,0.25,0.1,"(0.35, 0.0, 0.3, 0.25, 0.1)",0.05810326532617016,0.08277136524975076,0.701973021114873,0.0601580065221875,28027951.266166773,-0.23228441344531214,-0.38964409450411197,0.059282846094920565,0.0,61.0,22626289.354381092,22689236.925782703,17348717.158480123,27038276.61278987,0.4262295081967213,0.0,-0.3869197789473153,-0.1658762671336306,0.0,0.0,0.0
0.35000000000000003,0.30000000000000004,0.0,0.25,0.1,"(0.35, 0.3, 0.0, 0.25, 0.1)",0.056781321598275536,0.061558350238564326,0.9223983647746276,0.0601580065221875,28074411.99786146,-0.1496751339056145,-0.18702393938536135,0.04062387590212378,0.0,61.0,22835510.925840564,22914203.33353916,18865567.950872734,26142980.925795555,0.4098360655737705,0.16393442622950818,-0.1922552467033619,-0.04763102246018106,0.0,0.0,0.0
0.2,0.30000000000000004,0.0,0.35000000000000003,0.15000000000000002,"(0.2, 0.3, 0.0, 0.35, 0.15)",0.05673946408644026,0.0647047897744786,0.8768974334697538,0.0601580065221875,28050286.144886654,-0.16198650387468116,-0.2058971832695175,0.044644556061955616,0.0,61.0,22780366.523554735,22842586.28197377,18873166.184369236,26030467.215839334,0.4098360655737705,0.11475409836065574,-0.2121398597789827,-0.05246809008688997,0.0,0.0,0.0
0.30000000000000004,0.30000000000000004,0.0,0.30000000000000004,0.1,"(0.3, 0.3, 0.0, 0.3, 0.1)",0.05657056920290038,0.06250249871670126,0.9050929221135953,0.0601580065221875,28014510.241998415,-0.15285690504285643,-0.19228289966441547,0.04152101540793134,0.0,61.0,22785917.151089292,22809230.310892235,18910661.028578747,25981995.05362562,0.4098360655737705,0.11475409836065574,-0.19802555802378122,-0.049891162688166936,0.0,0.0,0.0
0.05,0.35000000000000003,0.05,0.25,0.30000000000000004,"(0.05, 0.35, 0.05, 0.25, 0.3)",0.061575318856266215,0.08269711660205842,0.7445884619238773,0.0601580065221875,29296283.03144292,-0.23346939582794402,-0.3102405102640535,0.06159318000994645,1.0,61.0,22891871.681256495,22836636.682624843,17938525.254746832,28072839.092372537,0.4098360655737705,0.06557377049180328,-0.31919253236455036,-0.07636447585005665,0.0,0.0,0.0
0.15000000000000002,0.35000000000000003,0.05,0.2,0.25,"(0.15, 0.35, 0.05, 0.2, 0.25)",0.06145737477646773,0.08040770835384416,0.7643219292610216,0.0601580065221875,29272359.09060542,-0.22684959310867414,-0.29908797827419803,0.05846963935592218,1.0,61.0,22905393.384412456,22849728.122302834,17979796.442353666,28025381.511694208,0.4098360655737705,0.06557377049180328,-0.3077447631561812,-0.07162501721092997,0.0,0.0,0.0
0.25,0.35000000000000003,0.05,0.15000000000000002,0.2,"(0.25, 0.35, 0.05, 0.15, 0.2)",0.061323129574699875,0.0782464979447429,0.783717242118693,0.0601580065221875,29244162.366348244,-0.22070991391547423,-0.28889176478427253,0.055346098701897904,1.0,61.0,22916794.338411685,22828196.808805164,18019554.221015714,27976080.583306547,0.4098360655737705,0.06557377049180328,-0.2971064175319744,-0.06773855459174037,0.0,0.0,0.0
0.35000000000000003,0.35000000000000003,0.05,0.1,0.15000000000000002,"(0.35, 0.35, 0.05, 0.1, 0.15)",0.061172603261561154,0.07622439063707773,0.8025331885277814,0.0601580065221875,29211711.005003296,-0.2145688168305906,-0.2788169551005672,0.05222255804787363,1.0,61.0,22926074.497275934,22852810.423651487,18057791.190493636,27924946.86552976,0.4098360655737705,0.06557377049180328,-0.28660600940390635,-0.06505752392960443,0.0,0.0,0.0
0.2,0.35000000000000003,0.05,0.2,0.2,"(0.2, 0.35, 0.05, 0.2, 0.2)",0.06110380979054142,0.07908812118363381,0.7726041392317966,0.0601580065221875,29179829.01017588,-0.22317245762051952,-0.2938991952723167,0.056243238207705465,1.0,61.0,22866052.907296807,22810608.599778462,18062211.824366797,27802321.396691136,0.4098360655737705,0.06557377049180328,-0.3028224710896636,-0.06994384837083353,0.0,0.0,0.0
0.30000000000000004,0.35000000000000003,0.05,0.15000000000000002,0.15000000000000002,"(0.3, 0.35, 0.05, 0.15, 0.15)",0.06096087893122726,0.07699377690476557,0.7917637162628147,0.0601580065221875,29149426.888808448,-0.21703835482419542,-0.28375514522120504,0.053119697553681185,1.0,61.0,22876117.3601726,22829311.545640144,18101242.13588282,27752362.737445716,0.4098360655737705,0.06557377049180328,-0.29222827278170505,-0.06727493781003997,0.0,0.0,0.0
0.25,0.35000000000000003,0.05,0.2,0.15000000000000002,"(0.25, 0.35, 0.05, 0.2, 0.15)",0.06074136494931848,0.07785126391716919,0.7802232345764483,0.0601580065221875,29085232.902052052,-0.21951362465469093,-0.2887437777984494,0.054016837059488745,1.0,61.0,22825678.63730862,22799349.659175113,18144037.2331289,27580039.169484463,0.4098360655737705,0.06557377049180328,-0.29792262527439206,-0.0694736965777425,0.0,0.0,0.0
0.2,0.35000000000000003,0.05,0.25,0.15000000000000002,"(0.2, 0.35, 0.05, 0.25, 0.15)",0.060514068224933215,0.07879397541889589,0.7680037452510754,0.0601580065221875,29019142.442400053,-0.2219945269348742,-0.29378291684539987,0.054913976565296306,1.0,61.0,22774761.397771243,22788466.69258026,18186171.55103527,27407984.814361636,0.4098360655737705,0.06557377049180328,-0.3036895101330218,-0.0730465127305198,0.0,0.0,0.0
0.30000000000000004,0.35000000000000003,0.05,0.2,0.1,"(0.3, 0.35, 0.05, 0.2, 0.1)",0.06037006924922861,0.07670113888429304,0.7870817842783201,0.0601580065221875,28988598.87003982,-0.21587335229807214,-0.2836220861176128,0.05179043591127202,1.0,61.0,22784279.511787213,22782246.65628605,18225265.118912645,27361207.86962338,0.4098360655737705,0.06557377049180328,-0.29304564788735493,-0.06982834589864459,0.0,0.0,0.0
0.1,0.35000000000000003,0.05,0.35000000000000003,0.15000000000000002,"(0.1, 0.35, 0.05, 0.35, 0.15)",0.060036154624115934,0.08092288966700355,0.7418933613364994,0.0601580065221875,28881327.51451309,-0.22697283172872695,-0.3040129408547276,0.056708255576911414,0.0,61.0,22671503.764427118,22720074.647909075,18268438.462862633,27064717.9245793,0.4098360655737705,0.06557377049180328,-0.3154426328478789,-0.0829400992311947,0.0,0.0,0.0
0.35000000000000003,0.35000000000000003,0.05,0.2,0.05,"(0.35, 0.35, 0.05, 0.2, 0.05)",0.05998995148709829,0.07564170245504649,0.793080397982185,0.0601580065221875,28889955.2802306,-0.21225189736310313,-0.2785344756912047,0.049564034763055306,0.0,61.0,22741864.52576326,22809613.962903757,18305887.99005848,27220559.077982124,0.4098360655737705,0.06557377049180328,-0.28819195896797895,-0.07157747448309945,0.0,0.0,0.0
0.2,0.35000000000000003,0.05,0.30000000000000004,0.1,"(0.2, 0.35, 0.05, 0.3, 0.1)",0.05990733459962905,0.07870211674755048,0.761190893909389,0.0601580065221875,28854847.17987359,-0.2208659960703846,-0.29371367472401594,0.05358471492288714,0.0,61.0,22682578.55795219,22754600.71468196,18309132.113538373,27059874.971839655,0.4098360655737705,0.06557377049180328,-0.3046093497170547,-0.07970286648751236,0.0,0.0,0.0
0.1,0.35000000000000003,0.0,0.35000000000000003,0.2,"(0.1, 0.35, 0.0, 0.35, 0.2)",0.05850845687180728,0.07457955288425622,0.7845106950776376,0.0601580065221875,28528975.36730867,-0.19505290197445413,-0.249306399704346,0.052603500709029825,0.0,61.0,22791114.65394598,22824989.33008744,18222519.022135265,27242719.703765463,0.4098360655737705,0.06557377049180328,-0.25875560844990736,-0.06370942080305352,0.0,0.0,0.0
0.05,0.35000000000000003,0.35000000000000003,0.2,0.05,"(0.05, 0.35, 0.35, 0.2, 0.05)",0.06824316999125468,0.1365351147908464,0.49982138364767276,0.0601580065221875,30859936.747546162,-0.40405192781600563,-0.7020228738553317,0.09315741713030701,1.0,61.0,22057720.78855364,22080464.582338586,17475473.578983087,28469303.18922325,0.4098360655737705,0.0,-0.7205343513217625,-0.22565420510664708,0.0,0.0,0.0
0.15000000000000002,0.35000000000000003,0.35000000000000003,0.15000000000000002,0.0,"(0.15, 0.35, 0.35, 0.15, 0.0)",0.06823521706798052,0.1344360358436591,0.5075664172910745,0.0601580065221875,30864193.908317056,-0.3990102706350467,-0.6884483374301489,0.09022365359391223,1.0,61.0,22082329.93151827,22102513.652281478,17531407.82136098,28491002.00828176,0.4098360655737705,0.0,-0.7061877246422259,-0.223335833972666,0.0,0.0,0.0
0.0,0.35000000000000003,0.35000000000000003,0.25,0.05,"(0.0, 0.35, 0.35, 0.25, 0.05)",0.06792467060132523,0.13770586145298566,0.49325910955878577,0.0601580065221875,30765724.808097847,-0.4060376456295304,-0.7095703248822712,0.09408822952819076,1.0,61.0,22009112.46205999,22102498.532577205,17309986.691361204,28301603.202038392,0.4098360655737705,0.0,-0.729650181202916,-0.23055271803416663,0.0,0.0,0.0
0.1,0.35000000000000003,0.35000000000000003,0.2,0.0,"(0.1, 0.35, 0.35, 0.2, 0.0)",0.06792428908335757,0.1355713167423086,0.5010225666869252,0.0601580065221875,30772064.97357938,-0.4010033660487433,-0.6959219172785884,0.09115446599179598,1.0,61.0,22034443.55617469,22125356.475502495,17366118.954779647,28324057.606407113,0.4098360655737705,0.0,-0.7151942419046403,-0.2282267847324854,0.0,0.0,0.0
0.05,0.30000000000000004,0.35000000000000003,0.30000000000000004,0.0,"(0.05, 0.3, 0.35, 0.3, 0.0)",0.06632252085343637,0.13047136146337462,0.5083301048564144,0.0601580065221875,30295618.348995328,-0.38003051151178424,-0.661682113955918,0.08721926421106585,1.0,61.0,22040222.002473004,22382373.77124654,17230977.857576594,28075700.479989804,0.4098360655737705,0.0,-0.6771606981830494,-0.22274307535123225,0.0,0.0,0.0
0.0,0.30000000000000004,0.35000000000000003,0.35000000000000003,0.0,"(0.0, 0.3, 0.35, 0.35, 0.0)",0.06599751228594619,0.1317458765193608,0.5009455630002013,0.0601580065221875,30201253.248444498,-0.38211231709406335,-0.6691561035344742,0.08815007660894959,1.0,61.0,21992281.795657482,22329428.110210367,17067348.130492017,28137307.163778868,0.4098360655737705,0.0,-0.6860983969925152,-0.22751177247921295,0.0,0.0,0.0
0.2,0.05,0.35000000000000003,0.2,0.2,"(0.2, 0.05, 0.35, 0.2, 0.2)",0.06195785340943183,0.10092878862371892,0.613876915142835,0.0601580065221875,29017454.680982836,-0.29697415728311605,-0.5224273630198296,0.07190811492748675,1.0,61.0,22599879.6792565,22339067.43432501,17048355.402468946,27553545.315890763,0.4098360655737705,0.0,-0.5200812322279739,-0.18665625315890275,0.0,0.0,0.0
0.30000000000000004,0.05,0.35000000000000003,0.15000000000000002,0.15000000000000002,"(0.3, 0.05, 0.35, 0.15, 0.15)",0.0618858587547213,0.09862056115663109,0.6275147700329242,0.0601580065221875,29004369.08296398,-0.28842041417705766,-0.5018250390215703,0.0705816044216899,1.0,61.0,22614181.369210776,22377813.5839643,17212202.92166971,27534698.92394175,0.4098360655737705,0.0,-0.49986194972620074,-0.18181531518900332,0.0,0.0,0.0
0.25,0.05,0.35000000000000003,0.2,0.15000000000000002,"(0.25, 0.05, 0.35, 0.2, 0.15)",0.06163143983096431,0.09964624322119571,0.6185023924500017,0.0601580065221875,28932322.579985462,-0.29116198444424146,-0.509952754965801,0.07134111925050575,1.0,61.0,22574359.186910763,22398154.432516396,17054524.032781526,27603890.087113272,0.4098360655737705,0.0,-0.5077830750659417,-0.182461789836986,0.0,0.0,0.0
0.35000000000000003,0.05,0.35000000000000003,0.15000000000000002,0.1,"(0.35, 0.05, 0.35, 0.15, 0.1)",0.061550646037727086,0.09738975505513427,0.6320032944212874,0.0601580065221875,28916957.78785761,-0.28256717612902105,-0.489476118368743,0.07001460874470891,1.0,61.0,22587333.55846439,22435763.911957894,17217331.52794927,27583478.0229487,0.4098360655737705,0.0,-0.48767919304945734,-0.17761819488807012,0.0,0.0,0.0
0.30000000000000004,0.1,0.30000000000000004,0.30000000000000004,0.0,"(0.3, 0.1, 0.3, 0.3, 0.0)",0.06024468049157261,0.09179034892605725,0.6563291369564723,0.0601580065221875,28620199.809150666,-0.26202401364948524,-0.4350937658490603,0.06435562458128487,1.0,61.0,22445015.073341135,22132589.534079585,17457195.37154567,27361001.812375277,0.4098360655737705,0.0,-0.43524745270465254,-0.1650361124181919,0.0,0.0,0.0
0.25,0.1,0.30000000000000004,0.35000000000000003,0.0,"(0.25, 0.1, 0.3, 0.35, 0.0)",0.059972000982510654,0.0930743129805342,0.6443453522461493,0.0601580065221875,28544180.379927874,-0.26489427312108726,-0.44274401643703587,0.06511513941010072,0.0,61.0,22402696.05668585,22118900.98543458,17295624.980216883,27426478.813107297,0.4098360655737705,0.0,-0.4427442420335244,-0.17154163303755368,0.0,0.0,0.0
0.35000000000000003,0.30000000000000004,0.0,0.30000000000000004,0.05,"(0.35, 0.3, 0.0, 0.3, 0.05)",0.056174688702244735,0.06143644100057636,0.9143545392174937,0.0601580065221875,27914970.79636646,-0.14820255383485048,-0.18602088877450487,0.03929461425971462,0.0,61.0,22740096.32858814,22699892.66987423,18991802.655077044,25772191.10053565,0.39344262295081966,0.19672131147540983,-0.19204537682434958,-0.049493088695688796,0.0,0.0,0.0
0.25,0.30000000000000004,0.0,0.35000000000000003,0.1,"(0.25, 0.3, 0.0, 0.35, 0.1)",0.05635208277161752,0.06354988485388195,0.8867377635881781,0.0601580065221875,27952781.6109858,-0.1560346449522122,-0.1975925526507499,0.0424181549137389,0.0,61.0,22735843.4412947,22724783.418984104,18955072.685222894,25821247.18372024,0.39344262295081966,0.11475409836065574,-0.20386877290522265,-0.052388214609750856,0.0,0.0,0.0
0.30000000000000004,0.35000000000000003,0.0,0.25,0.1,"(0.3, 0.35, 0.0, 0.25, 0.1)",0.05819948399726438,0.07034411118799046,0.8273540316932816,0.0601580065221875,28463900.96793971,-0.18244227696244142,-0.2298310981248526,0.04635641940098127,0.0,61.0,22807589.997321673,22820637.120304573,18298165.777308516,27144527.617551938,0.39344262295081966,0.09836065573770492,-0.23832964813984103,-0.05848893045194385,0.0,0.0,0.0
0.35000000000000003,0.35000000000000003,0.05,0.15000000000000002,0.1,"(0.35, 0.35, 0.05, 0.15, 0.1)",0.060589772463480296,0.07582826620072669,0.7990394017857636,0.0601580065221875,29052647.782921053,-0.21338543214099137,-0.27865219267639435,0.050893296405464465,1.0,61.0,22834413.71535848,22794560.13572867,18182333.813737888,27529438.64362026,0.39344262295081966,0.06557377049180328,-0.2873729083183205,-0.06681250098510562,0.0,0.0,0.0
0.30000000000000004,0.35000000000000003,0.05,0.25,0.05,"(0.3, 0.35, 0.05, 0.25, 0.05)",0.059762289854802475,0.07661632135850346,0.7800203506921518,0.0601580065221875,28824175.26262329,-0.21475802772459374,-0.2835363438927658,0.05046117426886286,0.0,61.0,22691558.039895907,22779379.844891377,18348287.8393192,27070692.371130265,0.39344262295081966,0.06557377049180328,-0.2939158303725709,-0.07649053957078647,0.0,0.0,0.0
0.2,0.35000000000000003,0.0,0.30000000000000004,0.15000000000000002,"(0.2, 0.35, 0.0, 0.3, 0.15)",0.058362053298836036,0.07238741353911797,0.8062458712839261,0.0601580065221875,28498496.071969274,-0.1887479202566189,-0.23950847374571652,0.04947996005500555,0.0,61.0,22800402.9661931,22818638.4937588,18261110.220024817,27194512.69222658,0.39344262295081966,0.06557377049180328,-0.2484740636262337,-0.061101236775419156,0.0,0.0,0.0
0.15000000000000002,0.35000000000000003,0.0,0.35000000000000003,0.15000000000000002,"(0.15, 0.35, 0.0, 0.35, 0.15)",0.058134536799964165,0.07340720238880315,0.7919459522793565,0.0601580065221875,28433434.12136525,-0.19133352815698712,-0.24426494161580067,0.050377099560813106,0.0,61.0,22748361.05919581,22715659.658370845,18303276.17447122,27024998.418975852,0.39344262295081966,0.06557377049180328,-0.25388318450904057,-0.06326526129913661,0.0,0.0,0.0
0.2,0.35000000000000003,0.0,0.35000000000000003,0.1,"(0.2, 0.35, 0.0, 0.35, 0.1)",0.057751873623036465,0.07232898484141156,0.7984610007960591,0.0601580065221875,28335944.336995296,-0.18763337022757853,-0.2392575745289628,0.04815069841259638,0.0,61.0,22704607.28637853,22606892.647472203,18383430.105139755,26808048.520426616,0.39344262295081966,0.06557377049180328,-0.24903416370588147,-0.06364634742365653,0.0,0.0,0.0
0.05,0.35000000000000003,0.35000000000000003,0.25,0.0,"(0.05, 0.35, 0.35, 0.25, 0.0)",0.0676055244140279,0.13675163534854737,0.49436720988175026,0.0601580065221875,30678026.948683064,-0.40300068498818054,-0.7034492651591427,0.09208527838967973,1.0,61.0,21986075.64805083,22147270.197342046,17201643.432117816,28157262.29542533,0.39344262295081966,0.0,-0.7242887447304781,-0.23308305570406715,0.0,0.0,0.0
0.0,0.35000000000000003,0.35000000000000003,0.30000000000000004,0.0,"(0.0, 0.35, 0.35, 0.3, 0.0)",0.06727893105930849,0.13797583583777878,0.4876138684052605,0.0601580065221875,30582099.187194664,-0.4050021445153823,-0.7110303012848703,0.09301609078756348,1.0,61.0,21937228.917891312,22168252.176048886,17037988.155362386,28066762.91548103,0.39344262295081966,0.0,-0.7334716087864303,-0.23790446194093487,0.0,0.0,0.0
0.35000000000000003,0.30000000000000004,0.0,0.35000000000000003,0.0,"(0.35, 0.3, 0.0, 0.35, 0.0)",0.05555137827769174,0.06157446751548822,0.902182032897297,0.0601580065221875,27752176.790414218,-0.14713674210078986,-0.18558855179661554,0.037965352617305465,0.0,61.0,22643860.858693916,22731216.2636138,19116999.545352414,25405086.794090107,0.3770491803278688,0.26229508196721313,-0.19224371881342928,-0.05593355990469994,0.0,0.0,0.0
0.30000000000000004,0.30000000000000004,0.0,0.35000000000000003,0.05,"(0.3, 0.3, 0.0, 0.35, 0.05)",0.05595604515854169,0.06250458336495922,0.8952310718050684,0.0601580065221875,27853402.584679715,-0.15090874715972036,-0.19057377112648222,0.04019175376552218,0.0,61.0,22690338.514928307,22732308.11771941,19036352.945751097,25612783.96100555,0.3770491803278688,0.14754098360655737,-0.19711601544122895,-0.05417220963030246,0.0,0.0,0.0
0.35000000000000003,0.35000000000000003,0.0,0.25,0.05,"(0.35, 0.35, 0.0, 0.25, 0.05)",0.05780843017069959,0.0693310422290856,0.8338029879846222,0.0601580065221875,28364164.20555788,-0.1787361700834994,-0.22489458337712723,0.04421460056863949,0.0,61.0,22762212.826016627,22724232.075600762,18377443.166628923,26925556.530121222,0.3770491803278688,0.11475409836065574,-0.23354708157408713,-0.05806016816606994,0.0,0.0,0.0
0.30000000000000004,0.35000000000000003,0.0,0.30000000000000004,0.05,"(0.3, 0.35, 0.0, 0.3, 0.05)",0.05758833657336604,0.07029439353365671,0.8192450873879855,0.0601580065221875,28301267.610038854,-0.18134157356163627,-0.22956458183818124,0.04508356742352606,0.0,61.0,22711273.680409715,22616114.136747647,18420542.981766738,26758588.62660347,0.3770491803278688,0.11475409836065574,-0.23884250804823015,-0.06053822355067833,0.0,0.0,0.0
0.35000000000000003,0.35000000000000003,0.0,0.30000000000000004,0.0,"(0.35, 0.35, 0.0, 0.3, 0.0)",0.057188426092984024,0.06940114819806807,0.8240270885687736,0.0601580065221875,28199792.36039508,-0.1776679907682731,-0.22464453703740053,0.043364828018374865,0.0,61.0,22665229.067268718,22604523.79949591,18499338.1534983,26541816.486006353,0.3770491803278688,0.11475409836065574,-0.23406273072563774,-0.06229921920976788,0.0,0.0,0.0
0.25,0.35000000000000003,0.0,0.35000000000000003,0.05,"(0.25, 0.35, 0.0, 0.35, 0.05)",0.05736049511948793,0.07134916793720074,0.8039406313746337,0.0601580065221875,28236533.877242226,-0.1839526877658786,-0.23428464328176032,0.04595253427841263,0.0,61.0,22659862.41001731,22607590.367062375,18462973.45669211,26591879.7979207,0.3770491803278688,0.09836065573770492,-0.24420896115072238,-0.0653921010303636,0.0,0.0,0.0
0.25,0.35000000000000003,0.0,0.30000000000000004,0.1,"(0.25, 0.35, 0.0, 0.3, 0.1)",0.057979554868281546,0.07129124199242352,0.8132773851021325,0.0601580065221875,28400844.90515707,-0.18503496970235433,-0.2345193403504584,0.04725355890678883,0.0,61.0,22756334.711388856,22717922.872123327,18341131.243457302,26976157.250851113,0.3770491803278688,0.08196721311475409,-0.2436464226830043,-0.060664709124718066,0.0,0.0,0.0
0.30000000000000004,0.35000000000000003,0.0,0.35000000000000003,0.0,"(0.3, 0.35, 0.0, 0.35, 0.0)",0.05696042888646202,0.07047185618369864,0.8082720105737466,0.0601580065221875,28135230.839093957,-0.18029173901537676,-0.22934648789141698,0.044233794873261435,0.0,61.0,22614135.556835875,22635747.15144609,18541898.93108839,26377661.827797037,0.36065573770491804,0.11475409836065574,-0.23940798973970634,-0.06711512203091197,0.0,0.0,0.0
