Asset 1,Asset 2,Asset 3,Asset 4,Asset 5,weights_tuple,annualized_return,annualized_volatility,sharpe_zero_rf,required_annual_return,full_history_terminal_wealth,full_history_max_drawdown_pct_peak,full_history_max_drawdown_pct_initial,monthly_var_99_empirical,meets_return_goal_average,rolling_windows,rolling_mean_terminal_wealth,rolling_median_terminal_wealth,rolling_worst_terminal_wealth,rolling_best_terminal_wealth,rolling_target_hit_rate,rolling_drawdown_safe_rate,rolling_worst_drawdown_pct_initial,rolling_best_drawdown_pct_initial,meets_target_goal_99pct,meets_drawdown_goal_99pct,meets_all_goals_99pct
0.30000000000000004,0.1,0.05,0.25,0.30000000000000004,"(0.3, 0.1, 0.05, 0.25, 0.3)",0.05394542024064286,0.04573683728066725,1.1794742148348185,0.0601580065221875,27215358.99219587,-0.10346189478316536,-0.1362111089452735,0.034163745696285754,0.0,61.0,23003928.836243384,23292717.05159849,20628356.1876708,24597910.43416181,0.6721311475409836,1.0,-0.13682029586176822,-0.0719776321556177,0.0,1.0,0.0
0.30000000000000004,0.05,0.05,0.30000000000000004,0.30000000000000004,"(0.3, 0.05, 0.05, 0.3, 0.3)",0.051956292735780396,0.041877499128238446,1.2406732449967557,0.0601580065221875,26697078.0606152,-0.0923925422169749,-0.12295428887101056,0.032773442877984546,0.0,61.0,22954087.361647934,23296453.81685145,20242388.16962187,24635150.737860348,0.639344262295082,1.0,-0.12300481974561824,-0.07418845645233636,0.0,1.0,0.0
0.25,0.1,0.05,0.30000000000000004,0.30000000000000004,"(0.25, 0.1, 0.05, 0.3, 0.3)",0.05375659593495352,0.04656461178023012,1.1544517151494194,0.0601580065221875,27162843.136142846,-0.10553392838573106,-0.13989976461964762,0.03477970766940834,0.0,61.0,22959943.350478522,23303227.815133575,20444682.073700752,24629479.211726815,0.6229508196721312,1.0,-0.14047596554374137,-0.07173843464808642,0.0,1.0,0.0
0.30000000000000004,0.1,0.05,0.30000000000000004,0.25,"(0.3, 0.1, 0.05, 0.3, 0.25)",0.05338717832821849,0.04457831833411985,1.197604134101138,0.0601580065221875,27072438.280171342,-0.09834999995682958,-0.12981803717373167,0.033260109319471536,0.0,61.0,22918363.92870358,23259708.341000248,20445255.243345603,24612052.98762537,0.5409836065573771,1.0,-0.1303768388107421,-0.06736004816681623,0.0,1.0,0.0
0.30000000000000004,0.1,0.0,0.30000000000000004,0.30000000000000004,"(0.3, 0.1, 0.0, 0.3, 0.3)",0.051557452918221,0.039880676628181885,1.2927928329527805,0.0601580065221875,26664638.369663063,-0.0812887018333458,-0.10292082803102169,0.030872827954055753,0.0,61.0,22990644.44949551,23099698.722337987,20907927.770800322,24538826.32712533,0.5409836065573771,1.0,-0.10345419530067469,-0.06373175352205274,0.0,1.0,0.0
0.30000000000000004,0.2,0.0,0.30000000000000004,0.2,"(0.3, 0.2, 0.0, 0.3, 0.2)",0.054251349587762565,0.04882563485948406,1.1111243047610797,0.0601580065221875,27378489.21144572,-0.11241276954430812,-0.1419669245430438,0.034508730706649796,0.0,61.0,22907219.12871374,23094261.932670288,19902565.984303176,24648226.761265066,0.5245901639344263,1.0,-0.14382351624421857,-0.05011355687493148,0.0,1.0,0.0
0.30000000000000004,0.15000000000000002,0.0,0.25,0.30000000000000004,"(0.3, 0.15, 0.0, 0.25, 0.3)",0.05350883686202512,0.044742989950279886,1.1959155371933385,0.0601580065221875,27173591.89982106,-0.09860903351046979,-0.12431486901596106,0.0325383172423801,0.0,61.0,23043494.24223363,23090902.57666014,20263530.373701397,24710040.115886647,0.5245901639344263,1.0,-0.12545481939747144,-0.060006565116659014,0.0,1.0,0.0
0.25,0.15000000000000002,0.0,0.30000000000000004,0.30000000000000004,"(0.25, 0.15, 0.0, 0.3, 0.3)",0.05332605980720406,0.04545961306326015,1.1730425363057362,0.0601580065221875,27122448.19626402,-0.10091761067598382,-0.1280946102671561,0.033228989504225745,0.0,61.0,22997749.332414366,23155579.503057785,20314721.959928624,24682674.177167177,0.5245901639344263,1.0,-0.12922805586352076,-0.06034073038371818,0.0,1.0,0.0
0.30000000000000004,0.15000000000000002,0.0,0.30000000000000004,0.25,"(0.3, 0.15, 0.0, 0.3, 0.25)",0.05295096269997379,0.043543797600409745,1.216039151795881,0.0601580065221875,27030859.57735754,-0.09406145286109524,-0.11896259708442125,0.03163468086556588,0.0,61.0,22953702.050185192,23178035.88893077,20403727.46095274,24600371.31464445,0.5245901639344263,1.0,-0.12005321931794968,-0.05523194500114997,0.0,1.0,0.0
0.30000000000000004,0.2,0.0,0.25,0.25,"(0.3, 0.2, 0.0, 0.25, 0.25)",0.05482251788643144,0.04964972611950296,1.1041857059690114,0.0601580065221875,27526237.168449007,-0.11655218760030761,-0.14673523727081178,0.03583799234905896,0.0,61.0,22998701.42417237,23018278.205252577,19766937.59145742,24813992.1647918,0.5081967213114754,1.0,-0.14866421399482257,-0.05556315990698503,0.0,1.0,0.0
0.30000000000000004,0.15000000000000002,0.05,0.2,0.30000000000000004,"(0.3, 0.15, 0.05, 0.2, 0.3)",0.05585146384298034,0.0509392840635544,1.0964320537622252,0.0601580065221875,27721910.638187174,-0.12458972495883402,-0.16323254532889567,0.03776586650870894,0.0,61.0,23046674.971745115,23265791.363459915,20190852.39453052,24585478.32860946,0.6885245901639344,0.6229508196721312,-0.16460338431787325,-0.07436406332863557,0.0,0.0,0.0
0.25,0.15000000000000002,0.05,0.25,0.30000000000000004,"(0.25, 0.15, 0.05, 0.25, 0.3)",0.055661285124747995,0.05170432412860952,1.0765305622465138,0.0601580065221875,27668116.168742884,-0.12716758998415234,-0.167743403813876,0.03866300601451649,0.0,61.0,23001497.161754988,23256554.586002328,20241282.111441456,24578006.4716266,0.6885245901639344,0.5245901639344263,-0.16908900347065367,-0.07385335480005895,0.0,0.0,0.0
0.30000000000000004,0.2,0.05,0.2,0.25,"(0.3, 0.2, 0.05, 0.2, 0.25)",0.057122551948855405,0.05606643041057587,1.0188369676925306,0.0601580065221875,28069687.01277038,-0.14510264460492694,-0.18985746956569743,0.04127200885934971,0.0,61.0,22995211.13639824,23140760.767095122,19694099.334595107,25034330.24166219,0.6229508196721312,0.2459016393442623,-0.19222401563559782,-0.07034905628729694,0.0,0.0,0.0
0.30000000000000004,0.2,0.05,0.15000000000000002,0.30000000000000004,"(0.3, 0.2, 0.05, 0.15, 0.3)",0.05767372483877553,0.057119016646326945,1.0097114450671176,0.0601580065221875,28215662.599977545,-0.14801412320342477,-0.19305636627585812,0.042601270501758874,0.0,61.0,23082290.028469484,23217863.051504653,19556787.08002706,25389373.21196261,0.6229508196721312,0.22950819672131148,-0.19547831769341292,-0.07622889754482151,0.0,0.0,0.0
0.25,0.2,0.05,0.2,0.30000000000000004,"(0.25, 0.2, 0.05, 0.2, 0.3)",0.05748220128075898,0.05782067296578026,0.9941461821929746,0.0601580065221875,28160601.57443732,-0.15118195849039417,-0.19852896250330823,0.04349841000756642,0.0,61.0,23035924.947976053,23183623.521731038,19605641.139433566,25235012.111180868,0.6229508196721312,0.13114754098360656,-0.20094235557663917,-0.07552329710145418,0.0,0.0,0.0
0.2,0.2,0.05,0.25,0.30000000000000004,"(0.2, 0.2, 0.05, 0.25, 0.3)",0.057282938059815436,0.05864104398082433,0.9768403522718151,0.0601580065221875,28103680.752135273,-0.1543459588360684,-0.20405536220658674,0.04439554951337399,0.0,61.0,22989059.04381332,23130040.33620995,19653799.213028803,25080858.00237354,0.6229508196721312,0.11475409836065574,-0.20645703427754591,-0.07482379833252645,0.0,0.0,0.0
0.30000000000000004,0.15000000000000002,0.05,0.25,0.25,"(0.3, 0.15, 0.05, 0.25, 0.25)",0.05529668914114261,0.04982896777586025,1.1097297738511693,0.0601580065221875,27577399.886697643,-0.12043219219565016,-0.15828929467730224,0.03643660486629978,0.0,61.0,22960335.442862872,23209687.173133023,20331737.92392176,24562004.06033826,0.6065573770491803,0.7377049180327869,-0.15960604234655865,-0.06885030669085578,0.0,0.0,0.0
0.2,0.15000000000000002,0.05,0.30000000000000004,0.30000000000000004,"(0.2, 0.15, 0.05, 0.3, 0.3)",0.055463392389319965,0.05259997398913865,1.054437639090327,0.0601580065221875,27612496.00165166,-0.12983548553677826,-0.17242205841188277,0.03956014552032405,0.0,61.0,22955814.59494458,23221105.95870434,20290995.69785101,24608370.605467048,0.6065573770491803,0.45901639344262296,-0.1737608288566352,-0.07351722621782082,0.0,0.0,0.0
0.30000000000000004,0.30000000000000004,0.0,0.1,0.30000000000000004,"(0.3, 0.3, 0.0, 0.1, 0.3)",0.058860891727541054,0.06500192032085164,0.905525428125842,0.0601580065221875,28624193.721376106,-0.16446347096456737,-0.20438292718785442,0.046838061977567985,0.0,61.0,23159729.5748869,23437077.804300934,18397896.038234044,27495786.479126535,0.5901639344262295,0.11475409836065574,-0.20871736029769522,-0.06348569793919825,0.0,0.0,0.0
0.30000000000000004,0.25,0.05,0.15000000000000002,0.25,"(0.3, 0.25, 0.05, 0.15, 0.25)",0.0588640740472024,0.06299827167174356,0.9343760151693897,0.0601580065221875,28548241.680355977,-0.1693089218769107,-0.22048065941554598,0.04610741285239964,0.0,61.0,23022966.449140385,23082851.104399584,19067902.54258073,26164288.437357314,0.5901639344262295,0.09836065573770492,-0.22411285768382583,-0.07185346019903219,0.0,0.0,0.0
0.30000000000000004,0.25,0.1,0.05,0.30000000000000004,"(0.3, 0.25, 0.1, 0.05, 0.3)",0.06151724969683725,0.07174979594797018,0.857385709381625,0.0601580065221875,29209479.6858211,-0.20356714240360363,-0.27456212839101546,0.05287069100509956,1.0,61.0,23079748.321736872,23191496.12712356,18845834.76431492,26748286.55234091,0.5901639344262295,0.06557377049180328,-0.27887885947448054,-0.09359884307176082,0.0,0.0,0.0
0.30000000000000004,0.2,0.1,0.1,0.30000000000000004,"(0.3, 0.2, 0.1, 0.1, 0.3)",0.05982694690177137,0.06499197793937969,0.9205281759169428,0.0601580065221875,28734688.44460131,-0.1801092313114927,-0.2440558923480939,0.04803528701204962,0.0,61.0,23061618.08830563,23219513.63394987,19468895.34148703,25600446.711129278,0.5901639344262295,0.06557377049180328,-0.24691441105345346,-0.09189048377072521,0.0,0.0,0.0
0.2,0.25,0.05,0.2,0.30000000000000004,"(0.2, 0.25, 0.05, 0.2, 0.3)",0.05901802599896189,0.06538811696272127,0.902580296548514,0.0601580065221875,28581032.01850364,-0.17834315125509292,-0.23466993459085644,0.04923095350642392,0.0,61.0,23015159.646586694,23092804.484862898,19028057.018988352,26212288.332636926,0.5901639344262295,0.06557377049180328,-0.23837243536492106,-0.07648797140724212,0.0,0.0,0.0
0.30000000000000004,0.15000000000000002,0.05,0.30000000000000004,0.2,"(0.3, 0.15, 0.05, 0.3, 0.2)",0.054725188580871276,0.04902055045165263,1.1163723800866934,0.0601580065221875,27429419.986240707,-0.11748124234795465,-0.15489597673330208,0.035107343223890614,0.0,61.0,22873089.585952427,23222315.453540742,20471589.39349911,24574800.90104933,0.5737704918032787,0.819672131147541,-0.1561936919069553,-0.06374837739757945,0.0,0.0,0.0
0.25,0.15000000000000002,0.05,0.30000000000000004,0.25,"(0.25, 0.15, 0.05, 0.3, 0.25)",0.055098617430023644,0.0507612775584785,1.0854458374604226,0.0601580065221875,27521901.26285229,-0.12366392117962122,-0.16363709811056612,0.037333744372107326,0.0,61.0,22914952.487476975,23237485.113878533,20381616.055172425,24592311.497578073,0.5737704918032787,0.6229508196721312,-0.16495731226424232,-0.06859323561786633,0.0,0.0,0.0
0.30000000000000004,0.1,0.1,0.2,0.30000000000000004,"(0.3, 0.1, 0.1, 0.2, 0.3)",0.05619187332981168,0.05357482830646902,1.0488484070984256,0.0601580065221875,27742170.362752654,-0.1378390174159616,-0.18973524834363453,0.038364479025949756,0.0,61.0,23003665.9220317,23131902.581659593,20200229.81123197,25040801.13895273,0.5737704918032787,0.36065573770491804,-0.1904466038400655,-0.08168524415665306,0.0,0.0,0.0
0.30000000000000004,0.25,0.0,0.15000000000000002,0.30000000000000004,"(0.3, 0.25, 0.0, 0.15, 0.3)",0.057161246340166505,0.057613590308443825,0.9921486585742075,0.0601580065221875,28154419.49519258,-0.14277332318638714,-0.17832192064349994,0.04200265798451804,0.0,61.0,23128067.001838416,23144736.794535108,19008388.63696176,26308883.06290989,0.5737704918032787,0.26229508196721313,-0.1813896603157901,-0.06232393950863472,0.0,0.0,0.0
0.25,0.25,0.1,0.1,0.30000000000000004,"(0.25, 0.25, 0.1, 0.1, 0.3)",0.06131705593448933,0.0724202200186491,0.8466841984006598,0.0601580065221875,29150463.951206908,-0.20652274702567097,-0.2804330310608049,0.05376783051090711,1.0,61.0,23032873.075293962,23103025.09641681,18892405.087458223,26584331.35350211,0.5737704918032787,0.06557377049180328,-0.2847356272499613,-0.09260680193376811,0.0,0.0,0.0
0.25,0.25,0.05,0.2,0.25,"(0.25, 0.25, 0.05, 0.2, 0.25)",0.05866325616034529,0.06377152089416563,0.9198973983653621,0.0601580065221875,28490154.03728559,-0.17240214203853588,-0.2260268071203865,0.0470045523582072,0.0,61.0,22975223.199512795,23051254.224433452,19114689.44092852,26004087.70381746,0.5737704918032787,0.06557377049180328,-0.22966204226105164,-0.07116958594206287,0.0,0.0,0.0
0.25,0.1,0.1,0.25,0.30000000000000004,"(0.25, 0.1, 0.1, 0.25, 0.3)",0.05599571614609422,0.054410956767835715,1.0291257399685225,0.0601580065221875,27687022.993097227,-0.14114299067249236,-0.19562031591620008,0.03926161853175732,0.0,61.0,22960256.83449826,23142253.968250535,20019820.30719925,25072224.01666554,0.5573770491803278,0.2786885245901639,-0.1962798000756529,-0.08197418154996365,0.0,0.0,0.0
0.25,0.2,0.05,0.25,0.25,"(0.25, 0.2, 0.05, 0.25, 0.25)",0.05692310192233352,0.056915266630567854,1.0001376659063468,0.0601580065221875,28012886.335050747,-0.14829034774537098,-0.19534103232570096,0.04216914836515726,0.0,61.0,22948645.05655988,23124109.631923422,19742417.147043254,24881444.46926893,0.5573770491803278,0.19672131147540983,-0.19769969932789727,-0.06967995279513486,0.0,0.0,0.0
0.2,0.2,0.05,0.30000000000000004,0.25,"(0.2, 0.2, 0.05, 0.3, 0.25)",0.0567159229612515,0.05788043010937498,0.9798808138446286,0.0601580065221875,27954244.624225356,-0.15147411897323293,-0.20087837114164667,0.04306628787096482,0.0,61.0,22901580.989574574,23112694.67543542,19790030.473106742,24728771.507534627,0.5573770491803278,0.13114754098360656,-0.20322597445355417,-0.06901685437220707,0.0,0.0,0.0
0.25,0.30000000000000004,0.0,0.15000000000000002,0.30000000000000004,"(0.25, 0.3, 0.0, 0.15, 0.3)",0.05867412127347982,0.0655458311124313,0.8951617559450215,0.0601580065221875,28569370.473788735,-0.1674137097855415,-0.2094686809225821,0.047735201483375546,0.0,61.0,23110346.969607517,23253563.62515723,18444389.30421274,27328682.759561878,0.5573770491803278,0.11475409836065574,-0.21388425928814833,-0.06283550031344427,0.0,0.0,0.0
0.30000000000000004,0.30000000000000004,0.0,0.15000000000000002,0.25,"(0.3, 0.3, 0.0, 0.15, 0.25)",0.058313597440004195,0.06401264225208929,0.9109700113667925,0.0601580065221875,28477137.38301056,-0.16140216260093032,-0.20120438928106552,0.045508800335158826,0.0,61.0,23067586.245784715,23150143.46940134,18527536.47983191,27111786.756876476,0.5573770491803278,0.11475409836065574,-0.20551209186867253,-0.057521244573730146,0.0,0.0,0.0
0.15000000000000002,0.2,0.05,0.30000000000000004,0.30000000000000004,"(0.15, 0.2, 0.05, 0.3, 0.3)",0.05707594177447728,0.05957522566872206,0.9580482681149634,0.0601580065221875,28044912.051045775,-0.157506091654124,-0.20963551754804285,0.045292689019181535,0.0,61.0,22941695.158657804,23123078.93390998,19701255.80801623,24926918.836807236,0.5573770491803278,0.11475409836065574,-0.2120222604006626,-0.07413036958975697,0.0,0.0,0.0
0.2,0.30000000000000004,0.0,0.2,0.30000000000000004,"(0.2, 0.3, 0.0, 0.2, 0.3)",0.058479579942735116,0.06619785468135138,0.8834059687316336,0.0601580065221875,28512655.31123239,-0.1705097878737486,-0.21479104554856568,0.0486323409891831,0.0,61.0,23060475.033264797,23103704.91675067,18490227.971333794,27161800.98662492,0.5573770491803278,0.09836065573770492,-0.21923270184737942,-0.062191692451259946,0.0,0.0,0.0
0.30000000000000004,0.1,0.15000000000000002,0.15000000000000002,0.30000000000000004,"(0.3, 0.1, 0.15, 0.15, 0.3)",0.0582953727382296,0.06265524877621839,0.930414831588002,0.0601580065221875,28242942.025470637,-0.17563396684349153,-0.2526745112747685,0.04379849553624051,0.0,61.0,22989741.123629257,23209204.622906934,19763411.993554693,25467951.787778262,0.5573770491803278,0.08196721311475409,-0.25342934627872377,-0.10266656528628969,0.0,0.0,0.0
0.25,0.2,0.1,0.15000000000000002,0.30000000000000004,"(0.25, 0.2, 0.1, 0.15, 0.3)",0.059628086267860425,0.06571522318735205,0.907370977008822,0.0601580065221875,28676945.482712403,-0.18315648101922488,-0.24986507284869855,0.04893242651785718,0.0,61.0,23015891.879403114,23303265.70050068,19516990.64187396,25443934.450554315,0.5573770491803278,0.06557377049180328,-0.2526972993139908,-0.0909593436554304,0.0,0.0,0.0
0.30000000000000004,0.25,0.05,0.1,0.30000000000000004,"(0.3, 0.25, 0.05, 0.1, 0.3)",0.059411506370323997,0.06399353474880017,0.9283985734424198,0.0601580065221875,28695551.009279434,-0.17219964987498138,-0.2235448513252104,0.0474366744948088,0.0,61.0,23110749.03322903,23099904.20653904,18934117.06052707,26535564.985983454,0.5573770491803278,0.06557377049180328,-0.22724557197717205,-0.07792497635598088,0.0,0.0,0.0
0.25,0.25,0.05,0.15000000000000002,0.30000000000000004,"(0.25, 0.25, 0.05, 0.15, 0.3)",0.059218648803999185,0.06463700438681964,0.9161725449033135,0.0601580065221875,28639238.057035673,-0.17527321214430425,-0.22908112753409043,0.04833381400061636,0.0,61.0,23063202.678235833,23136102.547155786,18981425.11294705,26373816.31636689,0.5573770491803278,0.06557377049180328,-0.2327842485394958,-0.0772033194653814,0.0,0.0,0.0
0.30000000000000004,0.30000000000000004,0.1,0.0,0.30000000000000004,"(0.3, 0.3, 0.1, 0.0, 0.3)",0.06312179370637705,0.0789742253266503,0.79927081836251,0.0601580065221875,29668542.192508448,-0.2265268717180039,-0.30403760438425675,0.05770609499814949,1.0,61.0,23090640.252525475,23153465.690042507,18234370.65634056,27938548.11285427,0.5573770491803278,0.04918032786885246,-0.31004131802187157,-0.09526297512986698,0.0,0.0,0.0
0.25,0.30000000000000004,0.1,0.05,0.30000000000000004,"(0.25, 0.3, 0.1, 0.05, 0.3)",0.06292028103502889,0.0795971419198091,0.7904841746506241,0.0601580065221875,29608274.028373968,-0.2293928083612169,-0.3099659929617507,0.058603234503957054,1.0,61.0,23042623.53269848,23088418.587250695,18279445.72811936,27766852.694147933,0.5573770491803278,0.04918032786885246,-0.31596850781431896,-0.0942523566332776,0.0,0.0,0.0
0.30000000000000004,0.0,0.1,0.30000000000000004,0.30000000000000004,"(0.3, 0.0, 0.1, 0.3, 0.3)",0.05222220471428218,0.04664593616521147,1.1195445736005936,0.0601580065221875,26699588.99933964,-0.10874231260680256,-0.15289146072878979,0.034674057801913336,0.0,61.0,22916940.738935415,23080214.738628455,19462015.667417154,25119642.106061127,0.5409836065573771,0.9016393442622951,-0.15289146072878979,-0.0827708580979142,0.0,0.0,0.0
0.30000000000000004,0.2,0.05,0.25,0.2,"(0.3, 0.2, 0.05, 0.25, 0.2)",0.05655454766826096,0.05528363359620627,1.0229889750253662,0.0601580065221875,27920150.84285525,-0.14222355118992858,-0.1866695409788272,0.03994274721694054,0.0,61.0,22907218.65928017,23091993.72830555,19830405.17215277,24682724.122568134,0.5409836065573771,0.26229508196721313,-0.18898151138784963,-0.06461834247926747,0.0,0.0,0.0
0.25,0.2,0.05,0.30000000000000004,0.2,"(0.25, 0.2, 0.05, 0.3, 0.2)",0.05634719051425563,0.056279995534084935,1.0011939407516477,0.0601580065221875,27861641.23241826,-0.1454309868728939,-0.1921641750209257,0.0408398867227481,0.0,61.0,22860455.971718043,23130336.566637713,19878173.82600556,24541000.19885779,0.5409836065573771,0.2459016393442623,-0.19446894949267038,-0.06398509599907262,0.0,0.0,0.0
0.30000000000000004,0.15000000000000002,0.1,0.15000000000000002,0.30000000000000004,"(0.3, 0.15, 0.1, 0.15, 0.3)",0.058051587058709275,0.058861704015742776,0.9862369435173532,0.0601580065221875,28245228.09098279,-0.15645250912515885,-0.213014477614505,0.04319988301899969,0.0,61.0,23036252.55934194,23470029.69572783,20103436.344957832,24979783.862251975,0.5409836065573771,0.09836065573770492,-0.2146775786601932,-0.08967635368702809,0.0,0.0,0.0
0.25,0.15000000000000002,0.1,0.2,0.30000000000000004,"(0.25, 0.15, 0.1, 0.2, 0.3)",0.057854072394665224,0.059641528106211976,0.9700300148520075,0.0601580065221875,28188775.48798875,-0.1596813413702619,-0.2189063300337427,0.04409702252480725,0.0,61.0,22991682.044483904,23479918.790419277,20153086.09080971,25011081.062680542,0.5409836065573771,0.09836065573770492,-0.22053169839972464,-0.08890397228392048,0.0,0.0,0.0
0.25,0.1,0.15000000000000002,0.2,0.30000000000000004,"(0.25, 0.1, 0.15, 0.2, 0.3)",0.05809195031394876,0.06348114200336827,0.9151056279180743,0.0601580065221875,28185162.454825968,-0.1787899834793344,-0.2589768799105268,0.04469563504204807,0.0,61.0,22946947.14804874,23272455.054826736,19586377.850476187,25499199.545954537,0.5409836065573771,0.08196721311475409,-0.2596555150943655,-0.10171862821453996,0.0,0.0,0.0
0.30000000000000004,0.25,0.1,0.1,0.25,"(0.3, 0.25, 0.1, 0.1, 0.25)",0.06097371810905994,0.07082112094200359,0.8609538693830076,0.0601580065221875,29060866.17974707,-0.20071851444607935,-0.2715630876425511,0.0515414293626904,1.0,61.0,22995678.17155102,23095190.739847183,18980240.45911317,26373130.879125513,0.5409836065573771,0.06557377049180328,-0.2758091523144903,-0.08699118753815877,0.0,0.0,0.0
0.15000000000000002,0.25,0.05,0.25,0.30000000000000004,"(0.15, 0.25, 0.05, 0.25, 0.3)",0.05880964459954008,0.06624321098144485,0.8877837249769344,0.0601580065221875,28520945.090296756,-0.18140943471207593,-0.24031121438533357,0.05012809301223147,0.0,61.0,22966622.86823532,23039436.590476356,19074007.4461026,26050989.33336398,0.5409836065573771,0.06557377049180328,-0.24401002961811424,-0.0757788986631398,0.0,0.0,0.0
0.2,0.1,0.15000000000000002,0.25,0.30000000000000004,"(0.2, 0.1, 0.15, 0.25, 0.3)",0.05788080065079226,0.06441214356211665,0.8986007521233041,0.0601580065221875,28125528.79536778,-0.1819428654435522,-0.26534096373313937,0.04559277454785563,0.0,61.0,22903637.547548298,23200247.670824632,19410243.726981416,25529312.24798259,0.5409836065573771,0.06557377049180328,-0.265939347514197,-0.1006892805608718,0.0,0.0,0.0
0.2,0.30000000000000004,0.15000000000000002,0.05,0.30000000000000004,"(0.2, 0.3, 0.15, 0.05, 0.3)",0.06460707086241402,0.08887354022211448,0.7269550723527697,0.0601580065221875,30018137.19466581,-0.26210550045685643,-0.37045451592585443,0.06493439052005537,1.0,61.0,22940437.630773377,23199841.598801143,18220202.06943477,27795652.055192616,0.5409836065573771,0.04918032786885246,-0.37732288998057406,-0.10890096551639193,0.0,0.0,0.0
0.30000000000000004,0.30000000000000004,0.15000000000000002,0.0,0.25,"(0.3, 0.3, 0.15, 0.0, 0.25)",0.06449755439651073,0.08667538270442945,0.7441277140529389,0.0601580065221875,29995495.224581625,-0.25612406145210087,-0.35939211674344623,0.06181084986603109,1.0,61.0,22954703.635471553,23168431.710931715,18263654.18718942,27808955.31511995,0.5409836065573771,0.04918032786885246,-0.3662975453694782,-0.10407637615913173,0.0,0.0,0.0
0.15000000000000002,0.30000000000000004,0.15000000000000002,0.1,0.30000000000000004,"(0.15, 0.3, 0.15, 0.1, 0.3)",0.06438265288977219,0.0896713745000805,0.7179844543334661,0.0601580065221875,29951204.48017484,-0.26454195027117144,-0.3762318972566974,0.06583153002586292,1.0,61.0,22892172.61546484,23112029.425927322,18263223.25187684,27642576.424962956,0.5409836065573771,0.04918032786885246,-0.38294781894586255,-0.10779521842477946,0.0,0.0,0.0
0.25,0.30000000000000004,0.15000000000000002,0.05,0.25,"(0.25, 0.3, 0.15, 0.05, 0.25)",0.06428071914405842,0.08741017505077824,0.7353917219215786,0.0601580065221875,29930643.509858266,-0.25846283904016654,-0.3648940706231985,0.06270798937183865,1.0,61.0,22907212.697271172,23135799.24957201,18307484.794124946,27656664.695536904,0.5409836065573771,0.04918032786885246,-0.37176442566611867,-0.10300714566149459,0.0,0.0,0.0
0.25,0.2,0.0,0.30000000000000004,0.25,"(0.25, 0.2, 0.0, 0.3, 0.25)",0.054630508462072624,0.05046893161013021,1.0824581919841374,0.0601580065221875,27472149.90318421,-0.11915983229430982,-0.1510376371152165,0.036735131854866515,0.0,61.0,22951549.85475423,23119854.850439172,19816001.47174048,24730883.131965697,0.5245901639344263,0.8852459016393442,-0.15296426003331048,-0.054974409186898006,0.0,0.0,0.0
0.30000000000000004,0.05,0.1,0.25,0.30000000000000004,"(0.3, 0.05, 0.1, 0.25, 0.3)",0.05424851042519552,0.0494028671411386,1.0980842522806105,0.0601580065221875,27226595.551241517,-0.11959419417367478,-0.16639433991468533,0.0357891741501914,0.0,61.0,22963883.34166356,23219897.684705842,19832763.206753977,25087427.429609146,0.5245901639344263,0.6229508196721312,-0.16639433991468533,-0.08346083454206461,0.0,0.0,0.0
0.2,0.2,0.0,0.30000000000000004,0.30000000000000004,"(0.2, 0.2, 0.0, 0.3, 0.3)",0.055001043413822615,0.0522172435868424,1.0533118877167555,0.0601580065221875,27563945.37842607,-0.12587960224431305,-0.16013561723520564,0.03896153300308323,0.0,61.0,22994889.94085523,23073673.62257177,19728803.875005826,24860956.029028025,0.5245901639344263,0.5901639344262295,-0.16212796413721642,-0.05991549748807132,0.0,0.0,0.0
0.30000000000000004,0.1,0.1,0.25,0.25,"(0.3, 0.1, 0.1, 0.25, 0.25)",0.055636876406483404,0.052532072280209514,1.0591030201457248,0.0601580065221875,27597608.64464686,-0.13426010497536323,-0.18525322578623685,0.0370352173835406,0.0,61.0,22921574.215498775,23108525.81911385,20022152.35831558,25056811.87325081,0.5245901639344263,0.4426229508196721,-0.18593140627266033,-0.07740583877043322,0.0,0.0,0.0
0.30000000000000004,0.2,0.05,0.30000000000000004,0.15000000000000002,"(0.3, 0.2, 0.05, 0.3, 0.15)",0.05596977165174466,0.05478219269516597,1.0216781931892895,0.0601580065221875,27767128.501789648,-0.13937689849493717,-0.1834934222234051,0.038613485574531384,0.0,61.0,22818328.82831574,23092608.65191121,19965677.841642816,24523414.926552866,0.5245901639344263,0.3442622950819672,-0.1857516462035924,-0.059034396492615965,0.0,0.0,0.0
0.25,0.25,0.0,0.30000000000000004,0.2,"(0.25, 0.25, 0.0, 0.3, 0.2)",0.055841264417887615,0.05665629766139904,0.9856144281014902,0.0601580065221875,27802337.993057813,-0.1373067919702491,-0.17373417640026037,0.040241274205507285,0.0,61.0,22895857.806054078,23084075.94459713,19320620.08652642,25421525.048366793,0.5245901639344263,0.3442622950819672,-0.1770382863967998,-0.05035432281903219,0.0,0.0,0.0
0.25,0.25,0.0,0.2,0.30000000000000004,"(0.25, 0.25, 0.0, 0.2, 0.3)",0.05697579726515323,0.0582083364490579,0.9788253838007662,0.0601580065221875,28100809.2586502,-0.14528954921398107,-0.18270335328961537,0.04289979749032561,0.0,61.0,23079891.02386838,23045677.609027952,19056418.00985823,26149405.05721084,0.5245901639344263,0.2459016393442623,-0.1857754931509468,-0.061686926294297804,0.0,0.0,0.0
0.2,0.25,0.0,0.30000000000000004,0.25,"(0.2, 0.25, 0.0, 0.3, 0.25)",0.05621580842266338,0.05815599593057567,0.9666382205847115,0.0601580065221875,27896137.12982488,-0.14373825408110363,-0.18254150176719453,0.042467675353724005,0.0,61.0,22939460.072410636,23081221.439844884,19235843.59897445,25625948.141622897,0.5245901639344263,0.2459016393442623,-0.1857087004094424,-0.055351603785438463,0.0,0.0,0.0
0.2,0.1,0.1,0.30000000000000004,0.30000000000000004,"(0.2, 0.1, 0.1, 0.3, 0.3)",0.05579185112047691,0.055369087603895584,1.0076353708337353,0.0601580065221875,27630052.20276626,-0.14444352694167417,-0.20156637047819276,0.04015875803756487,0.0,61.0,22916335.65590406,23142900.50621237,19840322.303687863,25102535.15547868,0.5245901639344263,0.2459016393442623,-0.20217017936247278,-0.08273325068015368,0.0,0.0,0.0
0.30000000000000004,0.15000000000000002,0.1,0.2,0.25,"(0.3, 0.15, 0.1, 0.2, 0.25)",0.05750026855628687,0.05785156676584284,0.9939275938544955,0.0601580065221875,28099181.65678499,-0.15325660278419928,-0.20924960954514188,0.041870621376590526,0.0,61.0,22953466.50064519,23345373.341490597,20244954.107869223,24997157.800487224,0.5245901639344263,0.11475409836065574,-0.21084481519473094,-0.08369886218429357,0.0,0.0,0.0
0.30000000000000004,0.25,0.05,0.2,0.2,"(0.3, 0.25, 0.05, 0.2, 0.2)",0.05829970258836603,0.062244396903518844,0.9366257123309069,0.0601580065221875,28397280.266966656,-0.16644988150563866,-0.21742553398495953,0.04477815120999048,0.0,61.0,22934262.83378056,23071110.862182822,19200708.856564637,25796607.911509052,0.5245901639344263,0.09836065573770492,-0.22099005547201178,-0.0659362079115481,0.0,0.0,0.0
0.30000000000000004,0.1,0.15000000000000002,0.2,0.25,"(0.3, 0.1, 0.15, 0.2, 0.25)",0.05774398032758743,0.06171729739806312,0.9356206892072952,0.0601580065221875,28096987.380225863,-0.1721441878138027,-0.2482446852586735,0.04246923389383135,0.0,61.0,22911219.84304085,23209047.32474132,19590425.23547805,25485939.862031218,0.5245901639344263,0.09836065573770492,-0.24896319311389617,-0.09638820077378882,0.0,0.0,0.0
0.2,0.15000000000000002,0.1,0.25,0.30000000000000004,"(0.2, 0.15, 0.1, 0.25, 0.3)",0.057648824126510956,0.060534429933915807,0.9523311640903366,0.0601580065221875,28130464.812630914,-0.16290690606440406,-0.22485769096736197,0.0449941620306148,0.0,61.0,22946603.331012443,23395792.790712062,20197137.219777558,25041266.461141683,0.5245901639344263,0.09836065573770492,-0.22644173334963538,-0.08813761872334572,0.0,0.0,0.0
0.25,0.1,0.15000000000000002,0.25,0.25,"(0.25, 0.1, 0.15, 0.25, 0.25)",0.05753262903315637,0.06267738656034813,0.917916846736451,0.0601580065221875,28037472.956661977,-0.1753233425981786,-0.2545528617163317,0.043366373399638905,0.0,61.0,22868191.21295537,23083514.71767382,19414225.675669648,25515992.105898943,0.5245901639344263,0.09836065573770492,-0.25519599244275315,-0.0954002658864386,0.0,0.0,0.0
0.25,0.25,0.05,0.30000000000000004,0.15000000000000002,"(0.25, 0.25, 0.05, 0.3, 0.15)",0.05750177384555233,0.06277304249506095,0.916026554712186,0.0601580065221875,28181200.11772201,-0.16675472286772586,-0.21994643975774777,0.04434602907338887,0.0,61.0,22796531.62772238,23017922.61007496,19378216.77039979,25275409.675319996,0.5245901639344263,0.09836065573770492,-0.22409494266450344,-0.05924733175652454,0.0,0.0,0.0
0.15000000000000002,0.15000000000000002,0.1,0.30000000000000004,0.30000000000000004,"(0.15, 0.15, 0.1, 0.3, 0.3)",0.057435848880535545,0.06153548730104586,0.9333776557183348,0.0601580065221875,28070308.273963507,-0.1661291594860732,-0.23086855111783597,0.04589130153642236,0.0,61.0,22901019.098271992,23298257.164652646,20015135.209198393,25070336.050379734,0.5245901639344263,0.09836065573770492,-0.23240762492314063,-0.08737726574476208,0.0,0.0,0.0
0.25,0.15000000000000002,0.1,0.25,0.25,"(0.25, 0.15, 0.1, 0.25, 0.25)",0.05729482610340031,0.0587747415948576,0.9748205529909676,0.0601580065221875,28040990.819545068,-0.15641733087540277,-0.2150043174702374,0.04276776088239809,0.0,61.0,22908678.170612812,23249182.576618608,20201074.64234287,25027284.799683347,0.5245901639344263,0.09836065573770492,-0.21656248138235407,-0.08296313698904548,0.0,0.0,0.0
0.2,0.15000000000000002,0.1,0.30000000000000004,0.25,"(0.2, 0.15, 0.1, 0.3, 0.25)",0.05708166082095145,0.05980828018924069,0.9544106709027265,0.0601580065221875,27980960.886302862,-0.15957418595004524,-0.2208145737878821,0.04366490038820564,0.0,61.0,22863384.26601134,23152245.712149084,20019008.72776879,25056296.722026072,0.5245901639344263,0.09836065573770492,-0.22233215751925814,-0.08219329963090374,0.0,0.0,0.0
0.30000000000000004,0.2,0.15000000000000002,0.05,0.30000000000000004,"(0.3, 0.2, 0.15, 0.05, 0.3)",0.06183519503232393,0.07390768808327751,0.8366544352280297,0.0601580065221875,29225452.10367803,-0.21137254357818014,-0.297474981633201,0.053469303522340375,1.0,61.0,23027211.577251576,23333948.342519756,19366669.821654655,25797890.551175706,0.5245901639344263,0.06557377049180328,-0.30075993718365707,-0.10693654560429333,0.0,0.0,0.0
0.25,0.2,0.15000000000000002,0.1,0.30000000000000004,"(0.25, 0.2, 0.15, 0.1, 0.3)",0.06162907163863629,0.0746375570502147,0.8257112648686163,0.0601580065221875,29165034.116362017,-0.21438394943015615,-0.30377810257878485,0.054366443028147936,1.0,61.0,22982164.191694334,23238003.50788369,19413990.909337614,25639290.615444355,0.5245901639344263,0.06557377049180328,-0.307018768655475,-0.10585448173783057,0.0,0.0,0.0
0.2,0.30000000000000004,0.1,0.2,0.2,"(0.2, 0.3, 0.1, 0.2, 0.2)",0.06158285940450692,0.0791394833991926,0.7781559439031567,0.0601580065221875,29235548.739396345,-0.22732091151184775,-0.31133210126745764,0.056841850724946276,1.0,61.0,22823011.883744165,23024281.187631514,18582666.85736502,26825636.247269027,0.5245901639344263,0.06557377049180328,-0.31777437144817516,-0.08010732883214909,0.0,0.0,0.0
0.30000000000000004,0.30000000000000004,0.1,0.15000000000000002,0.15000000000000002,"(0.3, 0.3, 0.1, 0.15, 0.15)",0.06145199902243248,0.07690177236195785,0.799097304717412,0.0601580065221875,29207986.566305153,-0.2211790771472072,-0.3007395249264153,0.05371831007092201,1.0,61.0,22833761.882501263,23031788.323371343,18624241.13192964,26837082.018140927,0.5245901639344263,0.06557377049180328,-0.3068045242744916,-0.07551668220789627,0.0,0.0,0.0
0.2,0.25,0.1,0.15000000000000002,0.30000000000000004,"(0.2, 0.25, 0.1, 0.15, 0.3)",0.06110907723667047,0.07318631684882536,0.8349795408190606,0.0601580065221875,29089523.26507456,-0.2094749930001265,-0.28635691663449114,0.054664970016714665,1.0,61.0,22985498.056383613,23111465.43196801,18938297.6322136,26420609.611077916,0.5245901639344263,0.06557377049180328,-0.29064215903896323,-0.09162423115534811,0.0,0.0,0.0
0.30000000000000004,0.30000000000000004,0.05,0.05,0.30000000000000004,"(0.3, 0.3, 0.05, 0.05, 0.3)",0.06106411332151307,0.07136232859089625,0.8556911542444128,0.0601580065221875,29160522.014284283,-0.19587482572063153,-0.2530213727955766,0.05227207848785874,1.0,61.0,23132038.001362626,23068687.3984685,18322959.84965879,27724522.25511485,0.5245901639344263,0.06557377049180328,-0.25822775081571686,-0.07962674455637195,0.0,0.0,0.0
0.30000000000000004,0.25,0.1,0.15000000000000002,0.2,"(0.3, 0.25, 0.1, 0.15, 0.2)",0.060413094940223955,0.07010850228512594,0.8617085370691346,0.0601580065221875,28908485.61567265,-0.19790092653376457,-0.26857131663373235,0.050212167720281226,1.0,61.0,22910643.322986603,23197088.093048204,19113664.345391754,26001625.68039176,0.5245901639344263,0.06557377049180328,-0.272747576270047,-0.08057667668273527,0.0,0.0,0.0
0.15000000000000002,0.25,0.1,0.25,0.25,"(0.15, 0.25, 0.1, 0.25, 0.25)",0.060325831225583215,0.07345775440169867,0.8212316278509626,0.0601580065221875,28872688.03633085,-0.20963316979734048,-0.2893622267184775,0.05423284788011306,1.0,61.0,22852934.816778954,23173126.924270976,19116312.491828583,25886728.71943864,0.5245901639344263,0.06557377049180328,-0.2935576474807076,-0.08420228017479264,0.0,0.0,0.0
0.30000000000000004,0.1,0.2,0.1,0.30000000000000004,"(0.3, 0.1, 0.2, 0.1, 0.3)",0.06025447414770135,0.07251284160660633,0.8309490127912988,0.0601580065221875,28715584.40990937,-0.21206851390030046,-0.3187424470018374,0.04949624349309204,1.0,61.0,22962054.60704926,23262084.12494969,19318735.02400961,25878143.887341112,0.5245901639344263,0.06557377049180328,-0.31946821625819805,-0.11714557482968871,0.0,0.0,0.0
0.25,0.25,0.1,0.2,0.2,"(0.25, 0.25, 0.1, 0.2, 0.2)",0.060196927788273014,0.07100962424757924,0.8477291413117872,0.0601580065221875,28845883.33621505,-0.20089522395135928,-0.2744607815060876,0.051109307226088786,1.0,61.0,22863352.908261783,23127345.99882492,19159171.683376666,25840826.847092222,0.5245901639344263,0.06557377049180328,-0.2786239296337269,-0.07968985989979799,0.0,0.0,0.0
0.1,0.25,0.1,0.30000000000000004,0.25,"(0.1, 0.25, 0.1, 0.3, 0.25)",0.06009433928960228,0.07451598821666122,0.8064623542919831,0.0601580065221875,28806186.73853231,-0.21259772755210682,-0.2954008936081123,0.05512998738592062,0.0,61.0,22804367.363941427,23073888.20121883,19160283.895574905,25725095.2244681,0.5245901639344263,0.06557377049180328,-0.2997497921801657,-0.08329084876719159,0.0,0.0,0.0
0.25,0.1,0.2,0.15000000000000002,0.30000000000000004,"(0.25, 0.1, 0.2, 0.15, 0.3)",0.060043859385620735,0.07332238806275412,0.8189021248766646,0.0601580065221875,28655182.479369693,-0.21508167273873136,-0.32547541207138303,0.0504270558909758,0.0,61.0,22919913.607071962,23296414.47060024,19145180.281985436,25909188.677315418,0.5245901639344263,0.06557377049180328,-0.3260995194663076,-0.11600229629813301,0.0,0.0,0.0
0.2,0.25,0.1,0.25,0.2,"(0.2, 0.25, 0.1, 0.25, 0.2)",0.05997299778595244,0.07200295158029428,0.8329241575475332,0.0601580065221875,28781395.831265885,-0.20388597294226718,-0.28040310966373316,0.05200644673189635,0.0,61.0,22815568.29379638,23031970.949465122,19203984.750117354,25680273.17617162,0.5245901639344263,0.06557377049180328,-0.28454988386364904,-0.07881196287031036,0.0,0.0,0.0
0.2,0.1,0.2,0.2,0.30000000000000004,"(0.2, 0.1, 0.2, 0.2, 0.3)",0.0598254981184263,0.07422349117333653,0.8060183800666809,0.0601580065221875,28592897.800565332,-0.21809198625262682,-0.33227077783558495,0.05135786828885955,0.0,61.0,22877253.539932378,23320426.828371495,18972513.140707195,25939075.6212355,0.5245901639344263,0.06557377049180328,-0.3327889227860065,-0.11486853478652777,0.0,0.0,0.0
0.30000000000000004,0.1,0.2,0.15000000000000002,0.25,"(0.3, 0.1, 0.2, 0.15, 0.25)",0.05970705926712627,0.07166201926893745,0.8331757865076911,0.0601580065221875,28568499.386409283,-0.20866597640454787,-0.3143705133558961,0.04842410475246476,0.0,61.0,22887196.473769236,23337479.72558603,19150896.7020442,25898220.857536703,0.5245901639344263,0.06557377049180328,-0.31505597855069634,-0.11051247946561955,0.0,0.0,0.0
0.2,0.15000000000000002,0.15000000000000002,0.2,0.30000000000000004,"(0.2, 0.15, 0.15, 0.2, 0.3)",0.05969043998566792,0.06956357652322834,0.8580703145091508,0.0601580065221875,28621292.66964267,-0.19976858119176955,-0.28818190769241087,0.05042817854090556,0.0,61.0,22923767.211257607,23086486.783797882,19748758.915020242,25457976.48584644,0.5245901639344263,0.06557377049180328,-0.2899891673532575,-0.10273214282575167,0.0,0.0,0.0
0.15000000000000002,0.1,0.2,0.25,0.30000000000000004,"(0.15, 0.1, 0.2, 0.25, 0.3)",0.059599397076160354,0.07521286027046534,0.7924096605532752,0.0601580065221875,28528743.42172653,-0.22109941089137963,-0.339128498239814,0.052288680686743305,0.0,61.0,22834076.847722974,23126084.059764113,18800738.310036786,25967800.723356243,0.5245901639344263,0.06557377049180328,-0.33953633136820066,-0.1141974248688045,0.0,0.0,0.0
0.30000000000000004,0.15000000000000002,0.15000000000000002,0.15000000000000002,0.25,"(0.3, 0.15, 0.15, 0.15, 0.25)",0.0595602601679468,0.06699026460934907,0.8890882953705285,0.0601580065221875,28594072.234643545,-0.19013349175805505,-0.27121150381466375,0.04730463788688128,0.0,61.0,22932990.255430166,23039886.099062763,19933902.43704624,25416292.59081018,0.5245901639344263,0.06557377049180328,-0.2730885898474335,-0.09830366594452121,0.0,0.0,0.0
0.25,0.1,0.2,0.2,0.25,"(0.25, 0.1, 0.2, 0.2, 0.25)",0.05948847949799685,0.07258622593945935,0.8195560346065286,0.0601580065221875,28506330.697306253,-0.21170175056324403,-0.3211082384924398,0.049354917150348517,0.0,61.0,22844807.78857463,23155809.314953107,18978146.62022158,25928045.15762733,0.5245901639344263,0.06557377049180328,-0.32169272594341036,-0.1094215423319288,0.0,0.0,0.0
0.2,0.2,0.1,0.2,0.30000000000000004,"(0.2, 0.2, 0.1, 0.2, 0.3)",0.059421466333618556,0.06654259972398954,0.8929838416306461,0.0601580065221875,28617310.58211457,-0.18620016636063697,-0.25572852854081324,0.04982956602366473,0.0,61.0,22969661.57889842,23323962.78089197,19564388.169109296,25287641.378066517,0.5245901639344263,0.06557377049180328,-0.25853109903275057,-0.08999511114417409,0.0,0.0,0.0
0.30000000000000004,0.2,0.1,0.15000000000000002,0.25,"(0.3, 0.2, 0.1, 0.15, 0.25)",0.059279448708732474,0.06402193344268056,0.9259240625996702,0.0601580065221875,28587289.45372387,-0.17723975922627944,-0.24092283548885315,0.04670602536964046,0.0,61.0,22978172.443247244,23350943.003709134,19606833.911904957,25241591.30499237,0.5245901639344263,0.06557377049180328,-0.24372377284833954,-0.08549446162019857,0.0,0.0,0.0
0.15000000000000002,0.2,0.1,0.25,0.30000000000000004,"(0.15, 0.2, 0.1, 0.25, 0.3)",0.0592070937711322,0.06747027682515924,0.8775285437846944,0.0601580065221875,28555796.239402577,-0.1892402544436197,-0.26164619157677144,0.050726705529472296,0.0,61.0,22922929.951625463,23336212.490471687,19611082.496999867,25131575.477516964,0.5245901639344263,0.06557377049180328,-0.2644156974380445,-0.08904003784553086,0.0,0.0,0.0
0.25,0.2,0.1,0.2,0.25,"(0.25, 0.2, 0.1, 0.2, 0.25)",0.05907262595738394,0.06487369359688135,0.9105790449431681,0.0601580065221875,28527772.44542953,-0.18030662905116257,-0.24674237879082292,0.047603164875448016,0.0,61.0,22932232.427585132,23316081.90456289,19654388.76028236,25086584.423265915,0.5245901639344263,0.06557377049180328,-0.24951757773085517,-0.08457271808565801,0.0,0.0,0.0
0.1,0.2,0.1,0.30000000000000004,0.30000000000000004,"(0.1, 0.2, 0.1, 0.3, 0.3)",0.05898497534035041,0.06849417923497639,0.8611677079594797,0.0601580065221875,28492415.31502311,-0.19227671250556477,-0.2676179864582676,0.05162384503527985,0.0,61.0,22875699.789352577,23264880.443018656,19657068.27020562,25022355.385394476,0.5245901639344263,0.06557377049180328,-0.2703509743884537,-0.08809405823992793,0.0,0.0,0.0
0.2,0.2,0.1,0.25,0.25,"(0.2, 0.2, 0.1, 0.25, 0.25)",0.058858054790149605,0.0658276380970637,0.8941237524482141,0.0601580065221875,28466382.81586626,-0.1833698382767539,-0.25261615214992666,0.04850030438125558,0.0,61.0,22885791.028272953,23245108.094603796,19701237.33976769,24982015.577321474,0.5245901639344263,0.06557377049180328,-0.2553622267509612,-0.08365993248454089,0.0,0.0,0.0
0.30000000000000004,0.2,0.1,0.2,0.2,"(0.3, 0.2, 0.1, 0.2, 0.2)",0.05871497071291598,0.06329006000376591,0.9277123565599763,0.0601580065221875,28436217.111150954,-0.17440201380860476,-0.2377989777296531,0.045376763727231297,0.0,61.0,22893769.72410024,23213179.74927813,19743763.164530918,24939167.717668477,0.5245901639344263,0.06557377049180328,-0.24054318558271146,-0.07924392726615961,0.0,0.0,0.0
0.15000000000000002,0.2,0.1,0.30000000000000004,0.25,"(0.15, 0.2, 0.1, 0.3, 0.25)",0.058635741965275434,0.06687939451988831,0.8767385289027787,0.0601580065221875,28403133.39450004,-0.18642935428272134,-0.25854408217372415,0.04939744388706313,0.0,61.0,22838851.01105458,23153815.69761347,19747374.279639512,25009767.98577642,0.5245901639344263,0.06557377049180328,-0.26125760152248834,-0.08275603882629176,0.0,0.0,0.0
0.25,0.2,0.1,0.25,0.2,"(0.25, 0.2, 0.1, 0.25, 0.2)",0.05850020577514048,0.06427032481258876,0.9102211004180567,0.0601580065221875,28374957.6856003,-0.17748837043775822,-0.24362897042037276,0.04627390323303886,0.0,61.0,22847620.20937275,23123155.702044506,19790764.62331913,24967979.9654145,0.5245901639344263,0.06557377049180328,-0.24634799822590955,-0.07837269202390727,0.0,0.0,0.0
0.15000000000000002,0.1,0.15000000000000002,0.30000000000000004,0.30000000000000004,"(0.15, 0.1, 0.15, 0.3, 0.3)",0.05766193040360079,0.06544376779995605,0.8810912382040375,0.0601580065221875,28064053.531645734,-0.18509256899618787,-0.27176673975461846,0.04648991405366318,0.0,61.0,22859814.84062415,23074049.06540702,19235014.468698297,25558285.886898592,0.5245901639344263,0.06557377049180328,-0.2722807708893211,-0.099668995489457,0.0,0.0,0.0
0.25,0.30000000000000004,0.15000000000000002,0.0,0.30000000000000004,"(0.25, 0.3, 0.15, 0.0, 0.3)",0.06482366548426244,0.0881529951610428,0.7353540893969508,0.0601580065221875,30083097.12694629,-0.25977959378419246,-0.36493261869708593,0.0640372510142478,1.0,61.0,22988207.396924116,23214063.158664014,18176516.799461406,27963578.942756794,0.5245901639344263,0.04918032786885246,-0.37183861166687043,-0.11001679113136997,0.0,0.0,0.0
0.1,0.30000000000000004,0.15000000000000002,0.15000000000000002,0.30000000000000004,"(0.1, 0.3, 0.15, 0.15, 0.3)",0.06415041849769687,0.09054445491154332,0.7084963796001434,0.0601580065221875,29882313.01473852,-0.2672867116225476,-0.3826571358811822,0.06672866953167048,1.0,61.0,22843415.228437092,23019167.927120518,18305575.367736388,27489536.080366228,0.5245901639344263,0.04918032786885246,-0.38934586530320014,-0.10669948104290436,0.0,0.0,0.0
0.30000000000000004,0.30000000000000004,0.15000000000000002,0.05,0.2,"(0.3, 0.3, 0.15, 0.05, 0.2)",0.0639453107637471,0.08601702322625963,0.7434029726365328,0.0601580065221875,29840941.80864939,-0.2548373752969767,-0.35936704894485033,0.06048158822362192,1.0,61.0,22872912.024640664,23075115.67187161,18394179.45531025,27517465.844388723,0.5245901639344263,0.04918032786885246,-0.36623813625331386,-0.09721338377853628,0.0,0.0,0.0
0.30000000000000004,0.25,0.15000000000000002,0.0,0.30000000000000004,"(0.3, 0.25, 0.15, 0.0, 0.3)",0.06347699051967881,0.08048545194640833,0.7886765742701589,0.0601580065221875,29694031.168628752,-0.23402900895440726,-0.3278152813821373,0.058304707515390304,1.0,61.0,23034993.057333525,23318894.81570773,18743583.16042789,26946652.099404573,0.5245901639344263,0.04918032786885246,-0.33271550993063986,-0.10903656295204453,0.0,0.0,0.0
0.25,0.25,0.15000000000000002,0.05,0.30000000000000004,"(0.25, 0.25, 0.15, 0.05, 0.3)",0.06326953839330529,0.08116925665860276,0.7794766269625513,0.0601580065221875,29632323.621964388,-0.2368697266478813,-0.3340291935871889,0.05920184702119787,1.0,61.0,22988829.44547517,23279575.165789913,18789401.102474034,26780558.02221925,0.5245901639344263,0.04918032786885246,-0.33889801818663645,-0.10793257888627177,0.0,0.0,0.0
0.2,0.25,0.15000000000000002,0.1,0.30000000000000004,"(0.2, 0.25, 0.15, 0.1, 0.3)",0.06305428173819116,0.08193828247757931,0.7695338470811204,0.0601580065221875,29568661.35028675,-0.23970734269530158,-0.34029649533172013,0.06009898652700542,1.0,61.0,22942163.038348887,23186569.572205607,18834540.186447434,26614710.327025868,0.5245901639344263,0.04918032786885246,-0.3451304986543606,-0.10683848082786115,0.0,0.0,0.0
0.30000000000000004,0.25,0.15000000000000002,0.05,0.25,"(0.3, 0.25, 0.15, 0.05, 0.25)",0.06293775194654372,0.07962094031628722,0.7904673280236205,0.0601580065221875,29544390.702022124,-0.23122218556966234,-0.3248863828500366,0.056975445872981145,1.0,61.0,22954729.549457926,23159981.23629331,18878555.291660663,26592840.751228668,0.5245901639344263,0.04918032786885246,-0.3297131985834926,-0.10214823124103206,0.0,0.0,0.0
0.15000000000000002,0.25,0.15000000000000002,0.15000000000000002,0.30000000000000004,"(0.15, 0.25, 0.15, 0.15, 0.3)",0.06283122734892777,0.08279015461764735,0.7589214881781947,0.0601580065221875,29503057.71753766,-0.24254182403545266,-0.3466170879200287,0.06099612603281298,1.0,61.0,22894996.604522146,23095653.743171904,18878995.211512867,26449117.36933019,0.5245901639344263,0.04918032786885246,-0.3514128091474312,-0.10575420291033842,0.0,0.0,0.0
0.25,0.25,0.15000000000000002,0.1,0.25,"(0.25, 0.25, 0.15, 0.1, 0.25)",0.06272226518907065,0.0804070219907108,0.7800595474897302,0.0601580065221875,29480840.025010664,-0.2340820698961753,-0.33110886204477774,0.057872585378788706,1.0,61.0,22908342.88886005,23070308.36136599,18923844.360190623,26447658.965019695,0.5245901639344263,0.04918032786885246,-0.3359046497446315,-0.10109939504570928,0.0,0.0,0.0
0.30000000000000004,0.2,0.0,0.2,0.30000000000000004,"(0.3, 0.2, 0.0, 0.2, 0.3)",0.055376998365222585,0.050776184932768566,1.0906096714147753,0.0601580065221875,27670536.9129586,-0.12070654909172351,-0.15148355350016285,0.03716725399146811,0.0,61.0,23089313.621865373,23081988.521811783,19630306.367222507,25165060.80041652,0.5081967213114754,0.8852459016393442,-0.15348556177794023,-0.06115719152661661,0.0,0.0,0.0
0.30000000000000004,0.05,0.1,0.30000000000000004,0.25,"(0.3, 0.05, 0.1, 0.3, 0.25)",0.05368997270898235,0.048345139198374174,1.1105557580189556,0.0601580065221875,27083644.64809949,-0.11542152683955675,-0.1609789242322118,0.03488553777337718,0.0,61.0,22882520.352209035,23010866.03746142,19656577.022363577,25102079.770574324,0.5081967213114754,0.7213114754098361,-0.16091021614281853,-0.07882297420417911,0.0,0.0,0.0
0.25,0.05,0.1,0.30000000000000004,0.30000000000000004,"(0.25, 0.05, 0.1, 0.3, 0.3)",0.05405372094618932,0.05028729047388746,1.0748982583234952,0.0601580065221875,27172765.63011563,-0.12239847572948903,-0.17146854137569997,0.03640513612331399,0.0,61.0,22921640.478381366,23144771.654647652,19655839.689946886,25118959.195358355,0.5081967213114754,0.5901639344262295,-0.17134789252054733,-0.08314886056108856,0.0,0.0,0.0
0.30000000000000004,0.1,0.1,0.30000000000000004,0.2,"(0.3, 0.1, 0.1, 0.3, 0.2)",0.05506511623862487,0.05177787149269221,1.0634874445620386,0.0601580065221875,27449560.738170393,-0.1307115231215369,-0.180781983947025,0.03581551801925602,0.0,61.0,22838540.164640874,23005376.61426128,19843631.49690674,25070106.31243021,0.5081967213114754,0.47540983606557374,-0.18142796633571925,-0.07361811430862887,0.0,0.0,0.0
0.30000000000000004,0.25,0.0,0.25,0.2,"(0.3, 0.25, 0.0, 0.25, 0.2)",0.05604254417692478,0.055772231680423584,1.0048467218964823,0.0601580065221875,27859396.032636214,-0.1345677490720052,-0.16912554041972053,0.039344134699699725,0.0,61.0,22944397.560513683,23070473.70256869,19273636.829989057,25577971.10924285,0.5081967213114754,0.4098360655737705,-0.17201123304165133,-0.05091932603558194,0.0,0.0,0.0
0.30000000000000004,0.25,0.0,0.2,0.25,"(0.3, 0.25, 0.0, 0.2, 0.25)",0.05661029113687377,0.056559237294048555,1.0009026614443153,0.0601580065221875,28008676.50684425,-0.13866321457052222,-0.1737341209957014,0.04067339634210889,0.0,61.0,23036670.95057266,23050950.934330326,19141500.6616605,25941656.891024236,0.5081967213114754,0.32786885245901637,-0.1767105610654255,-0.05654689342932755,0.0,0.0,0.0
0.30000000000000004,0.0,0.15000000000000002,0.25,0.30000000000000004,"(0.3, 0.0, 0.15, 0.25, 0.3)",0.05441864855357759,0.055211322585780584,0.9856429081014779,0.0601580065221875,27207195.201393522,-0.13908759199855802,-0.20436514044885254,0.03751164933497275,0.0,61.0,22923137.988189355,23030973.47314489,19061411.05060449,25566085.967946608,0.5081967213114754,0.29508196721311475,-0.20332668111298585,-0.09446212749323994,0.0,0.0,0.0
0.25,0.25,0.0,0.25,0.25,"(0.25, 0.25, 0.0, 0.25, 0.25)",0.056416917148001566,0.05729822653707836,0.9846189063372408,0.0601580065221875,27953327.176989183,-0.14120052029910768,-0.17811475920406564,0.041570535847916444,0.0,61.0,22988310.74349181,23066607.20753633,19189013.253851995,25783695.417816576,0.5081967213114754,0.26229508196721313,-0.1810967788337113,-0.05594620809598267,0.0,0.0,0.0
0.30000000000000004,0.15000000000000002,0.1,0.25,0.2,"(0.3, 0.15, 0.1, 0.25, 0.2)",0.05693207966481628,0.057104118267982236,0.9969872820317687,0.0601580065221875,27949555.53164287,-0.15039938429217237,-0.20599006003372558,0.04054135973418137,0.0,61.0,22869730.821614843,23102017.68393417,20203722.656875156,25011807.093734857,0.5081967213114754,0.18032786885245902,-0.20754260399255509,-0.07787010802264967,0.0,0.0,0.0
0.2,0.25,0.0,0.25,0.30000000000000004,"(0.2, 0.25, 0.0, 0.25, 0.3)",0.0567826027705145,0.05892358384787162,0.9636651245979082,0.0601580065221875,28045339.775206365,-0.14780627143462888,-0.18713083855606844,0.043796936996133164,0.0,61.0,23031221.530238304,23061372.485529236,19103773.41685036,25990135.13721222,0.5081967213114754,0.18032786885245902,-0.19020506265348588,-0.06105609466204047,0.0,0.0,0.0
0.15000000000000002,0.25,0.0,0.30000000000000004,0.30000000000000004,"(0.15, 0.25, 0.0, 0.3, 0.3)",0.05658166942788001,0.05975500558246578,0.9468942204313519,0.0601580065221875,27988022.657140702,-0.15032345357311194,-0.1916044100353939,0.044694076501940724,0.0,61.0,22982061.529313274,23076025.445838965,19150449.46255139,25831081.564742576,0.5081967213114754,0.13114754098360656,-0.19467836296336477,-0.06043140844317567,0.0,0.0,0.0
0.25,0.30000000000000004,0.0,0.2,0.25,"(0.25, 0.3, 0.0, 0.2, 0.25)",0.058118868690781644,0.06468291502388661,0.8985196271584089,0.0601580065221875,28420540.81683382,-0.16452161670722176,-0.20648534804422844,0.04640593984096638,0.0,61.0,23018023.61050881,23124983.978726838,18573527.633160625,26946274.15543077,0.5081967213114754,0.11475409836065574,-0.21098695847947999,-0.056908650632502514,0.0,0.0,0.0
0.30000000000000004,0.30000000000000004,0.0,0.2,0.2,"(0.3, 0.3, 0.0, 0.2, 0.2)",0.05774940530148931,0.0632610469330429,0.912874637731063,0.0601580065221875,28326454.30577402,-0.15852202200468346,-0.19822058926834848,0.04417953869274966,0.0,61.0,22974558.13653084,23043105.89504542,18656227.64827138,26731491.234000735,0.5081967213114754,0.11475409836065574,-0.2028219731066997,-0.051711452792949975,0.0,0.0,0.0
0.2,0.30000000000000004,0.0,0.30000000000000004,0.2,"(0.2, 0.3, 0.0, 0.3, 0.2)",0.05733632104375097,0.06496064628964998,0.8826316288187273,0.0601580065221875,28207922.654831965,-0.16479617886069287,-0.20885218635575886,0.04597381770436478,0.0,61.0,22874599.520890735,23003581.135915156,18746510.591346208,26403880.195170913,0.5081967213114754,0.11475409836065574,-0.2144899144607294,-0.05061204782625536,0.0,0.0,0.0
0.25,0.15000000000000002,0.1,0.30000000000000004,0.2,"(0.25, 0.15, 0.1, 0.3, 0.2)",0.056718728963804255,0.05817045291654143,0.9750436195705747,0.0601580065221875,27889657.483333085,-0.15357980418561656,-0.21175637043593887,0.04143849923998892,0.0,61.0,22824728.780190375,23005682.752507485,20021605.336562704,25040760.26351629,0.5081967213114754,0.11475409836065574,-0.21327246767004848,-0.07704940570506143,0.0,0.0,0.0
0.30000000000000004,0.2,0.1,0.25,0.15000000000000002,"(0.3, 0.2, 0.1, 0.25, 0.15)",0.058133574773233,0.06280468451554096,0.9256248195761242,0.0601580065221875,28281547.789599992,-0.17159605041744697,-0.23468515759297914,0.04404750208482214,0.0,61.0,22808426.00353692,23000374.254310574,19879656.148793824,24952445.472988848,0.5081967213114754,0.09836065573770492,-0.23737348710911846,-0.07317745001326129,0.0,0.0,0.0
0.15000000000000002,0.30000000000000004,0.0,0.25,0.30000000000000004,"(0.15, 0.3, 0.0, 0.25, 0.3)",0.05827727435276908,0.06695483261109825,0.8703968344042907,0.0601580065221875,28454060.115545906,-0.17360215078307817,-0.22016415684553237,0.04952948049499066,0.0,61.0,23010116.863262556,23030506.796668142,18535406.80320958,26995149.78301268,0.5081967213114754,0.08196721311475409,-0.225070891062662,-0.061554236138573123,0.0,0.0,0.0
0.30000000000000004,0.30000000000000004,0.1,0.05,0.25,"(0.3, 0.3, 0.1, 0.05, 0.25)",0.06258237958183455,0.0780850395818009,0.8014644023619152,0.0601580065221875,29518857.89140313,-0.2236997379413591,-0.3011689229262637,0.05637683335574033,1.0,61.0,23005980.905571517,23060769.47424616,18365290.757571626,27546481.35504105,0.5081967213114754,0.06557377049180328,-0.30719073782270817,-0.08848362893386393,0.0,0.0,0.0
0.25,0.30000000000000004,0.1,0.1,0.25,"(0.25, 0.3, 0.1, 0.1, 0.25)",0.06237283486080769,0.07881183248359006,0.791414599753086,0.0601580065221875,29456745.530382317,-0.22658487727135124,-0.30710546059712024,0.05727397286154789,1.0,61.0,22957758.261724025,23100199.374503646,18409855.654242005,27376441.656310312,0.5081967213114754,0.06557377049180328,-0.31302565675163846,-0.0875277930302742,0.0,0.0,0.0
0.2,0.30000000000000004,0.1,0.15000000000000002,0.25,"(0.2, 0.3, 0.1, 0.15, 0.25)",0.06215549073933735,0.07962556203710233,0.78059719955729,0.0601580065221875,29392696.098777223,-0.22946676433778845,-0.3130936329276162,0.05817111236735544,1.0,61.0,22909043.25068873,23024292.811036296,18453754.393802002,27206656.6274743,0.5081967213114754,0.06557377049180328,-0.3190099849700433,-0.08658138944327894,0.0,0.0,0.0
0.30000000000000004,0.30000000000000004,0.1,0.1,0.2,"(0.3, 0.3, 0.1, 0.1, 0.2)",0.06202575963278689,0.0773924512812029,0.8014445673444088,0.0601580065221875,29365312.896018334,-0.22240719666119702,-0.3009179171020138,0.05504757171333117,1.0,61.0,22920349.0736795,23009325.61175491,18495256.151115473,27158231.94475103,0.5081967213114754,0.06557377049180328,-0.306933285131078,-0.08190285559392617,0.0,0.0,0.0
0.25,0.30000000000000004,0.1,0.15000000000000002,0.2,"(0.25, 0.3, 0.1, 0.15, 0.2)",0.06180820361744077,0.07822325642234386,0.7901512471396644,0.0601580065221875,29301389.148567166,-0.22486123515835021,-0.30609895477598076,0.05594471121913873,1.0,61.0,22871925.230610497,23004464.206742693,18539298.583629843,26989846.152663484,0.5081967213114754,0.06557377049180328,-0.31209642809839133,-0.0810005180858593,0.0,0.0,0.0
0.30000000000000004,0.15000000000000002,0.2,0.1,0.25,"(0.3, 0.15, 0.2, 0.1, 0.25)",0.06147521795677058,0.07684791054486269,0.7999595242200144,0.0601580065221875,29059983.971447717,-0.2260310491201053,-0.3368541895036664,0.05329011893107864,1.0,61.0,22898816.371249575,23013236.693332747,19476192.88768674,25818200.051163793,0.5081967213114754,0.06557377049180328,-0.3389365127611814,-0.11283797279117753,0.0,0.0,0.0
0.2,0.2,0.15000000000000002,0.15000000000000002,0.30000000000000004,"(0.2, 0.2, 0.15, 0.15, 0.3)",0.06141516942636449,0.07545910908833998,0.8138867549372435,0.0601580065221875,29102694.075321928,-0.21739254650313344,-0.3101399501902068,0.05526358253395549,1.0,61.0,22936609.52318952,23141306.169382002,19460613.001857087,25480922.219974205,0.5081967213114754,0.06557377049180328,-0.3133326977807364,-0.10478204563256911,0.0,0.0,0.0
0.30000000000000004,0.2,0.15000000000000002,0.1,0.25,"(0.3, 0.2, 0.15, 0.1, 0.25)",0.06129175249618979,0.0730149664932257,0.8394409453283309,0.0601580065221875,29076897.199812084,-0.20845406208423412,-0.29425097807487,0.05214004187993121,1.0,61.0,22947494.500937924,23096306.965527467,19505179.464114696,25435390.869586714,0.5081967213114754,0.06557377049180328,-0.29744410354503886,-0.10022383999933344,0.0,0.0,0.0
0.15000000000000002,0.2,0.15000000000000002,0.2,0.30000000000000004,"(0.15, 0.2, 0.15, 0.2, 0.3)",0.06119349514275796,0.07636938538289319,0.8012830643582128,0.0601580065221875,29038445.05466029,-0.22039829137844924,-0.31656048531379943,0.05616072203976305,1.0,61.0,22890550.25728732,23043869.195393678,19506530.741618074,25400701.545604154,0.5081967213114754,0.06557377049180328,-0.31970163777225236,-0.10371917414237808,0.0,0.0,0.0
0.25,0.2,0.15000000000000002,0.15000000000000002,0.25,"(0.25, 0.2, 0.15, 0.15, 0.25)",0.06107763017650614,0.07385701519617642,0.8269712770584334,0.0601580065221875,29014671.70578924,-0.21140322371808706,-0.30041491027566875,0.05303718138573878,1.0,61.0,22902220.2411721,23000181.167279303,19551956.250665907,25361817.772328667,0.5081967213114754,0.06557377049180328,-0.3035636601854492,-0.09919535761843332,0.0,0.0,0.0
0.2,0.15000000000000002,0.2,0.2,0.25,"(0.2, 0.15, 0.2, 0.2, 0.25)",0.061027518418468096,0.07868525126805229,0.7755903099371105,0.0601580065221875,28930982.09753115,-0.23195879113446793,-0.3503824092752027,0.055151743726846156,1.0,61.0,22811338.505824786,23003301.735967413,19125352.84432402,25881103.062554438,0.5081967213114754,0.06557377049180328,-0.35229357990910654,-0.1106187699925082,0.0,0.0,0.0
0.30000000000000004,0.15000000000000002,0.2,0.15000000000000002,0.2,"(0.3, 0.15, 0.2, 0.15, 0.2)",0.06091476149745412,0.07620796755499656,0.7993227408078311,0.0601580065221875,28907852.61126851,-0.22267468093775478,-0.33261337855600587,0.05221798019045137,1.0,61.0,22822385.589765046,23011682.266603038,19306385.220966943,25857819.50952655,0.5081967213114754,0.06557377049180328,-0.3346380580980103,-0.10621982734622785,0.0,0.0,0.0
0.15000000000000002,0.25,0.1,0.2,0.30000000000000004,"(0.15, 0.25, 0.1, 0.2, 0.3)",0.0608933203219868,0.07404511690595603,0.8223813111042394,0.0601580065221875,29026670.408622835,-0.21242384753210186,-0.2923337070709486,0.055562109522522225,1.0,61.0,22937626.114985485,23128331.294609763,18983507.13093642,26257129.654897336,0.5081967213114754,0.06557377049180328,-0.2965983326465289,-0.09065106255200132,0.0,0.0,0.0
0.15000000000000002,0.15000000000000002,0.2,0.25,0.25,"(0.15, 0.15, 0.2, 0.25, 0.25)",0.06079203357033469,0.07972824442553947,0.7624905578738805,0.0601580065221875,28863649.674466625,-0.2349184378790652,-0.3572376668532619,0.056082556124729906,1.0,61.0,22766833.402061317,23034350.35418696,18951302.877329003,25948084.775661286,0.5081967213114754,0.06557377049180328,-0.35905706270023063,-0.10952337885541903,0.0,0.0,0.0
0.25,0.25,0.1,0.15000000000000002,0.25,"(0.25, 0.25, 0.1, 0.15, 0.25)",0.06076552748410524,0.07160685035335959,0.8485993614332221,0.0601580065221875,29000041.06008984,-0.20369353078167807,-0.2774432364604421,0.052438568868497945,1.0,61.0,22948593.083603334,23157297.740796287,19026285.595250074,26210754.692254778,0.5081967213114754,0.06557377049180328,-0.28167567519022774,-0.08605238073300488,0.0,0.0,0.0
0.25,0.15000000000000002,0.2,0.2,0.2,"(0.25, 0.15, 0.2, 0.2, 0.2)",0.06068681239443019,0.07719032318401023,0.7861971538810878,0.0601580065221875,28842529.265720546,-0.2256623020133517,-0.3393510121338862,0.05314879258833512,1.0,61.0,22778662.910978213,23043559.67197947,19131333.067200065,25925702.04937479,0.5081967213114754,0.06557377049180328,-0.34129282019542095,-0.10515814111773132,0.0,0.0,0.0
0.1,0.25,0.1,0.25,0.30000000000000004,"(0.1, 0.25, 0.1, 0.25, 0.3)",0.06066979199714018,0.07499343543744118,0.8090013698299013,0.0601580065221875,28961918.533591323,-0.21536927795438576,-0.2983633167922157,0.056459249028329786,1.0,61.0,22889260.127237726,23139451.577402495,19028028.385058377,26093899.73400363,0.5081967213114754,0.06557377049180328,-0.30260401860361547,-0.08968722781489251,0.0,0.0,0.0
0.2,0.30000000000000004,0.05,0.15000000000000002,0.30000000000000004,"(0.2, 0.3, 0.05, 0.15, 0.3)",0.06066796369035532,0.07264474286530785,0.8351321967350214,0.0601580065221875,29043501.258826744,-0.20183402826798014,-0.2642642149403758,0.054066357499473854,1.0,61.0,23034104.272698414,23025851.915585905,18413887.161563113,27385889.863271248,0.5081967213114754,0.06557377049180328,-0.26949598709249456,-0.0778397273416155,0.0,0.0,0.0
0.2,0.25,0.1,0.2,0.25,"(0.2, 0.25, 0.1, 0.2, 0.25)",0.06054956292133484,0.0724868575739623,0.8353178072253004,0.0601580065221875,28937310.63865162,-0.20666509340767936,-0.28337631064898067,0.053335708374305506,1.0,61.0,22901011.01537593,23169356.224323448,19071644.677318197,26048617.91046392,0.5081967213114754,0.06557377049180328,-0.28759188281899234,-0.08512276787257773,0.0,0.0,0.0
0.2,0.15000000000000002,0.2,0.25,0.2,"(0.2, 0.15, 0.2, 0.25, 0.2)",0.06045111318506824,0.07825555140060934,0.7724833842854698,0.0601580065221875,28775329.60599273,-0.2286470349699965,-0.3461493766270135,0.05407960498621887,1.0,61.0,22734430.1291726,23074505.499165058,18957197.23285426,25992663.28978017,0.5081967213114754,0.06557377049180328,-0.3480041925941292,-0.10410570128104091,0.0,0.0,0.0
0.05,0.25,0.1,0.30000000000000004,0.30000000000000004,"(0.05, 0.25, 0.1, 0.3, 0.3)",0.060438499156797665,0.07602792274668266,0.7949513412088428,0.0601580065221875,28895281.157692682,-0.21831125172897303,-0.3044456526433726,0.05735638853413734,1.0,61.0,22840402.995314963,23149547.71758367,19071856.26599925,25930928.01636499,0.5081967213114754,0.06557377049180328,-0.308659080139127,-0.08873265852459748,0.0,0.0,0.0
0.30000000000000004,0.15000000000000002,0.2,0.2,0.15000000000000002,"(0.3, 0.15, 0.2, 0.2, 0.15)",0.060337195393845855,0.07577387578110722,0.7962796514216287,0.0601580065221875,28751998.538680356,-0.2193465951419178,-0.3283781608945655,0.051145841449824085,1.0,61.0,22744934.005596474,23082524.745229363,19136074.29103725,25968818.766221713,0.5081967213114754,0.06557377049180328,-0.3303462957798352,-0.09978961743113916,0.0,0.0,0.0
0.15000000000000002,0.15000000000000002,0.2,0.30000000000000004,0.2,"(0.15, 0.15, 0.2, 0.3, 0.2)",0.0602076708178072,0.07940031683908949,0.7582799819278104,0.0601580065221875,28706267.64362309,-0.23162883676261747,-0.3530084064638497,0.055010417384102624,1.0,61.0,22689689.778498113,23104516.081911813,18783982.191306725,26058695.11145464,0.5081967213114754,0.06557377049180328,-0.35477206181078796,-0.10793796482546959,0.0,0.0,0.0
0.30000000000000004,0.15000000000000002,0.15000000000000002,0.1,0.30000000000000004,"(0.3, 0.15, 0.15, 0.1, 0.3)",0.060107752422879246,0.06790879004870512,0.8851247736820099,0.0601580065221875,28741396.579857364,-0.19360494605442247,-0.275513052191933,0.048633899529290446,0.0,61.0,23012126.51676715,23248796.749939542,20001318.0285783,25396884.520176873,0.5081967213114754,0.06557377049180328,-0.277444979741921,-0.10484321420885498,0.0,0.0,0.0
0.25,0.15000000000000002,0.2,0.25,0.15000000000000002,"(0.25, 0.15, 0.2, 0.25, 0.15)",0.06010128708710205,0.07686108717908924,0.7819468770596983,0.0601580065221875,28684937.744332105,-0.2223564705389912,-0.33511984567849423,0.05207665384770784,0.0,61.0,22700975.218282674,23113366.048622303,18961864.78560164,26035755.83285337,0.5081967213114754,0.06557377049180328,-0.3370057726244825,-0.10247075231992826,0.0,0.0,0.0
0.25,0.15000000000000002,0.15000000000000002,0.15000000000000002,0.30000000000000004,"(0.25, 0.15, 0.15, 0.15, 0.3)",0.059902972732840176,0.06868697579311973,0.8721154489792017,0.0601580065221875,28682288.867547683,-0.19668824893311987,-0.2818173735935878,0.049531039035098,0.0,61.0,22968202.644211944,23172390.889727578,19928165.387007385,25427997.891963046,0.5081967213114754,0.06557377049180328,-0.28368888520635727,-0.10378299223896302,0.0,0.0,0.0
0.2,0.15000000000000002,0.2,0.30000000000000004,0.15000000000000002,"(0.2, 0.15, 0.2, 0.3, 0.15)",0.0598576399505415,0.07802862840769001,0.7671240821739512,0.0601580065221875,28616021.511084136,-0.2253633571592114,-0.3419221829868522,0.05300746624559159,0.0,61.0,22656508.688410882,23083061.618437394,18788577.375690136,26101761.601162672,0.5081967213114754,0.06557377049180328,-0.34372176112212904,-0.10669971052394786,0.0,0.0,0.0
0.30000000000000004,0.25,0.1,0.2,0.15000000000000002,"(0.3, 0.25, 0.1, 0.2, 0.15)",0.05983544367149962,0.06961857497909726,0.8594752720730783,0.0601580065221875,28752415.871299945,-0.19511443485135316,-0.2655876245234462,0.04888290607787207,0.0,61.0,22824660.37332049,23054655.131405577,19246080.098811474,25656381.556710713,0.5081967213114754,0.06557377049180328,-0.26969494348657586,-0.07435145124650747,0.0,0.0,0.0
0.30000000000000004,0.15000000000000002,0.2,0.25,0.1,"(0.3, 0.15, 0.2, 0.25, 0.1)",0.05974258407443522,0.07554918365669477,0.7907773609561848,0.0601580065221875,28592501.3212199,-0.21604693808715625,-0.32414956225842795,0.0500737027091968,0.0,61.0,22666476.653251033,23112414.87388264,18965307.78086105,26077358.904330462,0.5081967213114754,0.06557377049180328,-0.3260622454574915,-0.10128238267623302,0.0,0.0,0.0
0.15000000000000002,0.25,0.1,0.30000000000000004,0.2,"(0.15, 0.25, 0.1, 0.3, 0.2)",0.059741311824186294,0.07308472476611605,0.817425419817465,0.0601580065221875,28715036.55283598,-0.20687314124790812,-0.2863982121304402,0.0529035862377039,0.0,61.0,22767292.329693556,23037676.841649298,19248098.387921367,25519972.710436832,0.5081967213114754,0.06557377049180328,-0.2909999619529477,-0.07794291628416214,0.0,0.0,0.0
0.25,0.25,0.1,0.25,0.15000000000000002,"(0.25, 0.25, 0.1, 0.25, 0.15)",0.059611320337109364,0.07063402453712672,0.8439462529248408,0.0601580065221875,28688069.21389009,-0.19812788230193845,-0.2714864726351781,0.04978004558367963,0.0,61.0,22777169.071041554,23061322.522733428,19291037.091496736,25515779.02797067,0.5081967213114754,0.06557377049180328,-0.27570580716319154,-0.07351539612813004,0.0,0.0,0.0
0.15000000000000002,0.15000000000000002,0.15000000000000002,0.25,0.30000000000000004,"(0.15, 0.15, 0.15, 0.25, 0.3)",0.059470160882040046,0.0705349230606683,0.8431307259084799,0.0601580065221875,28558420.76692167,-0.2028458992495077,-0.2946066232956352,0.05132531804671312,0.0,61.0,22878822.82007677,23016928.473955043,19570274.669966444,25486816.30350563,0.5081967213114754,0.06557377049180328,-0.29634574637627187,-0.10169060547205537,0.0,0.0,0.0
0.2,0.25,0.1,0.30000000000000004,0.15000000000000002,"(0.2, 0.25, 0.1, 0.3, 0.15)",0.05937944532998718,0.0717389609617785,0.8277154357117565,0.0601580065221875,28621857.819999944,-0.20113768695546375,-0.2774381173372451,0.05067718508948718,0.0,61.0,22729186.33856733,23049350.5906383,19335291.656729866,25375202.86665727,0.5081967213114754,0.06557377049180328,-0.2822717221341766,-0.07571964748598015,0.0,0.0,0.0
0.1,0.1,0.2,0.30000000000000004,0.30000000000000004,"(0.1, 0.1, 0.2, 0.3, 0.3)",0.05936556307685481,0.0762870612590605,0.7781865246487529,0.0601580065221875,28462732.750218667,-0.22410390325580842,-0.34604851891896854,0.053219493084627055,0.0,61.0,22790386.002826132,23017250.770637427,18629860.351737022,25995360.134631872,0.5081967213114754,0.06557377049180328,-0.3463416424048922,-0.11836780961053797,0.0,0.0,0.0
0.1,0.15000000000000002,0.15000000000000002,0.30000000000000004,0.30000000000000004,"(0.1, 0.15, 0.15, 0.3, 0.3)",0.05924214221056601,0.0715971593083041,0.8274370489402209,0.0601580065221875,28493686.30187311,-0.20592015967009636,-0.3010914812580068,0.052222457552520675,0.0,61.0,22833372.101454087,23028731.632626515,19392717.448444813,25514513.49028731,0.5081967213114754,0.06557377049180328,-0.3027585348044038,-0.10065831949500988,0.0,0.0,0.0
0.30000000000000004,0.25,0.1,0.25,0.1,"(0.3, 0.25, 0.1, 0.25, 0.1)",0.05924082734003888,0.06935605842211577,0.8541550469821477,0.0601580065221875,28592735.749071017,-0.19235909412708274,-0.26261281692664307,0.04755364443546291,0.0,61.0,22737745.722448383,23018637.047543924,19377461.506648794,25385305.25792788,0.5081967213114754,0.06557377049180328,-0.26705190216352664,-0.07253910411538701,0.0,0.0,0.0
0.2,0.15000000000000002,0.15000000000000002,0.25,0.25,"(0.2, 0.15, 0.15, 0.25, 0.25)",0.05912703130188879,0.06888898721420741,0.8582943906264112,0.0601580065221875,28470445.048536845,-0.19634297798516842,-0.2838900299490487,0.049098916898496395,0.0,61.0,22844171.957360093,23009092.457227778,19575846.574157935,25474990.860627044,0.5081967213114754,0.06557377049180328,-0.28564400109817706,-0.09629641830527162,0.0,0.0,0.0
0.15000000000000002,0.15000000000000002,0.15000000000000002,0.30000000000000004,0.25,"(0.15, 0.15, 0.15, 0.3, 0.25)",0.058898810469818486,0.06997879356592919,0.8416665602319664,0.0601580065221875,28405841.11419368,-0.19944306772853082,-0.2903195040630512,0.049996056404303955,0.0,61.0,22799001.817596424,23082238.988594737,19398208.809236336,25502628.98300051,0.5081967213114754,0.06557377049180328,-0.2920060848511687,-0.09530639800930023,0.0,0.0,0.0
0.25,0.15000000000000002,0.15000000000000002,0.25,0.2,"(0.25, 0.15, 0.15, 0.25, 0.2)",0.05877506115680964,0.06732434016852573,0.8730135491812381,0.0601580065221875,28380438.81687311,-0.18982015931668106,-0.2732311148963951,0.04687251575027968,0.0,61.0,22808479.782135263,23061360.542593513,19580159.08902247,25461623.72500534,0.5081967213114754,0.06557377049180328,-0.27499557836459265,-0.09099391852439319,0.0,0.0,0.0
0.1,0.25,0.05,0.30000000000000004,0.30000000000000004,"(0.1, 0.25, 0.05, 0.3, 0.3)",0.05859351133784041,0.06719831708984117,0.8719490885389806,0.0601580065221875,28458989.834582753,-0.1844720301418027,-0.24600490144564316,0.05102523251803903,0.0,61.0,22917595.298394397,23014470.26002116,19119271.130205795,25889927.5377546,0.5081967213114754,0.06557377049180328,-0.24969692133258303,-0.07492885774706759,0.0,0.0,0.0
0.2,0.15000000000000002,0.15000000000000002,0.30000000000000004,0.2,"(0.2, 0.15, 0.15, 0.3, 0.2)",0.05854664314567293,0.0684417044525521,0.8554235113513424,0.0601580065221875,28315971.191268075,-0.1929461364403312,-0.2796054159568823,0.04776965525608723,0.0,61.0,22763591.865558464,23119703.245040417,19402453.10644222,25489201.821845952,0.5081967213114754,0.06557377049180328,-0.28130716841447645,-0.0900454365282365,0.0,0.0,0.0
0.2,0.25,0.05,0.25,0.25,"(0.2, 0.25, 0.05, 0.25, 0.25)",0.058454683871360436,0.0646507941022856,0.9041603383692064,0.0601580065221875,28430192.403409056,-0.17549164324906097,-0.23162544585260356,0.04790169186401475,0.0,61.0,22926986.195730932,23048268.178400137,19160791.912849337,25844113.689525835,0.5081967213114754,0.06557377049180328,-0.23526067582109944,-0.07042275620899598,0.0,0.0,0.0
0.30000000000000004,0.15000000000000002,0.15000000000000002,0.25,0.15000000000000002,"(0.3, 0.15, 0.15, 0.25, 0.15)",0.058414278656361285,0.06584677691701239,0.8871243421675994,0.0601580065221875,28288428.85510208,-0.18327764057569595,-0.26263035315643707,0.04464611460206296,0.0,61.0,22771754.50815763,23086662.42334253,19583214.5540875,25446721.129943643,0.5081967213114754,0.06557377049180328,-0.2644009112909792,-0.08578225605517625,0.0,0.0,0.0
0.2,0.2,0.1,0.30000000000000004,0.2,"(0.2, 0.2, 0.1, 0.3, 0.2)",0.058277703396921066,0.06534991404067765,0.8917793428258464,0.0601580065221875,28311845.372955535,-0.18057097058620886,-0.24951314336491293,0.04717104273884641,0.0,61.0,22800972.00896369,23032337.532924537,19837051.37732401,24995674.49812746,0.5081967213114754,0.06557377049180328,-0.2522035829455261,-0.07751015015186845,0.0,0.0,0.0
0.25,0.15000000000000002,0.15000000000000002,0.30000000000000004,0.15000000000000002,"(0.25, 0.15, 0.15, 0.3, 0.15)",0.05818566835944239,0.0669914867673598,0.8685531724576104,0.0601580065221875,28224103.24277377,-0.1864295622650105,-0.26894969372645267,0.045543254107870516,0.0,61.0,22727150.394422855,23048586.138651453,19405452.648761924,25493342.06754873,0.5081967213114754,0.06557377049180328,-0.27066221966169524,-0.08487459227248033,0.0,0.0,0.0
0.2,0.30000000000000004,0.15000000000000002,0.1,0.25,"(0.2, 0.3, 0.15, 0.1, 0.25)",0.06405606498762584,0.08822329111537953,0.7260675064122524,0.0601580065221875,29863825.875450253,-0.26080718562349137,-0.3704486274640252,0.0636051288776462,1.0,61.0,22859226.402493533,23048259.87853986,18350648.308591142,27504399.724035446,0.5081967213114754,0.04918032786885246,-0.37728118655890786,-0.10194776986451198,0.0,0.0,0.0
0.05,0.30000000000000004,0.15000000000000002,0.2,0.30000000000000004,"(0.05, 0.3, 0.15, 0.2, 0.3)",0.06391037470603611,0.09149062729644081,0.6985455952658264,0.0601580065221875,29811477.2063062,-0.27002846731185604,-0.38913411826145444,0.06762580903747803,1.0,61.0,22794168.373285975,23024682.00994366,18347253.506694354,27336539.9944249,0.5081967213114754,0.04918032786885246,-0.39579225062219175,-0.10561368441595757,0.0,0.0,0.0
0.15000000000000002,0.30000000000000004,0.15000000000000002,0.15000000000000002,0.25,"(0.15, 0.3, 0.15, 0.15, 0.25)",0.06382359885609112,0.08911258690792924,0.7162130633917452,0.0601580065221875,29795056.32229646,-0.26315700549231535,-0.37605583664525466,0.06450226838345374,1.0,61.0,22810747.602867555,23054737.281031292,18393139.73731997,27352169.39070803,0.5081967213114754,0.04918032786885246,-0.3828478348125435,-0.10089817947222976,0.0,0.0,0.0
0.30000000000000004,0.15000000000000002,0.25,0.0,0.30000000000000004,"(0.3, 0.15, 0.25, 0.0, 0.3)",0.06378236180701435,0.0879571087570633,0.7251530059176984,0.0601580065221875,29643935.756567545,-0.2639245340415156,-0.40983072543205507,0.06104150249099365,1.0,61.0,22922435.820736237,23014227.7764328,19175683.987723213,26177867.316773973,0.5081967213114754,0.04918032786885246,-0.41211920258830403,-0.13465703515735558,0.0,0.0,0.0
0.25,0.30000000000000004,0.15000000000000002,0.1,0.2,"(0.25, 0.3, 0.15, 0.1, 0.2)",0.06372042611649809,0.08684526364303136,0.7337236763816439,0.0601580065221875,29774245.602058254,-0.25719452147975763,-0.3649018006327715,0.06137872772942948,1.0,61.0,22825206.45309847,23033163.874118723,18437484.049227133,27366012.156370353,0.5081967213114754,0.04918032786885246,-0.3717376570098441,-0.09619958106134191,0.0,0.0,0.0
0.0,0.30000000000000004,0.15000000000000002,0.25,0.30000000000000004,"(0.0, 0.3, 0.15, 0.25, 0.3)",0.06366252862299371,0.09250764891800517,0.6881866458353239,0.0601580065221875,29738711.834525716,-0.2727671847866906,-0.39566271299516637,0.06852294854328558,1.0,61.0,22744434.979644433,23020032.812345732,18388252.828031473,27183597.07894154,0.5081967213114754,0.04918032786885246,-0.402851757676286,-0.10453775946194223,0.0,0.0,0.0
0.25,0.15000000000000002,0.25,0.05,0.30000000000000004,"(0.25, 0.15, 0.25, 0.05, 0.3)",0.06356328679831647,0.08871595270110127,0.7164809131055797,0.0601580065221875,29579570.697933953,-0.26673173377328796,-0.4169994134624708,0.0619723148888774,1.0,61.0,22879919.604811314,23059921.01085457,19002747.544612527,26215761.061705746,0.5081967213114754,0.04918032786885246,-0.41917890115158796,-0.13337817406202604,0.0,0.0,0.0
0.2,0.15000000000000002,0.25,0.1,0.30000000000000004,"(0.2, 0.15, 0.25, 0.1, 0.3)",0.06333642015322716,0.08955155612159481,0.7072620833883418,0.0601580065221875,29513262.654602665,-0.26953651881934615,-0.4242295943727559,0.06290312728676116,1.0,61.0,22836885.378743622,23092745.262717254,18830700.82546083,26285564.470735006,0.5081967213114754,0.04918032786885246,-0.42629576696582033,-0.1321095213255541,0.0,0.0,0.0
0.30000000000000004,0.15000000000000002,0.25,0.05,0.25,"(0.3, 0.15, 0.25, 0.05, 0.25)",0.06324368918494971,0.0871809680222961,0.7254299948674057,0.0601580065221875,29494886.149094697,-0.2606251303144925,-0.40564714768061144,0.05996936375036637,1.0,61.0,22850869.421487775,23104367.175157536,19011802.269982416,26265329.04396748,0.5081967213114754,0.04918032786885246,-0.40787212905685705,-0.12757502574404142,0.0,0.0,0.0
0.15000000000000002,0.15000000000000002,0.25,0.15000000000000002,0.30000000000000004,"(0.15, 0.15, 0.25, 0.15, 0.3)",0.0631017687262534,0.09046179194172077,0.6975516112582223,0.0601580065221875,29445025.541293684,-0.27233884601956326,-0.4315211903250186,0.0638339396846449,1.0,61.0,22793335.58650583,23124634.460763216,18659548.5076871,26354434.79777063,0.5081967213114754,0.04918032786885246,-0.43346967526219415,-0.13085102079554853,0.0,0.0,0.0
0.25,0.15000000000000002,0.25,0.1,0.25,"(0.25, 0.15, 0.25, 0.1, 0.25)",0.06301657506185454,0.08803319410960357,0.7158274296329326,0.0601580065221875,29428686.293542914,-0.263454277564791,-0.4128184960836793,0.06090017614825012,1.0,61.0,22808095.909181878,23137091.47817255,18839636.985080104,26335120.55180828,0.5081967213114754,0.04918032786885246,-0.4149349854517819,-0.12635194173031694,0.0,0.0,0.0
0.1,0.15000000000000002,0.25,0.2,0.30000000000000004,"(0.1, 0.15, 0.25, 0.2, 0.3)",0.06285933946041644,0.09144443152094137,0.687404781405648,0.0601580065221875,29374873.642481044,-0.2751386723673249,-0.4388741151093377,0.06476475208252867,1.0,61.0,22749272.702559087,23155584.81991094,18489295.120044205,26422363.68197079,0.5081967213114754,0.04918032786885246,-0.44070049326435684,-0.13444658508354404,0.0,0.0,0.0
0.2,0.15000000000000002,0.25,0.15000000000000002,0.25,"(0.2, 0.15, 0.25, 0.15, 0.25)",0.06278168057795508,0.08896099708493939,0.70572141314931,0.0601580065221875,29360564.00853585,-0.266280911100093,-0.42005124421173146,0.06183098854613388,1.0,61.0,22764806.624362353,23168878.973128106,18668367.740859415,26403976.880314663,0.5081967213114754,0.04918032786885246,-0.42205489580594957,-0.12872626088737282,0.0,0.0,0.0
0.2,0.30000000000000004,0.1,0.1,0.30000000000000004,"(0.2, 0.3, 0.1, 0.1, 0.3)",0.06271095784885716,0.08030800330622631,0.780880550718351,0.0601580065221875,29546048.82113013,-0.23225558663655044,-0.3159460858009733,0.05950037400976461,1.0,61.0,22994111.568959616,23065501.10290267,18323862.701633684,27595405.78329889,0.5081967213114754,0.04918032786885246,-0.32194432079980334,-0.09325145686773066,0.0,0.0,0.0
0.30000000000000004,0.15000000000000002,0.25,0.1,0.2,"(0.3, 0.15, 0.25, 0.1, 0.2)",0.06268768171623451,0.08658269086822395,0.724020945614212,0.0601580065221875,29341924.432459835,-0.25735304600429765,-0.40146557685447715,0.05889722500973909,1.0,61.0,22778224.071879636,23180131.709045935,18847338.917602114,26383161.577908143,0.5081967213114754,0.04918032786885246,-0.40362822240415897,-0.12303815040247018,0.0,0.0,0.0
0.05,0.15000000000000002,0.25,0.25,0.30000000000000004,"(0.05, 0.15, 0.25, 0.25, 0.3)",0.0626091393871171,0.0924971673536115,0.6768762890626245,0.0601580065221875,29302821.607463054,-0.2779359550116903,-0.4462882740957044,0.06569556448041243,1.0,61.0,22704699.231783394,23183970.832465194,18319945.043535326,26489342.85294431,0.5081967213114754,0.04918032786885246,-0.44798808015372893,-0.13867825188943225,0.0,0.0,0.0
0.1,0.25,0.15000000000000002,0.2,0.30000000000000004,"(0.1, 0.25, 0.15, 0.2, 0.3)",0.06260038210850438,0.08372234424110006,0.7477141577430089,0.0601580065221875,29435526.462747365,-0.2453731377400502,-0.35299086494557996,0.06189326553862053,1.0,61.0,22847332.9396348,23003947.325047776,18922761.046468407,26288938.604614876,0.5081967213114754,0.04918032786885246,-0.35774480006398734,-0.10467967910095925,0.0,0.0,0.0
0.15000000000000002,0.15000000000000002,0.25,0.2,0.25,"(0.15, 0.15, 0.25, 0.2, 0.25)",0.062539012673541,0.08996203864368,0.6951711368085419,0.0601580065221875,29290533.54810401,-0.26910498793420834,-0.4273453083404998,0.06276180094401762,1.0,61.0,22721004.017718807,23199725.888101805,18497999.04686936,26471889.67088493,0.5081967213114754,0.04918032786885246,-0.4292317294442656,-0.1329775361235334,0.0,0.0,0.0
0.15000000000000002,0.30000000000000004,0.1,0.15000000000000002,0.30000000000000004,"(0.15, 0.3, 0.1, 0.15, 0.3)",0.06249383091374461,0.08110449707406123,0.7705347196306249,0.0601580065221875,29481879.633080162,-0.2351151738549896,-0.3219777949558215,0.060397513515572154,1.0,61.0,22945107.296028264,23104047.629227016,18367616.464946706,27424216.068249732,0.5081967213114754,0.04918032786885246,-0.32796862556542516,-0.09226020477415953,0.0,0.0,0.0
0.25,0.15000000000000002,0.25,0.15000000000000002,0.2,"(0.25, 0.15, 0.25, 0.15, 0.2)",0.06245254992819049,0.08752793402616853,0.7135156407269803,0.0601580065221875,29273923.4468614,-0.26020404210622583,-0.4086396903603934,0.05982803740762284,1.0,61.0,22735197.108491763,23211815.74062649,18675964.94321333,26452000.12310265,0.5081967213114754,0.04918032786885246,-0.4106943519886556,-0.12730822654255147,0.0,0.0,0.0
0.0,0.15000000000000002,0.25,0.30000000000000004,0.30000000000000004,"(0.0, 0.15, 0.25, 0.3, 0.3)",0.062351175625998234,0.09361763476006442,0.6660195569542001,0.0601580065221875,29228884.445325363,-0.28073065125950036,-0.45376356418715746,0.06662637687829617,1.0,61.0,22659617.70940462,23137311.29127362,18151502.51234583,26555364.132268205,0.5081967213114754,0.04918032786885246,-0.4553322870360317,-0.14286218798888703,0.0,0.0,0.0
0.25,0.2,0.25,0.25,0.05,"(0.25, 0.2, 0.25, 0.25, 0.05)",0.062305759129652305,0.0926630258571962,0.6723907249227136,0.0601580065221875,29249763.172186453,-0.2671842510129582,-0.41763314201396373,0.06147763536435488,1.0,61.0,22501441.657635156,23009726.99045226,18476495.949184492,26777375.698808394,0.5081967213114754,0.04918032786885246,-0.42128057922440065,-0.13404285127599846,0.0,0.0,0.0
0.1,0.15000000000000002,0.25,0.25,0.25,"(0.1, 0.15, 0.25, 0.25, 0.25)",0.062288578377238,0.09103390274441868,0.6842349553233554,0.0601580065221875,29218609.529667586,-0.2719264652359926,-0.4347005963360253,0.06369261334190138,1.0,61.0,22676690.570544217,23160803.029114958,18328535.26503307,26538850.6556221,0.5081967213114754,0.04918032786885246,-0.4364653476550312,-0.13718147482886786,0.0,0.0,0.0
0.1,0.30000000000000004,0.1,0.2,0.30000000000000004,"(0.1, 0.3, 0.1, 0.2, 0.3)",0.06226890708389465,0.08198412744923789,0.7595239349525271,0.0601580065221875,29415779.903611887,-0.2379715374533039,-0.3280610250569077,0.061294653021379715,1.0,61.0,22895613.673987765,23036657.484745614,18410701.973443393,27253292.15222694,0.5081967213114754,0.04918032786885246,-0.3340412835201143,-0.09127852918142267,0.0,0.0,0.0
0.2,0.15000000000000002,0.25,0.2,0.2,"(0.2, 0.15, 0.25, 0.2, 0.2)",0.062209649140484435,0.08854721773815998,0.7025590496185042,0.0601580065221875,29204021.01728254,-0.26305242555878317,-0.41587510611276723,0.060758849805506596,1.0,61.0,22691656.608746525,23181809.163016364,18505493.057615515,26519893.081636842,0.5081967213114754,0.04918032786885246,-0.41781741789602345,-0.1315313650525562,0.0,0.0,0.0
0.30000000000000004,0.15000000000000002,0.25,0.15000000000000002,0.15000000000000002,"(0.3, 0.15, 0.25, 0.15, 0.15)",0.06211440681503899,0.08616598226060748,0.720869247763869,0.0601580065221875,29185131.078123026,-0.25410842631271047,-0.3972870394671539,0.05782508626911181,1.0,61.0,22704514.774999697,23200325.232551504,18682341.949155014,26498500.48254448,0.5081967213114754,0.04918032786885246,-0.3993885034438204,-0.12591277533294054,0.0,0.0,0.0
0.30000000000000004,0.1,0.25,0.05,0.30000000000000004,"(0.3, 0.1, 0.25, 0.05, 0.3)",0.06206772693064355,0.08287073201096104,0.7489704196462758,0.0601580065221875,29158060.65125582,-0.24718331645475444,-0.38799647434601436,0.056175488312379764,1.0,61.0,22920521.578985948,23324241.764965698,18867035.796332523,26270169.453268036,0.5081967213114754,0.04918032786885246,-0.3886183113633703,-0.131741082312978,0.0,0.0,0.0
0.05,0.15000000000000002,0.25,0.30000000000000004,0.25,"(0.05, 0.15, 0.25, 0.3, 0.25)",0.06203038480587142,0.09217411870046009,0.6729696543934712,0.0601580065221875,29144806.929012686,-0.2747453003314827,-0.4421170076076734,0.06462342573978515,1.0,61.0,22631868.794664465,23114139.316093523,18159980.61058097,26604851.658850804,0.5081967213114754,0.04918032786885246,-0.44375560365638284,-0.1413380446588751,0.0,0.0,0.0
0.15000000000000002,0.15000000000000002,0.25,0.25,0.2,"(0.15, 0.15, 0.25, 0.25, 0.2)",0.06195898637907371,0.0896380162700059,0.6912132704102024,0.0601580065221875,29132231.728048887,-0.26589815355102675,-0.4231717344608315,0.061689662203390346,1.0,61.0,22647605.030372232,23136198.070950277,18335927.603712652,26586832.188509334,0.5081967213114754,0.04918032786885246,-0.42499728351103827,-0.13570752792331575,0.0,0.0,0.0
0.30000000000000004,0.2,0.25,0.25,0.0,"(0.3, 0.2, 0.25, 0.25, 0.0)",0.06194559683490963,0.09160051113079234,0.6762582006388614,0.0601580065221875,29155235.5550769,-0.26119086192372953,-0.40641731944434634,0.05951619996231466,1.0,61.0,22468970.132104002,23047794.325572453,18480628.78498492,26820680.494022056,0.5081967213114754,0.04918032786885246,-0.4100766298394905,-0.1367011137816728,0.0,0.0,0.0
0.15000000000000002,0.30000000000000004,0.1,0.2,0.25,"(0.15, 0.3, 0.1, 0.2, 0.25)",0.06193035406958214,0.08052359267568936,0.7690957645047966,0.0601580065221875,29326723.005342007,-0.2323453667161417,-0.31913334661910187,0.059068251873163,1.0,61.0,22859838.80612827,23030872.26952254,18496981.917170554,27037134.805796932,0.5081967213114754,0.04918032786885246,-0.32517168376879063,-0.08564434652660063,0.0,0.0,0.0
0.25,0.15000000000000002,0.25,0.2,0.15000000000000002,"(0.25, 0.15, 0.25, 0.2, 0.15)",0.061871278799599194,0.08720325781136017,0.7095065064362662,0.0601580065221875,29115363.19244452,-0.2569811716797016,-0.4044640209804502,0.05875589866699556,1.0,61.0,22661238.146806717,23155773.800608978,18511778.960681297,26566369.86478918,0.5081967213114754,0.04918032786885246,-0.40645801933493797,-0.1301077342645586,0.0,0.0,0.0
0.25,0.1,0.25,0.1,0.30000000000000004,"(0.25, 0.1, 0.25, 0.1, 0.3)",0.061849998231946035,0.08366303735767183,0.7392750751748131,0.0601580065221875,29095057.14702368,-0.2500585694451989,-0.39517340653559174,0.05710630071026351,1.0,61.0,22879070.515981026,23283094.46115489,18697057.616972763,26300984.979511674,0.5081967213114754,0.04918032786885246,-0.39566699545439976,-0.1336305730635555,0.0,0.0,0.0
0.1,0.15000000000000002,0.25,0.30000000000000004,0.2,"(0.1, 0.15, 0.25, 0.3, 0.2)",0.06170056875807184,0.09079775222904747,0.6795385044601684,0.0601580065221875,29058570.520412095,-0.268741183428584,-0.4305294773074914,0.0626204746012741,1.0,61.0,22603044.861815818,23089534.042328145,18167272.777847726,26652809.27119003,0.5081967213114754,0.04918032786885246,-0.43223380415389834,-0.13983668255698495,0.0,0.0,0.0
0.2,0.1,0.25,0.15000000000000002,0.30000000000000004,"(0.2, 0.1, 0.25, 0.15, 0.3)",0.06162450387376128,0.08453604599910493,0.7289731042591436,0.0601580065221875,29030144.350241512,-0.2529312540289069,-0.4024133802765484,0.05803711310814727,1.0,61.0,22837097.043990534,23240870.436939247,18527953.70875834,26330620.448588196,0.5081967213114754,0.04918032786885246,-0.4027741705090122,-0.13781451000354666,0.0,0.0,0.0
0.2,0.15000000000000002,0.25,0.25,0.15000000000000002,"(0.2, 0.15, 0.25, 0.25, 0.15)",0.061620393231736736,0.08831270296093705,0.6977523183611876,0.0601580065221875,29043715.264042545,-0.25985120556127395,-0.41170220287334486,0.059686711064879314,1.0,61.0,22617450.217682745,23110164.438721567,18342123.84221298,26633283.39648221,0.5081967213114754,0.04918032786885246,-0.41358434950558653,-0.13425607722939964,0.0,0.0,0.0
0.2,0.15000000000000002,0.2,0.15000000000000002,0.30000000000000004,"(0.2, 0.15, 0.2, 0.15, 0.3)",0.061586790744264874,0.0793144323404934,0.7764890818341291,0.0601580065221875,29082899.257949214,-0.23529847948962523,-0.35462025593916474,0.05622388246747343,1.0,61.0,22887218.740350503,23031853.174748853,19292996.8454455,25857292.914594796,0.5081967213114754,0.04918032786885246,-0.35658890465111,-0.11732110729537387,0.0,0.0,0.0
0.30000000000000004,0.1,0.25,0.1,0.25,"(0.3, 0.1, 0.25, 0.1, 0.25)",0.06152467684569629,0.08209067694199466,0.7494721585639947,0.0601580065221875,29010121.6627267,-0.24386616241736891,-0.3836882143704109,0.05510334957175248,1.0,61.0,22849414.65674081,23258547.304233536,18704394.180222075,26292449.108472332,0.5081967213114754,0.04918032786885246,-0.38426490168780003,-0.13216380459472124,0.0,0.0,0.0
0.30000000000000004,0.15000000000000002,0.25,0.2,0.1,"(0.3, 0.15, 0.25, 0.2, 0.1)",0.061523931368231644,0.08593348362636814,0.7159482982876935,0.0601580065221875,29024587.516822573,-0.250891414799129,-0.3931125591498098,0.057167048981705576,1.0,61.0,22629756.37513039,23128314.67410824,18516858.75140613,26611316.175096195,0.5081967213114754,0.04918032786885246,-0.39515398972260996,-0.12870630809798506,0.0,0.0,0.0
0.15000000000000002,0.1,0.25,0.2,0.30000000000000004,"(0.15, 0.1, 0.25, 0.2, 0.3)",0.06139125066300477,0.08548728550952653,0.7181331153176393,0.0601580065221875,28963335.86901936,-0.25580132688797375,-0.409716325475236,0.05896792550603103,1.0,61.0,22794603.527491707,23197576.0314756,18359728.64911168,26359071.87922499,0.5081967213114754,0.04918032786885246,-0.4099397186217927,-0.14195229807522936,0.0,0.0,0.0
0.15000000000000002,0.15000000000000002,0.2,0.2,0.30000000000000004,"(0.15, 0.15, 0.2, 0.2, 0.3)",0.061359284367817235,0.08025427448107918,0.7645609503613836,0.0601580065221875,29017330.008913998,-0.23823587024938098,-0.36147185960319517,0.05715469486535719,1.0,61.0,22842952.808941334,23027948.060345333,19118131.5368446,25885876.9392439,0.5081967213114754,0.04918032786885246,-0.3633481286106217,-0.11617235802628596,0.0,0.0,0.0
0.25,0.1,0.25,0.15000000000000002,0.25,"(0.25, 0.1, 0.25, 0.15, 0.25)",0.0612989457931008,0.08298240556736079,0.7386981056284456,0.0601580065221875,28945320.480478466,-0.24676351734164048,-0.3908687790768445,0.05603416196963624,1.0,61.0,22807702.66102264,23216317.23456568,18535190.13041911,26337879.87003839,0.5081967213114754,0.04918032786885246,-0.3913177575296321,-0.13632016995922808,0.0,0.0,0.0
0.25,0.15000000000000002,0.25,0.25,0.1,"(0.25, 0.15, 0.25, 0.25, 0.1)",0.06127282855482741,0.08706118583625456,0.7037904201083348,0.0601580065221875,28953087.499158874,-0.2537858089292243,-0.400292509609287,0.05792656381052142,1.0,61.0,22586233.8113508,23004242.15546092,18347125.948309503,26678200.42915482,0.5081967213114754,0.04918032786885246,-0.4022270026556572,-0.1344215758080555,0.0,0.0,0.0
0.2,0.1,0.25,0.2,0.25,"(0.2, 0.1, 0.25, 0.2, 0.25)",0.06106546023382586,0.08395340186121045,0.7273732675511788,0.0601580065221875,28878630.21145192,-0.24965820411737927,-0.39811230108826773,0.056964974367519995,1.0,61.0,22765470.415566135,23058551.446216065,18366866.41230313,26406512.25091263,0.5081967213114754,0.04918032786885246,-0.3984289995165163,-0.14043073822177057,0.0,0.0,0.0
0.30000000000000004,0.1,0.25,0.15000000000000002,0.2,"(0.3, 0.1, 0.25, 0.15, 0.2)",0.060964411650470174,0.08149952899147588,0.7480339138750913,0.0601580065221875,28858370.635090407,-0.24057680066469178,-0.37938352910309947,0.054817898001096495,1.0,61.0,22777236.54228186,23088431.31641947,18541218.983744502,26384396.522157054,0.5081967213114754,0.04918032786885246,-0.37991622364097005,-0.13484859493743276,0.0,0.0,0.0
0.05,0.15000000000000002,0.2,0.30000000000000004,0.30000000000000004,"(0.05, 0.15, 0.2, 0.3, 0.3)",0.06088100230938309,0.08237334723429997,0.7390861771856281,0.0601580065221875,28880536.311580747,-0.24410228924373445,-0.37535727220645815,0.059016319661124694,1.0,61.0,22752894.257980738,23023121.308716718,18771145.73111919,25968096.95500224,0.5081967213114754,0.04918032786885246,-0.3770362079430514,-0.11390379439458458,0.0,0.0,0.0
0.1,0.15000000000000002,0.2,0.30000000000000004,0.25,"(0.1, 0.15, 0.2, 0.3, 0.25)",0.06054880124111284,0.08084992769702104,0.748903591701589,0.0601580065221875,28794448.200666104,-0.2378752109740463,-0.36415360164794824,0.057013368522613656,1.0,61.0,22721820.91892233,23064465.32299336,18778172.319444712,26014138.995015033,0.5081967213114754,0.04918032786885246,-0.36587702689496426,-0.10919780996639013,0.0,0.0,0.0
0.2,0.2,0.25,0.30000000000000004,0.05,"(0.2, 0.2, 0.25, 0.3, 0.05)",0.062037433084631166,0.09388180320696748,0.6608035952171296,0.0601580065221875,29173185.147810433,-0.27002940211675774,-0.4248592207402328,0.06240844776223864,1.0,61.0,22456137.389378443,23029233.9519355,18305620.380211934,26842473.06366689,0.5081967213114754,0.03278688524590164,-0.4284153739226173,-0.1414517801782673,0.0,0.0,0.0
0.30000000000000004,0.15000000000000002,0.30000000000000004,0.0,0.25,"(0.3, 0.15, 0.3, 0.0, 0.25)",0.06486421277449939,0.09783892396695085,0.6629694005670991,0.0601580065221875,29896816.911677703,-0.29395492301653947,-0.4776453105417465,0.0666486085696541,1.0,61.0,22789089.162098467,23101031.978870563,18541585.795973163,26772936.498961028,0.5081967213114754,0.01639344262295082,-0.47994850058568456,-0.14934636260604486,0.0,0.0,0.0
0.25,0.2,0.25,0.30000000000000004,0.0,"(0.25, 0.2, 0.25, 0.3, 0.0)",0.06167706351602398,0.09283518401717203,0.6643716406552861,0.0601580065221875,29078830.08008747,-0.264060063802259,-0.41358614029038054,0.0604054966237276,1.0,61.0,22423933.63523089,23000333.11098195,18309684.778275773,26885739.65783514,0.5081967213114754,0.01639344262295082,-0.41758430818638576,-0.14405095521936337,0.0,0.0,0.0
0.1,0.1,0.25,0.25,0.30000000000000004,"(0.1, 0.1, 0.25, 0.25, 0.3)",0.06115024549487136,0.08651417543839131,0.7068234215376396,0.0601580065221875,28894645.67447899,-0.2586687448599432,-0.4170821635135373,0.05989873790391477,1.0,61.0,22751592.36219848,23026929.809323147,18192386.86981558,26426213.46816355,0.5081967213114754,0.01639344262295082,-0.4171635137542029,-0.14604389641395316,0.0,0.0,0.0
0.25,0.15000000000000002,0.30000000000000004,0.0,0.30000000000000004,"(0.25, 0.15, 0.3, 0.0, 0.3)",0.06517176777499545,0.09930937073087778,0.6562499318579602,0.0601580065221875,29979342.552217234,-0.29984738708487857,-0.48938211617122096,0.06865155970816514,1.0,61.0,22814988.055875257,23121699.408170164,18530952.842084546,26719770.896357667,0.5081967213114754,0.0,-0.4916195752159858,-0.15095491086239118,0.0,0.0,0.0
0.2,0.15000000000000002,0.30000000000000004,0.05,0.30000000000000004,"(0.2, 0.15, 0.3, 0.05, 0.3)",0.06493786328698747,0.10012590702518688,0.6485620476891383,0.0601580065221875,29910431.254039798,-0.3025215720016423,-0.4970649099631177,0.06958237210604888,1.0,61.0,22772709.813071746,23079346.882933583,18362721.17452857,26790519.374197096,0.5081967213114754,0.0,-0.4991629392853332,-0.15524124714867896,0.0,0.0,0.0
0.15000000000000002,0.15000000000000002,0.30000000000000004,0.1,0.30000000000000004,"(0.15, 0.15, 0.3, 0.1, 0.3)",0.06469615492806113,0.1010095889390841,0.6404951807800888,0.0601580065221875,29839567.561099946,-0.30519355938544,-0.5048096661844642,0.07051318450393264,1.0,61.0,22729912.8533669,23035928.03471721,18195368.651519492,26860311.08875457,0.5081967213114754,0.0,-0.506763648015585,-0.1594790539354144,0.0,0.0,0.0
0.25,0.15000000000000002,0.30000000000000004,0.05,0.25,"(0.25, 0.15, 0.3, 0.05, 0.25)",0.06463004023739405,0.0986694599425965,0.6550156479522057,0.0601580065221875,29828007.519817136,-0.2966527093931991,-0.485267479206686,0.06757942096753786,1.0,61.0,22747061.124697372,23058660.521185547,18373218.441643786,26843673.876776557,0.5081967213114754,0.0,-0.48743615435425236,-0.153604715062635,0.0,0.0,0.0
0.2,0.15000000000000002,0.30000000000000004,0.1,0.25,"(0.2, 0.15, 0.3, 0.1, 0.25)",0.06438806835571897,0.09956788269863655,0.6466750784547987,0.0601580065221875,29757252.309491053,-0.2993482439063845,-0.49295159540064487,0.06851023336542161,1.0,61.0,22704514.11449128,23015224.360894535,18205732.007879212,26913452.266588107,0.5081967213114754,0.0,-0.4949811637476989,-0.15781490663598435,0.0,0.0,0.0
0.30000000000000004,0.15000000000000002,0.30000000000000004,0.05,0.2,"(0.3, 0.15, 0.3, 0.05, 0.2)",0.06431306297801975,0.09727530223347672,0.6611448281461807,0.0601580065221875,29743324.26621391,-0.2907653221974562,-0.47352852919664545,0.06557646982902682,1.0,61.0,22720311.46914142,23036519.419322874,18382501.36651959,26895273.203130107,0.5081967213114754,0.0,-0.4757638115701636,-0.1519920843770831,0.0,0.0,0.0
0.30000000000000004,0.1,0.30000000000000004,0.0,0.30000000000000004,"(0.3, 0.1, 0.3, 0.0, 0.3)",0.0637336725699642,0.09356291080183989,0.6811852263227247,0.0601580065221875,29568398.44187013,-0.281017969387258,-0.4604921168931915,0.06320050967027577,1.0,61.0,22865072.57360741,23095812.84303319,18409153.388139512,26661101.26139693,0.5081967213114754,0.0,-0.46093307259146415,-0.15834415768546134,0.0,0.0,0.0
0.25,0.1,0.30000000000000004,0.05,0.30000000000000004,"(0.25, 0.1, 0.3, 0.05, 0.3)",0.06350891408363357,0.09433901142215799,0.6731988508914653,0.0601580065221875,29502825.46082885,-0.28376012603094314,-0.4681264541450002,0.06396002449909162,1.0,61.0,22824347.458396498,23054675.51863771,18242841.907829974,26732585.26983464,0.5081967213114754,0.0,-0.46841146336783596,-0.16249025418103072,0.0,0.0,0.0
0.2,0.1,0.30000000000000004,0.1,0.30000000000000004,"(0.2, 0.1, 0.3, 0.1, 0.3)",0.06327637087442284,0.09518704497924067,0.6647582230147261,0.0601580065221875,29435318.857214957,-0.2864999792635017,-0.4758244272105758,0.06471953932790746,1.0,61.0,22783096.702024303,23012471.070676103,18077390.48771996,26803122.674005695,0.5081967213114754,0.0,-0.47594868871829327,-0.16658933820893015,0.0,0.0,0.0
0.30000000000000004,0.1,0.30000000000000004,0.05,0.25,"(0.3, 0.1, 0.3, 0.05, 0.25)",0.06319538960756543,0.09284033338695576,0.6806889559968394,0.0601580065221875,29419895.059921753,-0.27778437418444046,-0.456253392200834,0.06339302882211062,1.0,61.0,22797800.12512204,23032551.86345901,18251747.293404218,26784156.90381563,0.5081967213114754,0.0,-0.45664343961207654,-0.16080266829626408,0.0,0.0,0.0
0.30000000000000004,0.05,0.30000000000000004,0.05,0.30000000000000004,"(0.3, 0.05, 0.3, 0.05, 0.3)",0.061983451281790725,0.08921018412160309,0.6948024140080308,0.0601580065221875,29074807.27258282,-0.2646773816334922,-0.43830051556836525,0.061236396993336384,1.0,61.0,22865909.474264443,23015642.33423922,18113256.702617373,26730923.661898732,0.5081967213114754,0.0,-0.4369895822241623,-0.16766217020196345,0.0,0.0,0.0
0.25,0.2,0.0,0.25,0.30000000000000004,"(0.25, 0.2, 0.0, 0.25, 0.3)",0.055192880833911495,0.05142940708758668,1.0731774671233414,0.0601580065221875,27618154.018767875,-0.12329287474078143,-0.15578607744634276,0.038064393497275674,0.0,61.0,23042350.524853226,22972187.49776654,19679901.939753443,25012910.931550253,0.4918032786885246,0.7377049180327869,-0.15778446846559271,-0.06053335561806191,0.0,0.0,0.0
0.30000000000000004,0.0,0.15000000000000002,0.30000000000000004,0.25,"(0.3, 0.0, 0.15, 0.3, 0.25)",0.053859886589170625,0.05427836000932229,0.9922902346334747,0.0601580065221875,27064372.995050874,-0.13556272229163513,-0.19967094355141826,0.036863085864395385,0.0,61.0,22845947.867423307,22878640.420474872,18891939.767050266,25581248.58134903,0.4918032786885246,0.36065573770491804,-0.19863601594292393,-0.09810698504064977,0.0,0.0,0.0
0.25,0.1,0.1,0.30000000000000004,0.25,"(0.25, 0.1, 0.1, 0.3, 0.25)",0.05543282536984817,0.053527221144471504,1.035600656724424,0.0601580065221875,27540759.273053385,-0.13758774872277402,-0.19114507157675054,0.03793235688934815,0.0,61.0,22877943.266069196,22971516.769606497,19842606.692659307,25087064.42680161,0.4918032786885246,0.3442622950819672,-0.19177233576179586,-0.078173107784469,0.0,0.0,0.0
0.25,0.0,0.15000000000000002,0.30000000000000004,0.30000000000000004,"(0.25, 0.0, 0.15, 0.3, 0.3)",0.054217975952305375,0.0561090185152627,0.9662969944405119,0.0601580065221875,27152114.369163867,-0.14239146422231153,-0.2106540060456654,0.03803056457721964,0.0,61.0,22882619.276627444,22936916.04108271,18891050.823163625,25597553.08440646,0.4918032786885246,0.21311475409836064,-0.20950892986059022,-0.09876375035504396,0.0,0.0,0.0
0.30000000000000004,0.05,0.15000000000000002,0.2,0.30000000000000004,"(0.3, 0.05, 0.15, 0.2, 0.3)",0.05639876724366877,0.0583487416985761,0.9665806939765605,0.0601580065221875,27731176.5172495,-0.1574610211053541,-0.22895851375708212,0.03924821922679011,0.0,61.0,22960069.81771233,22876548.765268534,19414231.21106302,25524363.486917198,0.4918032786885246,0.16393442622950818,-0.22872049181338688,-0.09263511533028963,0.0,0.0,0.0
0.25,0.05,0.15000000000000002,0.25,0.30000000000000004,"(0.25, 0.05, 0.15, 0.25, 0.3)",0.05619671428696371,0.05921679796954267,0.9489995442824806,0.0601580065221875,27674740.154694058,-0.16069056275999283,-0.23525574118788395,0.0398641811999127,0.0,61.0,22918411.20567961,22801709.092593554,19240519.759919718,25555729.261407793,0.4918032786885246,0.13114754098360656,-0.23492610891719867,-0.09227126603350416,0.0,0.0,0.0
0.2,0.30000000000000004,0.0,0.25,0.25,"(0.2, 0.3, 0.0, 0.25, 0.25)",0.05791637985463027,0.06546017324491,0.8847575095462138,0.0601580065221875,28362071.18761331,-0.16763729237327274,-0.21181706755636281,0.047303079346773934,0.0,61.0,22967974.783827014,22950303.245622892,18618856.124117874,26780989.83831576,0.4918032786885246,0.11475409836065574,-0.21683459205146197,-0.05630234115039371,0.0,0.0,0.0
0.30000000000000004,0.25,0.05,0.25,0.15000000000000002,"(0.3, 0.25, 0.05, 0.25, 0.15)",0.05771845318427826,0.061740753367721675,0.9348517799987474,0.0601580065221875,28242742.672349337,-0.16362258513953098,-0.2143802875220072,0.04344888956758132,0.0,61.0,22844654.948131327,22974733.331428617,19332509.87425725,25432518.968797814,0.4918032786885246,0.11475409836065574,-0.21801988002944428,-0.05997986606376121,0.0,0.0,0.0
0.25,0.30000000000000004,0.0,0.25,0.2,"(0.25, 0.3, 0.0, 0.25, 0.2)",0.057546737774911705,0.06405837949894123,0.8983483226556308,0.0601580065221875,28268115.376349013,-0.16166103714626912,-0.2035110270139956,0.04507667819855722,0.0,61.0,22924820.363498688,22942793.391234078,18701704.455220714,26567568.502247725,0.4918032786885246,0.11475409836065574,-0.2086195514871381,-0.05113579189263346,0.0,0.0,0.0
0.30000000000000004,0.25,0.05,0.30000000000000004,0.1,"(0.3, 0.25, 0.05, 0.3, 0.1)",0.05712038662591068,0.061493489697852996,0.9288851048553356,0.0601580065221875,28084705.694355465,-0.16082708768136433,-0.2113457288663197,0.04211962792517216,0.0,61.0,22754159.34850715,22950231.917132806,19463279.577672806,25072016.560849287,0.4918032786885246,0.11475409836065574,-0.21562699387381928,-0.056715579702593596,0.0,0.0,0.0
0.25,0.25,0.05,0.25,0.2,"(0.25, 0.25, 0.05, 0.25, 0.2)",0.058090944104121967,0.06314779795434938,0.9199203453795316,0.0601580065221875,28337449.24158671,-0.16956262696073598,-0.22298164126985084,0.04567529071579804,0.0,61.0,22886327.288412273,22977911.464770388,19246962.015266802,25637953.727835994,0.4918032786885246,0.09836065573770492,-0.22654984097222675,-0.06515473550018648,0.0,0.0,0.0
0.25,0.2,0.1,0.30000000000000004,0.15000000000000002,"(0.25, 0.2, 0.1, 0.3, 0.15)",0.057910887596013705,0.06391186236063184,0.9061054623826047,0.0601580065221875,28218578.11892719,-0.1747017601194466,-0.24052568338642766,0.04494464159062969,0.0,61.0,22762071.225996833,22910034.307752542,19926091.345864356,24980081.127878614,0.4918032786885246,0.09836065573770492,-0.2431893954145782,-0.07235553316897422,0.0,0.0,0.0
0.2,0.25,0.05,0.30000000000000004,0.2,"(0.2, 0.25, 0.05, 0.3, 0.2)",0.057874442146138794,0.06415463727944226,0.9021084772726804,0.0601580065221875,28275763.73900374,-0.17267155801820788,-0.22859019529722155,0.04657243022160559,0.0,61.0,22837900.89748734,22983825.593712006,19292522.52492413,25479532.106501244,0.4918032786885246,0.09836065573770492,-0.2325853742292217,-0.06438179729570159,0.0,0.0,0.0
0.15000000000000002,0.30000000000000004,0.0,0.30000000000000004,0.25,"(0.15, 0.3, 0.0, 0.3, 0.25)",0.05770613763540422,0.06634065664351577,0.869845740983399,0.0601580065221875,28301740.713302422,-0.17074915779193467,-0.21719949374641107,0.0482002188525815,0.0,61.0,22917442.85892363,22956604.323477544,18663516.76750778,26615942.280794848,0.4918032786885246,0.09836065573770492,-0.22275511144353138,-0.0557022765533415,0.0,0.0,0.0
0.30000000000000004,0.0,0.2,0.2,0.30000000000000004,"(0.3, 0.0, 0.2, 0.2, 0.3)",0.05647269826652046,0.06479005286404732,0.8716260563179407,0.0601580065221875,27688903.143402454,-0.17678473004391648,-0.2713508541565163,0.04213903160916718,0.0,61.0,22915660.967106648,22736823.023207657,18652484.154262092,25996366.960534874,0.4918032786885246,0.09836065573770492,-0.2698030521102949,-0.11441176297290664,0.0,0.0,0.0
0.25,0.0,0.2,0.25,0.30000000000000004,"(0.25, 0.0, 0.2, 0.25, 0.3)",0.056264832206251336,0.06566253094207801,0.8568788226558532,0.0601580065221875,27631246.639927812,-0.17994096471535548,-0.27808020902919334,0.042812379129579574,0.0,61.0,22875732.954482146,22785294.363200385,18485282.076421525,26027648.421717152,0.4918032786885246,0.09836065573770492,-0.2763968515100537,-0.11864412181368594,0.0,0.0,0.0
0.2,0.0,0.2,0.30000000000000004,0.30000000000000004,"(0.2, 0.0, 0.2, 0.3, 0.3)",0.056049271582202076,0.0666354158588778,0.8411333651898363,0.0601580065221875,27571777.88051431,-0.18309403003056623,-0.2848750649476767,0.043485726649991965,0.0,61.0,22835278.05201196,22859763.218534544,18318934.152913325,26057772.527223866,0.4918032786885246,0.09836065573770492,-0.2830513841821417,-0.12284369840555431,0.0,0.0,0.0
0.30000000000000004,0.0,0.2,0.25,0.25,"(0.3, 0.0, 0.2, 0.25, 0.25)",0.05591747136857106,0.06394989744074771,0.8743950124451876,0.0601580065221875,27544722.169163954,-0.1733476515050998,-0.26671800459024,0.04246198431013597,0.0,61.0,22841975.589503773,22826670.834937733,18487802.30441426,26013501.16629308,0.4918032786885246,0.09836065573770492,-0.26516959643702914,-0.11797753309237544,0.0,0.0,0.0
0.25,0.0,0.2,0.30000000000000004,0.25,"(0.25, 0.0, 0.2, 0.3, 0.25)",0.055701710472881194,0.0649512216924963,0.8575929600923321,0.0601580065221875,27485373.707965154,-0.1765268131002593,-0.27345410670759074,0.04313533183054836,0.0,61.0,22801792.240282286,22901194.58995068,18321405.262006436,26043562.66681756,0.4918032786885246,0.09836065573770492,-0.2717708852168605,-0.1221650326166006,0.0,0.0,0.0
0.2,0.1,0.15000000000000002,0.30000000000000004,0.25,"(0.2, 0.1, 0.15, 0.3, 0.25)",0.05731356132151588,0.06373992807748197,0.8991783180527876,0.0601580065221875,27976123.611322988,-0.178499259281787,-0.26092271517111754,0.04426351290544646,0.0,61.0,22824649.372317597,22957989.14910965,19238932.198167797,25544906.00315933,0.4918032786885246,0.08196721311475409,-0.2614863964709503,-0.09442119814326366,0.0,0.0,0.0
0.15000000000000002,0.30000000000000004,0.1,0.25,0.2,"(0.15, 0.3, 0.1, 0.25, 0.2)",0.06134973393228971,0.08013820235966942,0.7655491653898734,0.0601580065221875,29167805.414941426,-0.2297861269036805,-0.31661741627095125,0.05773899023075384,1.0,61.0,22773611.96593932,22970697.359106634,18625355.967696987,26677347.856842343,0.4918032786885246,0.06557377049180328,-0.3237765094820228,-0.08092646104938599,0.0,0.0,0.0
0.25,0.15000000000000002,0.2,0.15000000000000002,0.25,"(0.25, 0.15, 0.2, 0.15, 0.25)",0.06125524883482547,0.07772411615726103,0.7881112306363997,0.0601580065221875,28996431.424912956,-0.2289963138083979,-0.343587896897827,0.0542209313289624,1.0,61.0,22855333.671807244,22999545.672038518,19300317.72848391,25847882.539549273,0.4918032786885246,0.06557377049180328,-0.34558669404426695,-0.11172361495907274,0.0,0.0,0.0
0.25,0.30000000000000004,0.1,0.2,0.15000000000000002,"(0.25, 0.3, 0.1, 0.2, 0.15)",0.06122645246957159,0.07783587681451996,0.7866096583645095,0.0601580065221875,29142284.813098878,-0.22365163140486688,-0.30595335294445253,0.05461544957672956,1.0,61.0,22785141.485399663,22962521.30986135,18667748.87380234,26689556.962899998,0.4918032786885246,0.06557377049180328,-0.31270991919156227,-0.07765860633107854,0.0,0.0,0.0
0.1,0.30000000000000004,0.1,0.30000000000000004,0.2,"(0.1, 0.3, 0.1, 0.3, 0.2)",0.061108834227056485,0.08121637014518993,0.7524201600959592,0.0601580065221875,29098173.286300525,-0.2324996194713589,-0.32239354738555415,0.0586361297365614,1.0,61.0,22723728.435527906,22871007.612470515,18667360.979667526,26529100.53442248,0.4918032786885246,0.06557377049180328,-0.33014659738038543,-0.08588655679438884,0.0,0.0,0.0
0.2,0.30000000000000004,0.1,0.25,0.15000000000000002,"(0.2, 0.3, 0.1, 0.25, 0.15)",0.06099312901090803,0.07885339881027827,0.7735003174391741,0.0601580065221875,29074687.22924466,-0.22612972551371302,-0.31121943066204794,0.055512589082537124,1.0,61.0,22736034.435204085,22828277.326015968,18710574.514808804,26542063.654939685,0.4918032786885246,0.06557377049180328,-0.3186899367354899,-0.08260934427517529,0.0,0.0,0.0
0.1,0.2,0.15000000000000002,0.25,0.30000000000000004,"(0.1, 0.2, 0.15, 0.25, 0.3)",0.06096405562323515,0.0773652542197636,0.7880030413919504,0.0601580065221875,28972300.49694843,-0.22340114078009543,-0.3230396609869798,0.057057861545570604,1.0,61.0,22843989.10738951,22945705.49805145,19551738.842460666,25428250.908285744,0.4918032786885246,0.06557377049180328,-0.32612549429792764,-0.10266580394475121,0.0,0.0,0.0
0.30000000000000004,0.30000000000000004,0.1,0.2,0.1,"(0.3, 0.3, 0.1, 0.2, 0.1)",0.060861162438341276,0.07661688219826275,0.7943570749962111,0.0601580065221875,29046959.213740405,-0.220000701705651,-0.30060925605832683,0.05238904842851285,1.0,61.0,22746236.25229456,22899583.699694026,18752220.104229543,26553293.182711173,0.4918032786885246,0.06557377049180328,-0.307668667878741,-0.07935719824994769,0.0,0.0,0.0
0.2,0.2,0.15000000000000002,0.2,0.25,"(0.2, 0.2, 0.15, 0.2, 0.25)",0.060855740086594334,0.0747892085313284,0.8136968057510934,0.0601580065221875,28950544.01651976,-0.21434898845543116,-0.3066334798305889,0.053934320891546324,1.0,61.0,22856441.27678513,22903320.777652014,19598025.554445107,25390449.108509123,0.4918032786885246,0.06557377049180328,-0.3097342670409901,-0.09817623057457867,0.0,0.0,0.0
0.15000000000000002,0.30000000000000004,0.1,0.30000000000000004,0.15000000000000002,"(0.15, 0.3, 0.1, 0.3, 0.15)",0.06075203567075427,0.0799511534985793,0.7598644048560701,0.0601580065221875,29005207.889974497,-0.22861326045047825,-0.3165378127024478,0.05640972858834468,1.0,61.0,22686443.664228145,22792633.630962495,18752713.10637524,26394610.764923144,0.4918032786885246,0.06557377049180328,-0.32474502355262164,-0.08753087507978599,0.0,0.0,0.0
0.30000000000000004,0.2,0.15000000000000002,0.15000000000000002,0.2,"(0.3, 0.2, 0.15, 0.15, 0.2)",0.06073117658931415,0.07233254643985496,0.8396106535501632,0.0601580065221875,28924555.95167444,-0.2056573863214619,-0.2911961851994414,0.05081078023752206,1.0,61.0,22866776.931793034,22858435.02375746,19642677.581777245,25350076.612530746,0.4918032786885246,0.06557377049180328,-0.294329806866746,-0.0937035991010552,0.0,0.0,0.0
0.05,0.2,0.15000000000000002,0.30000000000000004,0.30000000000000004,"(0.05, 0.2, 0.15, 0.3, 0.3)",0.06072685779125098,0.07844345577923861,0.7741481706536871,0.0601580065221875,28904274.20856945,-0.22640105157722967,-0.32957742238915444,0.057955001051378165,1.0,61.0,22796928.81464785,22846828.030682,19540507.25096977,25454654.818128586,0.4918032786885246,0.06557377049180328,-0.33260416544449267,-0.10162187155429873,0.0,0.0,0.0
0.25,0.30000000000000004,0.1,0.25,0.1,"(0.25, 0.3, 0.1, 0.25, 0.1)",0.060627646109603806,0.07765270479467899,0.7807538226763506,0.0601580065221875,28979513.381187614,-0.22249159938937668,-0.30585615361027463,0.053286187934320405,1.0,61.0,22697423.86857085,22816774.91874379,18795180.99547127,26406595.46251614,0.4918032786885246,0.06557377049180328,-0.3136266530973334,-0.08426933474334143,0.0,0.0,0.0
0.15000000000000002,0.30000000000000004,0.05,0.2,0.30000000000000004,"(0.15, 0.3, 0.05, 0.2, 0.3)",0.0604582094417192,0.07342981352319987,0.823346901495503,0.0601580065221875,28982115.10554305,-0.20480847175782124,-0.26996247525589334,0.05496349700528141,1.0,61.0,22984401.94788121,22983611.67896536,18458360.71764759,27216935.039099332,0.4918032786885246,0.06557377049180328,-0.27520257238663276,-0.0769601096007853,0.0,0.0,0.0
0.2,0.30000000000000004,0.1,0.30000000000000004,0.1,"(0.2, 0.3, 0.1, 0.3, 0.1)",0.0603863642562017,0.07876948738851598,0.7666212674250003,0.0601580065221875,28910192.95700296,-0.2249879385362642,-0.31115543630364,0.05418332744012796,1.0,61.0,22648127.67042545,22821374.325896397,18837451.905738518,26259937.51564809,0.4918032786885246,0.06557377049180328,-0.3196597745922893,-0.08915245623033577,0.0,0.0,0.0
0.30000000000000004,0.30000000000000004,0.1,0.25,0.05,"(0.3, 0.3, 0.1, 0.25, 0.05)",0.06025331410774215,0.0765400787263093,0.787212596464591,0.0601580065221875,28882312.04861171,-0.2188720058164384,-0.3005279605146305,0.051059786786103685,1.0,61.0,22657788.90107614,22844265.99944929,18879167.589112356,26270953.559449565,0.4918032786885246,0.06557377049180328,-0.3085870953312431,-0.08590647425049296,0.0,0.0,0.0
0.30000000000000004,0.2,0.2,0.30000000000000004,0.0,"(0.3, 0.2, 0.2, 0.3, 0.0)",0.06020498388344775,0.08145125640222407,0.7391535323426124,0.0601580065221875,28732395.42520785,-0.22682710452423416,-0.3379814881518866,0.05279543940655613,1.0,61.0,22508266.396835733,22877992.436431132,18935885.68152345,26286233.707511198,0.4918032786885246,0.06557377049180328,-0.34172332244370796,-0.11400340522221537,0.0,0.0,0.0
0.25,0.15000000000000002,0.2,0.30000000000000004,0.1,"(0.25, 0.15, 0.2, 0.3, 0.1)",0.05949873734536526,0.07673904103991809,0.7753385569988452,0.0601580065221875,28523736.95606128,-0.21907896480728506,-0.3308954212525367,0.05100451510708056,0.0,61.0,22622285.568271536,22918188.807567686,18791960.087923523,26143334.958974496,0.4918032786885246,0.06557377049180328,-0.3327265685363002,-0.10649203712652934,0.0,0.0,0.0
0.25,0.15000000000000002,0.15000000000000002,0.2,0.25,"(0.25, 0.15, 0.15, 0.2, 0.25)",0.0593475167968327,0.06789143706851739,0.8741531975076328,0.0601580065221875,28533193.125839334,-0.19323977152516036,-0.2775206842666252,0.04820177739268884,0.0,61.0,22888835.638518766,22966731.24709347,19754412.70952135,25446210.78130792,0.4918032786885246,0.06557377049180328,-0.27933814093632975,-0.0972954872306012,0.0,0.0,0.0
0.2,0.1,0.2,0.25,0.25,"(0.2, 0.1, 0.2, 0.25, 0.25)",0.05926216420687913,0.07360006143978308,0.8051917763053132,0.0601580065221875,28442298.953771573,-0.21473457781808192,-0.3279083036108737,0.050285729548232266,0.0,61.0,22801902.323457867,22988426.41735297,18806290.19902763,25956708.262816943,0.4918032786885246,0.06557377049180328,-0.3283874920637922,-0.11288851430136172,0.0,0.0,0.0
0.25,0.30000000000000004,0.05,0.25,0.15000000000000002,"(0.25, 0.3, 0.05, 0.25, 0.15)",0.059164279639435824,0.07013007604559127,0.8436363251762821,0.0601580065221875,28640970.894139826,-0.1903992126374583,-0.2498668180477495,0.049181433066438816,0.0,61.0,22814633.61213075,22945441.51234697,18755232.197935548,26406862.67792716,0.4918032786885246,0.06557377049180328,-0.25610331501537004,-0.06139703317075844,0.0,0.0,0.0
0.30000000000000004,0.1,0.2,0.2,0.2,"(0.3, 0.1, 0.2, 0.2, 0.2)",0.05914258512901327,0.07102640904489972,0.8326844327949336,0.0601580065221875,28417710.926737864,-0.20529205740296175,-0.3100047065532864,0.04735196601183748,0.0,61.0,22811309.961996477,22991474.780278124,18982554.42534777,25915437.754405744,0.4918032786885246,0.06557377049180328,-0.310650960090394,-0.10744172503051906,0.0,0.0,0.0
0.30000000000000004,0.15000000000000002,0.2,0.30000000000000004,0.05,"(0.3, 0.15, 0.2, 0.3, 0.05)",0.059130991506690656,0.07553575987418407,0.7828211645078044,0.0601580065221875,28429441.4041445,-0.21277585444367908,-0.31992860495700376,0.04900156396856952,0.0,61.0,22587028.404031552,22753624.040938374,18794132.72850283,26183411.87791935,0.4918032786885246,0.06557377049180328,-0.3217869229960334,-0.1083855420364487,0.0,0.0,0.0
0.15000000000000002,0.1,0.2,0.30000000000000004,0.25,"(0.15, 0.1, 0.2, 0.3, 0.25)",0.05902812020969739,0.07469987650002088,0.7902037188733624,0.0601580065221875,28376417.532151476,-0.21776441479190556,-0.33477065679176027,0.051216541946116016,0.0,61.0,22758482.526534505,22950145.243010506,18635331.98226101,25984206.333215687,0.4918032786885246,0.06557377049180328,-0.3351401761648512,-0.11703127565911413,0.0,0.0,0.0
0.25,0.25,0.1,0.30000000000000004,0.1,"(0.25, 0.25, 0.1, 0.3, 0.1)",0.059008768179855675,0.07048359438277475,0.8371986232625592,0.0601580065221875,28526678.028211772,-0.19539156014904657,-0.2685211126249269,0.04845078394127047,0.0,61.0,22690057.898165915,22926946.526643515,19421855.674909905,25245488.695812017,0.4918032786885246,0.06557377049180328,-0.27356560558452375,-0.07738259212661183,0.0,0.0,0.0
0.30000000000000004,0.15000000000000002,0.15000000000000002,0.2,0.2,"(0.3, 0.15, 0.15, 0.2, 0.2)",0.05899574806758601,0.06630053021852213,0.8898231714458384,0.0601580065221875,28443057.40595158,-0.18669100629452318,-0.2669169274152691,0.04597537624447212,0.0,61.0,22852861.12454755,22987395.417728037,19758794.708023246,25432904.404737454,0.4918032786885246,0.06557377049180328,-0.26874022552124804,-0.09195124957889815,0.0,0.0,0.0
0.15000000000000002,0.25,0.05,0.30000000000000004,0.25,"(0.15, 0.25, 0.05, 0.3, 0.25)",0.05823836391085524,0.06563183020707385,0.8873493810413087,0.0601580065221875,28368369.310025748,-0.17857739327864153,-0.2372765121793747,0.04879883136982231,0.0,61.0,22878258.366094556,22987307.137562703,19206204.679108497,25684374.550468862,0.4918032786885246,0.06557377049180328,-0.24109777021310375,-0.06960868080431988,0.0,0.0,0.0
0.1,0.30000000000000004,0.0,0.30000000000000004,0.30000000000000004,"(0.1, 0.3, 0.0, 0.3, 0.3)",0.05806721120872882,0.06781325027544383,0.856281198333238,0.0601580065221875,28393597.135375366,-0.17669076656116744,-0.22558795876994542,0.05042662000079822,0.0,61.0,22959275.580592733,22944772.761572354,18579920.62954837,26828737.689664487,0.4918032786885246,0.06557377049180328,-0.23104165040084368,-0.060923092813519555,0.0,0.0,0.0
0.30000000000000004,0.15000000000000002,0.15000000000000002,0.30000000000000004,0.1,"(0.3, 0.15, 0.15, 0.3, 0.1)",0.05781591403951536,0.06563389918125766,0.8808849506235827,0.0601580065221875,28130264.244091813,-0.17989354379740718,-0.25835280795412013,0.04339445788990908,0.0,61.0,22689685.616215333,22976219.289398372,19407209.934114534,25531736.079465438,0.4918032786885246,0.06557377049180328,-0.2600716680937635,-0.07979302289079791,0.0,0.0,0.0
0.25,0.25,0.2,0.0,0.30000000000000004,"(0.25, 0.25, 0.2, 0.0, 0.3)",0.06507460776075447,0.09060475822484983,0.7182250583270879,0.0601580065221875,30082709.427153602,-0.2666521470805804,-0.39052450976248604,0.06502509842681745,1.0,61.0,22931013.7798009,22931124.10009396,18672484.16937537,27109186.877902076,0.4918032786885246,0.04918032786885246,-0.3959463097502405,-0.12347799765930159,0.0,0.0,0.0
0.30000000000000004,0.2,0.2,0.0,0.30000000000000004,"(0.3, 0.2, 0.2, 0.0, 0.3)",0.063696992547698,0.08353292492586407,0.7625375575466732,0.0601580065221875,29685841.57564226,-0.24656418626501175,-0.3625655382000924,0.059228271850319814,1.0,61.0,22978999.0870366,22995633.553396825,19250177.603130855,26065105.510003246,0.4918032786885246,0.04918032786885246,-0.36629630002755403,-0.12216505479157695,0.0,0.0,0.0
0.05,0.2,0.25,0.25,0.25,"(0.05, 0.2, 0.25, 0.25, 0.25)",0.06365633518852798,0.09763778757428077,0.6519641295650989,0.0601580065221875,29606530.51295663,-0.29097560844766124,-0.4630900111833459,0.06948943991839902,1.0,61.0,22620708.237656564,22844403.0232843,18447905.804136824,26588671.297693554,0.4918032786885246,0.04918032786885246,-0.46665011589146055,-0.12964767073745384,0.0,0.0,0.0
0.15000000000000002,0.2,0.25,0.2,0.2,"(0.15, 0.2, 0.25, 0.2, 0.2)",0.0635921591939681,0.09518690655173653,0.6680767502345937,0.0601580065221875,29595762.524588536,-0.2822795645215871,-0.4442980599289197,0.06655567638200423,1.0,61.0,22638095.807668637,22859181.330056928,18628394.508359764,26572000.576727174,0.4918032786885246,0.04918032786885246,-0.44798698593116426,-0.1239184948803176,0.0,0.0,0.0
0.1,0.30000000000000004,0.15000000000000002,0.2,0.25,"(0.1, 0.3, 0.15, 0.2, 0.25)",0.06358332776677544,0.09007580614676955,0.7058868578225406,0.0601580065221875,29724349.226532437,-0.26551220302228407,-0.38171574132260183,0.06539940788926131,1.0,61.0,22761779.176464424,22999850.670753382,18434954.156071402,27199982.625337582,0.4918032786885246,0.04918032786885246,-0.38855259405543696,-0.09985830506893123,0.0,0.0,0.0
0.0,0.2,0.25,0.30000000000000004,0.25,"(0.0, 0.2, 0.25, 0.3, 0.25)",0.06338889540511095,0.09878790217421889,0.6416665807248393,0.0601580065221875,29529331.764307786,-0.29372509267475344,-0.4705472393075503,0.07042025231628277,1.0,61.0,22574350.920131255,22872077.51963567,18277424.82639543,26653885.338001985,0.4918032786885246,0.04918032786885246,-0.473997255308435,-0.13394430380209182,0.0,0.0,0.0
0.1,0.2,0.25,0.25,0.2,"(0.1, 0.2, 0.25, 0.25, 0.2)",0.06333226227241107,0.09629084439757599,0.6577184224381502,0.0601580065221875,29520596.107858162,-0.28505547046763324,-0.4516377485964919,0.06748648877988798,1.0,61.0,22592499.99506546,22887686.124814093,18456866.086758755,26638162.600830153,0.4918032786885246,0.04918032786885246,-0.4552255657386993,-0.1282268702551178,0.0,0.0,0.0
0.2,0.2,0.25,0.2,0.15000000000000002,"(0.2, 0.2, 0.25, 0.2, 0.15)",0.06325924763742563,0.0938900006555049,0.6737591564146682,0.0601580065221875,29507493.074826587,-0.2763168907944017,-0.4329620453517886,0.0645527252434932,1.0,61.0,22608547.54324531,22901273.046911724,18636251.32492583,26619976.363499783,0.4918032786885246,0.04918032786885246,-0.43667012378077724,-0.12278088088773191,0.0,0.0,0.0
0.30000000000000004,0.2,0.25,0.15000000000000002,0.1,"(0.3, 0.2, 0.25, 0.15, 0.1)",0.06316987047736933,0.0915929371778229,0.6896805848111228,0.0601580065221875,29490034.32293822,-0.2675092489144528,-0.41452008388195477,0.061618961707098414,1.0,61.0,22622492.245598715,22912838.31075296,18815546.272043616,26599335.58313941,0.4918032786885246,0.04918032786885246,-0.41833094225388,-0.1199875038705106,0.0,0.0,0.0
0.05,0.2,0.25,0.30000000000000004,0.2,"(0.05, 0.2, 0.25, 0.3, 0.2)",0.0630645921500852,0.09745870873390575,0.6470903726240846,0.0601580065221875,29443541.943699762,-0.2878287893180932,-0.45903687521316733,0.06841730117777174,1.0,61.0,22546403.104971588,22915252.624160286,18286268.28012111,26703352.882234722,0.4918032786885246,0.04918032786885246,-0.4625192969653604,-0.13352834655523052,0.0,0.0,0.0
0.15000000000000002,0.2,0.25,0.25,0.15000000000000002,"(0.15, 0.2, 0.25, 0.25, 0.15)",0.06299912180208223,0.09501090936676324,0.6630725063254748,0.0601580065221875,29432471.577361304,-0.27911674207487924,-0.44024384918790477,0.06548353764137696,1.0,61.0,22563214.36222894,22929669.932000883,18464616.65658358,26686113.065968398,0.4918032786885246,0.04918032786885246,-0.44385549222834514,-0.12866265802060234,0.0,0.0,0.0
0.25,0.2,0.25,0.2,0.1,"(0.25, 0.2, 0.25, 0.2, 0.1)",0.06291729300290738,0.09266323056528786,0.6789887706168162,0.0601580065221875,29417054.264274668,-0.27033575583271174,-0.4216846850827564,0.06254977410498216,1.0,61.0,22577927.70070059,22942063.83992139,18642888.008911777,26666410.97119244,0.4918032786885246,0.04918032786885246,-0.4254079749030862,-0.1242929179802628,0.0,0.0,0.0
0.1,0.2,0.25,0.30000000000000004,0.15000000000000002,"(0.1, 0.2, 0.25, 0.3, 0.15)",0.06273122725680369,0.0961961913574587,0.6521175773342064,0.0601580065221875,29355569.12022886,-0.28191395083068316,-0.447585082551701,0.0664143500392607,1.0,61.0,22517379.83283399,22957126.89510087,18293914.15921481,26751275.985217012,0.4918032786885246,0.04918032786885246,-0.45109602926672415,-0.13619016994000496,0.0,0.0,0.0
0.2,0.2,0.25,0.25,0.1,"(0.2, 0.2, 0.25, 0.25, 0.1)",0.06265694406644684,0.09380072555211769,0.6679793114354249,0.0601580065221875,29342184.604288176,-0.27315960699991015,-0.42890881506625295,0.06348058650286592,1.0,61.0,22532859.00391091,22970351.234601952,18471159.289597396,26732518.69534623,0.4918032786885246,0.04918032786885246,-0.43254034757231713,-0.1313632637324627,0.0,0.0,0.0
0.30000000000000004,0.2,0.25,0.2,0.05,"(0.3, 0.2, 0.25, 0.2, 0.05)",0.0625663254543305,0.09150941703455431,0.6837146108220229,0.0601580065221875,29324474.162694495,-0.2643363462399121,-0.41046647313331397,0.060546822966471125,1.0,61.0,22546244.082480077,22981550.662080105,18648306.55149328,26711300.6144807,0.4918032786885246,0.04918032786885246,-0.4142009857407676,-0.12723235892382656,0.0,0.0,0.0
0.2,0.25,0.15000000000000002,0.15000000000000002,0.25,"(0.2, 0.25, 0.15, 0.15, 0.25)",0.062498985069888935,0.08127716709723862,0.7689611646419248,0.0601580065221875,29415354.81342227,-0.2369387582579514,-0.33738465482278746,0.05876972488459625,1.0,61.0,22861456.09386,22979837.11762565,18968446.302530523,26302497.552015103,0.4918032786885246,0.04918032786885246,-0.34214597520415113,-0.10006016252994537,0.0,0.0,0.0
0.15000000000000002,0.2,0.25,0.30000000000000004,0.1,"(0.15, 0.2, 0.25, 0.3, 0.1)",0.062388830913364,0.09500300830386711,0.656703740515388,0.0601580065221875,29265440.889684185,-0.27598076011724315,-0.4361923652126489,0.06441139890074966,1.0,61.0,22487288.703370243,22997697.12693043,18300364.21395936,26797650.64397144,0.4918032786885246,0.04918032786885246,-0.43972790543523077,-0.1388314173603027,0.0,0.0,0.0
0.30000000000000004,0.25,0.15000000000000002,0.1,0.2,"(0.3, 0.25, 0.15, 0.1, 0.2)",0.062381263948721344,0.07894968820050535,0.790139459326225,0.0601580065221875,29390868.008399114,-0.22844576398441874,-0.32196284777779877,0.05564618423057199,1.0,61.0,22873457.77440994,22953135.71900406,19012543.653708316,26314336.91435584,0.4918032786885246,0.04918032786885246,-0.32671712956650534,-0.09545778568864345,0.0,0.0,0.0
0.05,0.25,0.15000000000000002,0.25,0.30000000000000004,"(0.05, 0.25, 0.15, 0.25, 0.3)",0.06236175298817703,0.08473220052736435,0.7359864679548508,0.0601580065221875,29366081.695269488,-0.24820125101516166,-0.3594177122524031,0.0627904050444281,1.0,61.0,22799174.866289407,22911462.67920152,18965832.630647983,26143070.7293338,0.4918032786885246,0.04918032786885246,-0.36412631436031,-0.10361484321454126,0.0,0.0,0.0
0.15000000000000002,0.25,0.15000000000000002,0.2,0.25,"(0.15, 0.25, 0.15, 0.2, 0.25)",0.06226791846971347,0.08222870699860951,0.7572527982322088,0.0601580065221875,29347948.775654275,-0.23979221786428917,-0.3437136569151061,0.05966686439040382,1.0,61.0,22814071.93456642,22888579.74213216,19012355.972807754,26157365.1123671,0.4918032786885246,0.04918032786885246,-0.34843702714677466,-0.09903046718024815,0.0,0.0,0.0
0.25,0.25,0.15000000000000002,0.15000000000000002,0.2,"(0.25, 0.25, 0.15, 0.15, 0.2)",0.062157763543943645,0.07983798038899931,0.7785487964636468,0.0601580065221875,29325507.332639612,-0.23132468626791547,-0.32819394484959047,0.05654332373637954,1.0,61.0,22826852.49431237,22863113.566975284,19057291.217042025,26169950.27087818,0.4918032786885246,0.04918032786885246,-0.33291758072719163,-0.09446282334292866,0.0,0.0,0.0
0.0,0.25,0.15000000000000002,0.30000000000000004,0.30000000000000004,"(0.0, 0.25, 0.15, 0.3, 0.3)",0.06211534704733479,0.08581698167942427,0.7238118357433183,0.0601580065221875,29294737.88990493,-0.25102613120259354,-0.36589750789766967,0.06368754455023565,1.0,61.0,22750525.23393912,22818212.222994745,19008204.974813487,25997249.531501066,0.4918032786885246,0.04918032786885246,-0.3705571875256238,-0.10255962892712135,0.0,0.0,0.0
0.05,0.30000000000000004,0.1,0.25,0.30000000000000004,"(0.05, 0.3, 0.1, 0.25, 0.3)",0.0620361933017024,0.08294424946289093,0.7479263927688833,0.0601580065221875,29347763.444524497,-0.24082464499559098,-0.3341956732733194,0.062191792527187276,1.0,61.0,22845633.68815522,22983792.466230266,18453114.25071738,27082642.553442545,0.4918032786885246,0.04918032786885246,-0.34069894234363257,-0.0903063588203916,0.0,0.0,0.0
0.1,0.25,0.15000000000000002,0.25,0.25,"(0.1, 0.25, 0.15, 0.25, 0.25)",0.06202907235747901,0.08325885103306929,0.745014753240372,0.0601580065221875,29278635.98895776,-0.2426424160578743,-0.3500957563091866,0.06056400389621138,1.0,61.0,22766193.208234593,22796548.530089576,19055568.29598706,26012270.18893544,0.4918032786885246,0.04918032786885246,-0.35477765031716785,-0.09801024235156634,0.0,0.0,0.0
0.30000000000000004,0.15000000000000002,0.2,0.05,0.30000000000000004,"(0.3, 0.15, 0.2, 0.05, 0.3)",0.06201849986708363,0.07768861795420288,0.7982958314903128,0.0601580065221875,29208313.981523626,-0.22941555165554361,-0.3410995649254426,0.05436225767170593,1.0,61.0,22974211.148999587,22950948.44575674,19645448.968866125,25796645.264588557,0.4918032786885246,0.04918032786885246,-0.34324063668172866,-0.11964783349142596,0.0,0.0,0.0
0.2,0.25,0.15000000000000002,0.2,0.2,"(0.2, 0.25, 0.15, 0.2, 0.2)",0.061926481032018144,0.08080870383569078,0.7663342943593544,0.0601580065221875,29258232.747532558,-0.23420031861158508,-0.33447827491118737,0.0574404632421871,1.0,61.0,22779749.731306694,22772309.750373285,19101343.44561441,26025592.01256472,0.4918032786885246,0.04918032786885246,-0.33916780358295784,-0.09347718463417433,0.0,0.0,0.0
0.25,0.15000000000000002,0.2,0.1,0.30000000000000004,"(0.25, 0.15, 0.2, 0.1, 0.3)",0.061806531502922146,0.07845829108435855,0.7877629075105347,0.0601580065221875,29146565.032165512,-0.23235835882765876,-0.3478294730346329,0.05529307006958968,1.0,61.0,22930972.3615955,22957156.747203827,19468770.926817942,25827547.694352437,0.4918032786885246,0.04918032786885246,-0.34988637338688844,-0.11847957967496497,0.0,0.0,0.0
0.0,0.30000000000000004,0.1,0.30000000000000004,0.30000000000000004,"(0.0, 0.3, 0.1, 0.3, 0.3)",0.061795696597623406,0.08398210250812137,0.7358198324654655,0.0601580065221875,29277844.43524313,-0.24367446417478122,-0.34038162927549726,0.06308893203299484,1.0,61.0,22795170.348949067,22939900.774358787,18494848.389447168,26912275.70481016,0.4918032786885246,0.04918032786885246,-0.3476473958033147,-0.08934362233784919,0.0,0.0,0.0
0.1,0.30000000000000004,0.1,0.25,0.25,"(0.1, 0.3, 0.1, 0.25, 0.25)",0.061697431791843727,0.08150313786872965,0.7569945575741472,0.0601580065221875,29258840.02975716,-0.2352206521081921,-0.32522450091740923,0.059965391378970556,1.0,61.0,22810147.887122784,22972689.682553604,18539533.23376472,26867884.644238904,0.4918032786885246,0.04918032786885246,-0.3319906969403151,-0.08471659255673095,0.0,0.0,0.0
0.05,0.30000000000000004,0.1,0.30000000000000004,0.25,"(0.05, 0.3, 0.1, 0.3, 0.25)",0.0614567309344376,0.08256129628870239,0.7443770107428326,0.0601580065221875,29189061.317857113,-0.23809258834355562,-0.33136698757560323,0.06086253088477812,1.0,61.0,22759973.47804017,22981577.346982215,18581403.422377508,26698914.511174634,0.4918032786885246,0.04918032786885246,-0.338886702747893,-0.08421946066542156,0.0,0.0,0.0
0.15000000000000002,0.15000000000000002,0.25,0.30000000000000004,0.15000000000000002,"(0.15, 0.15, 0.25, 0.3, 0.15)",0.06136175722295456,0.08949163364802197,0.6856703215888923,0.0601580065221875,28970202.198414233,-0.26271848532304576,-0.4190014895293661,0.06061752346276307,1.0,61.0,22573153.452719603,22973005.042519122,18173380.77127257,26699232.90863703,0.4918032786885246,0.04918032786885246,-0.42076735136756716,-0.13915544940175012,0.0,0.0,0.0
0.15000000000000002,0.2,0.2,0.30000000000000004,0.15000000000000002,"(0.15, 0.2, 0.2, 0.3, 0.15)",0.061292861521409225,0.08491781584567286,0.7217903676750361,0.0601580065221875,29014806.605815444,-0.245360410224579,-0.3705863560295008,0.05880429282208923,1.0,61.0,22611569.73072135,22767704.743257172,18924773.394112732,26161764.07742537,0.4918032786885246,0.04918032786885246,-0.37388616351654796,-0.10665796298455654,0.0,0.0,0.0
0.1,0.15000000000000002,0.2,0.25,0.30000000000000004,"(0.1, 0.15, 0.2, 0.25, 0.3)",0.06112401923851296,0.08127491387166777,0.7520650139971498,0.0601580065221875,28949871.001054335,-0.24117048786434114,-0.36838422182880654,0.058085507263240944,1.0,61.0,22798177.12058968,22992903.64563582,18944179.661882196,25913295.929215625,0.4918032786885246,0.04918032786885246,-0.37016393556542465,-0.11503327331477094,0.0,0.0,0.0
0.2,0.15000000000000002,0.25,0.30000000000000004,0.1,"(0.2, 0.15, 0.25, 0.3, 0.1)",0.0610139797228455,0.08825888174931379,0.6913069655261056,0.0601580065221875,28879729.24123801,-0.2566773928396089,-0.4075335541292226,0.05868607863933727,1.0,61.0,22542202.182084847,22809192.588310324,18178306.531325683,26744118.715821706,0.4918032786885246,0.04918032786885246,-0.40935670335647445,-0.1417022993083586,0.0,0.0,0.0
0.2,0.2,0.2,0.30000000000000004,0.1,"(0.2, 0.2, 0.2, 0.3, 0.1)",0.060939132253422734,0.08368055722207354,0.7282352588989214,0.0601580065221875,28922721.248830847,-0.23918759181400695,-0.3596326060763895,0.05680134168357819,1.0,61.0,22578175.190668084,22805755.477919556,18929701.68697429,26204762.36601961,0.4918032786885246,0.04918032786885246,-0.3629331139485006,-0.10813008741068385,0.0,0.0,0.0
0.30000000000000004,0.15000000000000002,0.25,0.25,0.05,"(0.3, 0.15, 0.25, 0.25, 0.05)",0.060916321752144675,0.0858866909693598,0.709263811012077,0.0601580065221875,28860376.08495333,-0.2477021533751511,-0.38894315629258647,0.05735956813354043,1.0,61.0,22553963.56114725,22839238.545417655,18350936.073785055,26721579.64111789,0.4918032786885246,0.04918032786885246,-0.39092569516965997,-0.13700565757215852,0.0,0.0,0.0
0.30000000000000004,0.2,0.2,0.25,0.05,"(0.3, 0.2, 0.2, 0.25, 0.05)",0.060829775802674346,0.08131183889820745,0.7481047855629712,0.0601580065221875,28900510.019015912,-0.2300123541061393,-0.3419987450483077,0.05386757814718341,1.0,61.0,22589227.82400041,22814112.626293693,19108961.312332418,26181050.136384062,0.4918032786885246,0.04918032786885246,-0.3453591276231191,-0.10622132669133838,0.0,0.0,0.0
0.15000000000000002,0.1,0.25,0.25,0.25,"(0.15, 0.1, 0.25, 0.25, 0.25)",0.060824227060553016,0.08500094935803225,0.7155711497333456,0.0601580065221875,28810064.79603684,-0.2525501796012706,-0.4054187043030324,0.057895786765403745,1.0,61.0,22722720.292495377,22864750.926199883,18199427.439266864,26474202.984398626,0.4918032786885246,0.04918032786885246,-0.40559850372773204,-0.14449546833222401,0.0,0.0,0.0
0.25,0.1,0.25,0.2,0.2,"(0.25, 0.1, 0.25, 0.2, 0.2)",0.06073069924533736,0.08249017163187251,0.7362173946777468,0.0601580065221875,28791804.806209326,-0.2434961573056511,-0.3865678442856723,0.05557741282991234,1.0,61.0,22735267.259413585,22895179.206363797,18372808.503158364,26453008.708300583,0.4918032786885246,0.04918032786885246,-0.3869733787663641,-0.13893189843093004,0.0,0.0,0.0
0.25,0.2,0.2,0.30000000000000004,0.05,"(0.25, 0.2, 0.2, 0.3, 0.05)",0.060576496731839846,0.08252389288864856,0.7340479782452477,0.0601580065221875,28828574.83907332,-0.23299609475785288,-0.348737827565736,0.05479839054506716,1.0,61.0,22543738.063387584,22842518.90911893,18933404.981913686,26246253.32327694,0.4918032786885246,0.04918032786885246,-0.35208958848555405,-0.11107223404689588,0.0,0.0,0.0
0.2,0.1,0.25,0.25,0.2,"(0.2, 0.1, 0.25, 0.25, 0.2)",0.06048924357338681,0.08355822678379474,0.7239172718432804,0.0601580065221875,28723370.516320057,-0.2464127461522687,-0.3938150280763244,0.056336927658728185,1.0,61.0,22692779.886194304,22702845.53027109,18205284.153295815,26520677.24694926,0.4918032786885246,0.04918032786885246,-0.3940888107530609,-0.1429697141664676,0.0,0.0,0.0
0.30000000000000004,0.2,0.30000000000000004,0.05,0.15000000000000002,"(0.3, 0.2, 0.3, 0.05, 0.15)",0.06533595210105836,0.1024105839972108,0.6379804659920484,0.0601580065221875,30044254.00552272,-0.3036191870652025,-0.4901165162881056,0.06937034526701343,1.0,61.0,22633548.76115898,22986750.8373329,18505333.664217085,26992884.15564599,0.4918032786885246,0.03278688524590164,-0.49433500929878155,-0.1430915731681304,0.0,0.0,0.0
0.25,0.15000000000000002,0.25,0.30000000000000004,0.05,"(0.25, 0.15, 0.25, 0.3, 0.05)",0.06065726556571449,0.08710261163587595,0.6963885976150328,0.0601580065221875,28787179.21643194,-0.2506180948553227,-0.3961261745317179,0.058119082962356274,1.0,61.0,22510198.73591392,22645682.12847373,18182052.18070628,26787463.042892154,0.4918032786885246,0.03278688524590164,-0.39800231335799746,-0.14422858029325142,0.0,0.0,0.0
0.2,0.2,0.30000000000000004,0.1,0.2,"(0.2, 0.2, 0.3, 0.1, 0.2)",0.06540492214328975,0.10463861317468466,0.6250553228768635,0.0601580065221875,30056627.393983446,-0.31207044321348665,-0.5093860416950221,0.0723041088034082,1.0,61.0,22616664.78936443,22971896.82561837,18326204.319586854,27010248.693002373,0.4918032786885246,0.01639344262295082,-0.5134583968859728,-0.14894976629349982,0.0,0.0,0.0
0.25,0.2,0.30000000000000004,0.1,0.15000000000000002,"(0.25, 0.2, 0.3, 0.1, 0.15)",0.06508425980889387,0.1033623058858056,0.6296711286684993,0.0601580065221875,29970366.368560135,-0.3062940694100602,-0.49772201296057905,0.07030115766489718,1.0,61.0,22589977.268230014,22982836.64082342,18335743.822246574,27061830.735548213,0.4918032786885246,0.01639344262295082,-0.5018279226918065,-0.14738483291397306,0.0,0.0,0.0
0.30000000000000004,0.2,0.30000000000000004,0.1,0.1,"(0.3, 0.2, 0.3, 0.1, 0.1)",0.06475444279869813,0.10215013568490106,0.633914408086974,0.0601580065221875,29881855.226327986,-0.3004996333370137,-0.48611676132035814,0.06829820652638614,1.0,61.0,22562197.741361227,22959229.911421224,18344071.127624586,27111834.53108661,0.4918032786885246,0.01639344262295082,-0.49025239815756616,-0.14666584074527625,0.0,0.0,0.0
0.1,0.1,0.25,0.30000000000000004,0.25,"(0.1, 0.1, 0.25, 0.3, 0.25)",0.06057525325406421,0.086122254712917,0.7033635319463932,0.0601580065221875,28739638.531404145,-0.255439400806998,-0.4127879040554505,0.058826599163287495,1.0,61.0,22679454.69529248,22671881.020258155,18032877.480088472,26540943.8473448,0.4918032786885246,0.01639344262295082,-0.41282613807875373,-0.14851432454571417,0.0,0.0,0.0
0.15000000000000002,0.2,0.30000000000000004,0.15000000000000002,0.2,"(0.15, 0.2, 0.3, 0.15, 0.2)",0.06514568181624636,0.10563905739912616,0.6166817786920659,0.0601580065221875,29980674.34496304,-0.31471977733913403,-0.5171113115353564,0.07323492120129196,1.0,61.0,22572331.424282596,22959291.967379298,18157647.235627275,27078236.621202346,0.4918032786885246,0.0,-0.5210619393526136,-0.15322224713469876,0.0,0.0,0.0
0.0,0.2,0.30000000000000004,0.25,0.25,"(0.0, 0.2, 0.3, 0.25, 0.25)",0.06491605369445153,0.10911361181767963,0.5949400135605557,0.0601580065221875,29906600.315574132,-0.32570025022057947,-0.5446436273735733,0.07709949713557052,1.0,61.0,22506984.785267923,22885491.605719578,17812920.52991234,27158149.247659326,0.4918032786885246,0.0,-0.5482857322357374,-0.1632909668924372,0.0,0.0,0.0
0.1,0.2,0.30000000000000004,0.2,0.2,"(0.1, 0.2, 0.3, 0.2, 0.2)",0.06487864229256113,0.10669993058387327,0.6080476523043489,0.0601580065221875,29902796.66296527,-0.31736682598123434,-0.5248965851015217,0.07416573359917572,1.0,61.0,22527491.05741962,22912541.12612744,17990000.321700417,27145236.764685083,0.4918032786885246,0.0,-0.528721004564816,-0.157445350074433,0.0,0.0,0.0
0.2,0.2,0.30000000000000004,0.15000000000000002,0.15000000000000002,"(0.2, 0.2, 0.3, 0.15, 0.15)",0.06482476567887119,0.10437671435135734,0.6210653983670659,0.0601580065221875,29894545.060351733,-0.3089666545459382,-0.5053876307307004,0.07123197006278092,1.0,61.0,22545896.0154072,22937122.399251804,18167061.72287095,27129795.709783543,0.4918032786885246,0.0,-0.5093765464484044,-0.15162911403087154,0.0,0.0,0.0
0.05,0.2,0.30000000000000004,0.25,0.2,"(0.05, 0.2, 0.3, 0.25, 0.2)",0.06460381090413714,0.10781944899879521,0.5991851331466092,0.0601580065221875,29823010.54437813,-0.3200115470763024,-0.5327417236740076,0.07509654599705948,1.0,61.0,22482146.20599148,22864749.103062615,17823267.59357732,27211240.867446568,0.4918032786885246,0.0,-0.5364354094003625,-0.16415361061758363,0.0,0.0,0.0
0.15000000000000002,0.2,0.30000000000000004,0.2,0.15000000000000002,"(0.15, 0.2, 0.3, 0.2, 0.15)",0.06455747695106884,0.10545200034571071,0.612197746267738,0.0601580065221875,29816805.881606936,-0.3116369002684789,-0.5131132419372787,0.07216278246066468,1.0,61.0,22501307.466242265,22890361.721037548,17999291.507611558,27196770.72851133,0.4918032786885246,0.0,-0.5169807077102614,-0.15917080746128637,0.0,0.0,0.0
0.25,0.2,0.30000000000000004,0.15000000000000002,0.1,"(0.25, 0.2, 0.3, 0.15, 0.1)",0.06449470109845401,0.103178212723894,0.6250806192102059,0.0601580065221875,29806172.894865233,-0.30319552323878407,-0.4937229397387461,0.0692290189242699,1.0,61.0,22518370.529766686,22913508.07849892,18175276.16901261,27179772.809535034,0.4918032786885246,0.0,-0.49774632235670957,-0.15422622170292752,0.0,0.0,0.0
0.1,0.15000000000000002,0.30000000000000004,0.15000000000000002,0.30000000000000004,"(0.1, 0.15, 0.3, 0.15, 0.3)",0.06444664972123904,0.10195867062217924,0.6320860141464011,0.0601580065221875,29766766.319147114,-0.3078633065034587,-0.5126162736432894,0.0714439969018164,1.0,61.0,22686599.571375195,22991449.37188596,18028899.67354257,26929137.532998808,0.4918032786885246,0.0,-0.5144215446971402,-0.1636682996799743,0.0,0.0,0.0
0.0,0.2,0.30000000000000004,0.30000000000000004,0.2,"(0.0, 0.2, 0.3, 0.3, 0.2)",0.06432119507125122,0.10899580558708281,0.590125415604745,0.0601580065221875,29741332.540767174,-0.322653898722429,-0.5406465799562853,0.07602735839494322,1.0,61.0,22436299.417989723,22815922.965183187,17657452.922084477,27276240.772253048,0.4918032786885246,0.0,-0.5442049625798027,-0.171652647706906,0.0,0.0,0.0
0.1,0.2,0.30000000000000004,0.25,0.15000000000000002,"(0.1, 0.2, 0.3, 0.25, 0.15)",0.06428240095403659,0.10658632141326402,0.6031017873747263,0.0601580065221875,29737164.992277633,-0.3143047645324535,-0.5208987103939311,0.07309359485854844,1.0,61.0,22456214.115323436,22842561.540987805,17832437.172202557,27262747.5393918,0.4918032786885246,0.0,-0.5246402254959448,-0.16667119925022808,0.0,0.0,0.0
0.2,0.2,0.30000000000000004,0.2,0.1,"(0.2, 0.2, 0.3, 0.2, 0.1)",0.06422716939963036,0.10426759131543929,0.6159840137222006,0.0601580065221875,29728579.576574672,-0.30588901970201365,-0.5013891003767488,0.07015983132215366,1.0,61.0,22474035.742728118,22866741.541827448,18007394.725049723,27246719.011085596,0.4918032786885246,0.0,-0.5052957982801375,-0.1617270860755642,0.0,0.0,0.0
0.05,0.15000000000000002,0.30000000000000004,0.2,0.30000000000000004,"(0.05, 0.15, 0.3, 0.2, 0.3)",0.0641893547781911,0.10297134373122581,0.623371051131829,0.0601580065221875,29692042.7419065,-0.310530770781689,-0.5204846125188993,0.07237480929970014,1.0,61.0,22642772.393094026,22945917.53620078,17863318.495937355,26996990.29318917,0.4918032786885246,0.0,-0.5221364644088226,-0.1678089583801683,0.0,0.0,0.0
0.30000000000000004,0.2,0.30000000000000004,0.15000000000000002,0.05,"(0.3, 0.2, 0.3, 0.15, 0.05)",0.06415551923105522,0.10204580194458121,0.6286933710991526,0.0601580065221875,29715586.081034467,-0.2974065651572295,-0.4821177505614025,0.06809133078332878,1.0,61.0,22489762.513716865,22888457.559262957,18182292.31437573,27228163.77007311,0.4918032786885246,0.0,-0.48617172678538556,-0.15682102275423332,0.0,0.0,0.0
0.15000000000000002,0.15000000000000002,0.30000000000000004,0.15000000000000002,0.25,"(0.15, 0.15, 0.3, 0.15, 0.25)",0.06413830414928556,0.10053237221009045,0.637986578246166,0.0601580065221875,29684566.096586704,-0.30204148384118945,-0.5006975504888489,0.06944104576330537,1.0,61.0,22661450.503024846,22970730.00452926,18039130.875471145,26982263.163607985,0.4918032786885246,0.0,-0.5025833742158562,-0.16197690549724156,0.0,0.0,0.0
0.25,0.15000000000000002,0.30000000000000004,0.1,0.2,"(0.25, 0.15, 0.3, 0.1, 0.2)",0.06407083374944089,0.09818832162757166,0.6525300838979771,0.0601580065221875,29672684.43347004,-0.2934844591431912,-0.4811522192298472,0.06650728222691057,1.0,61.0,22678016.313734677,22993069.749339677,18214893.099853143,26965034.44254274,0.4918032786885246,0.0,-0.4832533417102775,-0.15617460909655215,0.0,0.0,0.0
0.15000000000000002,0.2,0.30000000000000004,0.25,0.1,"(0.15, 0.2, 0.3, 0.25, 0.1)",0.06395185502754286,0.10541637099579337,0.6066596148533215,0.0601580065221875,29649091.393631116,-0.30858008070009635,-0.5091151095685924,0.07109064372003741,1.0,61.0,22429195.852226086,22818937.23267733,17840430.77152921,27312664.887464613,0.4918032786885246,0.0,-0.512900647076989,-0.1691682245840809,0.0,0.0,0.0
0.0,0.15000000000000002,0.30000000000000004,0.25,0.30000000000000004,"(0.0, 0.15, 0.3, 0.25, 0.3)",0.063924277299098,0.10404575148442825,0.6143862328551211,0.0601580065221875,29615412.405852906,-0.3131959098068827,-0.5284145543166472,0.07330562169758391,1.0,61.0,22598433.775842197,22899339.30130973,17698629.229821596,27063861.050425295,0.4918032786885246,0.0,-0.5299082339860869,-0.1719010095398989,0.0,0.0,0.0
0.25,0.2,0.30000000000000004,0.2,0.05,"(0.25, 0.2, 0.3, 0.2, 0.05)",0.06388775068808039,0.10314889166655387,0.6193740878438935,0.0601580065221875,29638145.891198866,-0.30012336520588057,-0.48972467423642385,0.06885084561214462,1.0,61.0,22445683.36829,22841689.110159602,18014311.689003512,27295077.456662886,0.4918032786885246,0.0,-0.49366673700641966,-0.16426236529873103,0.0,0.0,0.0
0.1,0.15000000000000002,0.30000000000000004,0.2,0.25,"(0.1, 0.15, 0.3, 0.2, 0.25)",0.06388075472651011,0.10156104625622862,0.6289887420551498,0.0601580065221875,29609964.063532144,-0.30473238664096514,-0.5085052272185268,0.07037185816118911,1.0,61.0,22617872.69341149,22925184.09173081,17873419.280183278,27050098.156605765,0.4918032786885246,0.0,-0.5102426230029817,-0.16609068531965795,0.0,0.0,0.0
0.2,0.15000000000000002,0.30000000000000004,0.15000000000000002,0.2,"(0.2, 0.15, 0.3, 0.15, 0.2)",0.06382081671971052,0.09916805050437161,0.6435622803424689,0.0601580065221875,29600120.268807743,-0.29620124709965334,-0.4888377348943189,0.06743809462479433,1.0,61.0,22635204.29364062,22948563.552612543,18048171.809129346,27033826.014608584,0.4918032786885246,0.0,-0.4908000855269521,-0.16030930821441072,0.0,0.0,0.0
0.30000000000000004,0.15000000000000002,0.30000000000000004,0.1,0.15000000000000002,"(0.3, 0.15, 0.3, 0.1, 0.15)",0.0637444821428752,0.09687356076088438,0.6580173335448815,0.0601580065221875,29585891.304138593,-0.2876023874837861,-0.46941206662552515,0.0657421798027197,1.0,61.0,22650426.92973073,22969472.519488502,18222853.513898436,27015053.204242676,0.4918032786885246,0.0,-0.47158065498030804,-0.15455782389217865,0.0,0.0,0.0
0.05,0.15000000000000002,0.30000000000000004,0.25,0.25,"(0.05, 0.15, 0.3, 0.25, 0.25)",0.06361542728428038,0.10265197527814252,0.6197194658155388,0.0601580065221875,29533461.754084215,-0.3074209099092937,-0.516374499673551,0.07130267055907287,1.0,61.0,22573783.120274767,22878593.393743005,17708601.313677,27116948.92945749,0.4918032786885246,0.0,-0.5179587391158941,-0.1701562252445546,0.0,0.0,0.0
0.15000000000000002,0.15000000000000002,0.30000000000000004,0.2,0.2,"(0.15, 0.15, 0.3, 0.2, 0.2)",0.06356301899411143,0.10021253232509726,0.6342821353711334,0.0601580065221875,29525646.92206835,-0.298915643527922,-0.49658496149247117,0.06836890702267807,1.0,61.0,22591877.78910956,22903007.4662172,17882341.710611373,27101639.511014957,0.4918032786885246,0.0,-0.49840388241954875,-0.16439615509141134,0.0,0.0,0.0
0.30000000000000004,0.2,0.30000000000000004,0.2,0.0,"(0.3, 0.2, 0.3, 0.2, 0.0)",0.06353925162951635,0.10209806137658425,0.6223355348066266,0.0601580065221875,29545533.27737067,-0.29434011970873386,-0.4781204708933692,0.06828384993516363,1.0,61.0,22416257.9001101,22815213.121281136,18020044.29935249,27341842.124297626,0.4918032786885246,0.0,-0.48209397977975443,-0.16677634333865946,0.0,0.0,0.0
0.25,0.15000000000000002,0.30000000000000004,0.15000000000000002,0.15000000000000002,"(0.25, 0.15, 0.3, 0.15, 0.15)",0.06349421835995117,0.09786829747671268,0.6487720742772637,0.0601580065221875,29513456.124656912,-0.29034277784842855,-0.47703735771649125,0.06650169463153556,1.0,61.0,22607868.35686809,22924958.30449495,18056024.037382152,27083821.667217802,0.4918032786885246,0.0,-0.4790721528034481,-0.15866517411401185,0.0,0.0,0.0
0.0,0.15000000000000002,0.30000000000000004,0.30000000000000004,0.25,"(0.0, 0.15, 0.3, 0.3, 0.25)",0.06334232910781257,0.10380319647160136,0.6102155931695404,0.0601580065221875,29455075.0680095,-0.3101070114119229,-0.5243052332303141,0.07223348295695663,1.0,61.0,22529184.249685284,22830964.81188013,17544680.924451634,27182807.262681037,0.4918032786885246,0.0,-0.5257315432933327,-0.17417350984675126,0.0,0.0,0.0
0.1,0.15000000000000002,0.30000000000000004,0.25,0.2,"(0.1, 0.15, 0.3, 0.25, 0.2)",0.06329744776635593,0.1013197645405508,0.624729518997477,0.0601580065221875,29449279.902982317,-0.30162760604876815,-0.5043937756740197,0.06929971942056183,1.0,61.0,22548039.212089222,22856408.258542877,17717406.876586244,27168466.61881789,0.4918032786885246,0.0,-0.5060645635559476,-0.16843512851842368,0.0,0.0,0.0
0.2,0.15000000000000002,0.30000000000000004,0.2,0.15000000000000002,"(0.2, 0.15, 0.3, 0.2, 0.15)",0.06323617840275975,0.09892832852555841,0.6392120370902911,0.0601580065221875,29439118.522542853,-0.2930807221956998,-0.48472434809119935,0.06726120946035138,1.0,61.0,22564795.029050395,22879395.91669804,17890087.32672783,27151609.93139994,0.4918032786885246,0.0,-0.48662071791385136,-0.16272503767031432,0.0,0.0,0.0
0.30000000000000004,0.15000000000000002,0.30000000000000004,0.15000000000000002,0.1,"(0.3, 0.15, 0.3, 0.15, 0.1)",0.06315853976055918,0.09663571851363423,0.6535734481205127,0.0601580065221875,29424601.27195852,-0.28446625968520833,-0.46529694339659894,0.06593469895455455,1.0,61.0,22579450.18298779,22899922.723998643,18062689.308700148,27132245.91367434,0.4918032786885246,0.0,-0.46740004542430447,-0.15704417132832835,0.0,0.0,0.0
0.15000000000000002,0.1,0.30000000000000004,0.15000000000000002,0.30000000000000004,"(0.15, 0.1, 0.3, 0.15, 0.3)",0.06303604982793543,0.09610510727855646,0.6559073873694161,0.0601580065221875,29365892.79310282,-0.2892374860384995,-0.4835859409740099,0.06564717032531876,1.0,61.0,22741322.59025266,22969205.83447097,17912803.576355707,26872704.91968855,0.4918032786885246,0.0,-0.4835446068153853,-0.17064137467207738,0.0,0.0,0.0
0.05,0.15000000000000002,0.30000000000000004,0.30000000000000004,0.2,"(0.05, 0.15, 0.3, 0.3, 0.2)",0.06302411031844435,0.10248771338784748,0.6149430818105993,0.0601580065221875,29371035.075863887,-0.3043370924446124,-0.512264045391744,0.07023053181844557,1.0,61.0,22503691.00616392,22808772.827761512,17553371.23630602,27234299.12197677,0.4918032786885246,0.0,-0.513781951841845,-0.17388949281706267,0.0,0.0,0.0
0.15000000000000002,0.15000000000000002,0.30000000000000004,0.25,0.15000000000000002,"(0.15, 0.15, 0.3, 0.25, 0.15)",0.06297036946195167,0.10005157857877221,0.6293790698402033,0.0601580065221875,29362893.972207535,-0.2958161781639267,-0.49247291695241546,0.06802072428916724,1.0,61.0,22521209.335571617,22832792.121185523,17725047.434929017,27218409.687429283,0.4918032786885246,0.0,-0.494226183630072,-0.16900045949829037,0.0,0.0,0.0
0.25,0.1,0.30000000000000004,0.1,0.25,"(0.25, 0.1, 0.3, 0.1, 0.25)",0.06296259011283611,0.09370385850577577,0.671931669803706,0.0601580065221875,29352494.50381525,-0.28054812873795665,-0.46389015219547225,0.06415254365092647,1.0,61.0,22756800.635118198,22990333.60086499,18086178.86610801,26854680.754610565,0.4918032786885246,0.0,-0.4641246410887815,-0.1648749847311777,0.0,0.0,0.0
0.25,0.15000000000000002,0.30000000000000004,0.2,0.1,"(0.25, 0.15, 0.3, 0.2, 0.1)",0.06290026353897216,0.09771097055201254,0.6437379874912788,0.0601580065221875,29350406.38815347,-0.2872278054201065,-0.4729239133301425,0.0666942137833704,1.0,61.0,22536631.83910923,22854357.875354204,17896657.851839513,27200005.20432107,0.4918032786885246,0.0,-0.47489359993401975,-0.16414835738548905,0.0,0.0,0.0
0.1,0.1,0.30000000000000004,0.2,0.30000000000000004,"(0.1, 0.1, 0.3, 0.2, 0.3)",0.06278795791832836,0.09709121183474141,0.6466904339931353,0.0601580065221875,29294561.797005422,-0.29197260346823184,-0.49141089158067064,0.0665779827232025,1.0,61.0,22699027.4410353,22924886.279245425,17749085.479153328,26941323.544063017,0.4918032786885246,0.0,-0.4911990675246504,-0.17464633386979667,0.0,0.0,0.0
0.2,0.1,0.30000000000000004,0.15000000000000002,0.25,"(0.2, 0.1, 0.3, 0.15, 0.25)",0.06272201722666093,0.09463821824037437,0.6627556857352433,0.0601580065221875,29283181.026166108,-0.2833094819623091,-0.4715904391979871,0.06491205847974231,1.0,61.0,22715277.53447507,22947056.202160068,17921476.563650195,26924247.273422066,0.4918032786885246,0.0,-0.471664547916479,-0.1689006114148396,0.0,0.0,0.0
0.30000000000000004,0.1,0.30000000000000004,0.1,0.2,"(0.3, 0.1, 0.3, 0.1, 0.2)",0.06263972998726652,0.09228547934189973,0.6787604120817157,0.0601580065221875,29267471.291070454,-0.27457776449631055,-0.4520155348118929,0.06358554797394546,1.0,61.0,22729413.90241299,22966760.261853486,18093778.5035203,26904690.824848868,0.4918032786885246,0.0,-0.45235590005004034,-0.1631843229436537,0.0,0.0,0.0
0.05,0.1,0.25,0.30000000000000004,0.30000000000000004,"(0.05, 0.1, 0.25, 0.3, 0.3)",0.06090149535269851,0.08761405581957224,0.6951110159552005,0.0601580065221875,28824088.095938236,-0.2615334649399744,-0.42451080719892204,0.060829550301798534,1.0,61.0,22708065.97499952,22832597.226152603,18025932.65791171,26492974.834679417,0.4918032786885246,0.0,-0.42444542169841754,-0.1500892694974908,0.0,0.0,0.0
0.30000000000000004,0.25,0.0,0.30000000000000004,0.15000000000000002,"(0.3, 0.25, 0.0, 0.3, 0.15)",0.05545806448316437,0.0552639964010952,1.003511654869486,0.0601580065221875,27706651.97009669,-0.1312040900454976,-0.1654009828583538,0.038014873057290566,0.0,61.0,22851263.741217006,22989897.780528642,19404771.218738046,25217821.71505323,0.47540983606557374,0.4426229508196721,-0.16878312920892735,-0.04543885597573717,0.0,0.0,0.0
0.30000000000000004,0.15000000000000002,0.1,0.30000000000000004,0.15000000000000002,"(0.3, 0.15, 0.1, 0.3, 0.15)",0.05634708067752281,0.056629761056706765,0.9950082717301086,0.0601580065221875,27796424.56298063,-0.14757464281224952,-0.20274254932308777,0.03921209809177221,0.0,61.0,22785061.074471917,22986237.518819798,20022927.63145899,25023732.989369668,0.47540983606557374,0.21311475409836064,-0.20425325440100456,-0.07199504534350087,0.0,0.0,0.0
0.30000000000000004,0.05,0.15000000000000002,0.30000000000000004,0.2,"(0.3, 0.05, 0.15, 0.3, 0.2)",0.055271672223701884,0.056725157105325406,0.9743767147453688,0.0601580065221875,27438773.51665038,-0.15047581180257052,-0.21984720346741937,0.03744094647316167,0.0,61.0,22803346.83479455,22647365.46712726,19071242.779980496,25554729.41274754,0.47540983606557374,0.18032786885245902,-0.2195764288434943,-0.08705770434631677,0.0,0.0,0.0
0.30000000000000004,0.05,0.15000000000000002,0.25,0.25,"(0.3, 0.05, 0.15, 0.25, 0.25)",0.05584361971947227,0.057403598049930345,0.972824380640719,0.0601580065221875,27586724.660293024,-0.15395343505102688,-0.22439779761698075,0.03834458284997589,0.0,61.0,22882197.3797546,22672010.456357118,19242951.303237468,25540935.85856467,0.47540983606557374,0.16393442622950818,-0.22414289981428265,-0.08792874644758676,0.0,0.0,0.0
0.25,0.05,0.15000000000000002,0.30000000000000004,0.25,"(0.25, 0.05, 0.15, 0.3, 0.25)",0.055633672294258085,0.05841644777037366,0.9523631514354614,0.0601580065221875,27528590.36853208,-0.15720627476938775,-0.23070180299162493,0.03896054482309848,0.0,61.0,22840300.167977978,22686966.343709532,19070073.939963046,25571106.319315974,0.47540983606557374,0.16393442622950818,-0.2303561472981245,-0.08761815817270614,0.0,0.0,0.0
0.30000000000000004,0.30000000000000004,0.0,0.25,0.15000000000000002,"(0.3, 0.3, 0.0, 0.25, 0.15)",0.057168375841093244,0.06275567478969861,0.9109674309561798,0.0601580065221875,28172219.84398308,-0.1556735841815452,-0.195246498393571,0.0428502770503405,0.0,61.0,22880662.695483014,22949692.45518555,18783944.232640352,26354895.63527955,0.47540983606557374,0.11475409836065574,-0.20042627017053444,-0.0479745454015202,0.0,0.0,0.0
0.30000000000000004,0.2,0.1,0.30000000000000004,0.1,"(0.3, 0.2, 0.1, 0.3, 0.1)",0.05753532233433489,0.06257154358962257,0.9195125936429204,0.0601580065221875,28123358.75994811,-0.16882192293515574,-0.23158220978932229,0.04271824044241298,0.0,61.0,22722157.16484181,22786929.214936852,20014486.02811875,24986351.67070814,0.47540983606557374,0.09836065573770492,-0.23421551118671852,-0.06729132928894233,0.0,0.0,0.0
0.30000000000000004,0.1,0.15000000000000002,0.25,0.2,"(0.3, 0.1, 0.15, 0.25, 0.2)",0.05717567917184052,0.06102739028753557,0.9368855345518234,0.0601580065221875,27947437.974818934,-0.1686838732660345,-0.2438233867945909,0.041139972251422186,0.0,61.0,22831713.15716444,22962418.028183874,19416964.59999681,25501139.814762734,0.47540983606557374,0.09836065573770492,-0.2445065999452633,-0.09020119367729894,0.0,0.0,0.0
0.25,0.1,0.15000000000000002,0.30000000000000004,0.2,"(0.25, 0.1, 0.15, 0.3, 0.2)",0.056956418750043536,0.06212106848963464,0.9168615436733374,0.0601580065221875,27886219.9921046,-0.17188606095285786,-0.25013753264521127,0.04203711175722974,0.0,61.0,22788453.69100085,22820738.531209406,19241618.992416535,25529992.917005077,0.47540983606557374,0.09836065573770492,-0.2507461983283195,-0.0892626343948897,0.0,0.0,0.0
0.30000000000000004,0.1,0.15000000000000002,0.30000000000000004,0.15000000000000002,"(0.3, 0.1, 0.15, 0.3, 0.15)",0.05659053020936078,0.06059400053444632,0.9339295922075708,0.0601580065221875,27794369.01304836,-0.1652531745841489,-0.23941167452203543,0.03981071060901303,0.0,61.0,22751235.939219743,22637341.245557543,19243077.342862062,25513552.96802447,0.47540983606557374,0.09836065573770492,-0.24006061515500107,-0.08419247451998066,0.0,0.0,0.0
0.2,0.05,0.15000000000000002,0.30000000000000004,0.30000000000000004,"(0.2, 0.05, 0.15, 0.3, 0.3)",0.05598695997156211,0.060196148739741134,0.9300754474114696,0.0601580065221875,27616484.860143345,-0.16391680349918303,-0.24161620230996214,0.040757370554805696,0.0,61.0,22876233.119576648,22725998.63310153,19067690.848784618,25585960.277169112,0.47540983606557374,0.09836065573770492,-0.2411906839007309,-0.09190781891877266,0.0,0.0,0.0
0.30000000000000004,0.0,0.2,0.30000000000000004,0.2,"(0.3, 0.0, 0.2, 0.3, 0.2)",0.055345408437075916,0.06335140711549604,0.873625558721618,0.0601580065221875,27397032.782216,-0.16994016756031727,-0.26209452602928834,0.04278493701110475,0.0,61.0,22767276.635565635,22941593.268380884,18322706.198663764,26027794.682125255,0.47540983606557374,0.09836065573770492,-0.2605465418540856,-0.12149495818937983,0.0,0.0,0.0
0.30000000000000004,0.25,0.15000000000000002,0.15000000000000002,0.15000000000000002,"(0.3, 0.25, 0.15, 0.15, 0.15)",0.06180759243113365,0.07847665490666204,0.7875920871582242,0.0601580065221875,29233542.903466735,-0.22569980018796598,-0.31904548114901304,0.05431692258816282,1.0,61.0,22791194.150433026,22745506.51546517,19145521.735187624,26037212.97100569,0.47540983606557374,0.06557377049180328,-0.3237281107461842,-0.0889612940556407,0.0,0.0,0.0
0.25,0.30000000000000004,0.05,0.1,0.30000000000000004,"(0.25, 0.3, 0.05, 0.1, 0.3)",0.06086993388056494,0.07195466263734693,0.8459484298793915,0.0601580065221875,29102974.38583964,-0.198856135457133,-0.2586171580876232,0.05316921799366629,1.0,61.0,23083317.296139468,22961874.00621404,18368751.81385022,27555088.488007817,0.47540983606557374,0.06557377049180328,-0.2638376758777226,-0.0787285811782113,0.0,0.0,0.0
0.15000000000000002,0.2,0.15000000000000002,0.25,0.25,"(0.15, 0.2, 0.15, 0.25, 0.25)",0.06062608905978917,0.07580822111862101,0.7997297412496254,0.0601580065221875,28884527.54370771,-0.21729132340608048,-0.3129065924781971,0.054831460397353884,1.0,61.0,22810160.29583673,22805738.62647136,19643382.074162368,25417939.312596463,0.47540983606557374,0.06557377049180328,-0.3159557856070981,-0.09716639506650716,0.0,0.0,0.0
0.30000000000000004,0.30000000000000004,0.05,0.1,0.25,"(0.3, 0.3, 0.05, 0.1, 0.25)",0.06052056461549826,0.07041973355201155,0.8594262085754439,0.0601580065221875,29012015.74434558,-0.19300551579602143,-0.25008825887760583,0.05094281684544958,1.0,61.0,23043587.72193507,22990301.135745585,18453266.020699866,27336398.51485584,0.47540983606557374,0.06557377049180328,-0.25521397192703454,-0.07313212950308125,0.0,0.0,0.0
0.25,0.2,0.15000000000000002,0.2,0.2,"(0.25, 0.2, 0.15, 0.2, 0.2)",0.060509075898428355,0.07328659791003732,0.8256499499772938,0.0601580065221875,28860555.48011426,-0.20862579010552174,-0.29736989000268116,0.05170791974332961,1.0,61.0,22821280.020304985,22762154.846253894,19688897.10885498,25388003.617686354,0.47540983606557374,0.06557377049180328,-0.3004595644972196,-0.09272746382448574,0.0,0.0,0.0
0.1,0.2,0.15000000000000002,0.30000000000000004,0.25,"(0.1, 0.2, 0.15, 0.3, 0.25)",0.06038868401741615,0.07691060214931278,0.7851802265203789,0.0601580065221875,28816636.061418764,-0.22023019581511893,-0.31923414609465395,0.05572859990316144,1.0,61.0,22763380.014319263,22842178.440983534,19547609.624394547,25476844.661444448,0.47540983606557374,0.06557377049180328,-0.3222280698395456,-0.09616578715041528,0.0,0.0,0.0
0.30000000000000004,0.1,0.25,0.2,0.15000000000000002,"(0.3, 0.1, 0.25, 0.2, 0.15)",0.06038699697346117,0.08110141909451997,0.7445861940231022,0.0601580065221875,28702886.45979898,-0.23731537685115422,-0.3750834735216989,0.05501041715293135,1.0,61.0,22704001.739149146,22732094.92715968,18377556.9193032,26497989.744465906,0.47540983606557374,0.06557377049180328,-0.3755733218268785,-0.1374554490236731,0.0,0.0,0.0
0.25,0.30000000000000004,0.05,0.15000000000000002,0.25,"(0.25, 0.3, 0.05, 0.15, 0.25)",0.060318390602466465,0.0711272465652088,0.848034944627965,0.0601580065221875,28952658.898964748,-0.19600627281303828,-0.25569283970975837,0.051839956351257134,1.0,61.0,22994674.18065944,22961775.271097977,18498551.67536097,27168588.347097177,0.47540983606557374,0.06557377049180328,-0.26083327946681695,-0.07228682064372012,0.0,0.0,0.0
0.2,0.2,0.15000000000000002,0.25,0.2,"(0.2, 0.2, 0.15, 0.25, 0.2)",0.06027921857457308,0.07432864353231612,0.8109823576743369,0.0601580065221875,28794673.096628346,-0.21159070186150453,-0.303598163836087,0.052605059249137165,1.0,61.0,22775280.974812284,22822120.108466584,19733440.46545162,25454212.984849714,0.47540983606557374,0.06557377049180328,-0.3066402816015455,-0.09176041361992392,0.0,0.0,0.0
0.30000000000000004,0.05,0.25,0.1,0.30000000000000004,"(0.3, 0.05, 0.25, 0.1, 0.3)",0.06026767555623014,0.07850784987776584,0.7676643246511647,0.0601580065221875,28657279.07420648,-0.23024987259890428,-0.3652549050678989,0.05246874702048741,1.0,61.0,22911174.033877514,22942498.46531186,18553666.660065055,26347321.301056083,0.47540983606557374,0.06557377049180328,-0.36439139925864217,-0.14118453291721042,0.0,0.0,0.0
0.30000000000000004,0.2,0.15000000000000002,0.2,0.15000000000000002,"(0.3, 0.2, 0.15, 0.2, 0.15)",0.06015353150067959,0.07186641903709787,0.8370186285423236,0.0601580065221875,28768506.658708286,-0.20289184335841148,-0.2881495467879238,0.04948151859511289,0.0,61.0,22785074.7689875,22797852.632749133,19779137.03386177,25429265.404970687,0.47540983606557374,0.06557377049180328,-0.2912245399726898,-0.08737200329092848,0.0,0.0,0.0
0.25,0.1,0.25,0.25,0.15000000000000002,"(0.25, 0.1, 0.25, 0.25, 0.15)",0.06014532421352725,0.08218972056310132,0.7317864545767686,0.0601580065221875,28634589.564506415,-0.2402566340651302,-0.38227165517645184,0.05576993198174719,0.0,61.0,22661778.759640504,22545799.248053625,18209958.98220852,26565632.34809063,0.47540983606557374,0.06557377049180328,-0.3826349013859365,-0.14146630779669186,0.0,0.0,0.0
0.2,0.30000000000000004,0.05,0.2,0.25,"(0.2, 0.3, 0.05, 0.2, 0.25)",0.06010843678818811,0.07193139225493027,0.8356356648173761,0.0601580065221875,28891395.97345801,-0.199003518285921,-0.26134864020700005,0.05273709585706469,0.0,61.0,22945271.329910416,22951143.964207985,18543172.6507895,27001019.575076103,0.47540983606557374,0.06557377049180328,-0.2666559308319185,-0.07145054077671241,0.0,0.0,0.0
0.15000000000000002,0.2,0.15000000000000002,0.30000000000000004,0.2,"(0.15, 0.2, 0.15, 0.3, 0.2)",0.060041611537035244,0.07545503775662486,0.7957270093839912,0.0601580065221875,28726922.541848473,-0.21455208897340472,-0.3098809067270582,0.053502198754944726,0.0,61.0,22728782.48616976,22768008.364498347,19553449.393043216,25519515.61298731,0.47540983606557374,0.06557377049180328,-0.3128718139220203,-0.09080238410006236,0.0,0.0,0.0
0.05,0.30000000000000004,0.05,0.30000000000000004,0.30000000000000004,"(0.05, 0.3, 0.05, 0.3, 0.3)",0.060015375972424234,0.07527267885721288,0.7973062322688063,0.0601580065221875,28853655.46569192,-0.2107468817947008,-0.2815122975884078,0.05675777601689653,0.0,61.0,22883541.583680935,22893644.982395962,18545302.08890466,26879791.00867099,0.47540983606557374,0.06557377049180328,-0.2879055386953842,-0.07522828828507021,0.0,0.0,0.0
0.30000000000000004,0.30000000000000004,0.05,0.15000000000000002,0.2,"(0.3, 0.3, 0.05, 0.15, 0.2)",0.05995996672336412,0.06969410859916798,0.8603304917523535,0.0601580065221875,28859765.93281309,-0.19016720524508768,-0.24716235105318907,0.049613555203040414,0.0,61.0,22954208.78329832,22949130.191575956,18582619.8724507,26952036.179228574,0.47540983606557374,0.06557377049180328,-0.2522082463195235,-0.06683126875983447,0.0,0.0,0.0
0.25,0.2,0.15000000000000002,0.25,0.15000000000000002,"(0.25, 0.2, 0.15, 0.25, 0.15)",0.05992347299822898,0.07293123570214481,0.821643462109428,0.0601580065221875,28702764.29342217,-0.20587935755135855,-0.2943330888865946,0.050378658100920445,0.0,61.0,22739359.35956861,22719353.893785447,19738092.07470772,25495452.24303657,0.47540983606557374,0.06557377049180328,-0.2973645682546029,-0.08644699650668518,0.0,0.0,0.0
0.30000000000000004,0.1,0.25,0.25,0.1,"(0.3, 0.1, 0.25, 0.25, 0.1)",0.05979249795034702,0.08089919715752801,0.7390987803490591,0.0601580065221875,28543748.95909879,-0.23408203496816293,-0.37078909949439764,0.05520293630476619,0.0,61.0,22629724.599771243,22477818.914010324,18213454.07802896,26609064.582180362,0.47540983606557374,0.06557377049180328,-0.3712372373659447,-0.13998492496452522,0.0,0.0,0.0
0.30000000000000004,0.30000000000000004,0.05,0.2,0.15000000000000002,"(0.3, 0.3, 0.05, 0.2, 0.15)",0.05938238242624938,0.06919228021682772,0.8582226548996928,0.0601580065221875,28703849.953434303,-0.18770698146149145,-0.24480136555919962,0.048284293560631256,0.0,61.0,22863918.480201922,22957803.088582426,18710995.892599482,26571430.515363496,0.47540983606557374,0.06557377049180328,-0.2505971680507724,-0.06072026368494166,0.0,0.0,0.0
0.15000000000000002,0.30000000000000004,0.05,0.30000000000000004,0.2,"(0.15, 0.3, 0.05, 0.3, 0.2)",0.05930622190111601,0.07244413798233482,0.8186476304760169,0.0601580065221875,28670717.852789007,-0.19921657903043266,-0.26415610736607886,0.05230497372046309,0.0,61.0,22805448.14173558,22903192.80565674,18714897.98928766,26454222.603694715,0.47540983606557374,0.06557377049180328,-0.27088184255268655,-0.06455932217235097,0.0,0.0,0.0
0.30000000000000004,0.2,0.15000000000000002,0.30000000000000004,0.05,"(0.3, 0.2, 0.15, 0.3, 0.05)",0.05894728824901785,0.07159798119727181,0.8233093624050951,0.0601580065221875,28445601.72333515,-0.1974543692648516,-0.282084052445636,0.04718833332789568,0.0,61.0,22618779.352482304,22839055.44351819,19563415.212394457,25638779.26234989,0.47540983606557374,0.06557377049180328,-0.2851418015453801,-0.08830767964032935,0.0,0.0,0.0
0.2,0.30000000000000004,0.05,0.30000000000000004,0.15000000000000002,"(0.2, 0.3, 0.05, 0.3, 0.15)",0.058938419219740634,0.07116022166976255,0.8282495168896415,0.0601580065221875,28576225.861224778,-0.19343477426809919,-0.25554030569242686,0.05007857257224638,0.0,61.0,22764865.40592014,22932068.404927026,18798787.869330954,26242548.149704654,0.47540983606557374,0.06557377049180328,-0.2624019894388728,-0.06631747691559316,0.0,0.0,0.0
0.25,0.1,0.2,0.25,0.2,"(0.25, 0.1, 0.2, 0.25, 0.2)",0.05891606070719968,0.07206469849599345,0.8175439839032312,0.0601580065221875,28353807.64789774,-0.20835034417178477,-0.31674733207447664,0.048282778409721235,0.0,61.0,22768677.324174106,22919967.065139025,18810628.410597343,25944037.877518196,0.47540983606557374,0.06557377049180328,-0.3172933002029848,-0.11160141508853373,0.0,0.0,0.0
0.30000000000000004,0.30000000000000004,0.05,0.25,0.1,"(0.3, 0.3, 0.05, 0.25, 0.1)",0.05878787407689123,0.06891913724104841,0.8529978236854223,0.0601580065221875,28544346.100554362,-0.18654130204249564,-0.2444815254944894,0.04695503191822209,0.0,61.0,22772733.894632723,22946173.37026897,18838368.676774405,26194576.155532524,0.47540983606557374,0.06557377049180328,-0.2510931159275305,-0.06317068076002143,0.0,0.0,0.0
0.2,0.1,0.2,0.30000000000000004,0.2,"(0.2, 0.1, 0.2, 0.3, 0.2)",0.05868181183583454,0.0731900567986963,0.8017730058228321,0.0601580065221875,28288061.421007436,-0.21140558255384378,-0.32355223248571946,0.049213590807604984,0.0,61.0,22725530.191506367,22850835.040010653,18639601.85354771,25985707.859833192,0.47540983606557374,0.06557377049180328,-0.3239935732389132,-0.1157165128920341,0.0,0.0,0.0
0.30000000000000004,0.25,0.1,0.30000000000000004,0.05,"(0.3, 0.25, 0.1, 0.3, 0.05)",0.05862930855326809,0.06932353616095152,0.8457345340426061,0.0601580065221875,28429524.924654808,-0.18980374572194203,-0.2599329403490025,0.04622438279305375,0.0,61.0,22649915.576062504,22803734.5388158,19507782.47558397,25115609.928850316,0.47540983606557374,0.06557377049180328,-0.26530261751459205,-0.07902292507805406,0.0,0.0,0.0
0.30000000000000004,0.1,0.2,0.25,0.15000000000000002,"(0.3, 0.1, 0.2, 0.25, 0.15)",0.058561114950912874,0.0706118228500039,0.8293386657827887,0.0601580065221875,28263296.09877103,-0.20194690539117632,-0.3056460838871507,0.046279827271210196,0.0,61.0,22734409.76742418,22809363.193325635,18813755.188043594,25960644.144736134,0.47540983606557374,0.06557377049180328,-0.30625420779586315,-0.1103357943133569,0.0,0.0,0.0
0.30000000000000004,0.05,0.2,0.15000000000000002,0.30000000000000004,"(0.3, 0.05, 0.2, 0.15, 0.3)",0.058405633806352775,0.0681580667372696,0.8569144725229701,0.0601580065221875,28208746.52329826,-0.1945244316239848,-0.295492969850214,0.04463022931447816,0.0,61.0,22942532.98368169,22821379.897145946,18987595.848264087,25944733.539801408,0.47540983606557374,0.06557377049180328,-0.29498632032888467,-0.11465885746123083,0.0,0.0,0.0
0.25,0.05,0.2,0.2,0.30000000000000004,"(0.25, 0.05, 0.2, 0.2, 0.3)",0.058196386942301226,0.06900333881660302,0.8433850874517175,0.0601580065221875,28149709.703495536,-0.19760873480325725,-0.30222576211684443,0.04556104171236191,0.0,61.0,22901495.878901996,22668040.153778836,18817201.256686155,25975904.783408903,0.47540983606557374,0.06557377049180328,-0.3016003122333661,-0.11704397695038675,0.0,0.0,0.0
0.2,0.05,0.2,0.25,0.30000000000000004,"(0.2, 0.05, 0.2, 0.25, 0.3)",0.057979419514931685,0.06994492927788731,0.828929560920459,0.0601580065221875,28088825.01471132,-0.20069003170315403,-0.3090224973187368,0.04649185411024566,0.0,61.0,22859935.68748003,22632368.97723556,18647677.653348804,26005918.13301382,0.47540983606557374,0.06557377049180328,-0.3082737173406798,-0.11775582997485551,0.0,0.0,0.0
0.30000000000000004,0.05,0.2,0.2,0.25,"(0.3, 0.05, 0.2, 0.2, 0.25)",0.0578542388085983,0.06730607462598408,0.8595693498705863,0.0601580065221875,28063046.584743015,-0.19110436691974864,-0.2909918711219523,0.0438936161994733,0.0,61.0,22868244.747426715,22586442.323382385,18821283.918310747,25963336.408933923,0.47540983606557374,0.06557377049180328,-0.29046429187351425,-0.1125925936249536,0.0,0.0,0.0
0.15000000000000002,0.05,0.2,0.30000000000000004,0.30000000000000004,"(0.15, 0.05, 0.2, 0.3, 0.3)",0.05775473820837318,0.07097900501494316,0.8136876277177191,0.0601580065221875,28026105.200501084,-0.20376827861741975,-0.31588313762768316,0.047422666508129416,0.0,61.0,22817854.769669246,22536782.607332833,18479029.647574328,26034769.585080266,0.47540983606557374,0.06557377049180328,-0.31500644799359867,-0.11847182226524398,0.0,0.0,0.0
0.25,0.05,0.2,0.25,0.25,"(0.25, 0.05, 0.2, 0.25, 0.25)",0.0576370622364375,0.06827372250806092,0.8442056492471525,0.0601580065221875,28002280.23718141,-0.1942114418945603,-0.2977304061753119,0.044653131028289154,0.0,61.0,22826956.14758931,22492144.127127748,18651694.69026551,25993287.156268667,0.47540983606557374,0.06557377049180328,-0.2970847430317286,-0.11331253713612238,0.0,0.0,0.0
0.2,0.05,0.2,0.30000000000000004,0.25,"(0.2, 0.05, 0.2, 0.3, 0.25)",0.057412175970648516,0.06933533259478747,0.828036353502178,0.0601580065221875,27939685.35573524,-0.19731540828654515,-0.304532832831729,0.045419715369618384,0.0,61.0,22785146.668740213,22397134.424967498,18482982.26479659,26022076.705901228,0.47540983606557374,0.06557377049180328,-0.30376453480758103,-0.11403660789524919,0.0,0.0,0.0
0.2,0.30000000000000004,0.2,0.0,0.30000000000000004,"(0.2, 0.3, 0.2, 0.0, 0.3)",0.06635480197224886,0.09810530533922986,0.6763630340154013,0.0601580065221875,30457666.66240994,-0.29333120639419585,-0.43196054560286345,0.07082192500331509,1.0,61.0,22873037.85106612,22905632.638986696,18102980.0154734,28184126.93934609,0.47540983606557374,0.04918032786885246,-0.4396317491218785,-0.12476452673125019,0.0,0.0,0.0
0.15000000000000002,0.30000000000000004,0.2,0.05,0.30000000000000004,"(0.15, 0.3, 0.2, 0.05, 0.3)",0.06612318055237698,0.09889886445932405,0.6685939309199316,0.0601580065221875,30388001.929385077,-0.2955684755985034,-0.4379004909674093,0.07175273740119885,1.0,61.0,22825552.243107524,22773684.532734446,18145257.572077226,28027933.1953888,0.47540983606557374,0.04918032786885246,-0.4455131461262473,-0.12354154509294965,0.0,0.0,0.0
0.25,0.30000000000000004,0.2,0.0,0.25,"(0.25, 0.3, 0.2, 0.0, 0.25)",0.06604055252721097,0.09667877995148008,0.6830925313740468,0.0601580065221875,30372255.601219278,-0.289776082349836,-0.42624710596963183,0.06881897386480407,1.0,61.0,22842988.922226742,22844682.797409955,18191511.63688562,28043479.22112411,0.47540983606557374,0.04918032786885246,-0.43393486993863767,-0.11870141620176802,0.0,0.0,0.0
0.30000000000000004,0.2,0.30000000000000004,0.0,0.2,"(0.3, 0.2, 0.3, 0.0, 0.2)",0.06589997632253941,0.10282596061856611,0.6408885064249097,0.0601580065221875,30202696.61649036,-0.30676508756188214,-0.49411602543318767,0.07044248400764071,1.0,61.0,22703800.59962366,22907822.249519423,18666032.203968037,26871342.991115957,0.47540983606557374,0.04918032786885246,-0.4984185720615894,-0.140256767284705,0.0,0.0,0.0
0.2,0.2,0.25,0.05,0.30000000000000004,"(0.2, 0.2, 0.25, 0.05, 0.3)",0.06496222983827926,0.09517057507287711,0.6825873416077844,0.0601580065221875,29980427.15971183,-0.28594981075974424,-0.4451336473499497,0.06776914146537505,1.0,61.0,22829263.316621494,22679385.934775133,19128372.162300628,26267113.098476816,0.47540983606557374,0.04918032786885246,-0.44907838950072604,-0.13499114291283942,0.0,0.0,0.0
0.30000000000000004,0.2,0.25,0.0,0.25,"(0.3, 0.2, 0.25, 0.0, 0.25)",0.06487672500647101,0.0928815490562088,0.6984888351421636,0.0601580065221875,29963800.282238558,-0.27719106040605934,-0.42669774724221976,0.06483537792898025,1.0,61.0,22844931.03812287,22692051.00835042,19258998.36735143,26248220.135313597,0.47540983606557374,0.04918032786885246,-0.43074452619327397,-0.13032788360012384,0.0,0.0,0.0
0.2,0.25,0.2,0.05,0.30000000000000004,"(0.2, 0.25, 0.2, 0.05, 0.3)",0.06485215685473222,0.0913703525459286,0.7097724266975262,0.0601580065221875,30016350.218785092,-0.2691197558350984,-0.3966288904260958,0.0659559108247012,1.0,61.0,22885095.5760845,22834772.81567113,18716857.470469687,26960203.71672254,0.47540983606557374,0.04918032786885246,-0.40201494905120816,-0.12226964170334095,0.0,0.0,0.0
0.15000000000000002,0.2,0.25,0.1,0.30000000000000004,"(0.15, 0.2, 0.25, 0.1, 0.3)",0.06472619830925308,0.09603861017368838,0.6739601728116851,0.0601580065221875,29910787.59786366,-0.2886851676862593,-0.452410697889162,0.06869995386325879,1.0,61.0,22784665.26161239,22710885.531745143,18954336.832493298,26336168.245468803,0.47540983606557374,0.04918032786885246,-0.45625774124556906,-0.1337047463141868,0.0,0.0,0.0
0.25,0.2,0.25,0.05,0.25,"(0.25, 0.2, 0.25, 0.05, 0.25)",0.06464824532756186,0.09369325440926343,0.6899989303943966,0.0601580065221875,29896226.570627097,-0.2799527782859007,-0.4338566713924114,0.06576619032686401,1.0,61.0,22801103.561619606,22724373.44531579,19139077.140102208,26318200.288605146,0.47540983606557374,0.04918032786885246,-0.4378144660154498,-0.12907797240884872,0.0,0.0,0.0
0.1,0.2,0.25,0.15000000000000002,0.30000000000000004,"(0.1, 0.2, 0.25, 0.15, 0.3)",0.06448236309706856,0.09697569069544258,0.6649332697157984,0.0601580065221875,29839201.083093308,-0.29141817569275386,-0.45974753086943326,0.06963076626114255,1.0,61.0,22739558.880506653,22741460.816847127,18781215.77282238,26404280.530534975,0.47540983606557374,0.04918032786885246,-0.4634926740257674,-0.13242872156448227,0.0,0.0,0.0
0.2,0.2,0.25,0.1,0.25,"(0.2, 0.2, 0.25, 0.1, 0.25)",0.06441195947333034,0.09457675901557383,0.68105483993931,0.0601580065221875,29826697.989905618,-0.2827121347795406,-0.4410754550937201,0.06669700272474777,1.0,61.0,22756764.999497626,22755773.543808408,18964905.807263244,26387243.835919313,0.47540983606557374,0.04918032786885246,-0.44494013610119515,-0.12783826608893006,0.0,0.0,0.0
0.30000000000000004,0.2,0.25,0.05,0.2,"(0.3, 0.2, 0.25, 0.05, 0.2)",0.0643251386852417,0.0922809325668043,0.6970577441734808,0.0601580065221875,29809780.86628607,-0.2739367482962173,-0.42263671527942603,0.06376323918835297,1.0,61.0,22771850.981848925,22768071.672176085,19148521.330720995,26367765.71074353,0.47540983606557374,0.04918032786885246,-0.4266037050088404,-0.12326226881882403,0.0,0.0,0.0
0.1,0.25,0.25,0.25,0.15000000000000002,"(0.1, 0.25, 0.25, 0.25, 0.15)",0.06428078618631439,0.10217126968741497,0.6291473756074133,0.0601580065221875,29799811.671668053,-0.29854517908092904,-0.46898263081696484,0.07128036421787458,1.0,61.0,22499134.747176047,22539395.762280993,18577196.678951375,26723945.57925408,0.47540983606557374,0.04918032786885246,-0.47458389923653194,-0.13990388730678108,0.0,0.0,0.0
0.05,0.2,0.25,0.2,0.30000000000000004,"(0.05, 0.2, 0.25, 0.2, 0.3)",0.0642307312820154,0.09797983560404427,0.6555505108376011,0.0601580065221875,29765682.580364145,-0.29414879208493583,-0.4671440444697363,0.0705615786590263,1.0,61.0,22693946.755808387,22771108.151788127,18609013.460078817,26471441.642299093,0.47540983606557374,0.04918032786885246,-0.4707830405945693,-0.1311630095021584,0.0,0.0,0.0
0.2,0.25,0.25,0.2,0.1,"(0.2, 0.25, 0.25, 0.2, 0.1)",0.06421374384528056,0.09986160946947875,0.643027327382567,0.0601580065221875,29788249.766147006,-0.2927938131420338,-0.4567036033660511,0.06834660068147981,1.0,61.0,22516255.8538715,22553619.919185903,18758955.524050884,26706557.435442127,0.47540983606557374,0.04918032786885246,-0.4624477460939483,-0.13786935841518413,0.0,0.0,0.0
0.15000000000000002,0.2,0.25,0.15000000000000002,0.25,"(0.15, 0.2, 0.25, 0.15, 0.25)",0.06416787443249006,0.09553007080157441,0.6717034112303046,0.0601580065221875,29755229.103645388,-0.28546908706066865,-0.44835400724667496,0.06762781512263152,1.0,61.0,22711917.88067342,22786247.57181185,18791650.52736835,26455342.377161898,0.47540983606557374,0.04918032786885246,-0.45212139920362354,-0.12660870523703407,0.0,0.0,0.0
0.30000000000000004,0.25,0.25,0.15000000000000002,0.05,"(0.3, 0.25, 0.25, 0.15, 0.05)",0.06413028987461322,0.09765368478254302,0.6567114186978167,0.0601580065221875,29772281.014023185,-0.2870389244684832,-0.44455557949557484,0.065412837145085,1.0,61.0,22531280.108278975,22565846.43290201,18940643.213851497,26686696.258312482,0.47540983606557374,0.04918032786885246,-0.45043244409679023,-0.1358512157756115,0.0,0.0,0.0
0.25,0.2,0.25,0.1,0.2,"(0.25, 0.2, 0.25, 0.1, 0.2)",0.06408860451895859,0.09317976754204461,0.6877952822756346,0.0601580065221875,29740369.98607223,-0.2767201608614095,-0.42979744222199234,0.06469405158623671,1.0,61.0,22727773.85103731,22799370.545772232,18974226.49254685,26436793.871720143,0.47540983606557374,0.04918032786885246,-0.43367590852215243,-0.12206846978346818,0.0,0.0,0.0
0.0,0.2,0.25,0.25,0.30000000000000004,"(0.0, 0.2, 0.25, 0.25, 0.3)",0.06397131003285361,0.09904900525248025,0.645855148870884,0.0601580065221875,29690247.42080062,-0.2968769743243298,-0.4746001285573565,0.07149239105691005,1.0,61.0,22647831.499585383,22799824.005596746,18437734.221237462,26537643.361676697,0.47540983606557374,0.04918032786885246,-0.47812868575794537,-0.13109145620429144,0.0,0.0,0.0
0.1,0.2,0.25,0.2,0.25,"(0.1, 0.2, 0.25, 0.2, 0.25)",0.06391599728232045,0.09655112203486106,0.6619912429318298,0.0601580065221875,29681834.84527812,-0.2882235924560518,-0.45569222849557695,0.06855862752051527,1.0,61.0,22666564.7638936,22815791.904180437,18619315.757272493,26522487.603260808,0.47540983606557374,0.04918032786885246,-0.4593581101663657,-0.12538923022296322,0.0,0.0,0.0
0.25,0.25,0.25,0.2,0.05,"(0.25, 0.25, 0.25, 0.2, 0.05)",0.06386823042311573,0.09874627483353092,0.6467912894009064,0.0601580065221875,29696085.799618214,-0.2893496111734155,-0.45081407860185413,0.06634364954296876,1.0,61.0,22485448.33312838,22593676.76140338,18765949.638168484,26752927.254610006,0.47540983606557374,0.04918032786885246,-0.45660621203847684,-0.14078468160925722,0.0,0.0,0.0
0.2,0.2,0.25,0.15000000000000002,0.2,"(0.2, 0.2, 0.25, 0.15, 0.2)",0.06384427566374007,0.09414914391725919,0.6781184937788509,0.0601580065221875,29669025.571960267,-0.2795011138204526,-0.437017922739453,0.06562486398412047,1.0,61.0,22683187.947974727,22829741.63567208,18800849.40609706,26504874.92916987,0.47540983606557374,0.04918032786885246,-0.44080371652164146,-0.12223489351907744,0.0,0.0,0.0
0.30000000000000004,0.2,0.25,0.1,0.15000000000000002,"(0.3, 0.2, 0.25, 0.1, 0.15)",0.06375616427393793,0.09185059522938493,0.6941290267604167,0.0601580065221875,29651831.207516283,-0.270709430094905,-0.41857716221014185,0.06269110044772569,1.0,61.0,22697699.604339723,22841673.146912485,18982300.54886177,26484814.166008547,0.47540983606557374,0.04918032786885246,-0.42246551228681267,-0.11941605161560409,0.0,0.0,0.0
0.25,0.2,0.25,0.15000000000000002,0.15000000000000002,"(0.25, 0.2, 0.25, 0.15, 0.15)",0.06351159751469049,0.09283579700123788,0.6841283165139802,0.0601580065221875,29580618.027673036,-0.27351443930910235,-0.42573978211143404,0.06362191284560945,1.0,61.0,22653376.80442039,22871939.621742025,18808814.04493906,26552873.9934458,0.47540983606557374,0.04918032786885246,-0.4295400808215007,-0.12110802491540028,0.0,0.0,0.0
0.2,0.30000000000000004,0.15000000000000002,0.15000000000000002,0.2,"(0.2, 0.3, 0.15, 0.15, 0.2)",0.06348773394085772,0.08775058408421726,0.7235021237001266,0.0601580065221875,29705604.432727892,-0.2595571407580929,-0.37048928928577857,0.06227586723523704,1.0,61.0,22777008.257669587,22977057.858231455,18480113.557016872,27214592.464745954,0.47540983606557374,0.04918032786885246,-0.3772871595311871,-0.0967404627041411,0.0,0.0,0.0
0.25,0.2,0.2,0.05,0.30000000000000004,"(0.25, 0.2, 0.2, 0.05, 0.3)",0.06348368631772061,0.08426181409035409,0.7534099164972515,0.0601580065221875,29622766.638046965,-0.24943743973031318,-0.36928919743843996,0.06015908424820356,1.0,61.0,22934669.517012235,22900303.376755476,19296710.83557004,25923063.847250335,0.47540983606557374,0.04918032786885246,-0.372953598682845,-0.12097166524843478,0.0,0.0,0.0
0.30000000000000004,0.30000000000000004,0.15000000000000002,0.1,0.15000000000000002,"(0.3, 0.3, 0.15, 0.1, 0.15)",0.06337576670017331,0.08554067787158072,0.7408845508018672,0.0601580065221875,29682491.687154673,-0.25359924053920635,-0.35938884690153,0.05915232658121276,1.0,61.0,22790121.171129204,22951664.651494257,18523722.404297456,27227424.354303416,0.47540983606557374,0.04918032786885246,-0.36622674783423564,-0.09400150487161966,0.0,0.0,0.0
0.05,0.30000000000000004,0.15000000000000002,0.25,0.25,"(0.05, 0.3, 0.15, 0.25, 0.25)",0.06333525882530999,0.09111060431108167,0.6951469513807912,0.0601580065221875,29651719.33451834,-0.26787268268023134,-0.3874283783755518,0.06629654739506888,1.0,61.0,22712324.027580246,22906098.268303502,18476086.71050278,27047848.29683964,0.47540983606557374,0.04918032786885246,-0.3951082048540399,-0.10127511403278655,0.0,0.0,0.0
0.2,0.2,0.2,0.1,0.30000000000000004,"(0.2, 0.2, 0.2, 0.1, 0.3)",0.06326258185054323,0.08507203264468104,0.7436354802379181,0.0601580065221875,29557741.670269288,-0.2523081633415136,-0.37607222236440147,0.06108989664608731,1.0,61.0,22889829.55761072,22810458.279123385,19342544.4191418,25781039.48299026,0.47540983606557374,0.04918032786885246,-0.37966639443011085,-0.11978832502339139,0.0,0.0,0.0
0.15000000000000002,0.30000000000000004,0.15000000000000002,0.2,0.2,"(0.15, 0.3, 0.15, 0.2, 0.2)",0.06324724125172576,0.08873062523383834,0.7128005813668692,0.0601580065221875,29635032.643779937,-0.26192513721764366,-0.376129559146087,0.06317300674104459,1.0,61.0,22728320.29091445,22884529.736604422,18522063.040651575,27063215.655994818,0.47540983606557374,0.04918032786885246,-0.38337658951337616,-0.0985339413359219,0.0,0.0,0.0
0.25,0.30000000000000004,0.15000000000000002,0.15000000000000002,0.15000000000000002,"(0.25, 0.3, 0.15, 0.15, 0.15)",0.06314285407629194,0.0864617481914553,0.7302981422081878,0.0601580065221875,29613985.2935169,-0.2559745873298672,-0.36495666821217454,0.06004946608702032,1.0,61.0,22742205.528414164,22860369.05866519,18566488.7396643,27076815.877914734,0.47540983606557374,0.04918032786885246,-0.3717889199270633,-0.09580231886533254,0.0,0.0,0.0
0.0,0.30000000000000004,0.15000000000000002,0.30000000000000004,0.25,"(0.0, 0.3, 0.15, 0.3, 0.25)",0.06307939922550165,0.09221457173485927,0.6840502323957133,0.0601580065221875,29577181.757756338,-0.2702383490299155,-0.3931937783555589,0.06719368690087643,1.0,61.0,22662385.08661601,22811588.790574178,18516532.61702737,26895775.212715887,0.47540983606557374,0.04918032786885246,-0.4017412833094162,-0.1062454337641634,0.0,0.0,0.0
0.05,0.2,0.2,0.25,0.30000000000000004,"(0.05, 0.2, 0.2, 0.25, 0.3)",0.06255254770950702,0.08796706745160979,0.711090519687005,0.0601580065221875,29351104.928108305,-0.2609047234845908,-0.3967768334379053,0.06388233383973857,1.0,61.0,22752273.536416214,22770022.67172755,19077729.448028732,25958429.106482454,0.47540983606557374,0.04918032786885246,-0.4001366386330424,-0.11629799018678007,0.0,0.0,0.0
0.15000000000000002,0.2,0.2,0.2,0.25,"(0.15, 0.2, 0.2, 0.2, 0.25)",0.06247061747138294,0.08542794270322437,0.731266790403757,0.0601580065221875,29335892.97338799,-0.25187694321919674,-0.3788014496798358,0.06094857030334379,1.0,61.0,22767870.657545254,22755406.49500613,19262624.8099622,25939696.01235673,0.47540983606557374,0.04918032786885246,-0.38224693526409276,-0.11179139044609107,0.0,0.0,0.0
0.0,0.2,0.2,0.30000000000000004,0.30000000000000004,"(0.0, 0.2, 0.2, 0.3, 0.3)",0.0623003194190026,0.08907848791951985,0.6993868090272184,0.0601580065221875,29278420.0255619,-0.26376489686030224,-0.4037966230221544,0.06481314623762234,1.0,61.0,22705418.356324594,22840192.586250175,18902617.321542766,26023760.653554793,0.47540983606557374,0.04918032786885246,-0.40707025845159756,-0.11515423612554702,0.0,0.0,0.0
0.1,0.2,0.2,0.25,0.25,"(0.1, 0.2, 0.2, 0.25, 0.25)",0.0622259340233724,0.08648799298644792,0.7194748296809567,0.0601580065221875,29265231.447026603,-0.25476447613278574,-0.3857056204590837,0.06187938270122754,1.0,61.0,22721784.938608382,22826409.385081492,19086458.785626266,26005946.377620075,0.47540983606557374,0.04918032786885246,-0.38907354003448125,-0.11068260807055587,0.0,0.0,0.0
0.2,0.2,0.2,0.2,0.2,"(0.2, 0.2, 0.2, 0.2, 0.2)",0.0621352238553452,0.08399938845668498,0.7397104311942196,0.0601580065221875,29247732.620985266,-0.2456926792560601,-0.36784388967175535,0.058945619164832756,1.0,61.0,22736042.304332964,22810554.405570988,19270213.3772882,25985740.575394467,0.47540983606557374,0.04918032786885246,-0.37128898256596965,-0.10622591820808439,0.0,0.0,0.0
0.30000000000000004,0.2,0.2,0.15000000000000002,0.15000000000000002,"(0.3, 0.2, 0.2, 0.15, 0.15)",0.06202820804588738,0.08162199458998559,0.7599447717184037,0.0601580065221875,29225937.006375775,-0.2365493955009358,-0.35021134026802747,0.05601185562843797,1.0,61.0,22748189.603195064,22791140.589329008,19453845.828623157,25963152.541751895,0.47540983606557374,0.04918032786885246,-0.35371656672822127,-0.10178499198325992,0.0,0.0,0.0
0.05,0.2,0.2,0.30000000000000004,0.25,"(0.05, 0.2, 0.2, 0.3, 0.25)",0.06197348455399054,0.08762023809894187,0.7072964636778242,0.0601580065221875,29192683.34081436,-0.2576492503448713,-0.3926688518928068,0.06281019509911129,1.0,61.0,22675199.191857252,22804823.911178917,18911233.142898347,26071259.477516755,0.47540983606557374,0.04918032786885246,-0.3959551771187377,-0.1095834112838513,0.0,0.0,0.0
0.15000000000000002,0.2,0.2,0.25,0.2,"(0.15, 0.2, 0.2, 0.25, 0.2)",0.06189032044352505,0.08507936258056335,0.7274422206080806,0.0601580065221875,29177207.787853397,-0.24860492707920412,-0.37469171950046576,0.05987643156271651,1.0,61.0,22690228.124869045,22780093.204841726,19093944.68198448,26051970.854719963,0.47540983606557374,0.04918032786885246,-0.3780637993044965,-0.10516115091377641,0.0,0.0,0.0
0.25,0.2,0.2,0.2,0.15000000000000002,"(0.25, 0.2, 0.2, 0.2, 0.15)",0.06179085449186328,0.08264513391115072,0.7476647634002597,0.0601580065221875,29157442.91528879,-0.23948924457872656,-0.3569439211136339,0.056942668026321724,1.0,61.0,22703151.834507402,22752849.74202239,19276547.944446385,26030292.164616905,0.47540983606557374,0.04918032786885246,-0.36038461822597184,-0.10129003420250511,0.0,0.0,0.0
0.05,0.25,0.15000000000000002,0.30000000000000004,0.25,"(0.05, 0.25, 0.15, 0.3, 0.25)",0.06178245379020897,0.08436471983835066,0.7323257151637431,0.0601580065221875,29207430.89457519,-0.24548932031618387,-0.35653083321134144,0.06146114340201893,1.0,61.0,22717822.739157036,22703755.83233704,19098078.26876425,25867221.266750377,0.47540983606557374,0.04918032786885246,-0.3613153579821653,-0.09699942128076984,0.0,0.0,0.0
0.15000000000000002,0.25,0.15000000000000002,0.25,0.2,"(0.15, 0.25, 0.15, 0.25, 0.2)",0.061687423379657824,0.08185892606177689,0.7535821241180695,0.0601580065221875,29189058.29706902,-0.23707262849523258,-0.3408157280841888,0.058337602747994655,1.0,61.0,22732152.25731888,22680736.497873064,19144695.250158336,25881270.64075695,0.47540983606557374,0.04918032786885246,-0.3454676446595523,-0.09250080247260734,0.0,0.0,0.0
0.1,0.2,0.2,0.30000000000000004,0.2,"(0.1, 0.2, 0.2, 0.3, 0.2)",0.06163765540261945,0.08623219973134043,0.7147870006175631,0.0601580065221875,29104803.13415964,-0.25151435927979093,-0.38159859939625923,0.06080724396060026,1.0,61.0,22643913.702181403,22739585.74923099,18918617.88822745,26117261.900125127,0.47540983606557374,0.04918032786885246,-0.3848936642443496,-0.10571398908288736,0.0,0.0,0.0
0.2,0.2,0.2,0.25,0.15000000000000002,"(0.2, 0.2, 0.2, 0.25, 0.15)",0.061545736623149994,0.08374473102774502,0.7349207032829278,0.0601580065221875,29087061.232546616,-0.24242626372331255,-0.36373561929356557,0.057873480424205474,1.0,61.0,22657611.00426731,22739082.951567497,19100189.000247866,26096498.699209236,0.47540983606557374,0.04918032786885246,-0.3671078591078443,-0.10301072509442684,0.0,0.0,0.0
0.30000000000000004,0.2,0.2,0.2,0.1,"(0.3, 0.2, 0.2, 0.2, 0.1)",0.06143753891490267,0.08136888894897304,0.7550494999806443,0.0601580065221875,29065051.51265324,-0.23326682951485955,-0.34610202478752905,0.054939716887810686,1.0,61.0,22669207.291940726,22747798.175170932,19281630.59494728,26073347.146468602,0.47540983606557374,0.04918032786885246,-0.3495342792234783,-0.10031692014434788,0.0,0.0,0.0
0.25,0.2,0.2,0.25,0.1,"(0.25, 0.2, 0.2, 0.25, 0.1)",0.06119221200053371,0.08248769025865042,0.7418344701937696,0.0601580065221875,28994819.35660308,-0.23622867554536786,-0.35283780237571566,0.05587052928569444,1.0,61.0,22623941.555241894,22777240.64041895,19105193.795247853,26139526.272536933,0.47540983606557374,0.04918032786885246,-0.3562061574471657,-0.10332905133949365,0.0,0.0,0.0
0.2,0.1,0.25,0.30000000000000004,0.15000000000000002,"(0.2, 0.1, 0.25, 0.3, 0.15)",0.05989591951417528,0.08335318716587457,0.7185798354054675,0.0601580065221875,28564445.239847913,-0.24319502393840098,-0.38952261222407075,0.05652944681056304,0.0,61.0,22619039.850058414,22506503.723375075,18043252.715059157,26632321.133739166,0.47540983606557374,0.04918032786885246,-0.38975464399230564,-0.14543199184854205,0.0,0.0,0.0
0.25,0.1,0.25,0.30000000000000004,0.1,"(0.25, 0.1, 0.25, 0.3, 0.1)",0.059542885833226755,0.08208315835115415,0.7253971098248991,0.0601580065221875,28473755.10205956,-0.23704509068928759,-0.3779812615092498,0.055962451133582045,0.0,61.0,22587251.46104105,22446572.997012384,18046687.194303617,26675721.7840573,0.47540983606557374,0.04918032786885246,-0.3783033639811203,-0.14450759491763016,0.0,0.0,0.0
0.0,0.25,0.25,0.30000000000000004,0.2,"(0.0, 0.25, 0.25, 0.3, 0.2)",0.06433139784134112,0.10457592487145236,0.6151645124862063,0.0601580065221875,29806955.613266367,-0.3065908450268222,-0.48663578435170507,0.07421412775426939,1.0,61.0,22479918.37745727,22523174.119262528,18395401.26154925,26738851.856515907,0.47540983606557374,0.03278688524590164,-0.4926475686312794,-0.14195459579370936,0.0,0.0,0.0
0.15000000000000002,0.25,0.25,0.25,0.1,"(0.15, 0.25, 0.25, 0.25, 0.1)",0.0639441227832902,0.10100226831808846,0.633095908122674,0.0601580065221875,29709994.925048016,-0.29509688926951794,-0.4630376303314513,0.06927741307936357,1.0,61.0,22469662.173500795,22580632.33366984,18585311.6095576,26771841.76384875,0.47540983606557374,0.03278688524590164,-0.4691461989689637,-0.1428142861376471,0.0,0.0,0.0
0.25,0.25,0.30000000000000004,0.05,0.15000000000000002,"(0.25, 0.25, 0.3, 0.05, 0.15)",0.06658735316940989,0.10933502609108392,0.6090212400364532,0.0601580065221875,30409925.13701304,-0.3220576146402706,-0.517478396558805,0.07516717184351106,1.0,61.0,22564748.237888403,22591996.47643823,18610013.226958156,27025206.04306586,0.47540983606557374,0.01639344262295082,-0.5238198065990408,-0.14955438829965517,0.0,0.0,0.0
0.15000000000000002,0.2,0.30000000000000004,0.05,0.30000000000000004,"(0.15, 0.2, 0.3, 0.05, 0.3)",0.06626955444862048,0.10646361582967802,0.6224619925988559,0.0601580065221875,30296528.21507151,-0.32096315158862443,-0.5251033100824009,0.07537919868254653,1.0,61.0,22711056.393968713,22847784.777854994,18472655.38770591,26833369.940789785,0.47540983606557374,0.01639344262295082,-0.5292239735722807,-0.14896495496685347,0.0,0.0,0.0
0.25,0.2,0.30000000000000004,0.0,0.25,"(0.25, 0.2, 0.3, 0.0, 0.25)",0.06621091837462778,0.10419083729927263,0.6354773614540288,0.0601580065221875,30286908.310007676,-0.3125697730110838,-0.5057186270805781,0.07244543514615175,1.0,61.0,22729889.65352398,22847349.2701264,18654999.0623517,26818155.295162264,0.47540983606557374,0.01639344262295082,-0.5099932215613677,-0.1442919891949387,0.0,0.0,0.0
0.2,0.2,0.30000000000000004,0.05,0.25,"(0.2, 0.2, 0.3, 0.05, 0.25)",0.06596756743502752,0.10505214516483136,0.6279506937390146,0.0601580065221875,30214740.628387533,-0.3152002471133126,-0.513383344019877,0.07337624754403549,1.0,61.0,22686327.051513504,22895415.788635645,18484775.122247063,26888108.40684368,0.47540983606557374,0.01639344262295082,-0.517540362614703,-0.14618799769349894,0.0,0.0,0.0
0.25,0.2,0.30000000000000004,0.05,0.2,"(0.25, 0.2, 0.3, 0.05, 0.2)",0.06565635603029962,0.10370034688196388,0.6331353559022562,0.0601580065221875,30130639.97434377,-0.30941886582744527,-0.501720905764202,0.07137329640552446,1.0,61.0,22660488.666296206,22941739.036353476,18495667.411889646,26941281.333328124,0.47540983606557374,0.01639344262295082,-0.5059105521579228,-0.1446279302434882,0.0,0.0,0.0
0.05,0.25,0.25,0.30000000000000004,0.15000000000000002,"(0.05, 0.25, 0.25, 0.3, 0.15)",0.064003607726689,0.10335675123946395,0.6192494148582621,0.0601580065221875,29719506.665839657,-0.30084048775143324,-0.4753920498911455,0.07221117661575834,1.0,61.0,22451784.260540377,22565588.67904739,18404615.685207114,26788275.603777036,0.47540983606557374,0.01639344262295082,-0.4819387378514643,-0.14485990153600214,0.0,0.0,0.0
0.1,0.25,0.25,0.30000000000000004,0.1,"(0.1, 0.25, 0.25, 0.3, 0.1)",0.06366671953854852,0.10220307736235984,0.6229432731542799,0.0601580065221875,29629852.156955462,-0.2974048209531399,-0.46942695599501105,0.07020822547724731,1.0,61.0,22422574.737967163,22606714.777833905,18412621.313286487,26836140.964006327,0.47540983606557374,0.01639344262295082,-0.47651389643197173,-0.14772853400117014,0.0,0.0,0.0
0.2,0.25,0.25,0.25,0.05,"(0.2, 0.25, 0.25, 0.25, 0.05)",0.06359838597759904,0.09990147692983871,0.6366110685457081,0.0601580065221875,29617993.495594498,-0.2916652436644659,-0.45712796367491515,0.06727446194085251,1.0,61.0,22439119.908412922,22620578.790192854,18592207.190143287,26818179.18277313,0.47540983606557374,0.01639344262295082,-0.46376708684012957,-0.14568785383204888,0.0,0.0,0.0
0.30000000000000004,0.25,0.25,0.2,0.0,"(0.3, 0.25, 0.25, 0.2, 0.0)",0.0635136682454629,0.09770194252248547,0.6500757979386708,0.0601580065221875,29601758.629426986,-0.2859223710152704,-0.44496025980434506,0.06434069840445773,1.0,61.0,22453577.05456593,22632442.038298193,18771714.005856298,26797738.198397744,0.47540983606557374,0.01639344262295082,-0.4511711599510997,-0.14366301704961745,0.0,0.0,0.0
0.25,0.25,0.25,0.25,0.0,"(0.25, 0.25, 0.25, 0.25, 0.0)",0.06324360628309766,0.09887117381537627,0.6396566748685867,0.0601580065221875,29523835.977265492,-0.2882504893673795,-0.4512540507317293,0.06527151080234148,1.0,61.0,22407515.74413598,22659232.18824541,18597885.377810735,26862954.10894902,0.47540983606557374,0.01639344262295082,-0.45841178209166167,-0.14852462576708259,0.0,0.0,0.0
0.15000000000000002,0.1,0.25,0.30000000000000004,0.2,"(0.15, 0.1, 0.25, 0.3, 0.2)",0.060240051612942436,0.08470076604152578,0.7112102337233748,0.0601580065221875,28653082.029273845,-0.24932652423715407,-0.401124998323015,0.05709644248754404,1.0,61.0,22649776.802725717,22573149.504627693,18038650.184724316,26587393.918037426,0.47540983606557374,0.01639344262295082,-0.401262389629198,-0.14696200618773905,0.0,0.0,0.0
0.30000000000000004,0.0,0.25,0.15000000000000002,0.30000000000000004,"(0.3, 0.0, 0.25, 0.15, 0.3)",0.05838293452918153,0.07499483839634397,0.7784927039995825,0.0601580065221875,28142699.304435845,-0.21312557135188315,-0.34160536065192293,0.05050463434354803,0.0,61.0,22894397.022124432,22708467.80562721,18236017.113515604,26409261.40423441,0.47540983606557374,0.01639344262295082,-0.33944639414761607,-0.13604663488669216,0.0,0.0,0.0
0.25,0.0,0.25,0.2,0.30000000000000004,"(0.25, 0.0, 0.25, 0.2, 0.3)",0.05816794652481261,0.07584146628464795,0.7669675887659774,0.0601580065221875,28082479.747015096,-0.21613924899691295,-0.3487889299678968,0.05126414917236388,0.0,61.0,22855095.533069152,22733234.133478794,18072072.22790499,26440329.420775063,0.47540983606557374,0.01639344262295082,-0.34646421915239656,-0.13979138326693616,0.0,0.0,0.0
0.2,0.0,0.25,0.25,0.30000000000000004,"(0.2, 0.0, 0.25, 0.25, 0.3)",0.057945244946536745,0.07677580274858717,0.7547331694633835,0.0601580065221875,28020420.746281132,-0.21915004454045217,-0.35603868769269087,0.05202366400117973,0.0,61.0,22815263.476508845,22787952.795451377,17908969.894280266,26470217.15862062,0.47540983606557374,0.01639344262295082,-0.35354320514873827,-0.1435077098558299,0.0,0.0,0.0
0.30000000000000004,0.0,0.25,0.2,0.25,"(0.3, 0.0, 0.25, 0.2, 0.25)",0.05783160786838626,0.07422972738448849,0.7790895899271633,0.0601580065221875,27997416.672144335,-0.20977441605346214,-0.33703995712949625,0.05069715349538289,0.0,61.0,22824306.47405254,22790075.52544241,18076181.137074824,26428478.882752072,0.47540983606557374,0.01639344262295082,-0.33487531830921624,-0.1390118491426102,0.0,0.0,0.0
0.15000000000000002,0.0,0.25,0.30000000000000004,0.30000000000000004,"(0.15, 0.0, 0.25, 0.3, 0.3)",0.057714836508453216,0.07779468763705823,0.7418866025623093,0.0601580065221875,27956535.287470624,-0.22215791435720544,-0.3633545799624605,0.05278317882999558,0.0,61.0,22774903.05717606,22815348.70851036,17746714.49530724,26498920.62077225,0.47540983606557374,0.01639344262295082,-0.36068324849633376,-0.14719539088610953,0.0,0.0,0.0
0.25,0.0,0.25,0.25,0.25,"(0.25, 0.0, 0.25, 0.25, 0.25)",0.05760868956523901,0.07518649776894434,0.7662105733701854,0.0601580065221875,27935474.83039391,-0.21281050050619876,-0.34422917063756886,0.05145666832419873,0.0,61.0,22784736.67058652,22813823.32751437,17913013.10010424,26458301.79019417,0.47540983606557374,0.01639344262295082,-0.3418993903558954,-0.1427181062590542,0.0,0.0,0.0
0.15000000000000002,0.25,0.30000000000000004,0.1,0.2,"(0.15, 0.25, 0.3, 0.1, 0.2)",0.06664126439476603,0.11154141960101506,0.5974575600090316,0.0601580065221875,30418251.294605915,-0.3303372057406566,-0.5367056044502005,0.07810093537990585,1.0,61.0,22545434.077174917,22575309.08424146,18427486.351229127,27040165.482421055,0.47540983606557374,0.0,-0.542951910426344,-0.15252559396367146,0.0,0.0,0.0
0.2,0.2,0.30000000000000004,0.0,0.30000000000000004,"(0.2, 0.2, 0.3, 0.0, 0.3)",0.06651262958216742,0.10561552920200411,0.6297618360170589,0.0601580065221875,30368799.780395932,-0.31835592607594065,-0.5173785457427228,0.07444838628466277,1.0,61.0,22754867.634278715,22785653.49642972,18642726.105753202,26763405.885608897,0.47540983606557374,0.0,-0.521621453527072,-0.15036683435763418,0.0,0.0,0.0
0.30000000000000004,0.25,0.30000000000000004,0.05,0.1,"(0.3, 0.25, 0.3, 0.05, 0.1)",0.06626354914101484,0.10814646260284097,0.6127204491594173,0.0601580065221875,30321890.824033897,-0.31857124403271375,-0.5112347703789049,0.07316422070500003,1.0,61.0,22537629.90783242,22636237.5774774,18620068.224536195,27076787.989112027,0.47540983606557374,0.0,-0.5176792383613369,-0.15011851525459563,0.0,0.0,0.0
0.1,0.2,0.30000000000000004,0.1,0.30000000000000004,"(0.1, 0.2, 0.3, 0.1, 0.3)",0.0660186565074301,0.10737437608578722,0.6148455424288959,0.0601580065221875,30222287.427845422,-0.3235682838615811,-0.5328883579997209,0.07631001108043028,1.0,61.0,22666733.752952907,22878151.99890498,18303482.608222608,26902367.5131611,0.47540983606557374,0.0,-0.5368823357497404,-0.15215096069857456,0.0,0.0,0.0
0.05,0.2,0.30000000000000004,0.15000000000000002,0.30000000000000004,"(0.05, 0.2, 0.3, 0.15, 0.3)",0.06575994292025311,0.10834622947508514,0.6069426064833664,0.0601580065221875,30146092.95128549,-0.32617128047636956,-0.5407335627434597,0.07724082347831403,1.0,61.0,22621902.212750886,22907581.68832278,18135212.116718326,26970390.148734182,0.47540983606557374,0.0,-0.5445963688786908,-0.15647968473220597,0.0,0.0,0.0
0.15000000000000002,0.2,0.30000000000000004,0.1,0.25,"(0.15, 0.2, 0.3, 0.1, 0.25)",0.0657163982947444,0.1059767403146324,0.6201020912668214,0.0601580065221875,30140610.303155165,-0.31782857420589383,-0.5211083309896543,0.07430705994191925,1.0,61.0,22642252.769848112,22925679.12164888,18315451.043406483,26957092.761732914,0.47540983606557374,0.0,-0.5251433572966276,-0.15053836048528427,0.0,0.0,0.0
0.0,0.2,0.30000000000000004,0.2,0.30000000000000004,"(0.0, 0.2, 0.3, 0.2, 0.3)",0.06549342093747823,0.10937754751545886,0.598783044831223,0.0601580065221875,30067960.686986122,-0.3287720991733589,-0.5486387890476828,0.07817163587619778,1.0,61.0,22576564.305418815,22936070.333078343,17967848.11549003,27037429.488676086,0.47540983606557374,0.0,-0.5523658936662922,-0.16075827469471987,0.0,0.0,0.0
0.1,0.2,0.30000000000000004,0.15000000000000002,0.25,"(0.1, 0.2, 0.3, 0.15, 0.25)",0.06545741811191075,0.10696298158274287,0.6119632899469538,0.0601580065221875,30064532.83603958,-0.32045471188898333,-0.5288934637753554,0.075237872339803,1.0,61.0,22597669.28700622,22955003.08861779,18147031.154779218,27025099.90816321,0.47540983606557374,0.0,-0.5328020365752468,-0.15483899023624095,0.0,0.0,0.0
0.05,0.2,0.30000000000000004,0.2,0.25,"(0.05, 0.2, 0.3, 0.2, 0.25)",0.06519063413335324,0.10800918029407623,0.6035656779901386,0.0601580065221875,29986524.096357197,-0.3230786179210047,-0.5367386096583409,0.07616868473768676,1.0,61.0,22552579.112192545,22933271.41152535,17979519.638313062,27092121.489894513,0.47540983606557374,0.0,-0.5405162233126579,-0.15908986461289,0.0,0.0,0.0
0.05,0.2,0.30000000000000004,0.30000000000000004,0.15000000000000002,"(0.05, 0.2, 0.3, 0.3, 0.15)",0.06399954510465711,0.10777781360411987,0.5938100149232447,0.0601580065221875,29655638.906046025,-0.31697020545368937,-0.5287438913477736,0.0740244072564322,1.0,61.0,22410618.488206528,22793728.92273074,17666502.567566734,27327717.989117164,0.47540983606557374,0.0,-0.5323549106727867,-0.1741112591137557,0.0,0.0,0.0
0.1,0.2,0.30000000000000004,0.30000000000000004,0.1,"(0.1, 0.2, 0.3, 0.3, 0.1)",0.06366876539579702,0.10662263177437963,0.5971411916611122,0.0601580065221875,29567724.82047403,-0.3112686643669548,-0.516900825092585,0.07202145611792116,1.0,61.0,22383853.36139919,22770102.210844696,17674388.13957215,27377602.289687663,0.47540983606557374,0.0,-0.5205606817512044,-0.17654943483354316,0.0,0.0,0.0
0.2,0.2,0.30000000000000004,0.25,0.05,"(0.2, 0.2, 0.3, 0.25, 0.05)",0.06361220406880252,0.10431172353545486,0.6098279456304944,0.0601580065221875,29558817.800983243,-0.3028376756896598,-0.4973914368195244,0.06961036044096047,1.0,61.0,22401098.83337769,22793884.66706714,17847250.08145979,27360988.750725653,0.47540983606557374,0.0,-0.5012171358860071,-0.1716443831039727,0.0,0.0,0.0
0.15000000000000002,0.2,0.30000000000000004,0.30000000000000004,0.05,"(0.15, 0.2, 0.3, 0.3, 0.05)",0.06332888678366388,0.10553232272251376,0.6000899549058595,0.0601580065221875,29477618.244242128,-0.30554945476094775,-0.5051178986076301,0.07036987526977632,1.0,61.0,22356011.38972263,22745051.285491526,17681111.30316537,27425889.507998228,0.47540983606557374,0.0,-0.5088227385544255,-0.17896687510193016,0.0,0.0,0.0
0.15000000000000002,0.25,0.25,0.30000000000000004,0.05,"(0.15, 0.25, 0.25, 0.3, 0.05)",0.06332076391799335,0.10111714518023089,0.6262119426446485,0.0601580065221875,29538020.287881456,-0.2939857286920815,-0.46349724080543053,0.06820527433873629,1.0,61.0,22392297.463274516,22646549.3096028,18419419.887397118,26882443.994794685,0.47540983606557374,0.0,-0.47111247349053953,-0.15056052615210622,0.0,0.0,0.0
0.25,0.2,0.30000000000000004,0.25,0.0,"(0.25, 0.2, 0.3, 0.25, 0.0)",0.06326347878685734,0.10327447453971811,0.6125761381872437,0.0601580065221875,29466372.574622154,-0.29707773161080975,-0.4857282013096027,0.06904336476397947,1.0,61.0,22371930.551606275,22767412.506350305,17852896.974978253,27407715.18358436,0.47540983606557374,0.0,-0.48959014881124324,-0.17409937673471743,0.0,0.0,0.0
0.2,0.25,0.25,0.30000000000000004,0.0,"(0.2, 0.25, 0.25, 0.3, 0.0)",0.06296577127754599,0.10010115937373835,0.6290213986678872,0.0601580065221875,29444039.560169235,-0.29058345735534086,-0.4576033255297163,0.06620232320022523,1.0,61.0,22360960.163421627,22685089.33583862,18425013.336909782,26927180.964695424,0.47540983606557374,0.0,-0.4657349419981175,-0.15335591390285538,0.0,0.0,0.0
0.2,0.15000000000000002,0.30000000000000004,0.25,0.1,"(0.2, 0.15, 0.3, 0.25, 0.1)",0.06263422285407083,0.09884988162440611,0.6336297203881163,0.0601580065221875,29274331.398765083,-0.2899868082106043,-0.48061245168870026,0.06745372861218625,1.0,61.0,22493300.85239431,22807753.381962862,17731524.687092856,27266773.916341558,0.47540983606557374,0.0,-0.48244407084185237,-0.17140655278002243,0.0,0.0,0.0
0.30000000000000004,0.15000000000000002,0.30000000000000004,0.2,0.05,"(0.3, 0.15, 0.3, 0.2, 0.05)",0.06255530475807936,0.09656298658945366,0.6478186618651196,0.0601580065221875,29259538.35001847,-0.2813570779994795,-0.46118417704345843,0.0661272181063894,1.0,61.0,22507395.720615856,22827901.94703878,17902055.191971958,27246821.328195836,0.47540983606557374,0.0,-0.4632229940778466,-0.1665916243350986,0.0,0.0,0.0
0.05,0.1,0.30000000000000004,0.25,0.30000000000000004,"(0.05, 0.1, 0.3, 0.25, 0.3)",0.06253210220817595,0.09814330768538086,0.6371509548937951,0.0601580065221875,29221340.758872848,-0.29470528882573055,-0.4992991663888689,0.06750879512108626,1.0,61.0,22656213.604467873,22879519.006651767,17586240.359290745,27008970.17726186,0.47540983606557374,0.0,-0.49891191237012317,-0.17860419146523274,0.0,0.0,0.0
0.15000000000000002,0.1,0.30000000000000004,0.2,0.25,"(0.15, 0.1, 0.3, 0.2, 0.25)",0.06247367792023706,0.09564133657539473,0.6532079136199506,0.0601580065221875,29211969.125230078,-0.2860683909864453,-0.4793541519422997,0.06567157330855816,1.0,61.0,22673233.1182446,22902726.13421979,17757644.672600083,26992847.999868207,0.47540983606557374,0.0,-0.4792630121367752,-0.1728795183663327,0.0,0.0,0.0
0.25,0.1,0.30000000000000004,0.15000000000000002,0.2,"(0.25, 0.1, 0.3, 0.15, 0.2)",0.06239891117084917,0.09323599138694191,0.669257764545939,0.0601580065221875,29198277.039229076,-0.2773630191925105,-0.45965481202797137,0.06434506280276132,1.0,61.0,22688143.594963383,22923474.41554874,17928972.596389882,26974237.79363673,0.47540983606557374,0.0,-0.4598400177461923,-0.1671834886884023,0.0,0.0,0.0
0.0,0.1,0.30000000000000004,0.30000000000000004,0.30000000000000004,"(0.0, 0.1, 0.3, 0.3, 0.3)",0.06226848984833255,0.09925929643458577,0.627331565757863,0.0601580065221875,29146244.92498398,-0.2974354995467273,-0.5072506439227618,0.06843960751897,1.0,61.0,22612883.462733783,22715857.936348114,17424272.238614324,27075636.5439092,0.47540983606557374,0.0,-0.5066829745010729,-0.18251492845222148,0.0,0.0,0.0
0.1,0.1,0.30000000000000004,0.25,0.25,"(0.1, 0.1, 0.3, 0.25, 0.25)",0.06221757925313676,0.09671107397561082,0.6433345913295013,0.0601580065221875,29138873.65928454,-0.28882481309950847,-0.48718118038595964,0.066431088137374,1.0,61.0,22630669.71380551,22749854.96739616,17594687.337409582,27060474.56678209,0.47540983606557374,0.0,-0.4869198774556298,-0.17681168093138022,0.0,0.0,0.0
0.2,0.1,0.30000000000000004,0.2,0.2,"(0.2, 0.1, 0.3, 0.2, 0.2)",0.06215033037894724,0.09425595015605401,0.6593783233424374,0.0601580065221875,29127190.994112145,-0.2801457747369298,-0.4673575029279312,0.06510457763157716,1.0,61.0,22646351.70985444,22782136.898675237,17765038.61859392,27042816.846596844,0.47540983606557374,0.0,-0.4673827070651733,-0.17113629104343284,0.0,0.0,0.0
0.30000000000000004,0.1,0.30000000000000004,0.15000000000000002,0.15000000000000002,"(0.3, 0.1, 0.3, 0.15, 0.15)",0.062066761891074185,0.09190138660326286,0.6753626271061135,0.0601580065221875,29111207.804840397,-0.27139828318253656,-0.4477795963943363,0.06377806712578031,1.0,61.0,22659928.20208526,22812697.464571405,17935293.42937684,27022672.218170382,0.47540983606557374,0.0,-0.4480714953262272,-0.1654896804311205,0.0,0.0,0.0
0.05,0.1,0.30000000000000004,0.30000000000000004,0.25,"(0.05, 0.1, 0.3, 0.3, 0.25)",0.06195372837317081,0.0978452454362353,0.6331807753862235,0.0601580065221875,29063909.841533627,-0.2915787057528234,-0.49507140566293006,0.06719060296618985,1.0,61.0,22587589.68081153,22556235.000644773,17432608.561320726,27127118.701749627,0.47540983606557374,0.0,-0.49463497921001975,-0.18069707974953267,0.0,0.0,0.0
0.15000000000000002,0.1,0.30000000000000004,0.25,0.2,"(0.15, 0.1, 0.3, 0.25, 0.2)",0.061893994668241525,0.09534312690020236,0.6491710171518421,0.0601580065221875,29054227.981080502,-0.28292598843518624,-0.4751235000554847,0.06586409246039301,1.0,61.0,22604040.551772494,22589033.017711148,17601980.695924964,27110419.619669195,0.47540983606557374,0.0,-0.4749838138842955,-0.17504270504877117,0.0,0.0,0.0
0.30000000000000004,0.05,0.2,0.25,0.2,"(0.3, 0.05, 0.2, 0.25, 0.2)",0.05728589735808143,0.0666833282764894,0.8590737570949765,0.0601580065221875,27913740.893102445,-0.18771340747442855,-0.28649850151965334,0.04408613535130815,0.0,61.0,22792935.610708944,22351354.34036921,18654513.802987885,25979088.30301304,0.45901639344262296,0.08196721311475409,-0.2859510601611587,-0.10887442903440601,0.0,0.0,0.0
0.25,0.05,0.2,0.30000000000000004,0.2,"(0.25, 0.05, 0.2, 0.3, 0.2)",0.05706081102504501,0.06777252076359243,0.8419461218520623,0.0601580065221875,27851276.548171353,-0.1908431499465384,-0.29324293344600993,0.04484565018012401,0.0,61.0,22751399.051579308,22364111.500853293,18485748.64758407,26007814.931349855,0.45901639344262296,0.08196721311475409,-0.2925781316459117,-0.11203038641988486,0.0,0.0,0.0
0.30000000000000004,0.05,0.2,0.30000000000000004,0.15000000000000002,"(0.3, 0.05, 0.2, 0.3, 0.15)",0.05670067104510834,0.06629628818249655,0.8552616232303389,0.0601580065221875,27760904.927986406,-0.1843517022307034,-0.2820139472654766,0.044278654503143,0.0,61.0,22716619.768331036,22416105.767907895,18487331.186409358,25991990.621638402,0.45901639344262296,0.08196721311475409,-0.28144769618537113,-0.11135102335816704,0.0,0.0,0.0
0.25,0.25,0.15000000000000002,0.2,0.15000000000000002,"(0.25, 0.25, 0.15, 0.2, 0.15)",0.061576099359939684,0.0794662822085499,0.7748707709559189,0.0601580065221875,29166405.92904653,-0.228597631338893,-0.32528524426079064,0.05521406209397038,1.0,61.0,22744374.607318766,22655160.650732275,19189715.226947185,25893629.434083086,0.45901639344262296,0.06557377049180328,-0.3299376159288755,-0.08886504194540013,0.0,0.0,0.0
0.30000000000000004,0.25,0.15000000000000002,0.2,0.1,"(0.3, 0.25, 0.15, 0.2, 0.1)",0.06121680280620345,0.07820543735570246,0.7827691382604326,0.0601580065221875,29072496.158137955,-0.2244061821017811,-0.3187341228197958,0.05312648624713685,1.0,61.0,22707954.905889113,22537155.670165703,19277463.13763729,25761487.4570854,0.45901639344262296,0.06557377049180328,-0.32347723637332293,-0.08891506458053448,0.0,0.0,0.0
0.25,0.25,0.15000000000000002,0.25,0.1,"(0.25, 0.25, 0.15, 0.25, 0.1)",0.060977338050089314,0.07929470267160739,0.7689963641407679,0.0601580065221875,29003617.128960785,-0.2268932805990146,-0.32421531530699754,0.054057298645020596,1.0,61.0,22660925.38536072,22532147.383598983,19321090.060797878,25618714.7708017,0.45901639344262296,0.06557377049180328,-0.32935276470784264,-0.09378675432590747,0.0,0.0,0.0
0.2,0.25,0.15000000000000002,0.30000000000000004,0.1,"(0.2, 0.25, 0.15, 0.3, 0.1)",0.06073011396043393,0.08046181062425495,0.7547694178053587,0.0601580065221875,28932866.688130185,-0.22938572732912754,-0.3297506527141488,0.05498811104290435,1.0,61.0,22613403.65952173,22584521.95150267,19364005.42057452,25655088.14111879,0.45901639344262296,0.06557377049180328,-0.33560683363837956,-0.0986292722644808,0.0,0.0,0.0
0.30000000000000004,0.25,0.15000000000000002,0.25,0.05,"(0.3, 0.25, 0.15, 0.25, 0.05)",0.06060896000962046,0.07813813708381552,0.7756642565538484,0.0601580065221875,28907809.445459727,-0.22326487760748714,-0.3186607806487305,0.05205434750650957,1.0,61.0,22623756.082493957,22536151.329898424,19408341.58337995,25630257.651894115,0.45901639344262296,0.06557377049180328,-0.32414865280281546,-0.09534960296596028,0.0,0.0,0.0
0.25,0.25,0.15000000000000002,0.30000000000000004,0.05,"(0.25, 0.25, 0.15, 0.3, 0.05)",0.06036154455406795,0.0793245403628878,0.7609441451274801,0.0601580065221875,28837223.124437913,-0.22577019677680066,-0.3241765698080208,0.05298515990439333,1.0,61.0,22576520.80116435,22480092.57168705,19451389.514313992,25694736.49369718,0.45901639344262296,0.06557377049180328,-0.33038038191471975,-0.1001540551572945,0.0,0.0,0.0
0.25,0.05,0.25,0.15000000000000002,0.30000000000000004,"(0.25, 0.05, 0.25, 0.15, 0.3)",0.06005130968311567,0.07933036241833877,0.7569776294030095,0.0601580065221875,28595658.412283402,-0.23319395334028048,-0.37243681019905106,0.05322826184930326,0.0,61.0,22870794.843360662,22800989.73069154,18386687.1370523,26378270.94897624,0.45901639344262296,0.06557377049180328,-0.3714261272510725,-0.1429199027285992,0.0,0.0,0.0
0.30000000000000004,0.25,0.15000000000000002,0.30000000000000004,0.0,"(0.3, 0.25, 0.15, 0.3, 0.0)",0.05998412851556445,0.078275280070637,0.7663227581100152,0.0601580065221875,28739565.287452526,-0.2221731705850153,-0.31863895413687393,0.05098220876588229,0.0,61.0,22538613.53859951,22528047.441746242,19538130.923375312,25732908.97617803,0.45901639344262296,0.06557377049180328,-0.32517853304746375,-0.10165636205386991,0.0,0.0,0.0
0.15000000000000002,0.30000000000000004,0.05,0.25,0.25,"(0.15, 0.3, 0.05, 0.25, 0.25)",0.059890709949857124,0.07282896976403141,0.8223473453476723,0.0601580065221875,28828239.781532925,-0.20199722008112997,-0.2670555870418669,0.05363423536287225,0.0,61.0,22895382.183877245,22929166.448786475,18587123.82387612,26833700.70789572,0.45901639344262296,0.06557377049180328,-0.2729820861199635,-0.07062321591923593,0.0,0.0,0.0
0.25,0.30000000000000004,0.05,0.2,0.2,"(0.25, 0.3, 0.05, 0.2, 0.2)",0.05974981825739056,0.07051716032936009,0.847308910034392,0.0601580065221875,28798631.757838923,-0.19318727962059434,-0.25277579927109883,0.050510694708847975,0.0,61.0,22905107.2151734,22928707.67046923,18627386.953737635,26785848.08306689,0.45901639344262296,0.06557377049180328,-0.2582569935619922,-0.06603756024694007,0.0,0.0,0.0
0.30000000000000004,0.05,0.25,0.15000000000000002,0.25,"(0.3, 0.05, 0.25, 0.15, 0.25)",0.05972040909987375,0.07773066525864739,0.7682992150029229,0.0601580065221875,28510597.80819437,-0.2269154661773296,-0.36081936306811474,0.052661266172322266,0.0,61.0,22840559.126815397,22663978.65071859,18392375.20725724,26368067.433757033,0.45901639344262296,0.06557377049180328,-0.3599299755802378,-0.13854404621501598,0.0,0.0,0.0
0.2,0.2,0.15000000000000002,0.30000000000000004,0.15000000000000002,"(0.2, 0.2, 0.15, 0.3, 0.15)",0.05968566908939965,0.0740813185239085,0.805677737365556,0.0601580065221875,28635160.71043075,-0.20886328493670858,-0.30057112687460996,0.051275797606728006,0.0,61.0,22693144.37973862,22785719.53330609,19558028.674801856,25560730.53304114,0.45901639344262296,0.06557377049180328,-0.3035554604053903,-0.08553080677113517,0.0,0.0,0.0
0.1,0.30000000000000004,0.05,0.30000000000000004,0.25,"(0.1, 0.3, 0.05, 0.3, 0.25)",0.059665216952497824,0.07381657089990488,0.8082902825898501,0.0601580065221875,28763203.50310496,-0.2049873461857169,-0.2728135996021177,0.05453137486867981,0.0,61.0,22845009.781256303,22940821.594190072,18630400.13942456,26666640.171801772,0.45901639344262296,0.06557377049180328,-0.2793831982429146,-0.06980477205213015,0.0,0.0,0.0
0.30000000000000004,0.2,0.15000000000000002,0.25,0.1,"(0.3, 0.2, 0.15, 0.25, 0.1)",0.05955888095931128,0.07162080748101617,0.8315862813344848,0.0601580065221875,28608828.548179932,-0.20015748691719026,-0.28511189361498235,0.04826047206852297,0.0,61.0,22702403.729721233,22764741.65272177,19741473.00916509,25535235.787146833,0.45901639344262296,0.06557377049180328,-0.2881291325416321,-0.08193654373429302,0.0,0.0,0.0
0.2,0.30000000000000004,0.05,0.25,0.2,"(0.2, 0.3, 0.05, 0.25, 0.2)",0.059531901028837986,0.07143503822196541,0.833371165055703,0.0601580065221875,28735611.34895525,-0.19620374817292696,-0.25844041090677183,0.05140783421465553,0.0,61.0,22855519.33072717,22961798.33829415,18671481.34917344,26619907.437452786,0.45901639344262296,0.06557377049180328,-0.26453199057892174,-0.06525260246820086,0.0,0.0,0.0
0.25,0.2,0.15000000000000002,0.30000000000000004,0.1,"(0.25, 0.2, 0.15, 0.3, 0.1)",0.05932088521303869,0.0727940781735107,0.8149136125007649,0.0601580065221875,28541377.903497584,-0.20316397936804276,-0.29130533470092385,0.049191284466406714,0.0,61.0,22656473.909344416,22835838.250982624,19561349.780440453,25600486.119147055,0.45901639344262296,0.06557377049180328,-0.29427949778286056,-0.08674049735588374,0.0,0.0,0.0
0.30000000000000004,0.05,0.25,0.2,0.2,"(0.3, 0.05, 0.25, 0.2, 0.2)",0.059156044609965264,0.07715311477153099,0.7667356630401845,0.0601580065221875,28360204.362465117,-0.22360932748159434,-0.35638900453458067,0.05285378532415712,0.0,61.0,22768880.658004925,22605811.13965387,18230596.398589935,26385890.365918823,0.45901639344262296,0.06557377049180328,-0.35547487670675976,-0.1348682528214466,0.0,0.0,0.0
0.25,0.1,0.2,0.30000000000000004,0.15000000000000002,"(0.25, 0.1, 0.2, 0.3, 0.15)",0.05832666623893701,0.07176248539994771,0.8127737760735292,0.0601580065221875,28197690.937031478,-0.2050276011160177,-0.31239374810046394,0.04721063966909395,0.0,61.0,22691536.851658296,22667231.315113712,18642672.179235194,26027342.77446098,0.45901639344262296,0.06557377049180328,-0.3129022867223163,-0.11442319191911092,0.0,0.0,0.0
0.30000000000000004,0.1,0.2,0.30000000000000004,0.1,"(0.3, 0.1, 0.2, 0.3, 0.1)",0.057962711505686215,0.07042216440058004,0.8230748372909822,0.0601580065221875,28105332.87254296,-0.19863066716493616,-0.3012956993550565,0.046435286331917236,0.0,61.0,22656510.42697877,22484289.552323386,18644545.355766047,26067495.933258817,0.45901639344262296,0.06557377049180328,-0.3018667649374505,-0.11315098529962699,0.0,0.0,0.0
0.15000000000000002,0.30000000000000004,0.25,0.0,0.30000000000000004,"(0.15, 0.3, 0.25, 0.0, 0.3)",0.06771390834340663,0.10861873413673441,0.6234091096860432,0.0601580065221875,30790258.17472001,-0.3256971843964499,-0.5025826522864459,0.07843198222048657,1.0,61.0,22745215.34945192,22476655.852979947,18013823.103156485,28402563.096727464,0.45901639344262296,0.04918032786885246,-0.5109542609416724,-0.13947468423883266,0.0,0.0,0.0
0.1,0.30000000000000004,0.25,0.05,0.30000000000000004,"(0.1, 0.3, 0.25, 0.05, 0.3)",0.0674673220037052,0.10946754186058115,0.61632261816596,0.0601580065221875,30715896.978079736,-0.3278477711830087,-0.5089530506297447,0.07936279461837031,1.0,61.0,22698050.00912627,22320484.741612814,18054678.687514912,28243335.19375754,0.45901639344262296,0.04918032786885246,-0.5172439353547843,-0.14017480606471955,0.0,0.0,0.0
0.2,0.30000000000000004,0.25,0.0,0.25,"(0.2, 0.3, 0.25, 0.0, 0.25)",0.06741182401878043,0.10724098614231636,0.6286013066806396,0.0601580065221875,30707305.900680747,-0.3222410758636637,-0.496695328616663,0.07642903108197553,1.0,61.0,22718642.719906677,22424677.09347927,18103697.03903845,28261157.254591983,0.45901639344262296,0.04918032786885246,-0.5051006998926519,-0.13719917525714057,0.0,0.0,0.0
0.05,0.30000000000000004,0.25,0.1,0.30000000000000004,"(0.05, 0.3, 0.25, 0.1, 0.3)",0.06721288755680743,0.11037730606380328,0.6089375611138328,0.0601580065221875,30639543.053443197,-0.3300034388294083,-0.515377175323471,0.08029360701625407,1.0,61.0,22650389.2223836,22280555.92270052,18094860.44461616,28084174.027466007,0.45901639344262296,0.04918032786885246,-0.5235841156680031,-0.14188792678142256,0.0,0.0,0.0
0.15000000000000002,0.30000000000000004,0.25,0.05,0.25,"(0.15, 0.3, 0.25, 0.05, 0.25)",0.06716496370247782,0.10810228288064692,0.6213093924818683,0.0601580065221875,30633053.244826104,-0.3244042123106521,-0.5030452883600496,0.0773598434798593,1.0,61.0,22671733.85797681,22269868.92956071,18144685.944392554,28102769.82745539,0.45901639344262296,0.04918032786885246,-0.5113725274706572,-0.13892201463553497,0.0,0.0,0.0
0.25,0.30000000000000004,0.25,0.0,0.2,"(0.25, 0.3, 0.25, 0.0, 0.2)",0.06710047104890293,0.10592254643648676,0.633486196341944,0.0601580065221875,30621996.576660316,-0.31880060577605096,-0.4908406124797598,0.0744260799434645,1.0,61.0,22690959.128515944,22371453.03455922,18192992.096233826,28119530.74789633,0.45901639344262296,0.04918032786885246,-0.49927879539665165,-0.13596388662956863,0.0,0.0,0.0
0.1,0.30000000000000004,0.25,0.1,0.25,"(0.1, 0.3, 0.25, 0.1, 0.25)",0.06691025993893529,0.10902509654483801,0.6137142920246584,0.0601580065221875,30556814.53431853,-0.32657242679747156,-0.5094490677940032,0.07829065587774305,1.0,61.0,22624329.296530653,22335596.302855287,18184997.878718108,27944448.296104927,0.45901639344262296,0.04918032786885246,-0.5176949609420852,-0.14062448483330053,0.0,0.0,0.0
0.2,0.30000000000000004,0.25,0.05,0.2,"(0.2, 0.3, 0.25, 0.05, 0.2)",0.0668533433211338,0.10679616771457687,0.6259900963844119,0.0601580065221875,30547859.82223555,-0.3209762258572205,-0.4971701768191436,0.07535689234134825,1.0,61.0,22644308.95158793,22304380.330051295,18234113.151428238,27961984.46660209,0.45901639344262296,0.04918032786885246,-0.5055328330535204,-0.1376759324359782,0.0,0.0,0.0
0.30000000000000004,0.30000000000000004,0.25,0.0,0.15000000000000002,"(0.3, 0.3, 0.25, 0.0, 0.15)",0.06677988192995477,0.10466565630571563,0.6380305086407605,0.0601580065221875,30534358.569989268,-0.31537602226473793,-0.48501892758163767,0.07242312880495347,1.0,61.0,22662172.45488907,22309716.699947465,18281699.877007253,27977694.47803684,0.45901639344262296,0.04918032786885246,-0.4934889521093412,-0.1347353021262646,0.0,0.0,0.0
0.15000000000000002,0.30000000000000004,0.25,0.1,0.2,"(0.15, 0.3, 0.25, 0.1, 0.2)",0.06659837680429481,0.10773184622396152,0.618186535723567,0.0601580065221875,30471743.81509419,-0.32315692127723183,-0.5035536527435234,0.076287704739232,1.0,61.0,22597162.835990973,22224558.941399813,18274554.110612728,27804503.24606118,0.45901639344262296,0.04918032786885246,-0.5118375754404066,-0.13936776595204592,0.0,0.0,0.0
0.25,0.30000000000000004,0.25,0.05,0.15000000000000002,"(0.25, 0.3, 0.25, 0.05, 0.15)",0.06653249324274779,0.10555139195925342,0.6303326939395711,0.0601580065221875,30460344.991958324,-0.3175640592373645,-0.4913281410882684,0.07335394120283721,1.0,61.0,22615783.101204727,22186717.329896055,18322951.893364884,27820989.953500874,0.45901639344262296,0.04918032786885246,-0.4997252577000008,-0.13643656939291313,0.0,0.0,0.0
0.2,0.25,0.25,0.0,0.30000000000000004,"(0.2, 0.25, 0.25, 0.0, 0.3)",0.06650121032625012,0.10129271711664053,0.6565250910356435,0.0601580065221875,30430562.22679864,-0.30216990109597486,-0.46512815319271944,0.07263515564398892,1.0,61.0,22814251.58292414,22549737.98403259,18585350.03968067,27329557.672546584,0.45901639344262296,0.04918032786885246,-0.47111579769700246,-0.13789400404399074,0.0,0.0,0.0
0.1,0.30000000000000004,0.25,0.15000000000000002,0.2,"(0.1, 0.3, 0.25, 0.15, 0.2)",0.06633557876098117,0.10872797984189479,0.6101058702409636,0.0601580065221875,30393664.448907558,-0.3253426018354586,-0.5099910450477617,0.07721851713711575,1.0,61.0,22549523.49834577,22143921.143456724,18314310.24463552,27647096.12528095,0.45901639344262296,0.04918032786885246,-0.518192985584383,-0.14103936759272384,0.0,0.0,0.0
0.2,0.30000000000000004,0.25,0.1,0.15000000000000002,"(0.2, 0.3, 0.25, 0.1, 0.15)",0.06627727042345266,0.10649970298803013,0.6223235235773549,0.0601580065221875,30384359.09011903,-0.31975716896596673,-0.49769135661919645,0.07428475360072097,1.0,61.0,22568897.583862808,22107293.473925825,18363520.707783446,27664349.660563644,0.45901639344262296,0.04918032786885246,-0.5060123656892453,-0.13871632286686822,0.0,0.0,0.0
0.15000000000000002,0.25,0.25,0.05,0.30000000000000004,"(0.15, 0.25, 0.25, 0.05, 0.3)",0.06626381837931916,0.10211910943671032,0.6488875465603923,0.0601580065221875,30359549.647894852,-0.30483906797189997,-0.4723875065117708,0.07356596804187267,1.0,61.0,22768614.12928994,22502893.274907906,18628262.611587018,27177612.824180704,0.45901639344262296,0.04918032786885246,-0.47829768824344066,-0.13657949629512595,0.0,0.0,0.0
0.30000000000000004,0.30000000000000004,0.25,0.05,0.1,"(0.3, 0.3, 0.25, 0.05, 0.1)",0.06620244559486754,0.10437015034029205,0.6343044000513441,0.0601580065221875,30370537.3722715,-0.31416795879165593,-0.4855196012619076,0.07135099006432619,1.0,61.0,22586164.194785338,22106260.324143015,18411193.81171221,27679797.0785653,0.45901639344262296,0.04918032786885246,-0.4939502030123187,-0.13665745170074556,0.0,0.0,0.0
0.25,0.25,0.25,0.0,0.25,"(0.25, 0.25, 0.25, 0.0, 0.25)",0.06619323767527407,0.09985903866814168,0.6628667625697051,0.0601580065221875,30346868.283188008,-0.2962577799117486,-0.45398586142533026,0.0706322045054779,1.0,61.0,22786745.507223696,22463566.7962543,18677159.731157057,27193235.262423232,0.45901639344262296,0.04918032786885246,-0.4599499130928403,-0.13182292547165333,0.0,0.0,0.0
0.1,0.25,0.25,0.1,0.30000000000000004,"(0.1, 0.25, 0.25, 0.1, 0.3)",0.06601859693531531,0.10301118454223697,0.640887659225452,0.0601580065221875,30286558.91983217,-0.3075060357411641,-0.4797051139336849,0.07449678043975644,1.0,61.0,22722473.32037343,22423691.70635607,18670485.779053345,27025718.629375514,0.45901639344262296,0.04918032786885246,-0.4855338403425883,-0.13527564001776712,0.0,0.0,0.0
0.2,0.25,0.25,0.05,0.25,"(0.2, 0.25, 0.25, 0.05, 0.25)",0.06595557955065146,0.10069899063396759,0.6549775636817897,0.0601580065221875,30275962.359764315,-0.2989506404363683,-0.46118753423785896,0.07156301690336166,1.0,61.0,22741366.27998655,22385591.724313557,18720213.285618626,27042094.28206493,0.45901639344262296,0.04918032786885246,-0.4670784461995531,-0.1305564732806571,0.0,0.0,0.0
0.1,0.30000000000000004,0.2,0.1,0.30000000000000004,"(0.1, 0.3, 0.2, 0.1, 0.3)",0.06588372325680014,0.09976078139407742,0.6604170730835065,0.0601580065221875,30316352.490794398,-0.29781106333270113,-0.44389359393769917,0.0726835497990826,1.0,61.0,22777571.315832887,22682281.94719306,18186865.795495126,27871785.677919045,0.45901639344262296,0.04918032786885246,-0.45144472446874406,-0.1223290258134945,0.0,0.0,0.0
0.30000000000000004,0.25,0.25,0.0,0.2,"(0.3, 0.25, 0.25, 0.0, 0.2)",0.06587606726350193,0.09848755098022471,0.6688770977433398,0.0601580065221875,30260869.60198441,-0.2906715607881364,-0.4436412125905624,0.06862925336696685,1.0,61.0,22758136.339483816,22351527.850742906,18768374.822360165,27056702.538973592,0.45901639344262296,0.04918032786885246,-0.4496376797682821,-0.1264204906024937,0.0,0.0,0.0
0.2,0.30000000000000004,0.2,0.05,0.25,"(0.2, 0.3, 0.2, 0.05, 0.25)",0.06580867446815941,0.09748580454736146,0.6750590485837108,0.0601580065221875,30302699.997201674,-0.2920260646603735,-0.4321668541156058,0.06974978626268781,1.0,61.0,22795771.17843548,22714962.864308603,18233928.682855535,27888111.533865623,0.45901639344262296,0.04918032786885246,-0.4397986430509941,-0.11752633900972415,0.0,0.0,0.0
0.05,0.25,0.25,0.15000000000000002,0.30000000000000004,"(0.05, 0.25, 0.25, 0.15, 0.3)",0.065765553124286,0.10396725170367689,0.6325602730341303,0.0601580065221875,30211605.31827289,-0.31017076186891923,-0.4870808666932924,0.0754275928376402,1.0,61.0,22675831.815878477,22403619.83696581,18712014.621969156,26873883.8866056,0.45901639344262296,0.04918032786885246,-0.4928241005041968,-0.13398237350000772,0.0,0.0,0.0
0.30000000000000004,0.30000000000000004,0.2,0.0,0.2,"(0.3, 0.3, 0.2, 0.0, 0.2)",0.06571713883228014,0.09531673033425556,0.6894606917570931,0.0601580065221875,30284558.135527454,-0.2862373981548516,-0.42056668623400106,0.06681602272629303,1.0,61.0,22811845.15078355,22782382.937963147,18279460.11762007,27902615.077964786,0.45901639344262296,0.04918032786885246,-0.42826989756608735,-0.11333040692422601,0.0,0.0,0.0
0.15000000000000002,0.25,0.25,0.1,0.25,"(0.15, 0.25, 0.25, 0.1, 0.25)",0.06571009650714776,0.10160531227769194,0.6467191038944803,0.0601580065221875,30203084.965891454,-0.30164124711818907,-0.4684474460428444,0.0724938293012454,1.0,61.0,22695483.467211504,22393232.739200097,18762574.240038954,26891003.219299432,0.45901639344262296,0.04918032786885246,-0.47426125127317986,-0.13104530700620678,0.0,0.0,0.0
0.25,0.25,0.25,0.05,0.2,"(0.25, 0.25, 0.25, 0.05, 0.2)",0.06563814924555644,0.09934091779702997,0.6607362877366012,0.0601580065221875,30190077.30667204,-0.2930432680452859,-0.4500436428840974,0.06956006576485062,1.0,61.0,22713017.403320692,22382429.966625478,18811568.126784887,26906366.05328205,0.45901639344262296,0.04918032786885246,-0.455911728675168,-0.12814820029667454,0.0,0.0,0.0
0.05,0.30000000000000004,0.2,0.15000000000000002,0.30000000000000004,"(0.05, 0.3, 0.2, 0.15, 0.3)",0.06563643718475243,0.10068930069646417,0.6518710203641064,0.0601580065221875,30242733.344996218,-0.3000588770875987,-0.44993988044982197,0.07361436219696635,1.0,61.0,22729097.88983398,22590115.051561836,18227799.843044706,27715693.471106123,0.45901639344262296,0.04918032786885246,-0.4574264683367473,-0.12112690225473544,0.0,0.0,0.0
0.15000000000000002,0.30000000000000004,0.2,0.1,0.25,"(0.15, 0.3, 0.2, 0.1, 0.25)",0.06556896508318988,0.0983619405103363,0.6666091045275749,0.0601580065221875,30231166.461142506,-0.2942813640512125,-0.4381398490057356,0.07068059866057157,1.0,61.0,22748057.933989193,22572472.131649032,18275673.320102796,27732789.35183277,0.45901639344262296,0.04918032786885246,-0.44571269492599164,-0.1179713319549128,0.0,0.0,0.0
0.0,0.25,0.25,0.2,0.30000000000000004,"(0.0, 0.25, 0.25, 0.2, 0.3)",0.06550469416497018,0.1049855626751104,0.6239400208548846,0.0601580065221875,30134704.491264485,-0.31283320397415415,-0.49451464786803373,0.07635840523552394,1.0,61.0,22628692.30427217,22472372.579256967,18718644.7802539,26722117.332753144,0.45901639344262296,0.04918032786885246,-0.5001683074190265,-0.13564023616826182,0.0,0.0,0.0
0.25,0.30000000000000004,0.2,0.05,0.2,"(0.25, 0.3, 0.2, 0.05, 0.2)",0.06548501025123654,0.09613706785965687,0.681162965640195,0.0601580065221875,30215118.442796677,-0.28850002487485626,-0.42646628619274496,0.06774683512417677,1.0,61.0,22764897.36945223,22659136.185113113,18322015.43156306,27748074.091688924,0.45901639344262296,0.04918032786885246,-0.4341161074197756,-0.11511438493881788,0.0,0.0,0.0
0.1,0.25,0.25,0.15000000000000002,0.25,"(0.1, 0.25, 0.25, 0.15, 0.25)",0.06545679567154528,0.10257624436860431,0.6381282145242954,0.0601580065221875,30128251.34612658,-0.3043295574446766,-0.4757654905098056,0.07342464169912914,1.0,61.0,22649099.7046842,22462816.87063385,18804237.660511836,26739970.83042951,0.45901639344262296,0.04918032786885246,-0.48149817689730184,-0.13274426954434687,0.0,0.0,0.0
0.2,0.25,0.25,0.1,0.2,"(0.2, 0.25, 0.25, 0.1, 0.2)",0.06539241088657244,0.10026131784892461,0.6522197422649759,0.0601580065221875,30117320.34673913,-0.29575757030407424,-0.4572460652104827,0.07049087816273437,1.0,61.0,22667394.665872224,22451195.253153257,18854065.65472879,26756078.75488794,0.45901639344262296,0.04918032786885246,-0.46304139924673365,-0.12985619617967556,0.0,0.0,0.0
0.0,0.30000000000000004,0.2,0.2,0.30000000000000004,"(0.0, 0.3, 0.2, 0.2, 0.3)",0.06538132952410525,0.10168259783513589,0.6429942872831783,0.0601580065221875,30167159.86565899,-0.30231182444396365,-0.4560393700191085,0.0745451745948501,1.0,61.0,22680134.81268816,22497196.237511486,18268054.942102615,27559665.596120987,0.45901639344262296,0.04918032786885246,-0.46345835561422943,-0.12258414430275684,0.0,0.0,0.0
0.1,0.30000000000000004,0.2,0.15000000000000002,0.25,"(0.1, 0.3, 0.2, 0.15, 0.25)",0.06532143146852798,0.09930535862200204,0.6577835514110454,0.0601580065221875,30157669.96009127,-0.2965418877315119,-0.44416611768215397,0.07161141105845531,1.0,61.0,22699851.98467794,22480735.277787473,18316740.69229934,27577521.715584576,0.45901639344262296,0.04918032786885246,-0.45167701051684384,-0.11972722275142247,0.0,0.0,0.0
0.30000000000000004,0.25,0.25,0.05,0.15000000000000002,"(0.3, 0.25, 0.25, 0.05, 0.15)",0.0653115591106539,0.09804746918873497,0.6661218249798311,0.0601580065221875,30101922.491951272,-0.28941345890992076,-0.4438969193984624,0.06755711462633956,1.0,61.0,22683575.335279435,22437514.321703184,18902318.5819064,26770438.58425559,0.45901639344262296,0.04918032786885246,-0.4498525756468177,-0.12697646140626342,0.0,0.0,0.0
0.2,0.30000000000000004,0.2,0.1,0.2,"(0.2, 0.3, 0.2, 0.1, 0.2)",0.06524505489439125,0.09702724467418554,0.6724405615503368,0.0601580065221875,30143707.71850222,-0.2907679673450322,-0.4324192206106157,0.06867764752206053,1.0,61.0,22717453.920148246,22501875.2627571,18363895.27996991,27593577.89518157,0.45901639344262296,0.04918032786885246,-0.44001269231596113,-0.11687877824492193,0.0,0.0,0.0
0.05,0.25,0.25,0.2,0.25,"(0.05, 0.25, 0.25, 0.2, 0.25)",0.0651956842592758,0.10360997052340512,0.629241413060226,0.0601580065221875,30051477.11595451,-0.307015529056507,-0.4831415531612026,0.07435545409701291,1.0,61.0,22602217.65714293,22455259.06042253,18730575.81064409,26589005.81051907,0.45901639344262296,0.04918032786885246,-0.4887890638423235,-0.1344233192358133,0.0,0.0,0.0
0.25,0.2,0.25,0.0,0.30000000000000004,"(0.25, 0.2, 0.25, 0.0, 0.3)",0.06519045069246499,0.09437349062466388,0.6907707901971775,0.0601580065221875,30048105.17498799,-0.2832121477612135,-0.4379164728061685,0.06683832906749128,1.0,61.0,22873350.492674127,22646965.770903245,19165247.6645995,26286854.978117555,0.45901639344262296,0.04918032786885246,-0.441954758122754,-0.13628797027350445,0.0,0.0,0.0
0.30000000000000004,0.30000000000000004,0.2,0.05,0.15000000000000002,"(0.3, 0.3, 0.2, 0.05, 0.15)",0.06515221933107562,0.09485539824681287,0.6868583184011325,0.0601580065221875,30125285.488536853,-0.2849906087156512,-0.42079919709593494,0.06574388398566575,1.0,61.0,22732938.96425404,22602087.064829346,18409509.58356236,27607831.637703367,0.45901639344262296,0.04918032786885246,-0.42846593271010536,-0.11403924978611991,0.0,0.0,0.0
0.15000000000000002,0.25,0.25,0.15000000000000002,0.2,"(0.15, 0.25, 0.25, 0.15, 0.2)",0.06513885931019003,0.10124692302595098,0.6433663104358642,0.0601580065221875,30042613.93433107,-0.298469521391305,-0.46450660665867644,0.0714216905606181,1.0,61.0,22621270.739020508,22441491.31048017,18895862.458622042,26605849.35785714,0.45901639344262296,0.04918032786885246,-0.47022520236257875,-0.13154445455280028,0.0,0.0,0.0
0.05,0.30000000000000004,0.2,0.2,0.25,"(0.05, 0.3, 0.2, 0.2, 0.25)",0.06506608080899423,0.10031416060807598,0.6486230898467585,0.0601580065221875,30082225.834932294,-0.29880754300144785,-0.4502456807593465,0.07254222345633907,1.0,61.0,22651156.1534664,22388250.724753086,18357126.013480056,27422317.60304379,0.45901639344262296,0.04918032786885246,-0.457719701909635,-0.12146332321447197,0.0,0.0,0.0
0.25,0.25,0.25,0.1,0.15000000000000002,"(0.25, 0.25, 0.25, 0.1, 0.15)",0.06506557161182802,0.09898172185844305,0.6573493609747504,0.0601580065221875,30029292.982104734,-0.2916887761570468,-0.4500855739203795,0.06848792702422334,1.0,61.0,22638214.68510271,22455259.75922874,18944951.45201186,26620955.626092557,0.45901639344262296,0.04918032786885246,-0.455957649509783,-0.12867361563354834,0.0,0.0,0.0
0.15000000000000002,0.30000000000000004,0.2,0.15000000000000002,0.2,"(0.15, 0.3, 0.2, 0.15, 0.2)",0.06499727985508197,0.09798535736960493,0.6633366617208882,0.0601580065221875,30070340.89710901,-0.29304113249340624,-0.4384255176267088,0.06960845991994428,1.0,61.0,22669517.573872212,22370405.44251257,18405094.792997476,27439135.48532534,0.45901639344262296,0.04918032786885246,-0.4459596379660438,-0.11862355933300095,0.0,0.0,0.0
0.0,0.25,0.25,0.25,0.25,"(0.0, 0.25, 0.25, 0.25, 0.25)",0.06492676957428345,0.10470463090201435,0.6200945365543938,0.0601580065221875,29972778.25642426,-0.3096991197496438,-0.4905755113302548,0.07528626649489667,1.0,61.0,22554840.018189646,22453064.885501977,18557301.888469983,26623492.873263787,0.45901639344262296,0.04918032786885246,-0.49613374503598073,-0.13608243656846095,0.0,0.0,0.0
0.25,0.30000000000000004,0.2,0.1,0.15000000000000002,"(0.25, 0.3, 0.2, 0.1, 0.15)",0.0649120240138572,0.0957593760875294,0.6778659872901011,0.0601580065221875,30054004.402512863,-0.2872711249694665,-0.4267321200023914,0.0666746963835495,1.0,61.0,22685767.354053922,22445128.505552392,18451523.422850844,27454162.01880891,0.45901639344262296,0.04918032786885246,-0.4343451110476104,-0.11579239859429934,0.0,0.0,0.0
0.1,0.25,0.25,0.2,0.2,"(0.1, 0.25, 0.25, 0.2, 0.2)",0.06487750172865714,0.10229584862063326,0.6342144144016733,0.0601580065221875,29965973.651043594,-0.30117907896975415,-0.4718251551840349,0.07235250295850186,1.0,61.0,22574648.26378844,22469643.500064213,18741270.30759831,26609156.271070965,0.45901639344262296,0.04918032786885246,-0.47746298086286876,-0.13321295377334705,0.0,0.0,0.0
0.2,0.25,0.25,0.15000000000000002,0.15000000000000002,"(0.2, 0.25, 0.25, 0.15, 0.15)",0.06481177547063699,0.09998174817026033,0.6482360696501136,0.0601580065221875,29954720.917407554,-0.29396923052758817,-0.45632940015102325,0.06941873942210709,1.0,61.0,22592352.620603334,22484228.010693174,18925210.625678126,26592344.31291995,0.45901639344262296,0.04918032786885246,-0.4621145796452535,-0.13035118543549626,0.0,0.0,0.0
0.0,0.30000000000000004,0.2,0.25,0.25,"(0.0, 0.3, 0.2, 0.25, 0.25)",0.06480292037786684,0.10138639476445652,0.6391678146601292,0.0601580065221875,30004849.795103624,-0.3010782372577361,-0.4563785523731419,0.07347303585422282,1.0,61.0,22601973.290385947,22295030.851097617,18396824.568892453,27267185.928951353,0.45901639344262296,0.04918032786885246,-0.4648254633922883,-0.12385580235406156,0.0,0.0,0.0
0.30000000000000004,0.25,0.2,0.0,0.25,"(0.3, 0.25, 0.2, 0.0, 0.25)",0.06475469659910305,0.08910876011779327,0.7266928247402783,0.0601580065221875,29996710.536126856,-0.26155307175786846,-0.3818793249044503,0.06302214728830641,1.0,61.0,22900058.67776031,22795298.357870486,18762915.808108106,26973646.49546489,0.45901639344262296,0.04918032786885246,-0.38728485491069325,-0.11752564456467682,0.0,0.0,0.0
0.1,0.30000000000000004,0.2,0.2,0.2,"(0.1, 0.3, 0.2, 0.2, 0.2)",0.06474169231519511,0.09900943372228245,0.653894178374891,0.0601580065221875,29995033.285422027,-0.29531942734007877,-0.444485198945714,0.07053927231782804,1.0,61.0,22621091.128987342,22278360.091199078,18445609.171468206,27284755.796727423,0.45901639344262296,0.04918032786885246,-0.4524573548539902,-0.12034870276137462,0.0,0.0,0.0
0.30000000000000004,0.25,0.25,0.1,0.1,"(0.3, 0.25, 0.25, 0.1, 0.1)",0.06472960997781674,0.09776905286860751,0.6620664523037498,0.0601580065221875,29939031.116180196,-0.288202599569079,-0.4442014186840995,0.0664849758857123,1.0,61.0,22607951.368777435,22496818.182449467,19035223.11869998,26573065.70043341,0.45901639344262296,0.04918032786885246,-0.450117208261727,-0.12788829853025885,0.0,0.0,0.0
0.2,0.30000000000000004,0.2,0.15000000000000002,0.15000000000000002,"(0.2, 0.3, 0.2, 0.15, 0.15)",0.06466401356239238,0.09673191457919791,0.6684868571421649,0.0601580065221875,29980774.211335577,-0.289556862409206,-0.4327184928774774,0.06760550878143325,1.0,61.0,22638102.669012696,22288502.300394524,18492853.875541423,27300545.43318489,0.45901639344262296,0.04918032786885246,-0.44027474601379785,-0.11752608722475316,0.0,0.0,0.0
0.15000000000000002,0.25,0.2,0.1,0.30000000000000004,"(0.15, 0.25, 0.2, 0.1, 0.3)",0.06462188878173358,0.092210379530311,0.700809270180819,0.0601580065221875,29948022.65687946,-0.27191946478638795,-0.4034588280111508,0.06688672322258496,1.0,61.0,22838674.321477555,22737694.657944266,18760546.25657265,26811251.729415473,0.45901639344262296,0.04918032786885246,-0.40878924833415653,-0.12107154276883995,0.0,0.0,0.0
0.05,0.25,0.25,0.25,0.2,"(0.05, 0.25, 0.25, 0.25, 0.2)",0.06460834544269134,0.10340616773278621,0.624801661827822,0.0601580065221875,29887415.442573987,-0.30388620085686835,-0.4792015905629419,0.07328331535638563,1.0,61.0,22527529.910253346,22496872.186889537,18567860.630838666,26674494.56649215,0.45901639344262296,0.04918032786885246,-0.48475456975087067,-0.13695662493000593,0.0,0.0,0.0
0.30000000000000004,0.30000000000000004,0.2,0.1,0.1,"(0.3, 0.3, 0.2, 0.1, 0.1)",0.06456990352693581,0.0945610228359699,0.6828384633586491,0.0601580065221875,29962084.97010401,-0.2837910875565055,-0.42107895346891655,0.06467174524503846,1.0,61.0,22653006.38746845,22387183.481030047,18538549.5537263,27314552.38220269,0.45901639344262296,0.04918032786885246,-0.4287103415536326,-0.11471219872663066,0.0,0.0,0.0
0.15000000000000002,0.25,0.25,0.2,0.15000000000000002,"(0.15, 0.25, 0.25, 0.2, 0.15)",0.0645501778962625,0.10104559530070302,0.6388222831897492,0.0601580065221875,29878221.844256427,-0.2962547291059162,-0.46262841554491657,0.07034955181999084,1.0,61.0,22545991.759105198,22512274.46021408,18750729.67840046,26658632.463449985,0.45901639344262296,0.04918032786885246,-0.4683233403235742,-0.13491701262774525,0.0,0.0,0.0
0.25,0.25,0.2,0.05,0.25,"(0.25, 0.25, 0.2, 0.05, 0.25)",0.06453199600794468,0.08988910601854733,0.7179067505091155,0.0601580065221875,29930457.7381929,-0.26366213021881446,-0.38719215461268275,0.06395295968619016,1.0,61.0,22854409.716404643,22699493.99020509,18807436.283629313,26825453.06341425,0.45901639344262296,0.04918032786885246,-0.3925306782876953,-0.11636405944886845,0.0,0.0,0.0
0.05,0.30000000000000004,0.2,0.25,0.2,"(0.05, 0.3, 0.2, 0.25, 0.2)",0.06447829954503215,0.10009744917098444,0.6441552714784132,0.0601580065221875,29917800.5573199,-0.29760275900275623,-0.4505982797867985,0.07147008471571178,1.0,61.0,22572177.411114223,22325345.55628377,18485433.687721223,27130447.701177258,0.45901639344262296,0.04918032786885246,-0.45954091682670867,-0.1253207467990472,0.0,0.0,0.0
0.25,0.25,0.25,0.15000000000000002,0.1,"(0.25, 0.25, 0.25, 0.15, 0.1)",0.06447557534166104,0.09878318451863743,0.6526978822949003,0.0601580065221875,29864600.45353241,-0.2904956855463362,-0.45042487008693566,0.06741578828359604,1.0,61.0,22562353.12665578,22525680.758219782,18933549.019065723,26640296.031264238,0.45901639344262296,0.04918032786885246,-0.4562565118323908,-0.1328939587607177,0.0,0.0,0.0
0.15000000000000002,0.30000000000000004,0.2,0.2,0.15000000000000002,"(0.15, 0.3, 0.2, 0.2, 0.15)",0.06440819515574892,0.0977709678023825,0.6587660591223012,0.0601580065221875,29905610.186451565,-0.2918477277754338,-0.4387583385070372,0.068536321179317,1.0,61.0,22589947.682906263,22311219.78360179,18533496.129374556,27146990.772059802,0.45901639344262296,0.04918032786885246,-0.4472170610776978,-0.12182444426866662,0.0,0.0,0.0
0.1,0.25,0.2,0.15000000000000002,0.30000000000000004,"(0.1, 0.25, 0.2, 0.15, 0.3)",0.06438381050286757,0.09312282491018857,0.6913859256842984,0.0601580065221875,29877741.063300427,-0.2747167123772387,-0.4103464930101865,0.0678175356204687,1.0,61.0,22791752.7298186,22639902.510574773,18803545.46553593,26662339.668728366,0.45901639344262296,0.04918032786885246,-0.4156175175652564,-0.11988363710508475,0.0,0.0,0.0
0.25,0.30000000000000004,0.2,0.15000000000000002,0.1,"(0.25, 0.3, 0.2, 0.15, 0.1)",0.06432166357198144,0.09554764973021884,0.6731893851245452,0.0601580065221875,29888998.274581943,-0.2860893273978131,-0.4270454510550855,0.06560255764292221,1.0,61.0,22605615.35410198,22295065.86050116,18580009.727657143,27161762.161000185,0.45901639344262296,0.04918032786885246,-0.43503968015015476,-0.11973742080800048,0.0,0.0,0.0
0.2,0.25,0.2,0.1,0.25,"(0.2, 0.25, 0.2, 0.1, 0.25)",0.06430148272282521,0.09074483615760062,0.708596603900964,0.0601580065221875,29862243.359708745,-0.26633232650291405,-0.3936700416338231,0.06488377208407392,1.0,61.0,22808257.546997804,22602967.686278604,18851269.119024534,26677290.18352617,0.45901639344262296,0.04918032786885246,-0.39894125687347726,-0.11521250645315648,0.0,0.0,0.0
0.0,0.30000000000000004,0.2,0.30000000000000004,0.2,"(0.0, 0.3, 0.2, 0.3, 0.2)",0.06420710890317105,0.10124734244631566,0.6341609305668005,0.0601580065221875,29838658.7483796,-0.2998910347022321,-0.45676476883333406,0.07240089711359554,1.0,61.0,22522779.27302223,22388453.07554487,18524563.686452232,26976220.00711386,0.45901639344262296,0.04918032786885246,-0.46670455920808596,-0.13026632962613408,0.0,0.0,0.0
0.30000000000000004,0.25,0.2,0.05,0.2,"(0.3, 0.25, 0.2, 0.05, 0.2)",0.06420274554578498,0.0884755246876971,0.7256554371664851,0.0601580065221875,29842337.32655746,-0.25927365032092364,-0.37992978770743147,0.06195000854767913,1.0,61.0,22822639.444671217,22563528.261250116,18897415.087942548,26690496.845462583,0.45901639344262296,0.04918032786885246,-0.38534944856891246,-0.11055724343020241,0.0,0.0,0.0
0.1,0.30000000000000004,0.2,0.25,0.15000000000000002,"(0.1, 0.3, 0.2, 0.25, 0.15)",0.06414457606136459,0.09887443880621882,0.6487478142564197,0.0601580065221875,29828527.964881737,-0.29414362790738025,-0.44485167318465,0.06946713357720076,1.0,61.0,22541305.19695736,22364259.804655056,18573445.443910155,26993506.86420691,0.45901639344262296,0.04918032786885246,-0.4542785019035068,-0.12676293989682466,0.0,0.0,0.0
0.05,0.25,0.2,0.2,0.30000000000000004,"(0.05, 0.25, 0.2, 0.2, 0.3)",0.0641379290677988,0.09410558220826332,0.6815528639507946,0.0601580065221875,29805520.13413227,-0.2775114558349232,-0.4172918003823277,0.06874834801835246,1.0,61.0,22744333.542847827,22556231.63621586,18845850.10623873,26513476.228073027,0.45901639344262296,0.04918032786885246,-0.42249962617719755,-0.11870586076551655,0.0,0.0,0.0
0.2,0.30000000000000004,0.2,0.2,0.1,"(0.2, 0.3, 0.2, 0.2, 0.1)",0.06406562020887452,0.09660131135510162,0.6631961751882692,0.0601580065221875,29813984.823085412,-0.2883926935123351,-0.43306550838774815,0.06653337004080596,1.0,61.0,22557733.83166849,22323703.83414296,18620778.657926355,27009033.073243722,0.45901639344262296,0.04918032786885246,-0.4419992788507069,-0.12476275798563556,0.0,0.0,0.0
0.15000000000000002,0.25,0.2,0.15000000000000002,0.25,"(0.15, 0.25, 0.2, 0.15, 0.25)",0.06406316370212917,0.09167383953505408,0.6988161947513152,0.0601580065221875,29792081.692304514,-0.2690741671028599,-0.40035026600354473,0.06581458448195768,1.0,61.0,22761604.858555,22541433.386959903,18894409.237745315,26529166.56637871,0.45901639344262296,0.04918032786885246,-0.4055650106908714,-0.11407092133995518,0.0,0.0,0.0
0.25,0.25,0.2,0.1,0.2,"(0.25, 0.25, 0.2, 0.1, 0.2)",0.06397199290075029,0.0893468159305012,0.7159963366854748,0.0601580065221875,29774242.6682527,-0.26162619873768833,-0.38570764295217935,0.06288082094556288,1.0,61.0,22776758.33137611,22524590.76101169,18941390.707983665,26543123.680676702,0.45901639344262296,0.04918032786885246,-0.3910645045874843,-0.10945144570331275,0.0,0.0,0.0
0.30000000000000004,0.30000000000000004,0.2,0.15000000000000002,0.05,"(0.3, 0.3, 0.2, 0.15, 0.05)",0.06397026063302036,0.09443516543789839,0.677398724684693,0.0601580065221875,29795041.764661964,-0.28263877624010914,-0.42140679476468285,0.06359960650441118,1.0,61.0,22572063.783882327,22280689.813882086,18666554.195427075,27022796.218762137,0.45901639344262296,0.04918032786885246,-0.42986689613924733,-0.1227849149706641,0.0,0.0,0.0
0.0,0.25,0.2,0.25,0.30000000000000004,"(0.0, 0.25, 0.2, 0.25, 0.3)",0.06388425161461053,0.09515647294657203,0.6713600203580468,0.0601580065221875,29731374.93460731,-0.2803036525368313,-0.42429465712828895,0.06967916041623622,1.0,61.0,22696419.530106954,22622145.239710383,18887455.25947043,26364670.04098766,0.45901639344262296,0.04918032786885246,-0.42943543594609346,-0.117538149621491,0.0,0.0,0.0
0.05,0.30000000000000004,0.2,0.30000000000000004,0.15000000000000002,"(0.05, 0.3, 0.2, 0.3, 0.15)",0.0638731636349088,0.10004019597565687,0.6384749950954842,0.0601580065221875,29749543.543861616,-0.2964444697484355,-0.4509985066612611,0.07039794597508452,1.0,61.0,22492178.03972954,22281677.629636038,18612697.151369244,26840102.475414284,0.45901639344262296,0.04918032786885246,-0.4614200979665861,-0.13176414149077403,0.0,0.0,0.0
0.1,0.25,0.2,0.2,0.25,"(0.1, 0.25, 0.2, 0.2, 0.25)",0.06381704599275229,0.09267391260921723,0.6886193125551184,0.0601580065221875,29719987.400360044,-0.27181299629426336,-0.40708388496549347,0.06674539687984142,1.0,61.0,22714454.368178558,22608171.785060838,18936851.634578466,26381090.863557085,0.45901639344262296,0.04918032786885246,-0.41223843618169137,-0.11293923969737461,0.0,0.0,0.0
0.15000000000000002,0.30000000000000004,0.2,0.25,0.1,"(0.15, 0.3, 0.2, 0.25, 0.1)",0.06380178070229858,0.09771983933395974,0.6529050921200819,0.0601580065221875,29737060.214496113,-0.29070109246138476,-0.439139142825881,0.06746418243868972,1.0,61.0,22509364.597008705,22242357.299164165,18660851.591445122,26856373.90462949,0.45901639344262296,0.04918032786885246,-0.4490386789021229,-0.12975782306426495,0.0,0.0,0.0
0.2,0.25,0.2,0.15000000000000002,0.2,"(0.2, 0.25, 0.2, 0.15, 0.2)",0.06373343899218975,0.09029220466046528,0.7058576012386996,0.0601580065221875,29704207.587898962,-0.2639841325838609,-0.391539974754288,0.06381163334344664,1.0,61.0,22730376.531632505,22592146.748761766,18984670.491033427,26395789.120304473,0.45901639344262296,0.04918032786885246,-0.3968309650573306,-0.10947492268616438,0.0,0.0,0.0
0.25,0.30000000000000004,0.2,0.2,0.05,"(0.25, 0.3, 0.2, 0.2, 0.05)",0.06371399812203382,0.09550299261038554,0.6671413783017434,0.0601580065221875,29720185.785640463,-0.28495457262389634,-0.4274071125056189,0.06453041890229494,1.0,61.0,22524457.662852343,22200583.952836018,18707448.58630573,26870893.192974918,0.45901639344262296,0.04918032786885246,-0.43680446431372916,-0.12776809547903595,0.0,0.0,0.0
0.30000000000000004,0.25,0.2,0.1,0.15000000000000002,"(0.3, 0.25, 0.2, 0.1, 0.15)",0.06363344994004283,0.08801953633183508,0.7229468887468765,0.0601580065221875,29684048.422623813,-0.25802357582139857,-0.37996536072494647,0.06087786980705185,1.0,61.0,22744184.77121991,22557181.346154418,19030902.635891385,26408762.537556525,0.45901639344262296,0.04918032786885246,-0.38534882353323074,-0.10669612289597984,0.0,0.0,0.0
0.05,0.25,0.2,0.25,0.25,"(0.05, 0.25, 0.2, 0.25, 0.25)",0.06356313672996405,0.09374278083605024,0.6780590053236384,0.0601580065221875,29645975.515945517,-0.27454878133032057,-0.41387075688465624,0.06767620927772518,1.0,61.0,22666808.82096025,22562645.375297286,18978591.376530528,26233071.66711676,0.45901639344262296,0.04918032786885246,-0.4189613496270422,-0.11399369773941528,0.0,0.0,0.0
0.1,0.30000000000000004,0.2,0.30000000000000004,0.1,"(0.1, 0.3, 0.2, 0.3, 0.1)",0.06353015240512394,0.09890103285991228,0.6423608588103504,0.0601580065221875,29658240.406408265,-0.2930144309115005,-0.4452663651791082,0.06839499483657348,1.0,61.0,22460510.454495046,22223365.62996296,18700223.84808863,26703793.378232956,0.45901639344262296,0.04918032786885246,-0.45615830839868055,-0.1347224042084246,0.0,0.0,0.0
0.15000000000000002,0.25,0.2,0.2,0.2,"(0.15, 0.25, 0.2, 0.2, 0.2)",0.06348709086433879,0.09130938936028846,0.6952964126595078,0.0601580065221875,29632246.71694005,-0.2663947313558941,-0.39752318283343707,0.0647424457413304,1.0,61.0,22683496.737920932,22521821.403262407,19027249.417920984,26248501.774041135,0.45901639344262296,0.04918032786885246,-0.4026627009536883,-0.11121376318865166,0.0,0.0,0.0
0.2,0.30000000000000004,0.2,0.25,0.05,"(0.2, 0.3, 0.2, 0.25, 0.05)",0.06344994401409254,0.09663610288690454,0.6565863286969413,0.0601580065221875,29643425.807354216,-0.28727540002912344,-0.433461093931969,0.06546123130017868,1.0,61.0,22476363.631882925,22209272.147334088,18747643.942863725,26719059.25786489,0.45901639344262296,0.04918032786885246,-0.4438219059644681,-0.13272118018277299,0.0,0.0,0.0
0.25,0.25,0.2,0.15000000000000002,0.15000000000000002,"(0.25, 0.25, 0.2, 0.15, 0.15)",0.06339466689589579,0.08898105765441962,0.7124512628531003,0.0601580065221875,29614146.509540655,-0.26039437427553735,-0.38577751460519705,0.0618086822049356,1.0,61.0,22698075.778462872,22478521.52129524,19074320.819825485,26262217.591780085,0.45901639344262296,0.04918032786885246,-0.3910978180199305,-0.10844281602428439,0.0,0.0,0.0
0.30000000000000004,0.30000000000000004,0.2,0.2,0.0,"(0.3, 0.3, 0.2, 0.2, 0.0)",0.06335335931589725,0.09447849951738609,0.6705584830360146,0.0601580065221875,29624241.95918377,-0.2815336120306907,-0.4217835497103497,0.0625274677637839,1.0,61.0,22490127.33351817,22193155.810808267,18793497.803176127,26732581.571631756,0.45901639344262296,0.04918032786885246,-0.4316330714281897,-0.13073637367635157,0.0,0.0,0.0
0.0,0.25,0.2,0.30000000000000004,0.25,"(0.0, 0.25, 0.2, 0.3, 0.25)",0.06330144313727604,0.09487811916782282,0.6671869519810657,0.0601580065221875,29570061.433653962,-0.27728148960484666,-0.420710732140765,0.06860702167560893,1.0,61.0,22618670.98988101,22480770.816790774,19019623.603701346,26113776.664870188,0.45901639344262296,0.04918032786885246,-0.42583498400264047,-0.11609138011698446,0.0,0.0,0.0
0.1,0.25,0.2,0.25,0.2,"(0.1, 0.25, 0.2, 0.25, 0.2)",0.06323295564976483,0.09239599886154755,0.6843689816538203,0.0601580065221875,29558375.053033836,-0.26915207768159877,-0.4042643488286597,0.06567325813921415,1.0,61.0,22636121.67089841,22468050.126953494,19069122.54200351,26101270.192396317,0.45901639344262296,0.04918032786885246,-0.40934385125541833,-0.1129334346397159,0.0,0.0,0.0
0.15000000000000002,0.30000000000000004,0.2,0.30000000000000004,0.05,"(0.15, 0.3, 0.2, 0.3, 0.05)",0.06317810565937254,0.09783222793216133,0.6457800971596129,0.0601580065221875,29564777.746473026,-0.2896011648460559,-0.43956875090305797,0.06639204369806244,1.0,61.0,22427784.471172817,22275324.5721177,18787135.572760753,26567303.09373644,0.45901639344262296,0.04918032786885246,-0.45091965064114187,-0.13764395890521258,0.0,0.0,0.0
0.30000000000000004,0.2,0.2,0.05,0.25,"(0.3, 0.2, 0.2, 0.05, 0.25)",0.06315800126261872,0.08270777913707698,0.7636283058446396,0.0601580065221875,29536412.703344993,-0.24319822060309537,-0.3584440963330581,0.05815613310969253,1.0,61.0,22903101.124081045,22791691.435514644,19389202.609331664,25793251.65748214,0.45901639344262296,0.04918032786885246,-0.362098575026942,-0.11517586981407843,0.0,0.0,0.0
0.2,0.25,0.2,0.2,0.15000000000000002,"(0.2, 0.25, 0.2, 0.2, 0.15)",0.06314809410422417,0.09001506609395997,0.7015280535183812,0.0601580065221875,29542325.761065938,-0.2627704612517646,-0.3916442748187714,0.06273949460281936,1.0,61.0,22651468.614487093,22453281.809285223,19117035.032935575,26115719.165397543,0.45901639344262296,0.04918032786885246,-0.3968983119677926,-0.1101705163522934,0.0,0.0,0.0
0.25,0.30000000000000004,0.2,0.25,0.0,"(0.25, 0.3, 0.2, 0.25, 0.0)",0.06308909631775439,0.0956256387920373,0.65975084835729,0.0601580065221875,29547653.538662285,-0.2838667968287395,-0.4278179266451183,0.06345828016166766,1.0,61.0,22442310.392074734,22260019.344492476,18833814.370284427,26581573.30735781,0.45901639344262296,0.04918032786885246,-0.43862863904463106,-0.1356476695151768,0.0,0.0,0.0
0.30000000000000004,0.25,0.2,0.15000000000000002,0.1,"(0.3, 0.25, 0.2, 0.15, 0.1)",0.06304687770918393,0.08774355846245493,0.7185356830058517,0.0601580065221875,29521926.522336982,-0.2568219759504057,-0.3800502501548506,0.05980573106642457,1.0,61.0,22664710.698931817,22436473.132051807,19163351.876923423,26128462.19282441,0.45901639344262296,0.04918032786885246,-0.3853984876950025,-0.10741670245683897,0.0,0.0,0.0
0.15000000000000002,0.2,0.2,0.15000000000000002,0.30000000000000004,"(0.15, 0.2, 0.2, 0.15, 0.3)",0.06303368597031733,0.08596128093607541,0.7332799754018551,0.0601580065221875,29490780.32070038,-0.2551763138680295,-0.38291455120698464,0.06202070904397107,1.0,61.0,22844481.813777667,22785994.95569166,19387673.06667909,25824968.33665103,0.45901639344262296,0.04918032786885246,-0.3864345785705497,-0.11861497321735033,0.0,0.0,0.0
0.1,0.30000000000000004,0.15000000000000002,0.25,0.2,"(0.1, 0.3, 0.15, 0.25, 0.2)",0.06299895515226583,0.08978294024494508,0.7016806865579652,0.0601580065221875,29562544.947067477,-0.26429841503629603,-0.38182264817320866,0.06407014624685214,1.0,61.0,22679145.43180509,22791236.344862647,18563327.632296935,26911890.55608089,0.45901639344262296,0.04918032786885246,-0.389909987217828,-0.10283850990608935,0.0,0.0,0.0
0.05,0.25,0.2,0.30000000000000004,0.2,"(0.05, 0.25, 0.2, 0.3, 0.2)",0.06297104056923053,0.09354961401988979,0.6731298811755879,0.0601580065221875,29482607.95489824,-0.27190628744899403,-0.4110586506863203,0.0666040705370979,1.0,61.0,22588254.0793004,22536155.48949526,19043249.772552166,26161227.103618044,0.45901639344262296,0.04918032786885246,-0.416603154520481,-0.11756367887609225,0.0,0.0,0.0
0.25,0.2,0.2,0.1,0.25,"(0.25, 0.2, 0.2, 0.1, 0.25)",0.06293665804525905,0.08353523384768373,0.7534145191957724,0.0601580065221875,29471497.775179215,-0.24609377247048225,-0.36517061619048774,0.05908694550757628,1.0,61.0,22858531.373798367,22741174.970878918,19435188.053026993,25804415.87290651,0.45901639344262296,0.04918032786885246,-0.36875933450444187,-0.11403795962302449,0.0,0.0,0.0
0.2,0.30000000000000004,0.15000000000000002,0.2,0.15000000000000002,"(0.2, 0.3, 0.15, 0.2, 0.15)",0.06290214538618288,0.08745829798989133,0.7192244398976675,0.0601580065221875,29543555.32423401,-0.25835531094146325,-0.37057735501456945,0.06094660559282787,1.0,61.0,22693799.984119873,22768300.197836574,18608572.05584605,26926249.604941268,0.45901639344262296,0.04918032786885246,-0.3782230133140528,-0.09945576762334858,0.0,0.0,0.0
0.15000000000000002,0.25,0.2,0.25,0.15000000000000002,"(0.15, 0.25, 0.2, 0.25, 0.15)",0.06289373869499815,0.09111909395880616,0.6902366558147697,0.0601580065221875,29468601.1392103,-0.26515174097394034,-0.39756567575909446,0.06367030700070311,1.0,61.0,22604365.975532725,22522210.049909364,19159040.31506434,26142688.93355973,0.45901639344262296,0.04918032786885246,-0.4027875623437779,-0.11413915958323516,0.0,0.0,0.0
0.2,0.30000000000000004,0.2,0.30000000000000004,0.0,"(0.2, 0.3, 0.2, 0.3, 0.0)",0.0628170536194892,0.0968361109043862,0.6486945110952809,0.0601580065221875,29469184.267772943,-0.2862049170668214,-0.4339060652589525,0.06438909255955141,1.0,61.0,22394008.113890078,22281611.266496636,18873424.181214515,26430641.948457465,0.45901639344262296,0.04918032786885246,-0.4457045826344161,-0.14052883670057606,0.0,0.0,0.0
0.25,0.25,0.2,0.2,0.1,"(0.25, 0.25, 0.2, 0.2, 0.1)",0.062800085908711,0.08879401271456598,0.7072558609394745,0.0601580065221875,29450252.51485436,-0.2592108542976045,-0.3858969748956977,0.06073654346430833,1.0,61.0,22618378.031158425,22506216.89275601,19206200.114769064,26121742.166566737,0.45901639344262296,0.04918032786885246,-0.3911816773676297,-0.11135899910688359,0.0,0.0,0.0
0.1,0.2,0.2,0.2,0.30000000000000004,"(0.1, 0.2, 0.2, 0.2, 0.3)",0.06279700558965762,0.08692713362015919,0.7224097123006299,0.0601580065221875,29421896.610372387,-0.25804184822679654,-0.3898161141807087,0.06295152144185481,1.0,61.0,22798628.919239912,22706765.625581134,19253780.35250639,25892162.308541298,0.45901639344262296,0.04918032786885246,-0.39325803469177645,-0.11745154871267681,0.0,0.0,0.0
0.30000000000000004,0.30000000000000004,0.15000000000000002,0.15000000000000002,0.1,"(0.3, 0.3, 0.15, 0.15, 0.1)",0.06278898936460697,0.08524939779861941,0.7365329373109522,0.0601580065221875,29520227.150540248,-0.2524096001409428,-0.35945836603144327,0.057992500425750736,1.0,61.0,22706347.81799592,22742790.619796768,18652257.255727053,26938850.154849235,0.45901639344262296,0.04918032786885246,-0.3666803352506376,-0.09609759214756741,0.0,0.0,0.0
0.05,0.30000000000000004,0.15000000000000002,0.30000000000000004,0.2,"(0.05, 0.3, 0.15, 0.3, 0.2)",0.0627428828337715,0.09090501922908224,0.6902026242979866,0.0601580065221875,29488156.41810636,-0.2666768784899065,-0.3875685879920404,0.06503582885819985,1.0,61.0,22629486.58560798,22697190.173937734,18603902.535172626,26760625.92990853,0.45901639344262296,0.04918032786885246,-0.3965209244048904,-0.10779421312706752,0.0,0.0,0.0
0.2,0.2,0.2,0.15000000000000002,0.25,"(0.2, 0.2, 0.2, 0.15, 0.25)",0.06270752781147682,0.08444280618004019,0.7426035520157671,0.0601580065221875,29404653.201705877,-0.24898669436199306,-0.37195642310618093,0.060017757905460045,1.0,61.0,22813453.68192685,22683609.0531039,19439726.779387232,25872516.456100456,0.45901639344262296,0.04918032786885246,-0.3754754927116233,-0.11290982036797806,0.0,0.0,0.0
0.15000000000000002,0.30000000000000004,0.15000000000000002,0.25,0.15000000000000002,"(0.15, 0.3, 0.15, 0.25, 0.15)",0.06265364773064408,0.08852777830504707,0.7077286805363342,0.0601580065221875,29471216.45544796,-0.2607413152635233,-0.3762509463389758,0.061909411487587634,1.0,61.0,22644907.39191019,22675470.439190615,18649967.47165003,26775734.31833414,0.45901639344262296,0.04918032786885246,-0.3847342802778476,-0.10440322775452605,0.0,0.0,0.0
0.1,0.25,0.2,0.30000000000000004,0.15000000000000002,"(0.1, 0.25, 0.2, 0.3, 0.15)",0.0626316078863367,0.09229062845825912,0.678634536708822,0.0601580065221875,29392987.965563424,-0.2675381177712811,-0.40354174523281927,0.06460111939858687,1.0,61.0,22556770.586106572,22582859.258089606,19050999.34587806,26207167.32010647,0.45901639344262296,0.04918032786885246,-0.40961134974490643,-0.11901345893280683,0.0,0.0,0.0
0.30000000000000004,0.2,0.2,0.1,0.2,"(0.3, 0.2, 0.2, 0.1, 0.2)",0.0626017175436171,0.08206934190780402,0.7627905389316186,0.0601580065221875,29383084.451396532,-0.239859907829716,-0.3543256967604117,0.05708399436906525,1.0,61.0,22826159.392629877,22666109.31424902,19527214.58525118,25850494.690646496,0.45901639344262296,0.04918032786885246,-0.3579049974237031,-0.10838381264936635,0.0,0.0,0.0
0.25,0.30000000000000004,0.15000000000000002,0.2,0.1,"(0.25, 0.3, 0.15, 0.2, 0.1)",0.06254807017486419,0.0862620481538242,0.7250937290907726,0.0601580065221875,29449945.43178537,-0.25480297841252686,-0.3650595228448616,0.05892331282363449,1.0,61.0,22658226.59129219,22651185.50766033,18694473.154795077,26789094.940251082,0.45901639344262296,0.04918032786885246,-0.37309231308527496,-0.10103635713970764,0.0,0.0,0.0
0.2,0.25,0.2,0.25,0.1,"(0.2, 0.25, 0.2, 0.25, 0.1)",0.0625455159628201,0.08991504319983219,0.6956068054576303,0.0601580065221875,29376681.671991266,-0.26160492390637236,-0.3917984299278942,0.061667355862192075,1.0,61.0,22571549.701734196,22558130.53234789,19235064.65218264,26187144.099131297,0.45901639344262296,0.04918032786885246,-0.3974709657474133,-0.11631804627845002,0.0,0.0,0.0
0.30000000000000004,0.25,0.2,0.2,0.05,"(0.3, 0.25, 0.2, 0.2, 0.05)",0.06244309625258726,0.0876492914718215,0.7124198633443852,0.0601580065221875,29356055.255061887,-0.25566878940669513,-0.38018533159729756,0.05873359232579729,1.0,61.0,22584233.09045158,22530909.35948847,19294736.35809311,26164713.98143803,0.45901639344262296,0.04918032786885246,-0.38549931459926606,-0.11438736174346072,0.0,0.0,0.0
0.1,0.30000000000000004,0.15000000000000002,0.30000000000000004,0.15000000000000002,"(0.1, 0.3, 0.15, 0.3, 0.15)",0.062397368298556355,0.08966757961124756,0.6958743457677703,0.0601580065221875,29396983.725466244,-0.2631325042845879,-0.38197747487458544,0.06296268938409212,1.0,61.0,22595530.631931607,22581892.205943286,18690670.177233838,26625278.740338244,0.45901639344262296,0.04918032786885246,-0.3913231579582811,-0.10932029853531366,0.0,0.0,0.0
0.25,0.2,0.2,0.15000000000000002,0.2,"(0.25, 0.2, 0.2, 0.15, 0.2)",0.062372358554025675,0.08299512179912798,0.7515183688143104,0.0601580065221875,29316362.950030115,-0.24277765854458466,-0.36105519106850587,0.058014806766949,1.0,61.0,22781353.598090243,22738726.053948823,19447419.556866866,25918579.13358376,0.45901639344262296,0.04918032786885246,-0.3645693419043026,-0.10730011804116207,0.0,0.0,0.0
0.2,0.30000000000000004,0.15000000000000002,0.25,0.1,"(0.2, 0.3, 0.15, 0.25, 0.1)",0.06229936646813883,0.08734824403347238,0.713229752440877,0.0601580065221875,29377761.93993607,-0.2572016368650947,-0.3707136680909246,0.05985412522151825,1.0,61.0,22609618.17561337,22558823.87855594,18735998.164626863,26639389.99512587,0.45901639344262296,0.04918032786885246,-0.3795815336598795,-0.10594514057662877,0.0,0.0,0.0
0.15000000000000002,0.25,0.2,0.30000000000000004,0.1,"(0.15, 0.25, 0.2, 0.3, 0.1)",0.062283175087089804,0.09110404464497608,0.6836488470934687,0.0601580065221875,29301229.276971728,-0.26400408882142556,-0.3977546441435702,0.06259816826007583,1.0,61.0,22524228.410956904,22516676.73285475,19057507.577316616,26251593.530204874,0.45901639344262296,0.04918032786885246,-0.4042723317845691,-0.12124764848368284,0.0,0.0,0.0
0.25,0.25,0.2,0.25,0.05,"(0.25, 0.25, 0.2, 0.25, 0.05)",0.06218831733037056,0.08878681059079062,0.7004229222399956,0.0601580065221875,29282644.842819285,-0.2580755763834255,-0.3860668930492356,0.05966440472368104,1.0,61.0,22537680.88600912,22490593.079544216,19240414.303234115,26230085.253761098,0.45901639344262296,0.04918032786885246,-0.3921780881286166,-0.11930478681887666,0.0,0.0,0.0
0.30000000000000004,0.30000000000000004,0.15000000000000002,0.2,0.05,"(0.3, 0.3, 0.15, 0.2, 0.05)",0.06218504540565584,0.08514508234537119,0.7303421841019154,0.0601580065221875,29354231.417748943,-0.2512683926609641,-0.35957645156849694,0.05692036168512346,1.0,61.0,22621608.51369985,22533209.04446265,18779758.349374224,26651762.078710817,0.45901639344262296,0.04918032786885246,-0.36798493431341606,-0.10259403014638441,0.0,0.0,0.0
0.15000000000000002,0.30000000000000004,0.15000000000000002,0.30000000000000004,0.1,"(0.15, 0.3, 0.15, 0.3, 0.1)",0.062042885430996675,0.08850527767959561,0.7010077484373602,0.0601580065221875,29303691.674884446,-0.25960547920048316,-0.37642083551387345,0.06088954990998441,1.0,61.0,22560525.42600354,22465718.087628093,18776827.462451253,26489743.999000486,0.45901639344262296,0.04918032786885246,-0.38614843558741363,-0.11082373527823451,0.0,0.0,0.0
0.25,0.30000000000000004,0.15000000000000002,0.25,0.05,"(0.25, 0.3, 0.15, 0.25, 0.05)",0.06193614105706824,0.08624744037557185,0.7181214977205355,0.0601580065221875,29282209.767558523,-0.25367963216203104,-0.36521120365042903,0.05785117408300721,1.0,61.0,22573286.11709818,22441319.916191716,18821411.706130143,26502867.947027914,0.45901639344262296,0.04918032786885246,-0.3744521948397588,-0.10746429472160339,0.0,0.0,0.0
0.2,0.25,0.2,0.30000000000000004,0.05,"(0.2, 0.25, 0.2, 0.3, 0.05)",0.06192577195145299,0.08999272654848535,0.688119743967189,0.0601580065221875,29207359.993641898,-0.26048745701759657,-0.3920033028216718,0.0605952171215648,1.0,61.0,22490635.524539296,22461836.342945673,19062776.48881196,26294502.15308647,0.45901639344262296,0.04918032786885246,-0.398957118953882,-0.12419293835736542,0.0,0.0,0.0
0.30000000000000004,0.25,0.2,0.25,0.0,"(0.3, 0.25, 0.2, 0.25, 0.0)",0.061822172458493085,0.0877373210649007,0.704627993060812,0.0601580065221875,29186519.126802217,-0.25456395050553415,-0.38037146971668095,0.05766145358517001,1.0,61.0,22502767.632881217,22470873.53902307,19244514.374981537,26271509.02412412,0.45901639344262296,0.04918032786885246,-0.38690938970500166,-0.12225489426214041,0.0,0.0,0.0
0.2,0.30000000000000004,0.15000000000000002,0.30000000000000004,0.05,"(0.2, 0.3, 0.15, 0.3, 0.05)",0.06167946382830025,0.087421110450786,0.7055442731195105,0.0601580065221875,29208308.54747064,-0.25609605484842,-0.3708990614126126,0.058816410435876695,1.0,61.0,22524479.235110193,22348690.94677918,18862366.369003765,26354032.010267727,0.45901639344262296,0.04918032786885246,-0.38099720675167775,-0.11230457037453147,0.0,0.0,0.0
0.30000000000000004,0.30000000000000004,0.15000000000000002,0.25,0.0,"(0.3, 0.3, 0.15, 0.25, 0.0)",0.061564000977997635,0.08522841802150206,0.7223412379010227,0.0601580065221875,29184588.581834838,-0.25017555227211596,-0.35974393820259304,0.05584822294449618,1.0,61.0,22535919.61536027,22322981.727222573,18906200.150900554,26366178.482856687,0.45901639344262296,0.04918032786885246,-0.36934670909448797,-0.10957749285868824,0.0,0.0,0.0
0.25,0.25,0.2,0.30000000000000004,0.0,"(0.25, 0.25, 0.2, 0.3, 0.0)",0.06155942804454084,0.08895949496310343,0.6919939020570322,0.0601580065221875,29111408.503059205,-0.25698847374486267,-0.38628812717091104,0.05859226598305377,1.0,61.0,22455999.96596346,22497903.313111305,19066808.293285467,26335889.81141589,0.45901639344262296,0.04918032786885246,-0.39366617349203636,-0.12710178460929852,0.0,0.0,0.0
0.1,0.25,0.15000000000000002,0.30000000000000004,0.2,"(0.1, 0.25, 0.15, 0.3, 0.2)",0.06144059764161636,0.0829856288386336,0.7403763579485337,0.0601580065221875,29117998.38775629,-0.2399415835325016,-0.3472061867148816,0.059234742253802215,1.0,61.0,22684062.87149748,22588406.093427274,19187341.613439407,25736994.599301644,0.45901639344262296,0.04918032786885246,-0.35232568760882543,-0.09551209041563338,0.0,0.0,0.0
0.2,0.25,0.15000000000000002,0.25,0.15000000000000002,"(0.2, 0.25, 0.15, 0.25, 0.15)",0.06133683552417013,0.08053625461946558,0.761605264784005,0.0601580065221875,29097376.091047134,-0.23149207892028367,-0.3315781550760847,0.05611120159977794,1.0,61.0,22697060.22409781,22564049.75991451,19233205.237392623,25750082.15933317,0.45901639344262296,0.04918032786885246,-0.3362861993162373,-0.09220122562778948,0.0,0.0,0.0
0.25,0.30000000000000004,0.15000000000000002,0.30000000000000004,0.0,"(0.25, 0.3, 0.15, 0.3, 0.0)",0.061307132877328696,0.08641801871865626,0.7094253465463155,0.0601580065221875,29110862.90016816,-0.2526044816425008,-0.36541253902580817,0.05677903534237993,1.0,61.0,22487400.39176323,22296716.46080831,18947278.93501161,26218153.027092922,0.45901639344262296,0.04918032786885246,-0.3758699187029068,-0.11447198876488975,0.0,0.0,0.0
0.15000000000000002,0.25,0.15000000000000002,0.30000000000000004,0.15000000000000002,"(0.15, 0.25, 0.15, 0.3, 0.15)",0.061089807976403954,0.08168341487466604,0.7478850886699503,0.0601580065221875,29026467.760079112,-0.23438311068244277,-0.3379240980718558,0.057008341105585496,1.0,61.0,22649253.77479455,22552307.43972234,19275986.73549688,25613966.96040407,0.45901639344262296,0.04918032786885246,-0.34335719314583535,-0.09708196592952414,0.0,0.0,0.0
0.25,0.30000000000000004,0.25,0.1,0.1,"(0.25, 0.3, 0.25, 0.1, 0.1)",0.06594697281325601,0.10533081132203091,0.6260938464779735,0.0601580065221875,30294688.88952068,-0.31637341549298525,-0.49186260087050454,0.07228180246220994,1.0,61.0,22539541.36032974,22141955.635635886,18451889.294574365,27523998.271293323,0.45901639344262296,0.03278688524590164,-0.5002197342117205,-0.14172825285393847,0.0,0.0,0.0
0.2,0.05,0.25,0.2,0.30000000000000004,"(0.2, 0.05, 0.25, 0.2, 0.3)",0.05982720416935261,0.08023729785949335,0.7456283519681627,0.0601580065221875,28532162.994558994,-0.2361353098636464,-0.3796833222173196,0.05398777667811911,0.0,61.0,22829889.057173587,22691821.321165588,18220566.15081281,26408040.129335757,0.45901639344262296,0.03278688524590164,-0.378520677643415,-0.1435988393277888,0.0,0.0,0.0
0.25,0.05,0.25,0.2,0.25,"(0.25, 0.05, 0.25, 0.2, 0.25)",0.0594960771354085,0.07865834366180993,0.7563860916168126,0.0601580065221875,28447216.99002867,-0.22988180195493302,-0.36800589538925516,0.05342078100113811,0.0,61.0,22799915.32931144,22720591.096119415,18226171.69683912,26397771.640743997,0.45901639344262296,0.03278688524590164,-0.36696990519713507,-0.13923100087712634,0.0,0.0,0.0
0.30000000000000004,0.05,0.25,0.25,0.15000000000000002,"(0.3, 0.05, 0.25, 0.25, 0.15)",0.05857464599449602,0.07677970359815962,0.7628923172334313,0.0601580065221875,28206176.028497547,-0.2203316026038339,-0.3519649133596054,0.053046304475991964,0.0,61.0,22696152.635699194,22420980.330496434,18068375.657592304,26483356.838020146,0.45901639344262296,0.03278688524590164,-0.35102717127865224,-0.13358483201140745,0.0,0.0,0.0
0.25,0.25,0.30000000000000004,0.0,0.2,"(0.25, 0.25, 0.3, 0.0, 0.2)",0.06715475606646426,0.10968772223045957,0.6122358519339899,0.0601580065221875,30571077.8268454,-0.32516504569011007,-0.5213638314193073,0.07623931058413834,1.0,61.0,22635591.63321618,22484812.433951087,18667949.16043017,27259088.873333182,0.45901639344262296,0.01639344262295082,-0.5278055456888545,-0.1492384403827445,0.0,0.0,0.0
0.0,0.30000000000000004,0.25,0.15000000000000002,0.30000000000000004,"(0.0, 0.3, 0.25, 0.15, 0.3)",0.06695061227233734,0.11134653260959608,0.6012815190849274,0.0601580065221875,30561212.359995443,-0.33216409767791044,-0.5218550289547371,0.08122441941413783,1.0,61.0,22602235.753592175,22345457.774173845,18134363.671263266,27925088.724097572,0.45901639344262296,0.01639344262295082,-0.529974763405585,-0.1435805013430309,0.0,0.0,0.0
0.30000000000000004,0.25,0.30000000000000004,0.0,0.15000000000000002,"(0.3, 0.25, 0.3, 0.0, 0.15)",0.06684045358301827,0.10842595482666229,0.6164617474651188,0.0601580065221875,30485232.626324374,-0.31979003872733036,-0.5106996995091915,0.0742363594456273,1.0,61.0,22609323.797126714,22544221.039291527,18759893.12557386,27121655.143757373,0.45901639344262296,0.01639344262295082,-0.5171895084970997,-0.14791100497959803,0.0,0.0,0.0
0.05,0.30000000000000004,0.25,0.15000000000000002,0.25,"(0.05, 0.3, 0.25, 0.15, 0.25)",0.06664771999419661,0.11000787902049568,0.6058449684479364,0.0601580065221875,30478605.69627266,-0.3287456293947064,-0.515906670613868,0.07922146827562679,1.0,61.0,22576431.77605786,22259920.66445175,18224628.12577767,27786201.743201233,0.45901639344262296,0.01639344262295082,-0.5240679625862917,-0.14230656635601466,0.0,0.0,0.0
0.0,0.30000000000000004,0.25,0.2,0.25,"(0.0, 0.3, 0.25, 0.2, 0.25)",0.0663773512230299,0.11104903814953869,0.5977300868977012,0.0601580065221875,30398443.02929892,-0.33092373026869093,-0.5224180938860509,0.08015228067351055,1.0,61.0,22528044.065087005,22178074.52644289,18263572.040946018,27628039.186446927,0.45901639344262296,0.01639344262295082,-0.5304914882067578,-0.14396824180715884,0.0,0.0,0.0
0.05,0.30000000000000004,0.25,0.2,0.2,"(0.05, 0.3, 0.25, 0.2, 0.2)",0.06606495654247113,0.10978292293225116,0.6017780796676446,0.0601580065221875,30313637.98736226,-0.32753317742810517,-0.5164823518906343,0.0781493295349995,1.0,61.0,22501393.6835038,22163499.903086618,18353376.896267746,27489772.078683436,0.45901639344262296,0.01639344262295082,-0.5250960128307409,-0.14588543063434833,0.0,0.0,0.0
0.15000000000000002,0.30000000000000004,0.25,0.15000000000000002,0.15000000000000002,"(0.15, 0.3, 0.25, 0.15, 0.15)",0.06601422073134433,0.10750893351677454,0.6140347464338317,0.0601580065221875,30306416.72334319,-0.3219552609791938,-0.5041085800599872,0.07521556599860472,1.0,61.0,22521518.5956277,22153748.3907338,18403401.57832513,27507782.59451312,0.45901639344262296,0.01639344262295082,-0.5123502398444145,-0.1437986741131091,0.0,0.0,0.0
0.1,0.30000000000000004,0.25,0.2,0.15000000000000002,"(0.1, 0.3, 0.25, 0.2, 0.15)",0.06574335151433819,0.10857738481222866,0.6054976515416474,0.0601580065221875,30226534.119018473,-0.3241582449036058,-0.5105798106531004,0.07614637839648848,1.0,61.0,22473648.85768518,22220458.989744343,18442589.835283615,27351297.686424322,0.45901639344262296,0.01639344262295082,-0.519771576298031,-0.14884952767437676,0.0,0.0,0.0
0.2,0.30000000000000004,0.25,0.15000000000000002,0.1,"(0.2, 0.3, 0.25, 0.15, 0.1)",0.06568367781200979,0.1063528326037079,0.6176015833707074,0.0601580065221875,30216890.959934205,-0.3185838517430595,-0.4982596984456509,0.07321261486009369,1.0,61.0,22492424.82052782,22201727.337795995,18491893.734287187,27368271.823867265,0.45901639344262296,0.01639344262295082,-0.5069429549716595,-0.14676795269855672,0.0,0.0,0.0
0.30000000000000004,0.30000000000000004,0.25,0.1,0.05,"(0.3, 0.3, 0.25, 0.1, 0.05)",0.06560751574132828,0.104227299314907,0.629465755829527,0.0601580065221875,30202762.068450868,-0.31300590539888296,-0.48606780190526117,0.0702788513236989,1.0,61.0,22509102.06099903,22179176.0692789,18539651.553248595,27383459.75754711,0.45901639344262296,0.01639344262295082,-0.49446007948680804,-0.14470254147175513,0.0,0.0,0.0
0.25,0.30000000000000004,0.25,0.15000000000000002,0.05,"(0.25, 0.3, 0.25, 0.15, 0.05)",0.06534398166222566,0.10526175113142318,0.6207761219993508,0.0601580065221875,30125115.923226226,-0.3152286179616207,-0.49244481794724426,0.07120966372158265,1.0,61.0,22462250.00147135,22173432.10287945,18579778.377976146,27228574.43427375,0.45901639344262296,0.01639344262295082,-0.5016852122946638,-0.1496997840080164,0.0,0.0,0.0
0.30000000000000004,0.15000000000000002,0.25,0.30000000000000004,0.0,"(0.3, 0.15, 0.25, 0.3, 0.0)",0.060291643848756626,0.08602590732706286,0.7008544951410178,0.0601580065221875,28692579.97086254,-0.2445407822992678,-0.3847798476867347,0.05755208728537528,1.0,61.0,22477150.869952913,22482484.17233071,18184620.023193516,26829262.44572035,0.45901639344262296,0.01639344262295082,-0.38670462974663494,-0.1467339983887515,0.0,0.0,0.0
0.15000000000000002,0.05,0.25,0.25,0.30000000000000004,"(0.15, 0.05, 0.25, 0.25, 0.3)",0.0595953657750663,0.0812258283524032,0.7336996985307207,0.0601580065221875,28466806.11911381,-0.23907389869605566,-0.3869943790207443,0.054747291506934956,0.0,61.0,22788458.96002698,22709806.60898559,18055308.180541042,26436624.852065414,0.45901639344262296,0.01639344262295082,-0.38567493957395643,-0.14428190823189127,0.0,0.0,0.0
0.1,0.05,0.25,0.30000000000000004,0.30000000000000004,"(0.1, 0.05, 0.25, 0.3, 0.3)",0.05935580134841745,0.08229301351055264,0.7212738823910745,0.0601580065221875,28399601.44016939,-0.2420096765219304,-0.39436990982964326,0.05550680633575081,0.0,61.0,22746506.86859734,22584440.657570273,17890917.56280861,26464021.27678195,0.45901639344262296,0.01639344262295082,-0.3928887939222683,-0.14496909905533897,0.0,0.0,0.0
0.2,0.05,0.25,0.25,0.25,"(0.2, 0.05, 0.25, 0.25, 0.25)",0.059264016564177124,0.0796687353424154,0.743880473431152,0.0601580065221875,28381981.263173077,-0.23284531306329193,-0.3752569595438956,0.054180295829953956,0.0,61.0,22758747.017489847,22595865.40555382,18060832.536548205,26426292.0180835,0.45901639344262296,0.01639344262295082,-0.37406956107765227,-0.1399220758330044,0.0,0.0,0.0
0.15000000000000002,0.05,0.25,0.30000000000000004,0.25,"(0.15, 0.05, 0.25, 0.3, 0.25)",0.059024234232030626,0.08075873582389204,0.7308712008660322,0.0601580065221875,28314904.250902846,-0.23580595620467437,-0.3825724872996991,0.05493981065876981,0.0,61.0,22717056.48462892,22471166.998087395,17896362.04534221,26462354.253250577,0.45901639344262296,0.01639344262295082,-0.381228826235665,-0.1406172607103345,0.0,0.0,0.0
0.25,0.05,0.25,0.25,0.2,"(0.25, 0.05, 0.25, 0.25, 0.2)",0.058923767124029025,0.07818527113266852,0.7536428059965968,0.0601580065221875,28295095.774235934,-0.2265978165213327,-0.3635802955876448,0.053613300152972956,0.0,61.0,22727975.702622138,22481754.01372106,18065187.645432357,26439892.88532905,0.45901639344262296,0.01639344262295082,-0.3625201478985101,-0.13556732824228684,0.0,0.0,0.0
0.2,0.05,0.25,0.30000000000000004,0.2,"(0.2, 0.05, 0.25, 0.3, 0.2)",0.05868377215364107,0.07929794311709266,0.740041542653731,0.0601580065221875,28228152.534194037,-0.2295833805376417,-0.37083603884202654,0.05437281498178881,0.0,61.0,22686548.316004727,22387999.98989092,17900648.8012389,26507301.00655681,0.45901639344262296,0.01639344262295082,-0.36962504463139034,-0.1380765749864845,0.0,0.0,0.0
0.30000000000000004,0.05,0.25,0.30000000000000004,0.1,"(0.3, 0.05, 0.25, 0.3, 0.1)",0.05797627670109362,0.07661341670078763,0.7567379082898622,0.0601580065221875,28048591.00037724,-0.21708243595240206,-0.34754817009509564,0.053238823627826816,0.0,61.0,22622388.924701422,22495384.430863697,17905757.79716362,26592657.638449993,0.45901639344262296,0.01639344262295082,-0.3465879242339507,-0.13657622128524777,0.0,0.0,0.0
0.2,0.0,0.25,0.30000000000000004,0.25,"(0.2, 0.0, 0.25, 0.3, 0.25)",0.05737806860677308,0.07622899791625488,0.75270658378336,0.0601580065221875,27871713.02536175,-0.21584360169990935,-0.35148450697675804,0.05221618315301458,0.0,61.0,22744638.303583145,22836627.2354498,17750693.190053806,26486941.10434454,0.45901639344262296,0.01639344262295082,-0.3489845361459013,-0.14639577281295757,0.0,0.0,0.0
0.30000000000000004,0.0,0.25,0.25,0.2,"(0.3, 0.0, 0.25, 0.25, 0.2)",0.057263297701093174,0.07367395766030412,0.7772529061778218,0.0601580065221875,27848521.394169055,-0.2064520064426919,-0.33248138649537684,0.05094735380266099,0.0,61.0,22753159.859590948,22869353.329977006,17915902.218625765,26444783.24889199,0.45901639344262296,0.01639344262295082,-0.33031218821821795,-0.1419361123038665,0.0,0.0,0.0
0.25,0.0,0.25,0.30000000000000004,0.2,"(0.25, 0.0, 0.25, 0.3, 0.2)",0.05703246925324401,0.07473997493703503,0.7630785172364752,0.0601580065221875,27784889.00039263,-0.2095103943655352,-0.33967638967140784,0.05164918747603358,0.0,61.0,22713324.997721493,22892073.942280967,17753529.09751927,26473357.432839684,0.45901639344262296,0.01639344262295082,-0.33734265991266177,-0.1456035559178179,0.0,0.0,0.0
0.30000000000000004,0.0,0.25,0.30000000000000004,0.15000000000000002,"(0.3, 0.0, 0.25, 0.3, 0.15)",0.05667806627644256,0.07333228903671393,0.7728937282738657,0.0601580065221875,27696089.144562013,-0.20315848903445932,-0.3279307619997714,0.05127030650362978,0.0,61.0,22680970.696318693,22920103.300576463,17755224.510658868,26458175.982644618,0.45901639344262296,0.01639344262295082,-0.32575809678749224,-0.14481872466259554,0.0,0.0,0.0
0.1,0.30000000000000004,0.30000000000000004,0.0,0.30000000000000004,"(0.1, 0.3, 0.3, 0.0, 0.3)",0.06889970296236947,0.11954533016873577,0.5763479248007343,0.0601580065221875,31079031.63284617,-0.3569066300943756,-0.5768806710666642,0.08604203943765805,1.0,61.0,22604834.37112049,22090017.047905806,17909146.48404582,28603578.11903956,0.45901639344262296,0.0,-0.5858839577822573,-0.16194424846013386,0.0,0.0,0.0
0.05,0.30000000000000004,0.30000000000000004,0.05,0.30000000000000004,"(0.05, 0.3, 0.3, 0.05, 0.3)",0.06863822052224666,0.12043661461771002,0.5699115733211046,0.0601580065221875,31000004.309776533,-0.3589724931005335,-0.5836938508014905,0.0869728518355418,1.0,61.0,22558024.30021492,22049627.80900862,17948569.50722986,28441379.21482925,0.45901639344262296,0.0,-0.592593003956725,-0.163599059830951,0.0,0.0,0.0
0.15000000000000002,0.30000000000000004,0.30000000000000004,0.0,0.25,"(0.15, 0.3, 0.3, 0.0, 0.25)",0.06861009393809447,0.11821230821944331,0.5803972105064574,0.0601580065221875,30998801.79788962,-0.35354811340203385,-0.5708186983008201,0.08403908829914702,1.0,61.0,22581754.345443904,22069634.002375882,18000307.95502704,28461506.882510833,0.45901639344262296,0.0,-0.5798729519997547,-0.16053262787277064,0.0,0.0,0.0
0.0,0.30000000000000004,0.30000000000000004,0.1,0.30000000000000004,"(0.0, 0.3, 0.3, 0.1, 0.3)",0.06836887801728264,0.1213827169467321,0.5632505165235823,0.0601580065221875,30918980.200442847,-0.36104321172476317,-0.5905612512844327,0.08790366423342556,1.0,61.0,22510718.60784926,22077400.85708527,17987314.966474295,28279268.06786855,0.45901639344262296,0.0,-0.5993528067340443,-0.1652327245271746,0.0,0.0,0.0
0.1,0.30000000000000004,0.30000000000000004,0.05,0.25,"(0.1, 0.3, 0.3, 0.05, 0.25)",0.06834831878518055,0.11911508355238157,0.5738007038808312,0.0601580065221875,30919880.834108442,-0.35562635731754766,-0.5776112106261533,0.08496990069703078,1.0,61.0,22535188.964143,22098216.071812578,18039857.819524646,28300162.471672498,0.45901639344262296,0.0,-0.5865639308354366,-0.16217730015992332,0.0,0.0,0.0
0.2,0.30000000000000004,0.30000000000000004,0.0,0.2,"(0.2, 0.3, 0.3, 0.0, 0.2)",0.06831110922373584,0.11693404421077967,0.5841849538753789,0.0601580065221875,30916146.068696238,-0.35020446102845315,-0.5647888558565515,0.08203613716063599,1.0,61.0,22557548.265775226,22086710.253392838,18090895.41810946,28319210.824176222,0.45901639344262296,0.0,-0.5738933051870428,-0.15912827353813003,0.0,0.0,0.0
0.05,0.30000000000000004,0.30000000000000004,0.1,0.25,"(0.05, 0.3, 0.3, 0.1, 0.25)",0.06807868834533748,0.12007310315880883,0.5669770044611617,0.0601580065221875,30838969.6471568,-0.35770945272147125,-0.5844580412261168,0.08590071309491452,1.0,61.0,22488127.638729233,22125885.640607003,18078726.910618242,28138904.85549066,0.45901639344262296,0.0,-0.5933057687390304,-0.16380098734753848,0.0,0.0,0.0
0.15000000000000002,0.30000000000000004,0.30000000000000004,0.05,0.2,"(0.15, 0.3, 0.3, 0.05, 0.2)",0.0680490483940992,0.11784814445000898,0.5774299520088372,0.0601580065221875,30837339.42055172,-0.35229502244669586,-0.5715607379364274,0.08296694955851974,1.0,61.0,22511229.88743298,22125487.726803087,18130571.003294952,28158721.60286698,0.45901639344262296,0.0,-0.58056626977636,-0.16076281749303495,0.0,0.0,0.0
0.25,0.30000000000000004,0.30000000000000004,0.0,0.15000000000000002,"(0.25, 0.3, 0.3, 0.0, 0.15)",0.06800278232763257,0.11571235287518697,0.5876881822719802,0.0601580065221875,30831092.81678584,-0.34687591606129,-0.5587915827554011,0.08003318602212495,1.0,61.0,22532223.66237389,22116888.293878257,18180900.297311034,28176700.913656067,0.45901639344262296,0.0,-0.5679454341768577,-0.15773119919572645,0.0,0.0,0.0
0.15000000000000002,0.25,0.30000000000000004,0.0,0.30000000000000004,"(0.15, 0.25, 0.3, 0.0, 0.3)",0.06775551870177399,0.11238720994260168,0.6028757074437389,0.0601580065221875,30735704.073461436,-0.3365450902665701,-0.5444699517093684,0.0802452128611604,1.0,61.0,22684785.996273134,22362366.86640453,18482274.225605696,27533334.322363146,0.45901639344262296,0.0,-0.5509195737369625,-0.15225363055640004,0.0,0.0,0.0
0.2,0.30000000000000004,0.30000000000000004,0.05,0.15000000000000002,"(0.2, 0.3, 0.3, 0.05, 0.15)",0.06774044273718527,0.11663757628840207,0.580777180843401,0.0601580065221875,30752408.350502152,-0.34897873086064657,-0.565542873140985,0.0809639984200087,1.0,61.0,22486154.532261368,22185055.833953988,18220700.465411328,28017067.517881278,0.45901639344262296,0.0,-0.5746004385503798,-0.16149429894830494,0.0,0.0,0.0
0.30000000000000004,0.30000000000000004,0.30000000000000004,0.0,0.1,"(0.3, 0.3, 0.3, 0.0, 0.1)",0.06768514648362789,0.11454904430783479,0.5908835546609483,0.0601580065221875,30743670.770044412,-0.34356272056204185,-0.552827313011728,0.07803023488361392,1.0,61.0,22505788.146899853,22175223.99168561,18270314.072898813,28033988.06816757,0.45901639344262296,0.0,-0.5620297517922958,-0.15934666110092982,0.0,0.0,0.0
0.1,0.25,0.30000000000000004,0.05,0.30000000000000004,"(0.1, 0.25, 0.3, 0.05, 0.3)",0.06750325024813231,0.11325970947273678,0.5960040915024711,0.0601580065221875,30660057.87955034,-0.33908636781260626,-0.5522302712776616,0.08117602525904416,1.0,61.0,22639463.59265613,22432587.003599457,18523713.73101619,27378485.798411723,0.45901639344262296,0.0,-0.558575445557573,-0.15358902437414892,0.0,0.0,0.0
0.2,0.25,0.30000000000000004,0.0,0.25,"(0.2, 0.25, 0.3, 0.0, 0.25)",0.06745978868311231,0.1110088382411184,0.6076974568149724,0.0601580065221875,30654577.681195755,-0.3308643086163571,-0.532888704295707,0.07824226172264938,1.0,61.0,22660748.22055293,22424192.390458237,18575406.62160595,27396318.79028067,0.45901639344262296,0.0,-0.5393360877496255,-0.15057295022692427,0.0,0.0,0.0
0.05,0.25,0.30000000000000004,0.1,0.30000000000000004,"(0.05, 0.25, 0.3, 0.1, 0.3)",0.06724314025711386,0.11419077142391143,0.5888666782667275,0.0601580065221875,30582427.646655485,-0.34162565481482754,-0.5600491917186133,0.08210683765692792,1.0,61.0,22593637.489377983,22480554.167456742,18401510.332795963,27223707.916138858,0.45901639344262296,0.0,-0.5662856458319013,-0.15524287707551052,0.0,0.0,0.0
0.15000000000000002,0.25,0.30000000000000004,0.05,0.25,"(0.15, 0.25, 0.3, 0.05, 0.25)",0.06720723620789792,0.11189370017346165,0.6006346747288797,0.0601580065221875,30579036.866085358,-0.33342848380046974,-0.5405895599862174,0.07917307412053314,1.0,61.0,22615672.6158296,22494453.543341056,18586189.95258176,27242287.899110157,0.45901639344262296,0.0,-0.5469369190696778,-0.15223706596620443,0.0,0.0,0.0
0.1,0.25,0.30000000000000004,0.1,0.25,"(0.1, 0.25, 0.3, 0.1, 0.25)",0.06694684688606078,0.11283763453186706,0.5933024665379172,0.0601580065221875,30501518.58584009,-0.3359906152335719,-0.5483490043417517,0.08010388651841688,1.0,61.0,22570093.01022339,22528578.355714653,18415112.04032564,27088326.797292754,0.45901639344262296,0.0,-0.5545920908755146,-0.1538806916170888,0.0,0.0,0.0
0.2,0.25,0.30000000000000004,0.05,0.2,"(0.2, 0.25, 0.3, 0.05, 0.2)",0.06690192630981295,0.11058478882139086,0.6049830815146598,0.0601580065221875,30495649.94208136,-0.3277521742450925,-0.5290054301359902,0.0771701229820221,1.0,61.0,22590764.999026746,22546456.157960534,18598720.934119053,27105876.266624153,0.45901639344262296,0.0,-0.5353515520361898,-0.1508921832675226,0.0,0.0,0.0
0.05,0.25,0.30000000000000004,0.15000000000000002,0.25,"(0.05, 0.25, 0.3, 0.15, 0.25)",0.0666786280152758,0.11383917187136769,0.5857265730167043,0.0601580065221875,30422039.02966099,-0.33855066083156227,-0.5561668980890073,0.08103469891630063,1.0,61.0,22524011.987076905,22556608.738250505,18244956.88538909,27052592.45213184,0.45901639344262296,0.0,-0.5623014200719346,-0.15550381158667098,0.0,0.0,0.0
0.0,0.25,0.30000000000000004,0.2,0.25,"(0.0, 0.25, 0.3, 0.2, 0.25)",0.06640258698198731,0.11489680585352802,0.5779324019384683,0.0601580065221875,30340614.75488658,-0.34110857866855426,-0.5640430935683329,0.08196551131418439,1.0,61.0,22477432.159579717,22583707.998245656,18075728.613029826,27118754.029452782,0.45901639344262296,0.0,-0.5700647155611948,-0.15710641236684555,0.0,0.0,0.0
0.1,0.25,0.30000000000000004,0.15000000000000002,0.2,"(0.1, 0.25, 0.3, 0.15, 0.2)",0.06637277761528204,0.11255609584523053,0.5896862103901281,0.0601580065221875,30338898.040464148,-0.3329200981123468,-0.5444642175927725,0.0790317477777896,1.0,61.0,22499601.428017154,22603232.449795637,18257176.493011095,27107302.58124626,0.45901639344262296,0.0,-0.5506064398927244,-0.15433446451276728,0.0,0.0,0.0
0.2,0.25,0.30000000000000004,0.1,0.15000000000000002,"(0.2, 0.25, 0.3, 0.1, 0.15)",0.06632642528372368,0.11030413336759194,0.6013049852147319,0.0601580065221875,30332653.71439072,-0.3246656010331148,-0.5251195087070314,0.07609798424139483,1.0,61.0,22519668.118872173,22620742.605416402,18438634.442711916,27093311.177547097,0.45901639344262296,0.0,-0.5313655676710723,-0.1522184299657409,0.0,0.0,0.0
0.05,0.25,0.30000000000000004,0.2,0.2,"(0.05, 0.25, 0.3, 0.2, 0.2)",0.06609647335404834,0.11362726254999132,0.5816955532565841,0.0601580065221875,30257606.702375762,-0.33550080945338145,-0.5522811244187819,0.07996256017567335,1.0,61.0,22453269.641948823,22630222.91520545,18087795.463661462,27173442.65484863,0.45901639344262296,0.0,-0.5583149514723635,-0.15937522017410252,0.0,0.0,0.0
0.15000000000000002,0.25,0.30000000000000004,0.15000000000000002,0.15000000000000002,"(0.15, 0.25, 0.3, 0.15, 0.15)",0.06605767721633349,0.11133170888379441,0.5933410874460127,0.0601580065221875,30253434.479959253,-0.32727139491436685,-0.5328190482388273,0.07702879663927857,1.0,61.0,22474085.977463078,22648557.42828218,18268182.264232483,27160425.357068334,0.45901639344262296,0.0,-0.5389655130065154,-0.15724845951191585,0.0,0.0,0.0
0.25,0.25,0.30000000000000004,0.1,0.1,"(0.25, 0.25, 0.3, 0.1, 0.1)",0.0660023617940797,0.10912778024336708,0.6048172302862488,0.0601580065221875,30244754.12941855,-0.32077093887235253,-0.5178462160788208,0.07409503310288378,1.0,61.0,22492802.644095212,22664875.34148248,18448557.68601132,27144868.686224807,0.45901639344262296,0.0,-0.5241850602244142,-0.155137431699705,0.0,0.0,0.0
0.0,0.25,0.30000000000000004,0.25,0.2,"(0.0, 0.25, 0.3, 0.25, 0.2)",0.06581235908234206,0.11475333779311839,0.5735115016958465,0.0601580065221875,30174394.16408795,-0.33807929801655645,-0.5601561713681217,0.08089337257355711,1.0,61.0,22406441.33932577,22656277.249977008,17919347.21956139,27238577.509949204,0.45901639344262296,0.0,-0.5660772481792786,-0.16438388602597992,0.0,0.0,0.0
0.0,0.30000000000000004,0.25,0.25,0.2,"(0.0, 0.3, 0.25, 0.25, 0.2)",0.065786517588589,0.11089499714581644,0.593232510769498,0.0601580065221875,30231681.058589403,-0.32972855805349277,-0.5230275647454373,0.07908014193288326,1.0,61.0,22452776.16445058,22229384.050480206,18391749.48103349,27332540.015575714,0.45901639344262296,0.0,-0.5327487736545015,-0.15094705006033618,0.0,0.0,0.0
0.1,0.25,0.30000000000000004,0.2,0.15000000000000002,"(0.1, 0.25, 0.3, 0.2, 0.15)",0.06578111634630379,0.11241614930858161,0.5851571749334257,0.0601580065221875,30172283.92041425,-0.3298749543967209,-0.5405768725119353,0.07795960903716231,1.0,61.0,22428004.38127593,22675437.619654234,18098660.774761,27226540.292758267,0.45901639344262296,0.0,-0.5466194557672966,-0.1622467940402865,0.0,0.0,0.0
0.2,0.25,0.30000000000000004,0.15000000000000002,0.1,"(0.2, 0.25, 0.3, 0.15, 0.1)",0.06573335894699461,0.11016796778353714,0.5966648951549184,0.0601580065221875,30165676.541841034,-0.32297553281046576,-0.5245134603550689,0.07502584550076753,1.0,61.0,22447473.077776484,22692580.10022591,18277975.54832073,27211956.255988743,0.45901639344262296,0.0,-0.5307431193610148,-0.16012504751332704,0.0,0.0,0.0
0.30000000000000004,0.25,0.30000000000000004,0.1,0.05,"(0.3, 0.25, 0.3, 0.1, 0.05)",0.06566910591225539,0.10801435106140765,0.6079664902575918,0.0601580065221875,30154581.15596516,-0.317398428143953,-0.5118188932826077,0.07209208196437275,1.0,61.0,22464845.240142964,22707703.88472456,18457257.64533449,27194833.707248602,0.45901639344262296,0.0,-0.5182189317265788,-0.15801886836065662,0.0,0.0,0.0
0.05,0.25,0.30000000000000004,0.25,0.15000000000000002,"(0.05, 0.25, 0.3, 0.25, 0.15)",0.06549675014124734,0.1135558255006127,0.5767801858909822,0.0601580065221875,30089218.882012654,-0.33247623775191626,-0.5483928304794482,0.07889042143504607,1.0,61.0,22381425.928079065,22701379.96326327,17930073.909854013,27291647.795092933,0.45901639344262296,0.0,-0.5543272010984566,-0.1672132269860628,0.0,0.0,0.0
0.05,0.30000000000000004,0.25,0.25,0.15000000000000002,"(0.05, 0.3, 0.25, 0.25, 0.15)",0.06546467020885349,0.10970332655295482,0.5967427995654542,0.0601580065221875,30144727.867492136,-0.32636603046896584,-0.5171050409483943,0.07707719079437224,1.0,61.0,22425291.119548164,22179208.52766046,18481080.882016234,27194903.80263128,0.45901639344262296,0.0,-0.5274022452675508,-0.15386867295269047,0.0,0.0,0.0
0.15000000000000002,0.25,0.30000000000000004,0.2,0.1,"(0.15, 0.25, 0.3, 0.2, 0.1)",0.06545654797532796,0.1112653741630219,0.5882921660733684,0.0601580065221875,30084674.510583814,-0.32518493556338113,-0.5312364972693775,0.07595665789865129,1.0,61.0,22401643.75372677,22719348.542526662,18108325.873855583,27278042.413423706,0.45901639344262296,0.0,-0.5373533671470787,-0.16508115425431688,0.0,0.0,0.0
0.15000000000000002,0.30000000000000004,0.25,0.2,0.1,"(0.15, 0.3, 0.25, 0.2, 0.1)",0.06541256793580552,0.10743446304273256,0.6088601933048929,0.0601580065221875,30137159.77324221,-0.3207991768993004,-0.5047108943047085,0.07414342725797744,1.0,61.0,22444817.27291396,22160248.14849428,18531202.448794913,27212626.62395165,0.45901639344262296,0.0,-0.514469246829244,-0.15177633877713917,0.0,0.0,0.0
0.25,0.25,0.30000000000000004,0.15000000000000002,0.05,"(0.25, 0.25, 0.3, 0.15, 0.05)",0.06539985468290221,0.10906681383274336,0.5996311103686819,0.0601580065221875,30075652.75097936,-0.3196154199245588,-0.5184655676560427,0.0730228943622565,1.0,61.0,22419770.25020658,22735297.06243936,18286557.88561964,27261890.97103278,0.45901639344262296,0.0,-0.5247591994375879,-0.16296426499385158,0.0,0.0,0.0
0.0,0.30000000000000004,0.25,0.30000000000000004,0.15000000000000002,"(0.0, 0.3, 0.25, 0.3, 0.15)",0.06517818433967038,0.11088500745492436,0.5877997921961257,0.0601580065221875,30061014.916410297,-0.3285785275134805,-0.5236842567545035,0.07800800319225598,1.0,61.0,22376448.158958852,22168340.182462636,18505261.60577896,27038609.74421077,0.45901639344262296,0.0,-0.5351156145722641,-0.15885590288467002,0.0,0.0,0.0
0.1,0.25,0.30000000000000004,0.25,0.1,"(0.1, 0.25, 0.3, 0.25, 0.1)",0.0651719363431551,0.1124183237159004,0.5797269892393637,0.0601580065221875,30001764.843006928,-0.32739905695705085,-0.5380153139336202,0.07688747029653505,1.0,61.0,22355317.247141987,22745177.466499567,17939612.577459503,27343118.973158713,0.45901639344262296,0.0,-0.5444566061701142,-0.17000554697981995,0.0,0.0,0.0
0.1,0.30000000000000004,0.25,0.25,0.1,"(0.1, 0.3, 0.25, 0.25, 0.1)",0.06513365061777865,0.10857392114638374,0.5999014305651063,0.0601580065221875,30055511.880632002,-0.32301930042341553,-0.5112161820654465,0.07507423965586121,1.0,61.0,22396721.44354147,22185152.664362006,18569810.829414364,27057071.494843796,0.45901639344262296,0.0,-0.5220779001756445,-0.15675320213819108,0.0,0.0,0.0
0.2,0.25,0.30000000000000004,0.2,0.05,"(0.2, 0.25, 0.3, 0.2, 0.05)",0.06512280000655024,0.11017682778791786,0.5910752861019628,0.0601580065221875,29994806.904746868,-0.32183721671939636,-0.5251681300695388,0.07395370676014025,1.0,61.0,22374195.214717895,22761952.28530384,18116792.277667474,27327944.704272542,0.45901639344262296,0.0,-0.5313517572204726,-0.16787833784465886,0.0,0.0,0.0
0.2,0.30000000000000004,0.25,0.2,0.05,"(0.2, 0.3, 0.25, 0.2, 0.05)",0.06507263735830349,0.10635617630114882,0.6118369390607793,0.0601580065221875,30045543.62234858,-0.31745621654282274,-0.4988760219133064,0.0721404761194664,1.0,61.0,22414906.69064624,22199992.511342853,18619206.385709666,27073769.453852814,0.45901639344262296,0.0,-0.5091894911613075,-0.15466589605218256,0.0,0.0,0.0
0.30000000000000004,0.25,0.30000000000000004,0.15000000000000002,0.0,"(0.3, 0.25, 0.3, 0.15, 0.0)",0.0650571960512305,0.10803016090519084,0.6022132662407662,0.0601580065221875,29983391.95269984,-0.3162715314836744,-0.5124529183945482,0.07101994322374547,1.0,61.0,22390985.093282633,22776705.082182355,18293931.0064646,27310225.412129078,0.45901639344262296,0.0,-0.5188094355240609,-0.16576615142456214,0.0,0.0,0.0
0.30000000000000004,0.30000000000000004,0.25,0.15000000000000002,0.0,"(0.3, 0.3, 0.25, 0.15, 0.0)",0.06499516369810898,0.10423773084242734,0.6235281905393737,0.0601580065221875,30031120.691219978,-0.3118898023662684,-0.48666435121136326,0.06920671258307162,1.0,61.0,22431002.041038755,22212859.387304273,18667047.233912624,27088700.99380482,0.45901639344262296,0.0,-0.4964504270985501,-0.15259420260839412,0.0,0.0,0.0
0.05,0.25,0.30000000000000004,0.30000000000000004,0.1,"(0.05, 0.25, 0.3, 0.3, 0.1)",0.06487953160291826,0.11362512567175279,0.5709963462689249,0.0601580065221875,29916964.69882868,-0.3296178069322011,-0.54484989046026,0.07781828269441879,1.0,61.0,22308496.16348602,22765785.80888874,17771839.427438404,27407177.8509575,0.45901639344262296,0.0,-0.5524097826714837,-0.17489802424915837,0.0,0.0,0.0
0.05,0.30000000000000004,0.25,0.30000000000000004,0.1,"(0.05, 0.3, 0.25, 0.3, 0.1)",0.06484693337938507,0.10976940609429825,0.5907559828070658,0.0601580065221875,29971964.189102937,-0.32524413188665036,-0.5177755485973276,0.07600505205374496,1.0,61.0,22348140.086887408,22209988.20853261,18514852.249687638,26901615.194959186,0.45901639344262296,0.0,-0.5297693315629554,-0.1616983373403781,0.0,0.0,0.0
0.15000000000000002,0.25,0.30000000000000004,0.25,0.05,"(0.15, 0.25, 0.3, 0.25, 0.05)",0.06483794934386022,0.11134267169672032,0.5823279462924013,0.0601580065221875,29912060.384341422,-0.3240637280893989,-0.5319265687224902,0.07488451915802401,1.0,61.0,22328122.686318137,22787666.36597568,17947964.715719678,27392986.726148482,0.45901639344262296,0.0,-0.5389939567732819,-0.17276088358673825,0.0,0.0,0.0
0.15000000000000002,0.30000000000000004,0.25,0.25,0.05,"(0.15, 0.3, 0.25, 0.25, 0.05)",0.06479349025953351,0.10750874327663476,0.6026811242022517,0.0601580065221875,29964061.676485807,-0.31968861033666507,-0.5053614084803797,0.07307128851735016,1.0,61.0,22367074.831133317,22225636.362715084,18657930.955853228,26919053.596484058,0.45901639344262296,0.0,-0.516776207126873,-0.15960067029374858,0.0,0.0,0.0
0.25,0.30000000000000004,0.25,0.2,0.0,"(0.25, 0.3, 0.25, 0.2, 0.0)",0.06472359109182202,0.10534450938243119,0.6143992835626256,0.0601580065221875,29951714.651291244,-0.3141296058647788,-0.49307560743987583,0.07013752498095538,1.0,61.0,22383924.946875583,22239310.11804767,18706593.354097757,26934736.68620511,0.45901639344262296,0.0,-0.5039327738654297,-0.15751823461756875,0.0,0.0,0.0
0.1,0.25,0.30000000000000004,0.30000000000000004,0.05,"(0.1, 0.25, 0.3, 0.3, 0.05)",0.06454531024381849,0.11256261083100241,0.5734169611677236,0.0601580065221875,29827430.307709437,-0.32629486371139016,-0.5387408648074364,0.07581533155590776,1.0,61.0,22281555.248109292,22742165.747638892,17780078.94762526,27457008.957232997,0.45901639344262296,0.0,-0.5469248664540065,-0.17761170237162088,0.0,0.0,0.0
0.1,0.30000000000000004,0.25,0.30000000000000004,0.05,"(0.1, 0.3, 0.25, 0.3, 0.05)",0.06450654788416199,0.10871760290686412,0.5933404173694233,0.0601580065221875,29880686.9506136,-0.3219257086479528,-0.5119009655701382,0.07400210091523392,1.0,61.0,22318757.154158883,22250360.590059638,18489626.411789645,26907219.192203004,0.45901639344262296,0.0,-0.5244457781892179,-0.16450390290804703,0.0,0.0,0.0
0.2,0.25,0.30000000000000004,0.25,0.0,"(0.2, 0.25, 0.3, 0.25, 0.0)",0.06449482055415601,0.11033067844229733,0.5845592673291377,0.0601580065221875,29820134.162006333,-0.3207444879034511,-0.5258731517988182,0.07288156801951297,1.0,61.0,22299849.71343284,22767121.39531733,17955132.004246693,27441246.954066582,0.45901639344262296,0.0,-0.533554702076362,-0.17547927734714477,0.0,0.0,0.0
0.2,0.30000000000000004,0.25,0.25,0.0,"(0.2, 0.3, 0.25, 0.25, 0.0)",0.06444422033851893,0.10650971993318198,0.6050548286010657,0.0601580065221875,29870406.145335432,-0.31637420153763496,-0.4995411354592929,0.07106833737883914,1.0,61.0,22336359.05194102,22264842.779858828,18541635.68041788,26890078.839490224,0.45901639344262296,0.0,-0.5114976326953018,-0.16241111308802914,0.0,0.0,0.0
0.15000000000000002,0.25,0.30000000000000004,0.30000000000000004,0.0,"(0.15, 0.25, 0.3, 0.3, 0.0)",0.06420195338331958,0.11156330293499334,0.5754755523931496,0.0601580065221875,29735681.95041708,-0.32298794146798504,-0.532667207518757,0.07381238041739673,1.0,61.0,22253537.902382433,22717116.61320981,17787145.67358219,27505228.98954003,0.45901639344262296,0.0,-0.5414634247358948,-0.18028863075250512,0.0,0.0,0.0
0.15000000000000002,0.30000000000000004,0.25,0.30000000000000004,0.0,"(0.15, 0.3, 0.25, 0.3, 0.0)",0.06415705895335155,0.10773146653061733,0.5955275744354421,0.0601580065221875,29787211.99494506,-0.31862349842374327,-0.5060609242347918,0.07199914977672288,1.0,61.0,22288307.06422785,22289454.320084017,18368996.94716451,26953427.867473125,0.45901639344262296,0.0,-0.5191454230212279,-0.16727263580634963,0.0,0.0,0.0
0.2,0.2,0.30000000000000004,0.30000000000000004,0.0,"(0.2, 0.2, 0.3, 0.3, 0.0)",0.06297993987376493,0.10450891686083981,0.6026274289841381,0.0601580065221875,29385347.44445057,-0.29981275792824935,-0.49339562283205884,0.06980287959279532,1.0,61.0,22327100.001856778,22718584.775560584,17686673.904694796,27472575.693975154,0.45901639344262296,0.0,-0.4975630945775668,-0.18136328554691208,0.0,0.0,0.0
0.1,0.15000000000000002,0.30000000000000004,0.30000000000000004,0.15000000000000002,"(0.1, 0.15, 0.3, 0.3, 0.15)",0.06269679881642531,0.10123594334385672,0.6193136226672987,0.0601580065221875,29284798.301202174,-0.29854910355255615,-0.500282934816573,0.06878023911798309,1.0,61.0,22477113.69755074,22785153.812535703,17560908.272078287,27284212.723107133,0.45901639344262296,0.0,-0.5018883750144042,-0.1762582508234688,0.0,0.0,0.0
0.15000000000000002,0.15000000000000002,0.30000000000000004,0.30000000000000004,0.1,"(0.15, 0.15, 0.3, 0.3, 0.1)",0.06236042498176064,0.10005027778809443,0.623290872953291,0.0601580065221875,29196392.093287073,-0.2927432258735355,-0.488362431539508,0.06821324344100209,1.0,61.0,22449459.621520195,22683602.994401976,17567293.705479886,27332543.84177971,0.45901639344262296,0.0,-0.4900512853562484,-0.1786068769380142,0.0,0.0,0.0
0.25,0.15000000000000002,0.30000000000000004,0.25,0.05,"(0.25, 0.15, 0.3, 0.25, 0.05)",0.062289038196114754,0.0977171266959752,0.6374423839734159,0.0601580065221875,29183619.92678821,-0.2841396801617415,-0.4688129015620388,0.06688673293520525,1.0,61.0,22464321.200066898,22715489.01165507,17736840.512404844,27313555.299012918,0.45901639344262296,0.0,-0.47071869183139253,-0.17379209380733202,0.0,0.0,0.0
0.2,0.15000000000000002,0.30000000000000004,0.30000000000000004,0.05,"(0.2, 0.15, 0.3, 0.3, 0.05)",0.06201501896642503,0.09893309344063014,0.6268379650297735,0.0601580065221875,29105844.10769968,-0.2869196425570134,-0.4765030590750658,0.06764624776402109,1.0,61.0,22420736.15196176,22521263.01903444,17572529.389394682,27379288.4666561,0.45901639344262296,0.0,-0.4782711505360926,-0.18093508038058442,0.0,0.0,0.0
0.30000000000000004,0.15000000000000002,0.30000000000000004,0.25,0.0,"(0.3, 0.15, 0.3, 0.25, 0.0)",0.061934845515806636,0.09665573771783408,0.6407777435480579,0.0601580065221875,29090787.597305216,-0.2782749800071962,-0.4570747817053774,0.06631973725822424,1.0,61.0,22434277.890391853,22551962.79747229,17740996.970029734,27358750.041555095,0.45901639344262296,0.0,-0.45905050833270783,-0.17615679349715282,0.0,0.0,0.0
0.25,0.1,0.30000000000000004,0.2,0.15000000000000002,"(0.25, 0.1, 0.3, 0.2, 0.15)",0.06181794542314245,0.09293793654486006,0.6651529797339932,0.0601580065221875,29040254.296049867,-0.27420493934487467,-0.4554214834025438,0.06453758195459616,1.0,61.0,22618390.582385883,22620125.999349628,17771269.04696158,27091225.816091627,0.45901639344262296,0.0,-0.4555586324463077,-0.1694163294289917,0.0,0.0,0.0
0.25,0.05,0.30000000000000004,0.1,0.30000000000000004,"(0.25, 0.05, 0.3, 0.1, 0.3)",0.06176004686234848,0.09001203287629839,0.6861310081422558,0.0601580065221875,29010630.390649635,-0.26748611206497286,-0.4459451484961063,0.061995911822152236,1.0,61.0,22826223.70768085,22862122.090597782,17949783.71796113,26761626.305141743,0.45901639344262296,0.0,-0.4444574863552896,-0.16830459233926537,0.0,0.0,0.0
0.1,0.1,0.30000000000000004,0.30000000000000004,0.2,"(0.1, 0.1, 0.3, 0.3, 0.2)",0.06162991118360983,0.09649524968499004,0.638683369231143,0.0601580065221875,28979403.179001108,-0.2857036177545521,-0.4829526871413895,0.06662360728920885,1.0,61.0,22561212.45786482,22423052.15056013,17439802.81309432,27177037.84380409,0.45901639344262296,0.0,-0.4826431757177114,-0.1789027110014622,0.0,0.0,0.0
0.2,0.1,0.30000000000000004,0.25,0.15000000000000002,"(0.2, 0.1, 0.3, 0.25, 0.15)",0.061561378480786244,0.09404227185794384,0.6546139014354968,0.0601580065221875,28967430.53496317,-0.27700899863163775,-0.4631266661872518,0.06529709678341201,1.0,61.0,22576333.421239458,22428489.257724967,17608122.139928143,27158801.061939064,0.45901639344262296,0.0,-0.4631042028935109,-0.17329694492028344,0.0,0.0,0.0
0.2,0.05,0.30000000000000004,0.15000000000000002,0.30000000000000004,"(0.2, 0.05, 0.3, 0.15, 0.3)",0.06152888383269417,0.090888771756528,0.6769690319670858,0.0601580065221875,28944554.01654814,-0.2702923882759757,-0.4536550049953684,0.06275542665096809,1.0,61.0,22786007.949176677,22690863.6165032,17787155.946249064,26801277.361211672,0.45901639344262296,0.0,-0.45198557435116626,-0.16895114995198923,0.0,0.0,0.0
0.30000000000000004,0.1,0.30000000000000004,0.2,0.1,"(0.3, 0.1, 0.3, 0.2, 0.1)",0.061476552955746167,0.09169020116738558,0.6704811656320536,0.0601580065221875,28951186.230421495,-0.26824607147594237,-0.443546625710464,0.06397058627761516,1.0,61.0,22589357.177477125,22458407.68590459,17776337.86803413,27138070.84906045,0.45901639344262296,0.0,-0.44379126355940457,-0.16771931282042546,0.0,0.0,0.0
0.30000000000000004,0.05,0.30000000000000004,0.1,0.25,"(0.3, 0.05, 0.3, 0.1, 0.25)",0.061440703831284305,0.08849304486262198,0.6942998054442113,0.0601580065221875,28927424.65734924,-0.26142680396677154,-0.4339365517407585,0.061428916145171236,1.0,61.0,22799052.354056943,22700586.395912502,17957029.02553622,26780966.192190863,0.45901639344262296,0.0,-0.4325938417435365,-0.1640031996259708,0.0,0.0,0.0
0.15000000000000002,0.05,0.30000000000000004,0.2,0.30000000000000004,"(0.15, 0.05, 0.3, 0.2, 0.3)",0.06128996903065742,0.09183825595942895,0.6673686078896497,0.0601580065221875,28876591.997769926,-0.27309616706584117,-0.46142999769368703,0.06351494147978393,1.0,61.0,22745264.40681605,22669187.30035918,17625377.739881124,26870613.30218733,0.45901639344262296,0.0,-0.4595737112713947,-0.1696018326874628,0.0,0.0,0.0
0.25,0.1,0.30000000000000004,0.25,0.1,"(0.25, 0.1, 0.3, 0.25, 0.1)",0.06121976049384403,0.09281133000233342,0.6596151622038481,0.0601580065221875,28878508.43784774,-0.2710740295227343,-0.45119121303059595,0.06473010110643102,1.0,61.0,22547555.700578935,22448674.797638375,17613113.55326608,27205614.829025295,0.45901639344262296,0.0,-0.4512815208500754,-0.1707465148605047,0.0,0.0,0.0
0.25,0.05,0.30000000000000004,0.15000000000000002,0.25,"(0.25, 0.05, 0.3, 0.15, 0.25)",0.06120929570119871,0.08938670425540853,0.6847695774340524,0.0601580065221875,28861457.998472497,-0.2642572821041772,-0.4415846133657013,0.062188430973987095,1.0,61.0,22759088.673633095,22630072.569480404,17794302.135216918,26851239.23604676,0.45901639344262296,0.0,-0.44006560083830193,-0.16465770358688592,0.0,0.0,0.0
0.30000000000000004,0.0,0.30000000000000004,0.1,0.30000000000000004,"(0.3, 0.0, 0.3, 0.1, 0.3)",0.06014793252690254,0.08560207152618582,0.7026457590866032,0.0601580065221875,28566624.910456717,-0.24815059836960407,-0.41518553119106466,0.05927228431639701,0.0,61.0,22859248.774444718,22651550.362487275,17812796.835344985,26803557.35173025,0.45901639344262296,0.0,-0.41231097183643034,-0.15837296615661992,0.0,0.0,0.0
0.25,0.0,0.30000000000000004,0.15000000000000002,0.30000000000000004,"(0.25, 0.0, 0.3, 0.15, 0.3)",0.05992589948349569,0.08642512409134404,0.6933851714249099,0.0601580065221875,28503865.61549911,-0.2510266541328219,-0.42283710664757385,0.06003179914521285,0.0,61.0,22820608.788547717,22626333.28033219,17652201.728436965,26834385.71127883,0.45901639344262296,0.0,-0.419765375592489,-0.1620341916712154,0.0,0.0,0.0
0.2,0.0,0.30000000000000004,0.2,0.30000000000000004,"(0.2, 0.0, 0.3, 0.2, 0.3)",0.059696133979611155,0.08732573020712238,0.6836030324398281,0.0601580065221875,28439241.775708083,-0.2539001028422979,-0.4305555099315527,0.0607913139740287,0.0,61.0,22781434.673240595,22699049.329434846,17492436.70881426,26864011.465093695,0.45901639344262296,0.0,-0.4272813198364141,-0.16566659759044294,0.0,0.0,0.0
0.30000000000000004,0.0,0.30000000000000004,0.15000000000000002,0.25,"(0.3, 0.0, 0.3, 0.15, 0.25)",0.059600885143150206,0.0848971701529656,0.7020361813681518,0.0601580065221875,28420510.99399569,-0.2448835320102678,-0.41069375635681427,0.05946480346823185,0.0,61.0,22792838.604905207,22671635.185687184,17657854.228501186,26824971.97966506,0.45901639344262296,0.0,-0.4078074844385657,-0.1611957253157186,0.0,0.0,0.0
0.15000000000000002,0.0,0.30000000000000004,0.25,0.30000000000000004,"(0.15, 0.0, 0.3, 0.25, 0.3)",0.059458642806123896,0.08830151694950071,0.6733592452338962,0.0601580065221875,28372766.920621626,-0.25677090114569523,-0.4383406616627127,0.06155082880284455,0.0,61.0,22741728.558662113,22764342.806572024,17333506.03450377,26892430.631847654,0.45901639344262296,0.0,-0.43485867669578515,-0.16926996620884124,0.0,0.0,0.0
0.25,0.0,0.30000000000000004,0.2,0.25,"(0.25, 0.0, 0.3, 0.2, 0.25)",0.05937088516940503,0.08581591764750832,0.6918400082053877,0.0601580065221875,28356000.07988157,-0.2477814839605501,-0.41834978938845546,0.06022431829704771,0.0,61.0,22753917.13180518,22744408.459949248,17498007.19677945,26854530.34301369,0.45901639344262296,0.0,-0.4152668034596489,-0.1648184687220446,0.0,0.0,0.0
0.1,0.0,0.30000000000000004,0.30000000000000004,0.30000000000000004,"(0.1, 0.0, 0.3, 0.3, 0.3)",0.05921343284197955,0.08935002122177542,0.6627131368554023,0.0601580065221875,28304454.932516675,-0.2596390058532153,-0.4461924734066323,0.062310343631660395,0.0,61.0,22701492.608588725,22753271.0546444,17175413.826227006,26922212.310540915,0.45901639344262296,0.0,-0.4424973097342528,-0.17284408418779157,0.0,0.0,0.0
0.2,0.0,0.30000000000000004,0.25,0.25,"(0.2, 0.0, 0.3, 0.25, 0.25)",0.059133163820727974,0.08681075740228963,0.681173227722217,0.0601580065221875,28289644.597416006,-0.2506767295524037,-0.42607255971111213,0.06098383312586355,0.0,61.0,22714463.407915697,22772283.72899246,17338995.828049585,26902465.203281976,0.45901639344262296,0.0,-0.42278755106877763,-0.16841222910722553,0.0,0.0,0.0
0.30000000000000004,0.0,0.30000000000000004,0.2,0.2,"(0.3, 0.0, 0.3, 0.2, 0.2)",0.05903670159093166,0.08437604706706774,0.6996855582011958,0.0601580065221875,28270680.37981689,-0.2416443823356983,-0.4062061182115639,0.059657322620066705,0.0,61.0,22725330.05520603,22788721.352731735,17502440.400067344,26880268.365527064,0.45901639344262296,0.0,-0.40330933524761786,-0.16397675259257977,0.0,0.0,0.0
0.25,0.0,0.30000000000000004,0.25,0.2,"(0.25, 0.0, 0.3, 0.25, 0.2)",0.05879875547482105,0.08538977888154242,0.6885924316116341,0.0601580065221875,28204450.414156985,-0.2445641296469646,-0.4138667304119859,0.06041683744888256,0.0,61.0,22686130.26352399,22745983.458089326,17343359.54404663,26949276.5537916,0.45901639344262296,0.0,-0.41077369986639295,-0.16756069901250323,0.0,0.0,0.0
0.30000000000000004,0.0,0.30000000000000004,0.30000000000000004,0.1,"(0.3, 0.0, 0.3, 0.3, 0.1)",0.05785718392879757,0.08389762726593702,0.6896164505988116,0.0601580065221875,27960179.68631248,-0.23525040618223936,-0.3972476880911185,0.0600423609237364,0.0,61.0,22587070.976529565,22645335.903752785,17190374.058095142,27106257.54728562,0.45901639344262296,0.0,-0.39433340621455554,-0.16941095675411386,0.0,0.0,0.0
0.1,0.30000000000000004,0.05,0.25,0.30000000000000004,"(0.1, 0.3, 0.05, 0.25, 0.3)",0.06024067791350074,0.07430686387885066,0.8107013910816728,0.0601580065221875,28918828.77044834,-0.20777943365129337,-0.27571186368516065,0.05586063651108897,1.0,61.0,22934213.362997264,22922567.35547254,18502167.373689402,27048232.590436548,0.4426229508196721,0.06557377049180328,-0.28145308651988704,-0.07608965443948884,0.0,0.0,0.0
0.25,0.30000000000000004,0.1,0.30000000000000004,0.05,"(0.25, 0.3, 0.1, 0.3, 0.05)",0.060011848772859144,0.07767518505062647,0.7726000103346408,0.0601580065221875,28813156.58422988,-0.2213810734408339,-0.3058082008191515,0.05195692629191124,0.0,61.0,22608789.022210695,22848791.2676647,18921569.540158354,26125091.01134862,0.4426229508196721,0.06557377049180328,-0.314598341065003,-0.09075134271044823,0.0,0.0,0.0
0.30000000000000004,0.30000000000000004,0.1,0.30000000000000004,0.0,"(0.3, 0.3, 0.1, 0.3, 0.0)",0.05962851781228373,0.0766719872792655,0.777709303335211,0.0601580065221875,28714127.127212096,-0.21779292048463939,-0.30049647791373874,0.049873433385038315,0.0,61.0,22568436.347826526,22806754.505527392,19005058.232172515,25990081.425602816,0.4426229508196721,0.06557377049180328,-0.3095611594889166,-0.0923275787253682,0.0,0.0,0.0
0.30000000000000004,0.1,0.25,0.30000000000000004,0.05,"(0.3, 0.1, 0.25, 0.3, 0.05)",0.05918097923965937,0.08089433225260761,0.7315837536659027,0.0601580065221875,28381038.83368668,-0.2308769173386963,-0.36650145541243295,0.055395455456601045,0.0,61.0,22554419.32888367,22369463.60504316,18048955.924504317,26717592.36145251,0.4426229508196721,0.03278688524590164,-0.36690900753704914,-0.14124253685592053,0.0,0.0,0.0
0.25,0.05,0.25,0.30000000000000004,0.15000000000000002,"(0.25, 0.05, 0.25, 0.3, 0.15)",0.05833444356109285,0.07791476872091353,0.7486955877395165,0.0601580065221875,28139372.591002952,-0.22334214219820603,-0.35916109258358925,0.053805819304807816,0.0,61.0,22654989.920414053,22442302.920439478,17903779.952370826,26550736.65765992,0.4426229508196721,0.01639344262295082,-0.3580779214700452,-0.13732254265015076,0.0,0.0,0.0
0.0,0.30000000000000004,0.30000000000000004,0.15000000000000002,0.25,"(0.0, 0.3, 0.3, 0.15, 0.25)",0.06780121005702466,0.12108505577507893,0.5599469696984617,0.0601580065221875,30756085.113717627,-0.35979731248560587,-0.591359169439784,0.08683152549279828,1.0,61.0,22440573.055206105,22152639.39297476,18116910.65493806,27977743.150147352,0.4426229508196721,0.0,-0.6000984044557156,-0.16583695085137667,0.0,0.0,0.0
0.1,0.30000000000000004,0.30000000000000004,0.1,0.2,"(0.1, 0.3, 0.3, 0.1, 0.2)",0.0677791370513523,0.11881789958800275,0.5704455076749739,0.0601580065221875,30756549.242214188,-0.3543904313419818,-0.5783870343513187,0.0838977619564035,1.0,61.0,22464415.256177347,22173093.338384576,18169562.624441575,27998318.219527118,0.4426229508196721,0.0,-0.5872901947314716,-0.16365780560823012,0.0,0.0,0.0
0.05,0.30000000000000004,0.30000000000000004,0.15000000000000002,0.2,"(0.05, 0.3, 0.3, 0.15, 0.2)",0.06750138262989536,0.11984195856240067,0.5632533333035272,0.0601580065221875,30673792.376295768,-0.3564906003248317,-0.5852677255408234,0.08482857435428724,1.0,61.0,22417107.03507764,22199740.32146382,18207865.695899285,27838009.746755783,0.4426229508196721,0.0,-0.5940650195337921,-0.16876092613649327,0.0,0.0,0.0
0.15000000000000002,0.30000000000000004,0.30000000000000004,0.1,0.15000000000000002,"(0.15, 0.3, 0.3, 0.1, 0.15)",0.06747025740400892,0.11761884821033898,0.5736347399300422,0.0601580065221875,30671747.175290827,-0.35108638924318214,-0.5723486724458964,0.08189481081789246,1.0,61.0,22439588.85452047,22219020.136452675,18259813.497938313,27857519.009320807,0.4426229508196721,0.0,-0.5813065034086591,-0.1665870439677222,0.0,0.0,0.0
0.25,0.30000000000000004,0.30000000000000004,0.05,0.1,"(0.25, 0.3, 0.3, 0.05, 0.1)",0.06742253493010719,0.1154851517990895,0.5838199446401798,0.0601580065221875,30665116.26078511,-0.3456777239118435,-0.5595580516306439,0.07896104728149768,1.0,61.0,22459970.4425607,22236312.220139742,18310237.669083085,27875211.074128874,0.4426229508196721,0.0,-0.5686668509101271,-0.1644286345476063,0.0,0.0,0.0
0.0,0.30000000000000004,0.30000000000000004,0.2,0.2,"(0.0, 0.3, 0.3, 0.2, 0.2)",0.06721579265292665,0.12091894168827534,0.5558748010399109,0.0601580065221875,30589086.032124765,-0.35859544210656225,-0.5922027851098414,0.085759386752171,1.0,61.0,22369307.916330684,22225466.499539558,18175522.02165525,27677805.190265823,0.4426229508196721,0.0,-0.6013707498530199,-0.17383108977468104,0.0,0.0,0.0
0.1,0.30000000000000004,0.30000000000000004,0.15000000000000002,0.15000000000000002,"(0.1, 0.3, 0.3, 0.15, 0.15)",0.06719223375858951,0.11865477809002738,0.5662834218745789,0.0601580065221875,30589126.098239172,-0.3531988035585767,-0.5792089622018292,0.0828256232157762,1.0,61.0,22392529.269296363,22245558.903569233,18298234.79708522,27698064.41692206,0.4426229508196721,0.0,-0.5880635689621801,-0.17164723280657912,0.0,0.0,0.0
0.2,0.30000000000000004,0.30000000000000004,0.1,0.1,"(0.2, 0.3, 0.3, 0.1, 0.1)",0.06715208240144177,0.1164776831742979,0.5765231636772428,0.0601580065221875,30584591.990535896,-0.3477975670676522,-0.5663433922673451,0.07989185967938142,1.0,61.0,22413655.910191897,22263662.389696524,18349470.977528904,27716518.022506632,0.4426229508196721,0.0,-0.5753551094411384,-0.16947845217014457,0.0,0.0,0.0
0.30000000000000004,0.30000000000000004,0.30000000000000004,0.05,0.05,"(0.3, 0.3, 0.3, 0.05, 0.05)",0.067095357820953,0.1143926282641848,0.5865356783830439,0.0601580065221875,30575492.132679466,-0.34239224191201045,-0.5536067037324868,0.07695809614298664,1.0,61.0,22432685.2423661,22279775.892617747,18399174.13494289,27733163.076122962,0.4426229508196721,0.0,-0.5627659165475669,-0.16732497968436613,0.0,0.0,0.0
0.0,0.25,0.30000000000000004,0.15000000000000002,0.30000000000000004,"(0.0, 0.25, 0.3, 0.15, 0.3)",0.06697519603024715,0.11517897561751517,0.5814880334815401,0.0601580065221875,30502829.595730495,-0.34416290916986036,-0.5679265712427712,0.08303765005481167,1.0,61.0,22547310.292779434,22508690.037250236,18231522.28422273,27069009.51152748,0.4426229508196721,0.0,-0.5740499893263034,-0.15687606563095582,0.0,0.0,0.0
0.05,0.30000000000000004,0.30000000000000004,0.2,0.15000000000000002,"(0.05, 0.3, 0.3, 0.2, 0.15)",0.06690637932016963,0.11974394736367029,0.5587453962660053,0.0601580065221875,30504562.291666925,-0.35531588625840216,-0.5861237170983772,0.08375643561365996,1.0,61.0,22344978.4460559,22271175.13149719,18187988.089502282,27538712.703129534,0.4426229508196721,0.0,-0.595964910748864,-0.17667465805640112,0.0,0.0,0.0
0.15000000000000002,0.30000000000000004,0.30000000000000004,0.15000000000000002,0.1,"(0.15, 0.3, 0.3, 0.15, 0.1)",0.06687379632433954,0.11752520889842491,0.5690166131262736,0.0601580065221875,30502114.72942268,-0.3499221621187617,-0.5731833175370794,0.08082267207726518,1.0,61.0,22366847.16702719,22290091.498346154,18370575.17329514,27557917.898530748,0.4426229508196721,0.0,-0.5824685544459837,-0.17449590461092443,0.0,0.0,0.0
0.25,0.30000000000000004,0.30000000000000004,0.1,0.05,"(0.25, 0.3, 0.3, 0.1, 0.05)",0.06682464477611871,0.11539612182599886,0.5790891731775951,0.0601580065221875,30495112.575632017,-0.34452420442320064,-0.5603716254987222,0.0778889085408704,1.0,61.0,22386623.980088133,22307016.622037828,18438526.567147795,27575326.004170243,0.4426229508196721,0.0,-0.5694364234301716,-0.17233206643778665,0.0,0.0,0.0
0.0,0.30000000000000004,0.30000000000000004,0.25,0.15000000000000002,"(0.0, 0.3, 0.3, 0.25, 0.15)",0.06661270169660827,0.12088491698407278,0.5510422917805771,0.0601580065221875,30418073.28727111,-0.3574375499011826,-0.5930929049353699,0.08468724801154372,1.0,61.0,22296939.083501022,22295865.747746397,18017753.900181677,27379472.763371184,0.4426229508196721,0.0,-0.604183981695214,-0.18166911591296642,0.0,0.0,0.0
0.1,0.30000000000000004,0.30000000000000004,0.2,0.1,"(0.1, 0.3, 0.3, 0.2, 0.1)",0.0665876842142259,0.11862627210258964,0.5613232468153424,0.0601580065221875,30417701.611301225,-0.35205142125745625,-0.5800778032057348,0.08175348447514894,1.0,61.0,22319546.859814953,22315596.3796025,18199242.36293424,27399419.621311188,0.4426229508196721,0.0,-0.590580733594216,-0.1794807860880163,0.0,0.0,0.0
0.2,0.30000000000000004,0.30000000000000004,0.15000000000000002,0.05,"(0.2, 0.3, 0.3, 0.15, 0.05)",0.06654610294461172,0.11645492742321592,0.5714322649721165,0.0601580065221875,30412787.062315162,-0.3466609149084694,-0.5671912245758739,0.07881972093875414,1.0,61.0,22340068.218253724,22333334.63413215,18380752.11445958,27417580.87726754,0.4426229508196721,0.0,-0.577128492706415,-0.17730697833728046,0.0,0.0,0.0
0.30000000000000004,0.30000000000000004,0.30000000000000004,0.1,0.0,"(0.3, 0.3, 0.3, 0.1, 0.0)",0.06648797699960629,0.11437585505172287,0.5813113000951049,0.0601580065221875,30403338.150833823,-0.341266539862524,-0.5544337987034691,0.07588595740235936,1.0,61.0,22358500.699930552,22349079.52659298,18483160.098100338,27433953.64601998,0.4426229508196721,0.0,-0.5638273316839696,-0.17514792602794865,0.0,0.0,0.0
0.15000000000000002,0.30000000000000004,0.30000000000000004,0.2,0.05,"(0.15, 0.3, 0.3, 0.2, 0.05)",0.06625973983817213,0.11756755065571936,0.5635886727980308,0.0601580065221875,30328532.686683435,-0.3488022853012871,-0.5740654777976211,0.0797505333366379,1.0,61.0,22293020.580907058,22358726.776751097,18209286.15329514,27345273.773898598,0.4426229508196721,0.0,-0.5852186956501554,-0.18224951122208333,0.0,0.0,0.0
0.25,0.30000000000000004,0.30000000000000004,0.15000000000000002,0.0,"(0.25, 0.3, 0.3, 0.15, 0.0)",0.06620918597782244,0.11544558262306039,0.573509912406099,0.0601580065221875,30321172.221055076,-0.3434152997816392,-0.5612331112171759,0.0768167698002431,1.0,61.0,22312199.992150277,22375285.008705303,18311981.554966964,27329994.280054484,0.4426229508196721,0.0,-0.5718109686590298,-0.18008049379143948,0.0,0.0,0.0
0.05,0.30000000000000004,0.30000000000000004,0.30000000000000004,0.05,"(0.05, 0.3, 0.3, 0.3, 0.05)",0.06566358028998676,0.11994818727842953,0.5474328689733783,0.0601580065221875,30154307.500308678,-0.35309865409426655,-0.5879778194409775,0.0816121581324054,1.0,61.0,22197460.32389011,22406721.38818573,17869228.117556505,27472499.89198488,0.4426229508196721,0.0,-0.6016545059441731,-0.19203664108044177,0.0,0.0,0.0
0.15000000000000002,0.30000000000000004,0.30000000000000004,0.25,0.0,"(0.15, 0.3, 0.3, 0.25, 0.0)",0.06562816197643095,0.11774572678457136,0.5573719214159238,0.0601580065221875,30151092.527823694,-0.3477266989358052,-0.5749959463299174,0.07867839459601061,1.0,61.0,22218124.69120189,22424910.54808477,17972037.417527027,27459195.27826288,0.4426229508196721,0.0,-0.5880326534085162,-0.18984886707524665,0.0,0.0,0.0
0.1,0.30000000000000004,0.30000000000000004,0.30000000000000004,0.0,"(0.1, 0.3, 0.3, 0.3, 0.0)",0.065325944278525,0.11897303676258267,0.5490819269317851,0.0601580065221875,30063213.928332,-0.34988916185696606,-0.5819594039333972,0.07960920699389437,1.0,61.0,22170355.390115503,22448324.65670022,17803286.889492832,27522253.802562594,0.4426229508196721,0.0,-0.5962715196269409,-0.194684278098273,0.0,0.0,0.0
0.0,0.25,0.30000000000000004,0.30000000000000004,0.15000000000000002,"(0.0, 0.25, 0.3, 0.3, 0.15)",0.06520458615718372,0.11474909168378988,0.5682361855801504,0.0601580065221875,30004256.56483756,-0.33507520341262065,-0.5562667626514991,0.07982123383292983,1.0,61.0,22334353.24571469,22726381.35252563,17762425.45839163,27355739.775421903,0.4426229508196721,0.0,-0.5632082972880428,-0.17214755531104675,0.0,0.0,0.0
0.25,0.25,0.30000000000000004,0.2,0.0,"(0.25, 0.25, 0.3, 0.2, 0.0)",0.06477990395867539,0.10915237197002663,0.5934814130879724,0.0601580065221875,29902709.854362417,-0.3185056543798275,-0.5191350495120175,0.07195075562162921,1.0,61.0,22345666.297319267,22803245.62016349,18124061.691043686,27376243.07018813,0.4426229508196721,0.0,-0.5257310890934083,-0.1706383848172925,0.0,0.0,0.0
0.25,0.15000000000000002,0.30000000000000004,0.30000000000000004,0.0,"(0.25, 0.15, 0.3, 0.3, 0.0)",0.06166061069824935,0.09788673506401846,0.629917941975723,0.0601580065221875,29013182.29613943,-0.2810785387639708,-0.464705334371985,0.0670792520870401,1.0,61.0,22390950.737444807,22359229.266988076,17576617.354790963,27424442.79959797,0.4426229508196721,0.0,-0.46654843330342405,-0.18041358782427966,0.0,0.0,0.0
0.15000000000000002,0.1,0.30000000000000004,0.30000000000000004,0.15000000000000002,"(0.15, 0.1, 0.3, 0.3, 0.15)",0.06129706820605607,0.0952120339062417,0.6437953868984381,0.0601580065221875,28892751.66486337,-0.2798104185264014,-0.47089503106287184,0.06605661161222787,1.0,61.0,22533759.03331277,22472250.58166731,17445856.674529485,27225389.690430894,0.4426229508196721,0.0,-0.4707080463485289,-0.175633691887197,0.0,0.0,0.0
0.1,0.05,0.30000000000000004,0.25,0.30000000000000004,"(0.1, 0.05, 0.3, 0.25, 0.3)",0.06104330938238389,0.09285825402893304,0.6573816191220206,0.0601580065221875,28806758.541456558,-0.2758974053945522,-0.4692700303225691,0.06427445630859978,1.0,61.0,22703995.321587633,22526615.46883645,17464453.311044276,26938987.70266492,0.4426229508196721,0.0,-0.4672217537400921,-0.17025663020327864,0.0,0.0,0.0
0.2,0.05,0.30000000000000004,0.2,0.25,"(0.2, 0.05, 0.3, 0.2, 0.25)",0.06097014016740365,0.09035397314785133,0.6747920212388973,0.0601580065221875,28793612.1907066,-0.2670852074081954,-0.4492977987478562,0.06294794580280293,1.0,61.0,22718596.955587126,22488442.652951192,17632426.273604102,26920557.03201108,0.4426229508196721,0.0,-0.4475974231315398,-0.1653163206663377,0.0,0.0,0.0
0.2,0.1,0.30000000000000004,0.30000000000000004,0.1,"(0.2, 0.1, 0.3, 0.3, 0.1)",0.06095522914421814,0.09399833307490808,0.6484713840153142,0.0601580065221875,28803982.33202545,-0.2738992930723836,-0.45889897357194787,0.06548961593524687,1.0,61.0,22505236.72245624,22496531.80243326,17450772.003239408,27272170.171952635,0.4426229508196721,0.0,-0.45883006854302766,-0.1714219339370688,0.0,0.0,0.0
0.30000000000000004,0.05,0.30000000000000004,0.15000000000000002,0.2,"(0.3, 0.05, 0.3, 0.15, 0.2)",0.0608807013312076,0.08795199824552481,0.6922037309630465,0.0601580065221875,28776223.6531989,-0.2582036761638944,-0.4295750690371901,0.06162143529700608,1.0,61.0,22731089.214437317,22448784.450863183,17800285.279811792,26899660.88174343,0.4426229508196721,0.0,-0.4282018027250986,-0.160369253871685,0.0,0.0,0.0
0.30000000000000004,0.1,0.30000000000000004,0.25,0.05,"(0.3, 0.1, 0.3, 0.25, 0.05)",0.060869170290074104,0.09165311827157847,0.6641254704473002,0.0601580065221875,28787489.102856733,-0.26512126897717747,-0.4393176682475066,0.06416310542945002,1.0,61.0,22517714.842138756,22456922.274430815,17616956.99745252,27250857.066047594,0.4426229508196721,0.0,-0.4395162392066297,-0.16653210059773663,0.0,0.0,0.0
0.05,0.05,0.30000000000000004,0.30000000000000004,0.30000000000000004,"(0.05, 0.05, 0.3, 0.3, 0.3)",0.060788911902198484,0.09394646923810951,0.6470590368662773,0.0601580065221875,28735068.209514827,-0.27869606038474437,-0.47717499766724414,0.06503397113741562,1.0,61.0,22662202.967361983,22445164.90871069,17304386.73258696,27006392.240225367,0.4426229508196721,0.0,-0.47492954990989883,-0.17091553216729521,0.0,0.0,0.0
0.15000000000000002,0.05,0.30000000000000004,0.25,0.25,"(0.15, 0.05, 0.3, 0.25, 0.25)",0.06072324415331809,0.09139251439223202,0.664422513781712,0.0601580065221875,28723901.41062009,-0.26991053685418964,-0.45707601423868705,0.06370746063161878,1.0,61.0,22677579.41818373,22421939.94840093,17471405.63484606,26988911.16771632,0.4426229508196721,0.0,-0.4551891674399881,-0.16597904053516097,0.0,0.0,0.0
0.25,0.05,0.30000000000000004,0.2,0.2,"(0.25, 0.05, 0.3, 0.2, 0.2)",0.060641310719261154,0.08893690292021075,0.6818464408825341,0.0601580065221875,28708500.445486836,-0.26105580271382545,-0.43722666721787823,0.062380950125821934,1.0,61.0,22690850.98147986,22396244.892414086,17638323.259037994,26968956.714197047,0.4426229508196721,0.0,-0.43567753458834835,-0.16103579978384294,0.0,0.0,0.0
0.25,0.1,0.30000000000000004,0.30000000000000004,0.05,"(0.25, 0.1, 0.3, 0.3, 0.05)",0.060604423482878644,0.09285687305020937,0.6526649185150651,0.0601580065221875,28713122.50884645,-0.26797042842589436,-0.44696504420598454,0.06492262025826587,1.0,61.0,22475652.914960317,22314222.517681196,17454550.832780782,27317375.42892593,0.4426229508196721,0.0,-0.44700971481424134,-0.16721535891979789,0.0,0.0,0.0
0.1,0.05,0.30000000000000004,0.30000000000000004,0.25,"(0.1, 0.05, 0.3, 0.3, 0.25)",0.060468614670497134,0.0924999273926145,0.6537152663249025,0.0601580065221875,28652340.188150663,-0.27273322757965157,-0.4649191572540446,0.06446697546043463,1.0,61.0,22636038.312753048,22382530.88787554,17311244.273875777,27056293.323635075,0.4426229508196721,0.0,-0.46284068411462176,-0.16664585287444905,0.0,0.0,0.0
0.2,0.05,0.30000000000000004,0.25,0.2,"(0.2, 0.05, 0.3, 0.25, 0.2)",0.060394183996198336,0.08999380569833743,0.6710926771853819,0.0601580065221875,28638918.849046372,-0.2639052779139516,-0.4449432846916376,0.06314046495463778,1.0,61.0,22650086.669244315,22372401.662712395,17477217.829509716,27037286.81388166,0.4426229508196721,0.0,-0.4432132043544331,-0.16170643646154728,0.0,0.0,0.0
0.30000000000000004,0.05,0.30000000000000004,0.2,0.15000000000000002,"(0.3, 0.05, 0.3, 0.2, 0.15)",0.06030351014203905,0.08759030751161134,0.6884724104210385,0.0601580065221875,28621283.32011926,-0.2550081415132007,-0.42521714800429283,0.06181395444884094,1.0,61.0,22662033.86267122,22408266.216280423,17643070.609008335,27015808.234712802,0.4426229508196721,0.0,-0.4238145305703831,-0.1567604136567455,0.0,0.0,0.0
0.15000000000000002,0.05,0.30000000000000004,0.30000000000000004,0.2,"(0.15, 0.05, 0.3, 0.3, 0.2)",0.06013932817090839,0.09112020129737507,0.6599999485804565,0.0601580065221875,28567493.360647324,-0.26675205891697196,-0.45272482149150656,0.06389997978345363,0.0,61.0,22608798.5065487,22392385.71268695,17316973.028303266,27104642.864567135,0.4426229508196721,0.0,-0.4508086645618466,-0.163987902433972,0.0,0.0,0.0
0.25,0.05,0.30000000000000004,0.25,0.15000000000000002,"(0.25, 0.05, 0.3, 0.25, 0.15)",0.06005615826901756,0.08866530027417255,0.6773355312992878,0.0601580065221875,28551837.336701408,-0.2578818162661375,-0.43287238854776283,0.06257346927765679,0.0,61.0,22621524.390254866,22429097.47803349,17481891.781607755,27084110.52153895,0.4426229508196721,0.0,-0.431294350545359,-0.159542831814126,0.0,0.0,0.0
0.2,0.05,0.30000000000000004,0.30000000000000004,0.15000000000000002,"(0.2, 0.05, 0.3, 0.3, 0.15)",0.05980108166407705,0.08981037040794702,0.6658594257260234,0.0601580065221875,28480554.127402876,-0.2607527412527818,-0.44059253920189084,0.06333298410647263,0.0,61.0,22580490.801730935,22435831.943640344,17321574.856434237,27151436.73797401,0.4426229508196721,0.0,-0.4388339784329283,-0.16316378577115634,0.0,0.0,0.0
0.30000000000000004,0.05,0.30000000000000004,0.25,0.1,"(0.3, 0.05, 0.3, 0.25, 0.1)",0.05970919611450087,0.08741019913517845,0.6830918669131685,0.0601580065221875,28462683.648778822,-0.25184034165581337,-0.4208638660474397,0.06200647360067579,0.0,61.0,22591899.97033658,22446553.014150456,17485429.553168837,27129378.377737336,0.4426229508196721,0.0,-0.41943308715459476,-0.15873513595354308,0.0,0.0,0.0
0.25,0.05,0.30000000000000004,0.30000000000000004,0.1,"(0.25, 0.05, 0.3, 0.3, 0.1)",0.059453904196823615,0.0885735356224106,0.6712377887936628,0.0601580065221875,28391549.18331441,-0.25473546349042386,-0.428522852561336,0.06276598842949165,0.0,61.0,22551122.52530826,22368980.296451226,17325051.79259659,27196671.02602823,0.4426229508196721,0.0,-0.42691710797555804,-0.16279598631364356,0.0,0.0,0.0
0.15000000000000002,0.0,0.30000000000000004,0.30000000000000004,0.25,"(0.15, 0.0, 0.3, 0.3, 0.25)",0.058887727973553794,0.0878791052367249,0.6700993121735207,0.0601580065221875,28221458.398062635,-0.25356922561013395,-0.43386198154178157,0.0617433479546794,0.0,61.0,22674479.57447671,22728363.39770248,17180824.225765254,26970536.675955974,0.4426229508196721,0.0,-0.43036959303869077,-0.1719767942512644,0.0,0.0,0.0
0.2,0.0,0.30000000000000004,0.30000000000000004,0.2,"(0.2, 0.0, 0.3, 0.3, 0.2)",0.058553099156854804,0.08647777178897659,0.6770884349302653,0.0601580065221875,28136396.263165087,-0.2474810713926644,-0.42159398458423153,0.0611763522776984,0.0,61.0,22646400.105282623,22702066.013217483,17185119.680302203,27017321.618644793,0.4426229508196721,0.0,-0.41829937641933024,-0.1711155071516219,0.0,0.0,0.0
0.30000000000000004,0.0,0.30000000000000004,0.25,0.15000000000000002,"(0.3, 0.0, 0.3, 0.25, 0.15)",0.05845544647626166,0.08404212102048313,0.695549395546724,0.0601580065221875,28117210.499416295,-0.23843329304816718,-0.40172372662628564,0.059849841771901564,0.0,61.0,22656736.44768373,22718298.318958372,17346599.243237928,26994548.27835078,0.4426229508196721,0.0,-0.3988176138837716,-0.166715378593272,0.0,0.0,0.0
0.25,0.30000000000000004,0.0,0.30000000000000004,0.15000000000000002,"(0.25, 0.3, 0.0, 0.3, 0.15)",0.05695778907843607,0.06367923869165272,0.8944483358891394,0.0601580065221875,28112170.052127007,-0.15883202806402896,-0.20054650177129835,0.04374741655614806,0.0,61.0,22830754.592006315,22905829.262223225,18828894.51942135,26192561.240542516,0.4262295081967213,0.11475409836065574,-0.20624656290598317,-0.05026241051528582,0.0,0.0,0.0
0.25,0.30000000000000004,0.05,0.30000000000000004,0.1,"(0.25, 0.3, 0.05, 0.3, 0.1)",0.058561837117333315,0.06996969486627207,0.8369600186088885,0.0601580065221875,28479755.13639054,-0.18913212612230346,-0.2493851614596767,0.04785217142402965,0.0,61.0,22723270.37300565,22892489.080245227,18882062.06875798,26031626.483647622,0.4262295081967213,0.06557377049180328,-0.2566112663954532,-0.06805282130127173,0.0,0.0,0.0
0.30000000000000004,0.30000000000000004,0.05,0.30000000000000004,0.05,"(0.3, 0.3, 0.05, 0.3, 0.05)",0.058176503613487585,0.06887740037756936,0.8446384923730857,0.0601580065221875,28381333.537986714,-0.18542657260776763,-0.2442109930626932,0.04562577027581293,0.0,61.0,22680671.898911253,22843110.64425982,18964712.936093178,25880972.181459513,0.4262295081967213,0.06557377049180328,-0.25164182501457133,-0.06976539335083817,0.0,0.0,0.0
0.05,0.30000000000000004,0.30000000000000004,0.25,0.1,"(0.05, 0.3, 0.3, 0.25, 0.1)",0.06629375367510137,0.11977939637796554,0.5534654179247198,0.0601580065221875,30331370.1279187,-0.35418525678407586,-0.5870268181420761,0.08268429687303268,1.0,61.0,22271757.664733972,22340173.9753381,18028864.473555498,27357990.03151487,0.4262295081967213,0.0,-0.5987778333978011,-0.1844328943988236,0.0,0.0,0.0
0.0,0.30000000000000004,0.30000000000000004,0.30000000000000004,0.1,"(0.0, 0.3, 0.3, 0.3, 0.1)",0.06599201239940022,0.1209830931070737,0.545464748045376,0.0601580065221875,30243138.122973,-0.35632358111203366,-0.5940303242709103,0.08361510927091645,1.0,61.0,22223482.287305485,22363821.336329672,17859445.207879182,27421125.584774047,0.4262295081967213,0.0,-0.6070602578276584,-0.1893520309233353,0.0,0.0,0.0
0.1,0.30000000000000004,0.30000000000000004,0.25,0.05,"(0.1, 0.3, 0.3, 0.25, 0.05)",0.06596556305707502,0.11873247858356493,0.5555814537354906,0.0601580065221875,30242366.899079263,-0.3509482276442828,-0.5809943550933024,0.08068134573452165,1.0,61.0,22245483.721716758,22383190.006280668,18038776.927173488,27409401.106841613,0.4262295081967213,0.0,-0.5933938982612403,-0.18715946448595697,0.0,0.0,0.0
0.2,0.30000000000000004,0.30000000000000004,0.2,0.0,"(0.2, 0.3, 0.3, 0.2, 0.0)",0.06592257843787186,0.11656938934778689,0.5655222079030597,0.0601580065221875,30237084.54421817,-0.3455687155442627,-0.5680871700988414,0.07774758219812686,1.0,61.0,22265407.11218269,22400563.025519215,18141604.785584465,27395106.102906756,0.4262295081967213,0.0,-0.5798792720284267,-0.18498087381226713,0.0,0.0,0.0
0.30000000000000004,0.05,0.30000000000000004,0.30000000000000004,0.05,"(0.3, 0.05, 0.3, 0.3, 0.05)",0.059097824605715,0.08741279553932324,0.6760775037692215,0.0601580065221875,28300505.508015323,-0.2487004165803105,-0.41651629705232857,0.06219899275251063,0.0,61.0,22520701.076820433,22409897.52226778,17327406.043786515,27240342.018378817,0.4262295081967213,0.0,-0.4150585304597635,-0.16557097447470098,0.0,0.0,0.0
0.25,0.0,0.30000000000000004,0.30000000000000004,0.15000000000000002,"(0.25, 0.0, 0.3, 0.3, 0.15)",0.05820957500576518,0.08514945637799784,0.6836165194920284,0.0601580065221875,28049294.580460954,-0.24137473397147802,-0.4093890373918708,0.06060935660071741,0.0,61.0,22617261.461679168,22674387.320671596,17188302.223152496,27062563.16535785,0.4262295081967213,0.0,-0.40628715182316094,-0.17026022755080628,0.0,0.0,0.0
0.30000000000000004,0.30000000000000004,0.0,0.30000000000000004,0.1,"(0.3, 0.3, 0.0, 0.3, 0.1)",0.05657056920290038,0.06250249871670126,0.9050929221135953,0.0601580065221875,28014510.241998415,-0.15285690504285643,-0.19228289966441547,0.04152101540793134,0.0,61.0,22785917.151089292,22809230.310892235,18910661.028578747,25981995.05362562,0.4098360655737705,0.11475409836065574,-0.19802555802378122,-0.049891162688166936,0.0,0.0,0.0
0.30000000000000004,0.1,0.30000000000000004,0.30000000000000004,0.0,"(0.3, 0.1, 0.3, 0.3, 0.0)",0.06024468049157261,0.09179034892605725,0.6563291369564723,0.0601580065221875,28620199.809150666,-0.26202401364948524,-0.4350937658490603,0.06435562458128487,1.0,61.0,22445015.073341135,22132589.534079585,17457195.37154567,27361001.812375277,0.4098360655737705,0.0,-0.43524745270465254,-0.1650361124181919,0.0,0.0,0.0
